
 Fire Dynamics Simulator

 Current Date     : September 19, 2026  13:54:35
 Revision         : FDS-6.11.1-0-gff928db-release
 Revision Date    : Thu Jul 9 17:24:07 2026 -0400
 Compiler         : Intel(R) Fortran Compiler for applications running on Intel(R) 64, Version 2025.3.2 Build 20260112
 Compilation Date : Jul 10, 2026 12:48:09

 Number of MPI Processes:  16

 MPI version: 4.1
 MPI library version: Intel(R) MPI Library 2021.17 for Linux* OS

 Hypre library version: v3.0.0
 Sundials library version: v7.5.0

 Job TITLE        : Sandia 1m low flow rate methane pool fire (Test 14), 3 cm resolution
 Job ID string    : Example_4_FFT


 Grid Dimensions, Mesh     1

   Cells in the X Direction            48
   Cells in the Y Direction            48
   Cells in the Z Direction            32
   Number of Grid Cells             73728


 Physical Dimensions, Mesh     1

   Length (m)                       1.500
   Width  (m)                       1.500
   Height (m)                       1.000

 Grid Dimensions, Mesh     2

   Cells in the X Direction            48
   Cells in the Y Direction            48
   Cells in the Z Direction            32
   Number of Grid Cells             73728


 Physical Dimensions, Mesh     2

   Length (m)                       1.500
   Width  (m)                       1.500
   Height (m)                       1.000

 Grid Dimensions, Mesh     3

   Cells in the X Direction            48
   Cells in the Y Direction            48
   Cells in the Z Direction            32
   Number of Grid Cells             73728


 Physical Dimensions, Mesh     3

   Length (m)                       1.500
   Width  (m)                       1.500
   Height (m)                       1.000

 Grid Dimensions, Mesh     4

   Cells in the X Direction            48
   Cells in the Y Direction            48
   Cells in the Z Direction            32
   Number of Grid Cells             73728


 Physical Dimensions, Mesh     4

   Length (m)                       1.500
   Width  (m)                       1.500
   Height (m)                       1.000

 Grid Dimensions, Mesh     5

   Cells in the X Direction            48
   Cells in the Y Direction            48
   Cells in the Z Direction            32
   Number of Grid Cells             73728


 Physical Dimensions, Mesh     5

   Length (m)                       1.500
   Width  (m)                       1.500
   Height (m)                       1.000

 Grid Dimensions, Mesh     6

   Cells in the X Direction            48
   Cells in the Y Direction            48
   Cells in the Z Direction            32
   Number of Grid Cells             73728


 Physical Dimensions, Mesh     6

   Length (m)                       1.500
   Width  (m)                       1.500
   Height (m)                       1.000

 Grid Dimensions, Mesh     7

   Cells in the X Direction            48
   Cells in the Y Direction            48
   Cells in the Z Direction            32
   Number of Grid Cells             73728


 Physical Dimensions, Mesh     7

   Length (m)                       1.500
   Width  (m)                       1.500
   Height (m)                       1.000

 Grid Dimensions, Mesh     8

   Cells in the X Direction            48
   Cells in the Y Direction            48
   Cells in the Z Direction            32
   Number of Grid Cells             73728


 Physical Dimensions, Mesh     8

   Length (m)                       1.500
   Width  (m)                       1.500
   Height (m)                       1.000

 Grid Dimensions, Mesh     9

   Cells in the X Direction            48
   Cells in the Y Direction            48
   Cells in the Z Direction            32
   Number of Grid Cells             73728


 Physical Dimensions, Mesh     9

   Length (m)                       1.500
   Width  (m)                       1.500
   Height (m)                       1.000

 Grid Dimensions, Mesh    10

   Cells in the X Direction            48
   Cells in the Y Direction            48
   Cells in the Z Direction            32
   Number of Grid Cells             73728


 Physical Dimensions, Mesh    10

   Length (m)                       1.500
   Width  (m)                       1.500
   Height (m)                       1.000

 Grid Dimensions, Mesh    11

   Cells in the X Direction            48
   Cells in the Y Direction            48
   Cells in the Z Direction            32
   Number of Grid Cells             73728


 Physical Dimensions, Mesh    11

   Length (m)                       1.500
   Width  (m)                       1.500
   Height (m)                       1.000

 Grid Dimensions, Mesh    12

   Cells in the X Direction            48
   Cells in the Y Direction            48
   Cells in the Z Direction            32
   Number of Grid Cells             73728


 Physical Dimensions, Mesh    12

   Length (m)                       1.500
   Width  (m)                       1.500
   Height (m)                       1.000

 Grid Dimensions, Mesh    13

   Cells in the X Direction            48
   Cells in the Y Direction            48
   Cells in the Z Direction            32
   Number of Grid Cells             73728


 Physical Dimensions, Mesh    13

   Length (m)                       1.500
   Width  (m)                       1.500
   Height (m)                       1.000

 Grid Dimensions, Mesh    14

   Cells in the X Direction            48
   Cells in the Y Direction            48
   Cells in the Z Direction            32
   Number of Grid Cells             73728


 Physical Dimensions, Mesh    14

   Length (m)                       1.500
   Width  (m)                       1.500
   Height (m)                       1.000

 Grid Dimensions, Mesh    15

   Cells in the X Direction            48
   Cells in the Y Direction            48
   Cells in the Z Direction            32
   Number of Grid Cells             73728


 Physical Dimensions, Mesh    15

   Length (m)                       1.500
   Width  (m)                       1.500
   Height (m)                       1.000

 Grid Dimensions, Mesh    16

   Cells in the X Direction            48
   Cells in the Y Direction            48
   Cells in the Z Direction            32
   Number of Grid Cells             73728


 Physical Dimensions, Mesh    16

   Length (m)                       1.500
   Width  (m)                       1.500
   Height (m)                       1.000

 Miscellaneous Parameters

   Total Number of Grid Cells     1179648
   Maximum Cell Aspect Ratio        1.000
   Initial Time Step (s)            0.025
   CFL Velocity Norm                    1
   Simulation Start Time (s)          0.0
   Simulation End Time (s)           20.0
   Background Pressure (Pa)      80600.00
   Ambient Temperature (C)          12.00

   3D Cartesian
   LES Calculation
   Eddy Viscosity Model:  Deardorff (C_DEARDORFF = 0.10)
   Surface PLATE Eddy Viscosity Model:  WALE (C_WALE = 0.60)
   Surface POOL Eddy Viscosity Model:  WALE (C_WALE = 0.60)
   Turbulent Prandtl Number:         0.50
   Turbulent Schmidt Number:         0.50


 Pressure solver information

   Solver:                            FFT
   Velocity tolerance (m/s):    1.563E-02
   Press eqn res tol (1/s^2):   2.048E+04
   Max pressure iterations:            10


 Background Stratification

      Z (m)     P_0 (Pa)    TMP_0 (C)
   ------------------------------------
        0.98     80590.54     12.00
        0.95     80590.84     12.00
        0.92     80591.14     12.00
        0.89     80591.44     12.00
        0.86     80591.74     12.00
        0.83     80592.04     12.00
        0.80     80592.34     12.00
        0.77     80592.64     12.00
        0.73     80592.94     12.00
        0.70     80593.24     12.00
        0.67     80593.54     12.00
        0.64     80593.84     12.00
        0.61     80594.14     12.00
        0.58     80594.44     12.00
        0.55     80594.74     12.00
        0.52     80595.04     12.00
        0.48     80595.34     12.00
        0.45     80595.64     12.00
        0.42     80595.94     12.00
        0.39     80596.24     12.00
        0.36     80596.54     12.00
        0.33     80596.84     12.00
        0.30     80597.14     12.00
        0.27     80597.44     12.00
        0.23     80597.74     12.00
        0.20     80598.04     12.00
        0.17     80598.34     12.00
        0.14     80598.64     12.00
        0.11     80598.94     12.00
        0.08     80599.24     12.00
        0.05     80599.54     12.00
        0.02     80599.84     12.00


 Mass Fraction Transformation Matrix to Convert Species Mixtures (Columns) to Primitive Species (Rows)

                         AIR       METHANE   PRODUCTS
   NITROGEN              0.765136  0.000000  0.722851
   OXYGEN                0.231805  0.000000  0.000000
   CARBON DIOXIDE        0.000594  0.000000  0.150145
   WATER VAPOR           0.002465  0.000000  0.126451
   CARBON MONOXIDE       0.000000  0.000000  0.000000
   SOOT                  0.000000  0.000000  0.000553
   HYDROGEN              0.000000  0.000000  0.000000
   HYDROGEN CYANIDE      0.000000  0.000000  0.000000
   METHANE               0.000000  1.000000  0.000000


 Primitive Species Information

   NITROGEN
   Gas Species
   Molecular Weight (g/mol)                28.01340
   Ambient Density (kg/m^3)                0.952
           Enthalpy of Formation (J/kg)  0.000E+00

   OXYGEN
   Gas Species
   Molecular Weight (g/mol)                31.99880
   Ambient Density (kg/m^3)                1.088
           Enthalpy of Formation (J/kg)  0.000E+00

   CARBON DIOXIDE
   Gas Species
   Molecular Weight (g/mol)                44.00950
   Ambient Density (kg/m^3)                1.496
           Enthalpy of Formation (J/kg) -8.941E+06

   WATER VAPOR
   Gas Species
   Molecular Weight (g/mol)                18.01528
   Ambient Density (kg/m^3)                0.612
           Enthalpy of Formation (J/kg) -1.342E+07

   CARBON MONOXIDE
   Gas Species
   Molecular Weight (g/mol)                28.01010
   Ambient Density (kg/m^3)                0.952
           Enthalpy of Formation (J/kg) -3.946E+06

   SOOT
   Gas Species
   Molecular Weight (g/mol)                12.01070
   Ambient Density (kg/m^3)                0.408
           Enthalpy of Formation (J/kg)  0.000E+00

   HYDROGEN
   Gas Species
   Molecular Weight (g/mol)                 2.01588
   Ambient Density (kg/m^3)                0.069
           Enthalpy of Formation (J/kg)  0.000E+00

   HYDROGEN CYANIDE
   Gas Species
   Molecular Weight (g/mol)                27.02534
   Ambient Density (kg/m^3)                0.919
           Enthalpy of Formation (J/kg)  4.924E+06

   METHANE
   Gas Species
   Molecular Weight (g/mol)                16.04246
   Ambient Density (kg/m^3)                0.545
           Enthalpy of Formation (J/kg) -4.650E+06


 Tracked (Lumped) Species Information

   AIR
   Molecular Weight (g/mol)            28.81203
   Ambient Density (kg/m^3)            0.979
   Initial Mass Fraction               1.000
   Enthalpy of Formation (J/kg)     -3.840E+04

   Sub Species                    Mass Fraction     Mole Fraction
   NITROGEN                       7.651362E-01      7.869493E-01
   OXYGEN                         2.318052E-01      2.087196E-01
   CARBON DIOXIDE                 5.935332E-04      3.885729E-04
   WATER VAPOR                    2.465135E-03      3.942517E-03
 
     Viscosity (kg/m/s) Ambient,  285 K:  1.763E-05
                                  500 K:  2.616E-05
                                 1000 K:  4.128E-05
                                 1500 K:  5.372E-05
                                 2000 K:  6.475E-05
   Therm. Cond. (W/m/K) Ambient,  285 K:  2.506E-02
                                  500 K:  3.815E-02
                                 1000 K:  6.679E-02
                                 1500 K:  9.230E-02
                                 2000 K:  1.149E-01
        Enthalpy (J/kg) Ambient,  285 K: -5.157E+04
                                  500 K:  1.682E+05
                                 1000 K:  7.163E+05
                                 1500 K:  1.312E+06
                                 2000 K:  1.935E+06
    Spec. Heat (J/kg/K) Ambient,  285 K:  1.013E+03
                                  500 K:  1.039E+03
                                 1000 K:  1.152E+03
                                 1500 K:  1.224E+03
                                 2000 K:  1.264E+03
   Diff. Coeff. (m^2/s) Ambient,  285 K:  1.897E-05
                                  500 K:  4.957E-05
                                 1000 K:  1.578E-04
                                 1500 K:  3.090E-04
                                 2000 K:  4.976E-04
     Gibbs Energy Amb. (kJ/mol),  285 K: -5.634E+01
                                  500 K: -9.987E+01
                                 1000 K: -2.108E+02
                                 1500 K: -3.304E+02
                                 2000 K: -4.559E+02

   METHANE
   Molecular Weight (g/mol)            16.04246
   Ambient Density (kg/m^3)            0.545
   Initial Mass Fraction               0.000
   Enthalpy of Formation (J/kg)     -4.650E+06

   Sub Species                    Mass Fraction     Mole Fraction
   METHANE                        1.000000E+00      1.000000E+00
 
     Viscosity (kg/m/s) Ambient,  285 K:  1.071E-05
                                  500 K:  1.677E-05
                                 1000 K:  2.728E-05
                                 1500 K:  3.559E-05
                                 2000 K:  4.290E-05
   Therm. Cond. (W/m/K) Ambient,  285 K:  3.359E-02
                                  500 K:  6.958E-02
                                 1000 K:  1.790E-01
                                 1500 K:  2.880E-01
                                 2000 K:  3.876E-01
        Enthalpy (J/kg) Ambient,  285 K: -4.679E+06
                                  500 K: -4.137E+06
                                 1000 K: -2.239E+06
                                 1500 K:  3.482E+05
                                 2000 K:  3.357E+06
    Spec. Heat (J/kg/K) Ambient,  285 K:  2.196E+03
                                  500 K:  2.904E+03
                                 1000 K:  4.593E+03
                                 1500 K:  5.664E+03
                                 2000 K:  6.323E+03
   Diff. Coeff. (m^2/s) Ambient,  285 K:  2.044E-05
                                  500 K:  5.438E-05
                                 1000 K:  1.750E-04
                                 1500 K:  3.433E-04
                                 2000 K:  5.530E-04
     Gibbs Energy Amb. (kJ/mol),  285 K: -1.277E+02
                                  500 K: -1.700E+02
                                 1000 K: -2.842E+02
                                 1500 K: -4.170E+02
                                 2000 K: -5.650E+02

   PRODUCTS
   Molecular Weight (g/mol)            27.56299
   Ambient Density (kg/m^3)            0.937
   Initial Mass Fraction               0.000
   Enthalpy of Formation (J/kg)     -3.040E+06

   Sub Species                    Mass Fraction     Mole Fraction
   NITROGEN                       7.228509E-01      7.112285E-01
   CARBON DIOXIDE                 1.501451E-01      9.403529E-02
   WATER VAPOR                    1.264514E-01      1.934679E-01
   CARBON MONOXIDE                0.000000E+00      0.000000E+00
   SOOT                           5.526504E-04      1.268260E-03
   HYDROGEN CYANIDE               0.000000E+00      0.000000E+00
 
     Viscosity (kg/m/s) Ambient,  285 K:  1.567E-05
                                  500 K:  2.374E-05
                                 1000 K:  3.886E-05
                                 1500 K:  5.146E-05
                                 2000 K:  6.257E-05
   Therm. Cond. (W/m/K) Ambient,  285 K:  2.296E-02
                                  500 K:  3.624E-02
                                 1000 K:  6.756E-02
                                 1500 K:  9.746E-02
                                 2000 K:  1.244E-01
        Enthalpy (J/kg) Ambient,  285 K: -3.054E+06
                                  500 K: -2.810E+06
                                 1000 K: -2.189E+06
                                 1500 K: -1.499E+06
                                 2000 K: -7.651E+05
    Spec. Heat (J/kg/K) Ambient,  285 K:  1.112E+03
                                  500 K:  1.163E+03
                                 1000 K:  1.320E+03
                                 1500 K:  1.431E+03
                                 2000 K:  1.498E+03
   Diff. Coeff. (m^2/s) Ambient,  285 K:  1.869E-05
                                  500 K:  5.000E-05
                                 1000 K:  1.619E-04
                                 1500 K:  3.185E-04
                                 2000 K:  5.138E-04
     Gibbs Energy Amb. (kJ/mol),  285 K: -1.451E+02
                                  500 K: -1.887E+02
                                 1000 K: -3.006E+02
                                 1500 K: -4.222E+02
                                 2000 K: -5.504E+02


 Gas Phase Reaction Information

   Solver Details:  

      ODE Solver:  EXPLICIT EULER

      Fuel                                           Heat of Combustion (kJ/kg)
      METHANE                                                        49699.7320
      EPUMO2:                                                        12542.1343

      Primitive Species Stoich. Coeff.
      Species ID                                                          Molar
      OXYGEN                                                          -1.986643
      CARBON DIOXIDE                                                   0.986643
      WATER VAPOR                                                      2.000000
      SOOT                                                             0.013357
      METHANE                                                         -1.000000

      Tracked (Lumped) Species Stoich. Coeff.
      Species ID                                             Molar         Mass
      AIR                                                -9.518240   -17.094622
      METHANE                                            -1.000000    -1.000000
      PRODUCTS                                           10.531596    18.094622

      Reaction Kinetics

      Fast chemistry

      Extinction Model:  EXTINCTION 2
      Auto-Ignition Temperature (C):            -273.1
      Critical Flame Temperature (C):           1507.0

      Prescribed Radiative Fraction:             0.200


 Material Information


 Surface Conditions

   0 INERT

   1 PLATE (DEFAULT)
     Wall or Vent Temperature (C)    42.0

   2 POOL
     Wall or Vent Temperature (C)    11.0
     METHANE Mass Flux (kg/s/m2)   4.000E-02

   3 OPEN
     Passive Vent to Atmosphere

   4 MIRROR
     Symmetry Plane

   5 INTERPOLATED

   6 PERIODIC

   7 HVAC

   8 MASSLESS TRACER

   9 DROPLET

  10 MASSLESS TARGET

  11 PERIODIC FLOW ONLY


 Lagrangian Particle Classes


 Cut-off Density and Temperature

    Minimum Temperature:  -259.1 C
    Maximum Temperature:  2726.8 C
    Minimum Density:  1.000E-02 kg/m3
    Maximum Density:  1.000E+02 kg/m3


 Device Information

   1 ID: Wp3
     QUANTITY: CELL W
     Coordinates (X,Y,Z):   -4.843750E-01   -3.125000E-04    3.000000E-01
     TEMPORAL STATISTIC: RUNNING AVERAGE
   2 ID: Wp3
     QUANTITY: CELL W
     Coordinates (X,Y,Z):   -4.531250E-01   -3.125000E-04    3.000000E-01
     TEMPORAL STATISTIC: RUNNING AVERAGE
   3 ID: Wp3
     QUANTITY: CELL W
     Coordinates (X,Y,Z):   -4.218750E-01   -3.125000E-04    3.000000E-01
     TEMPORAL STATISTIC: RUNNING AVERAGE
   4 ID: Wp3
     QUANTITY: CELL W
     Coordinates (X,Y,Z):   -3.906250E-01   -3.125000E-04    3.000000E-01
     TEMPORAL STATISTIC: RUNNING AVERAGE
   5 ID: Wp3
     QUANTITY: CELL W
     Coordinates (X,Y,Z):   -3.593750E-01   -3.125000E-04    3.000000E-01
     TEMPORAL STATISTIC: RUNNING AVERAGE
   6 ID: Wp3
     QUANTITY: CELL W
     Coordinates (X,Y,Z):   -3.281250E-01   -3.125000E-04    3.000000E-01
     TEMPORAL STATISTIC: RUNNING AVERAGE
   7 ID: Wp3
     QUANTITY: CELL W
     Coordinates (X,Y,Z):   -2.968750E-01   -3.125000E-04    3.000000E-01
     TEMPORAL STATISTIC: RUNNING AVERAGE
   8 ID: Wp3
     QUANTITY: CELL W
     Coordinates (X,Y,Z):   -2.656250E-01   -3.125000E-04    3.000000E-01
     TEMPORAL STATISTIC: RUNNING AVERAGE
   9 ID: Wp3
     QUANTITY: CELL W
     Coordinates (X,Y,Z):   -2.343750E-01   -3.125000E-04    3.000000E-01
     TEMPORAL STATISTIC: RUNNING AVERAGE
  10 ID: Wp3
     QUANTITY: CELL W
     Coordinates (X,Y,Z):   -2.031250E-01   -3.125000E-04    3.000000E-01
     TEMPORAL STATISTIC: RUNNING AVERAGE
  11 ID: Wp3
     QUANTITY: CELL W
     Coordinates (X,Y,Z):   -1.718750E-01   -3.125000E-04    3.000000E-01
     TEMPORAL STATISTIC: RUNNING AVERAGE
  12 ID: Wp3
     QUANTITY: CELL W
     Coordinates (X,Y,Z):   -1.406250E-01   -3.125000E-04    3.000000E-01
     TEMPORAL STATISTIC: RUNNING AVERAGE
  13 ID: Wp3
     QUANTITY: CELL W
     Coordinates (X,Y,Z):   -1.093750E-01   -3.125000E-04    3.000000E-01
     TEMPORAL STATISTIC: RUNNING AVERAGE
  14 ID: Wp3
     QUANTITY: CELL W
     Coordinates (X,Y,Z):   -7.812500E-02   -3.125000E-04    3.000000E-01
     TEMPORAL STATISTIC: RUNNING AVERAGE
  15 ID: Wp3
     QUANTITY: CELL W
     Coordinates (X,Y,Z):   -4.687500E-02   -3.125000E-04    3.000000E-01
     TEMPORAL STATISTIC: RUNNING AVERAGE
  16 ID: Wp3
     QUANTITY: CELL W
     Coordinates (X,Y,Z):   -1.562500E-02   -3.125000E-04    3.000000E-01
     TEMPORAL STATISTIC: RUNNING AVERAGE
  17 ID: Wp3
     QUANTITY: CELL W
     Coordinates (X,Y,Z):    1.562500E-02   -3.125000E-04    3.000000E-01
     TEMPORAL STATISTIC: RUNNING AVERAGE
  18 ID: Wp3
     QUANTITY: CELL W
     Coordinates (X,Y,Z):    4.687500E-02   -3.125000E-04    3.000000E-01
     TEMPORAL STATISTIC: RUNNING AVERAGE
  19 ID: Wp3
     QUANTITY: CELL W
     Coordinates (X,Y,Z):    7.812500E-02   -3.125000E-04    3.000000E-01
     TEMPORAL STATISTIC: RUNNING AVERAGE
  20 ID: Wp3
     QUANTITY: CELL W
     Coordinates (X,Y,Z):    1.093750E-01   -3.125000E-04    3.000000E-01
     TEMPORAL STATISTIC: RUNNING AVERAGE
  21 ID: Wp3
     QUANTITY: CELL W
     Coordinates (X,Y,Z):    1.406250E-01   -3.125000E-04    3.000000E-01
     TEMPORAL STATISTIC: RUNNING AVERAGE
  22 ID: Wp3
     QUANTITY: CELL W
     Coordinates (X,Y,Z):    1.718750E-01   -3.125000E-04    3.000000E-01
     TEMPORAL STATISTIC: RUNNING AVERAGE
  23 ID: Wp3
     QUANTITY: CELL W
     Coordinates (X,Y,Z):    2.031250E-01   -3.125000E-04    3.000000E-01
     TEMPORAL STATISTIC: RUNNING AVERAGE
  24 ID: Wp3
     QUANTITY: CELL W
     Coordinates (X,Y,Z):    2.343750E-01   -3.125000E-04    3.000000E-01
     TEMPORAL STATISTIC: RUNNING AVERAGE
  25 ID: Wp3
     QUANTITY: CELL W
     Coordinates (X,Y,Z):    2.656250E-01   -3.125000E-04    3.000000E-01
     TEMPORAL STATISTIC: RUNNING AVERAGE
  26 ID: Wp3
     QUANTITY: CELL W
     Coordinates (X,Y,Z):    2.968750E-01   -3.125000E-04    3.000000E-01
     TEMPORAL STATISTIC: RUNNING AVERAGE
  27 ID: Wp3
     QUANTITY: CELL W
     Coordinates (X,Y,Z):    3.281250E-01   -3.125000E-04    3.000000E-01
     TEMPORAL STATISTIC: RUNNING AVERAGE
  28 ID: Wp3
     QUANTITY: CELL W
     Coordinates (X,Y,Z):    3.593750E-01   -3.125000E-04    3.000000E-01
     TEMPORAL STATISTIC: RUNNING AVERAGE
  29 ID: Wp3
     QUANTITY: CELL W
     Coordinates (X,Y,Z):    3.906250E-01   -3.125000E-04    3.000000E-01
     TEMPORAL STATISTIC: RUNNING AVERAGE
  30 ID: Wp3
     QUANTITY: CELL W
     Coordinates (X,Y,Z):    4.218750E-01   -3.125000E-04    3.000000E-01
     TEMPORAL STATISTIC: RUNNING AVERAGE
  31 ID: Wp3
     QUANTITY: CELL W
     Coordinates (X,Y,Z):    4.531250E-01   -3.125000E-04    3.000000E-01
     TEMPORAL STATISTIC: RUNNING AVERAGE
  32 ID: Wp3
     QUANTITY: CELL W
     Coordinates (X,Y,Z):    4.843750E-01   -3.125000E-04    3.000000E-01
     TEMPORAL STATISTIC: RUNNING AVERAGE
  33 ID: Wp5
     QUANTITY: CELL W
     Coordinates (X,Y,Z):   -4.843750E-01   -3.125000E-04    5.000000E-01
     TEMPORAL STATISTIC: RUNNING AVERAGE
  34 ID: Wp5
     QUANTITY: CELL W
     Coordinates (X,Y,Z):   -4.531250E-01   -3.125000E-04    5.000000E-01
     TEMPORAL STATISTIC: RUNNING AVERAGE
  35 ID: Wp5
     QUANTITY: CELL W
     Coordinates (X,Y,Z):   -4.218750E-01   -3.125000E-04    5.000000E-01
     TEMPORAL STATISTIC: RUNNING AVERAGE
  36 ID: Wp5
     QUANTITY: CELL W
     Coordinates (X,Y,Z):   -3.906250E-01   -3.125000E-04    5.000000E-01
     TEMPORAL STATISTIC: RUNNING AVERAGE
  37 ID: Wp5
     QUANTITY: CELL W
     Coordinates (X,Y,Z):   -3.593750E-01   -3.125000E-04    5.000000E-01
     TEMPORAL STATISTIC: RUNNING AVERAGE
  38 ID: Wp5
     QUANTITY: CELL W
     Coordinates (X,Y,Z):   -3.281250E-01   -3.125000E-04    5.000000E-01
     TEMPORAL STATISTIC: RUNNING AVERAGE
  39 ID: Wp5
     QUANTITY: CELL W
     Coordinates (X,Y,Z):   -2.968750E-01   -3.125000E-04    5.000000E-01
     TEMPORAL STATISTIC: RUNNING AVERAGE
  40 ID: Wp5
     QUANTITY: CELL W
     Coordinates (X,Y,Z):   -2.656250E-01   -3.125000E-04    5.000000E-01
     TEMPORAL STATISTIC: RUNNING AVERAGE
  41 ID: Wp5
     QUANTITY: CELL W
     Coordinates (X,Y,Z):   -2.343750E-01   -3.125000E-04    5.000000E-01
     TEMPORAL STATISTIC: RUNNING AVERAGE
  42 ID: Wp5
     QUANTITY: CELL W
     Coordinates (X,Y,Z):   -2.031250E-01   -3.125000E-04    5.000000E-01
     TEMPORAL STATISTIC: RUNNING AVERAGE
  43 ID: Wp5
     QUANTITY: CELL W
     Coordinates (X,Y,Z):   -1.718750E-01   -3.125000E-04    5.000000E-01
     TEMPORAL STATISTIC: RUNNING AVERAGE
  44 ID: Wp5
     QUANTITY: CELL W
     Coordinates (X,Y,Z):   -1.406250E-01   -3.125000E-04    5.000000E-01
     TEMPORAL STATISTIC: RUNNING AVERAGE
  45 ID: Wp5
     QUANTITY: CELL W
     Coordinates (X,Y,Z):   -1.093750E-01   -3.125000E-04    5.000000E-01
     TEMPORAL STATISTIC: RUNNING AVERAGE
  46 ID: Wp5
     QUANTITY: CELL W
     Coordinates (X,Y,Z):   -7.812500E-02   -3.125000E-04    5.000000E-01
     TEMPORAL STATISTIC: RUNNING AVERAGE
  47 ID: Wp5
     QUANTITY: CELL W
     Coordinates (X,Y,Z):   -4.687500E-02   -3.125000E-04    5.000000E-01
     TEMPORAL STATISTIC: RUNNING AVERAGE
  48 ID: Wp5
     QUANTITY: CELL W
     Coordinates (X,Y,Z):   -1.562500E-02   -3.125000E-04    5.000000E-01
     TEMPORAL STATISTIC: RUNNING AVERAGE
  49 ID: Wp5
     QUANTITY: CELL W
     Coordinates (X,Y,Z):    1.562500E-02   -3.125000E-04    5.000000E-01
     TEMPORAL STATISTIC: RUNNING AVERAGE
  50 ID: Wp5
     QUANTITY: CELL W
     Coordinates (X,Y,Z):    4.687500E-02   -3.125000E-04    5.000000E-01
     TEMPORAL STATISTIC: RUNNING AVERAGE
  51 ID: Wp5
     QUANTITY: CELL W
     Coordinates (X,Y,Z):    7.812500E-02   -3.125000E-04    5.000000E-01
     TEMPORAL STATISTIC: RUNNING AVERAGE
  52 ID: Wp5
     QUANTITY: CELL W
     Coordinates (X,Y,Z):    1.093750E-01   -3.125000E-04    5.000000E-01
     TEMPORAL STATISTIC: RUNNING AVERAGE
  53 ID: Wp5
     QUANTITY: CELL W
     Coordinates (X,Y,Z):    1.406250E-01   -3.125000E-04    5.000000E-01
     TEMPORAL STATISTIC: RUNNING AVERAGE
  54 ID: Wp5
     QUANTITY: CELL W
     Coordinates (X,Y,Z):    1.718750E-01   -3.125000E-04    5.000000E-01
     TEMPORAL STATISTIC: RUNNING AVERAGE
  55 ID: Wp5
     QUANTITY: CELL W
     Coordinates (X,Y,Z):    2.031250E-01   -3.125000E-04    5.000000E-01
     TEMPORAL STATISTIC: RUNNING AVERAGE
  56 ID: Wp5
     QUANTITY: CELL W
     Coordinates (X,Y,Z):    2.343750E-01   -3.125000E-04    5.000000E-01
     TEMPORAL STATISTIC: RUNNING AVERAGE
  57 ID: Wp5
     QUANTITY: CELL W
     Coordinates (X,Y,Z):    2.656250E-01   -3.125000E-04    5.000000E-01
     TEMPORAL STATISTIC: RUNNING AVERAGE
  58 ID: Wp5
     QUANTITY: CELL W
     Coordinates (X,Y,Z):    2.968750E-01   -3.125000E-04    5.000000E-01
     TEMPORAL STATISTIC: RUNNING AVERAGE
  59 ID: Wp5
     QUANTITY: CELL W
     Coordinates (X,Y,Z):    3.281250E-01   -3.125000E-04    5.000000E-01
     TEMPORAL STATISTIC: RUNNING AVERAGE
  60 ID: Wp5
     QUANTITY: CELL W
     Coordinates (X,Y,Z):    3.593750E-01   -3.125000E-04    5.000000E-01
     TEMPORAL STATISTIC: RUNNING AVERAGE
  61 ID: Wp5
     QUANTITY: CELL W
     Coordinates (X,Y,Z):    3.906250E-01   -3.125000E-04    5.000000E-01
     TEMPORAL STATISTIC: RUNNING AVERAGE
  62 ID: Wp5
     QUANTITY: CELL W
     Coordinates (X,Y,Z):    4.218750E-01   -3.125000E-04    5.000000E-01
     TEMPORAL STATISTIC: RUNNING AVERAGE
  63 ID: Wp5
     QUANTITY: CELL W
     Coordinates (X,Y,Z):    4.531250E-01   -3.125000E-04    5.000000E-01
     TEMPORAL STATISTIC: RUNNING AVERAGE
  64 ID: Wp5
     QUANTITY: CELL W
     Coordinates (X,Y,Z):    4.843750E-01   -3.125000E-04    5.000000E-01
     TEMPORAL STATISTIC: RUNNING AVERAGE
  65 ID: Wp9
     QUANTITY: CELL W
     Coordinates (X,Y,Z):   -4.843750E-01   -3.125000E-04    9.000000E-01
     TEMPORAL STATISTIC: RUNNING AVERAGE
  66 ID: Wp9
     QUANTITY: CELL W
     Coordinates (X,Y,Z):   -4.531250E-01   -3.125000E-04    9.000000E-01
     TEMPORAL STATISTIC: RUNNING AVERAGE
  67 ID: Wp9
     QUANTITY: CELL W
     Coordinates (X,Y,Z):   -4.218750E-01   -3.125000E-04    9.000000E-01
     TEMPORAL STATISTIC: RUNNING AVERAGE
  68 ID: Wp9
     QUANTITY: CELL W
     Coordinates (X,Y,Z):   -3.906250E-01   -3.125000E-04    9.000000E-01
     TEMPORAL STATISTIC: RUNNING AVERAGE
  69 ID: Wp9
     QUANTITY: CELL W
     Coordinates (X,Y,Z):   -3.593750E-01   -3.125000E-04    9.000000E-01
     TEMPORAL STATISTIC: RUNNING AVERAGE
  70 ID: Wp9
     QUANTITY: CELL W
     Coordinates (X,Y,Z):   -3.281250E-01   -3.125000E-04    9.000000E-01
     TEMPORAL STATISTIC: RUNNING AVERAGE
  71 ID: Wp9
     QUANTITY: CELL W
     Coordinates (X,Y,Z):   -2.968750E-01   -3.125000E-04    9.000000E-01
     TEMPORAL STATISTIC: RUNNING AVERAGE
  72 ID: Wp9
     QUANTITY: CELL W
     Coordinates (X,Y,Z):   -2.656250E-01   -3.125000E-04    9.000000E-01
     TEMPORAL STATISTIC: RUNNING AVERAGE
  73 ID: Wp9
     QUANTITY: CELL W
     Coordinates (X,Y,Z):   -2.343750E-01   -3.125000E-04    9.000000E-01
     TEMPORAL STATISTIC: RUNNING AVERAGE
  74 ID: Wp9
     QUANTITY: CELL W
     Coordinates (X,Y,Z):   -2.031250E-01   -3.125000E-04    9.000000E-01
     TEMPORAL STATISTIC: RUNNING AVERAGE
  75 ID: Wp9
     QUANTITY: CELL W
     Coordinates (X,Y,Z):   -1.718750E-01   -3.125000E-04    9.000000E-01
     TEMPORAL STATISTIC: RUNNING AVERAGE
  76 ID: Wp9
     QUANTITY: CELL W
     Coordinates (X,Y,Z):   -1.406250E-01   -3.125000E-04    9.000000E-01
     TEMPORAL STATISTIC: RUNNING AVERAGE
  77 ID: Wp9
     QUANTITY: CELL W
     Coordinates (X,Y,Z):   -1.093750E-01   -3.125000E-04    9.000000E-01
     TEMPORAL STATISTIC: RUNNING AVERAGE
  78 ID: Wp9
     QUANTITY: CELL W
     Coordinates (X,Y,Z):   -7.812500E-02   -3.125000E-04    9.000000E-01
     TEMPORAL STATISTIC: RUNNING AVERAGE
  79 ID: Wp9
     QUANTITY: CELL W
     Coordinates (X,Y,Z):   -4.687500E-02   -3.125000E-04    9.000000E-01
     TEMPORAL STATISTIC: RUNNING AVERAGE
  80 ID: Wp9
     QUANTITY: CELL W
     Coordinates (X,Y,Z):   -1.562500E-02   -3.125000E-04    9.000000E-01
     TEMPORAL STATISTIC: RUNNING AVERAGE
  81 ID: Wp9
     QUANTITY: CELL W
     Coordinates (X,Y,Z):    1.562500E-02   -3.125000E-04    9.000000E-01
     TEMPORAL STATISTIC: RUNNING AVERAGE
  82 ID: Wp9
     QUANTITY: CELL W
     Coordinates (X,Y,Z):    4.687500E-02   -3.125000E-04    9.000000E-01
     TEMPORAL STATISTIC: RUNNING AVERAGE
  83 ID: Wp9
     QUANTITY: CELL W
     Coordinates (X,Y,Z):    7.812500E-02   -3.125000E-04    9.000000E-01
     TEMPORAL STATISTIC: RUNNING AVERAGE
  84 ID: Wp9
     QUANTITY: CELL W
     Coordinates (X,Y,Z):    1.093750E-01   -3.125000E-04    9.000000E-01
     TEMPORAL STATISTIC: RUNNING AVERAGE
  85 ID: Wp9
     QUANTITY: CELL W
     Coordinates (X,Y,Z):    1.406250E-01   -3.125000E-04    9.000000E-01
     TEMPORAL STATISTIC: RUNNING AVERAGE
  86 ID: Wp9
     QUANTITY: CELL W
     Coordinates (X,Y,Z):    1.718750E-01   -3.125000E-04    9.000000E-01
     TEMPORAL STATISTIC: RUNNING AVERAGE
  87 ID: Wp9
     QUANTITY: CELL W
     Coordinates (X,Y,Z):    2.031250E-01   -3.125000E-04    9.000000E-01
     TEMPORAL STATISTIC: RUNNING AVERAGE
  88 ID: Wp9
     QUANTITY: CELL W
     Coordinates (X,Y,Z):    2.343750E-01   -3.125000E-04    9.000000E-01
     TEMPORAL STATISTIC: RUNNING AVERAGE
  89 ID: Wp9
     QUANTITY: CELL W
     Coordinates (X,Y,Z):    2.656250E-01   -3.125000E-04    9.000000E-01
     TEMPORAL STATISTIC: RUNNING AVERAGE
  90 ID: Wp9
     QUANTITY: CELL W
     Coordinates (X,Y,Z):    2.968750E-01   -3.125000E-04    9.000000E-01
     TEMPORAL STATISTIC: RUNNING AVERAGE
  91 ID: Wp9
     QUANTITY: CELL W
     Coordinates (X,Y,Z):    3.281250E-01   -3.125000E-04    9.000000E-01
     TEMPORAL STATISTIC: RUNNING AVERAGE
  92 ID: Wp9
     QUANTITY: CELL W
     Coordinates (X,Y,Z):    3.593750E-01   -3.125000E-04    9.000000E-01
     TEMPORAL STATISTIC: RUNNING AVERAGE
  93 ID: Wp9
     QUANTITY: CELL W
     Coordinates (X,Y,Z):    3.906250E-01   -3.125000E-04    9.000000E-01
     TEMPORAL STATISTIC: RUNNING AVERAGE
  94 ID: Wp9
     QUANTITY: CELL W
     Coordinates (X,Y,Z):    4.218750E-01   -3.125000E-04    9.000000E-01
     TEMPORAL STATISTIC: RUNNING AVERAGE
  95 ID: Wp9
     QUANTITY: CELL W
     Coordinates (X,Y,Z):    4.531250E-01   -3.125000E-04    9.000000E-01
     TEMPORAL STATISTIC: RUNNING AVERAGE
  96 ID: Wp9
     QUANTITY: CELL W
     Coordinates (X,Y,Z):    4.843750E-01   -3.125000E-04    9.000000E-01
     TEMPORAL STATISTIC: RUNNING AVERAGE
  97 ID: Up3
     QUANTITY: CELL U
     Coordinates (X,Y,Z):   -4.843750E-01   -3.125000E-04    3.000000E-01
     TEMPORAL STATISTIC: RUNNING AVERAGE
  98 ID: Up3
     QUANTITY: CELL U
     Coordinates (X,Y,Z):   -4.531250E-01   -3.125000E-04    3.000000E-01
     TEMPORAL STATISTIC: RUNNING AVERAGE
  99 ID: Up3
     QUANTITY: CELL U
     Coordinates (X,Y,Z):   -4.218750E-01   -3.125000E-04    3.000000E-01
     TEMPORAL STATISTIC: RUNNING AVERAGE
 100 ID: Up3
     QUANTITY: CELL U
     Coordinates (X,Y,Z):   -3.906250E-01   -3.125000E-04    3.000000E-01
     TEMPORAL STATISTIC: RUNNING AVERAGE
 101 ID: Up3
     QUANTITY: CELL U
     Coordinates (X,Y,Z):   -3.593750E-01   -3.125000E-04    3.000000E-01
     TEMPORAL STATISTIC: RUNNING AVERAGE
 102 ID: Up3
     QUANTITY: CELL U
     Coordinates (X,Y,Z):   -3.281250E-01   -3.125000E-04    3.000000E-01
     TEMPORAL STATISTIC: RUNNING AVERAGE
 103 ID: Up3
     QUANTITY: CELL U
     Coordinates (X,Y,Z):   -2.968750E-01   -3.125000E-04    3.000000E-01
     TEMPORAL STATISTIC: RUNNING AVERAGE
 104 ID: Up3
     QUANTITY: CELL U
     Coordinates (X,Y,Z):   -2.656250E-01   -3.125000E-04    3.000000E-01
     TEMPORAL STATISTIC: RUNNING AVERAGE
 105 ID: Up3
     QUANTITY: CELL U
     Coordinates (X,Y,Z):   -2.343750E-01   -3.125000E-04    3.000000E-01
     TEMPORAL STATISTIC: RUNNING AVERAGE
 106 ID: Up3
     QUANTITY: CELL U
     Coordinates (X,Y,Z):   -2.031250E-01   -3.125000E-04    3.000000E-01
     TEMPORAL STATISTIC: RUNNING AVERAGE
 107 ID: Up3
     QUANTITY: CELL U
     Coordinates (X,Y,Z):   -1.718750E-01   -3.125000E-04    3.000000E-01
     TEMPORAL STATISTIC: RUNNING AVERAGE
 108 ID: Up3
     QUANTITY: CELL U
     Coordinates (X,Y,Z):   -1.406250E-01   -3.125000E-04    3.000000E-01
     TEMPORAL STATISTIC: RUNNING AVERAGE
 109 ID: Up3
     QUANTITY: CELL U
     Coordinates (X,Y,Z):   -1.093750E-01   -3.125000E-04    3.000000E-01
     TEMPORAL STATISTIC: RUNNING AVERAGE
 110 ID: Up3
     QUANTITY: CELL U
     Coordinates (X,Y,Z):   -7.812500E-02   -3.125000E-04    3.000000E-01
     TEMPORAL STATISTIC: RUNNING AVERAGE
 111 ID: Up3
     QUANTITY: CELL U
     Coordinates (X,Y,Z):   -4.687500E-02   -3.125000E-04    3.000000E-01
     TEMPORAL STATISTIC: RUNNING AVERAGE
 112 ID: Up3
     QUANTITY: CELL U
     Coordinates (X,Y,Z):   -1.562500E-02   -3.125000E-04    3.000000E-01
     TEMPORAL STATISTIC: RUNNING AVERAGE
 113 ID: Up3
     QUANTITY: CELL U
     Coordinates (X,Y,Z):    1.562500E-02   -3.125000E-04    3.000000E-01
     TEMPORAL STATISTIC: RUNNING AVERAGE
 114 ID: Up3
     QUANTITY: CELL U
     Coordinates (X,Y,Z):    4.687500E-02   -3.125000E-04    3.000000E-01
     TEMPORAL STATISTIC: RUNNING AVERAGE
 115 ID: Up3
     QUANTITY: CELL U
     Coordinates (X,Y,Z):    7.812500E-02   -3.125000E-04    3.000000E-01
     TEMPORAL STATISTIC: RUNNING AVERAGE
 116 ID: Up3
     QUANTITY: CELL U
     Coordinates (X,Y,Z):    1.093750E-01   -3.125000E-04    3.000000E-01
     TEMPORAL STATISTIC: RUNNING AVERAGE
 117 ID: Up3
     QUANTITY: CELL U
     Coordinates (X,Y,Z):    1.406250E-01   -3.125000E-04    3.000000E-01
     TEMPORAL STATISTIC: RUNNING AVERAGE
 118 ID: Up3
     QUANTITY: CELL U
     Coordinates (X,Y,Z):    1.718750E-01   -3.125000E-04    3.000000E-01
     TEMPORAL STATISTIC: RUNNING AVERAGE
 119 ID: Up3
     QUANTITY: CELL U
     Coordinates (X,Y,Z):    2.031250E-01   -3.125000E-04    3.000000E-01
     TEMPORAL STATISTIC: RUNNING AVERAGE
 120 ID: Up3
     QUANTITY: CELL U
     Coordinates (X,Y,Z):    2.343750E-01   -3.125000E-04    3.000000E-01
     TEMPORAL STATISTIC: RUNNING AVERAGE
 121 ID: Up3
     QUANTITY: CELL U
     Coordinates (X,Y,Z):    2.656250E-01   -3.125000E-04    3.000000E-01
     TEMPORAL STATISTIC: RUNNING AVERAGE
 122 ID: Up3
     QUANTITY: CELL U
     Coordinates (X,Y,Z):    2.968750E-01   -3.125000E-04    3.000000E-01
     TEMPORAL STATISTIC: RUNNING AVERAGE
 123 ID: Up3
     QUANTITY: CELL U
     Coordinates (X,Y,Z):    3.281250E-01   -3.125000E-04    3.000000E-01
     TEMPORAL STATISTIC: RUNNING AVERAGE
 124 ID: Up3
     QUANTITY: CELL U
     Coordinates (X,Y,Z):    3.593750E-01   -3.125000E-04    3.000000E-01
     TEMPORAL STATISTIC: RUNNING AVERAGE
 125 ID: Up3
     QUANTITY: CELL U
     Coordinates (X,Y,Z):    3.906250E-01   -3.125000E-04    3.000000E-01
     TEMPORAL STATISTIC: RUNNING AVERAGE
 126 ID: Up3
     QUANTITY: CELL U
     Coordinates (X,Y,Z):    4.218750E-01   -3.125000E-04    3.000000E-01
     TEMPORAL STATISTIC: RUNNING AVERAGE
 127 ID: Up3
     QUANTITY: CELL U
     Coordinates (X,Y,Z):    4.531250E-01   -3.125000E-04    3.000000E-01
     TEMPORAL STATISTIC: RUNNING AVERAGE
 128 ID: Up3
     QUANTITY: CELL U
     Coordinates (X,Y,Z):    4.843750E-01   -3.125000E-04    3.000000E-01
     TEMPORAL STATISTIC: RUNNING AVERAGE
 129 ID: Up5
     QUANTITY: CELL U
     Coordinates (X,Y,Z):   -4.843750E-01   -3.125000E-04    5.000000E-01
     TEMPORAL STATISTIC: RUNNING AVERAGE
 130 ID: Up5
     QUANTITY: CELL U
     Coordinates (X,Y,Z):   -4.531250E-01   -3.125000E-04    5.000000E-01
     TEMPORAL STATISTIC: RUNNING AVERAGE
 131 ID: Up5
     QUANTITY: CELL U
     Coordinates (X,Y,Z):   -4.218750E-01   -3.125000E-04    5.000000E-01
     TEMPORAL STATISTIC: RUNNING AVERAGE
 132 ID: Up5
     QUANTITY: CELL U
     Coordinates (X,Y,Z):   -3.906250E-01   -3.125000E-04    5.000000E-01
     TEMPORAL STATISTIC: RUNNING AVERAGE
 133 ID: Up5
     QUANTITY: CELL U
     Coordinates (X,Y,Z):   -3.593750E-01   -3.125000E-04    5.000000E-01
     TEMPORAL STATISTIC: RUNNING AVERAGE
 134 ID: Up5
     QUANTITY: CELL U
     Coordinates (X,Y,Z):   -3.281250E-01   -3.125000E-04    5.000000E-01
     TEMPORAL STATISTIC: RUNNING AVERAGE
 135 ID: Up5
     QUANTITY: CELL U
     Coordinates (X,Y,Z):   -2.968750E-01   -3.125000E-04    5.000000E-01
     TEMPORAL STATISTIC: RUNNING AVERAGE
 136 ID: Up5
     QUANTITY: CELL U
     Coordinates (X,Y,Z):   -2.656250E-01   -3.125000E-04    5.000000E-01
     TEMPORAL STATISTIC: RUNNING AVERAGE
 137 ID: Up5
     QUANTITY: CELL U
     Coordinates (X,Y,Z):   -2.343750E-01   -3.125000E-04    5.000000E-01
     TEMPORAL STATISTIC: RUNNING AVERAGE
 138 ID: Up5
     QUANTITY: CELL U
     Coordinates (X,Y,Z):   -2.031250E-01   -3.125000E-04    5.000000E-01
     TEMPORAL STATISTIC: RUNNING AVERAGE
 139 ID: Up5
     QUANTITY: CELL U
     Coordinates (X,Y,Z):   -1.718750E-01   -3.125000E-04    5.000000E-01
     TEMPORAL STATISTIC: RUNNING AVERAGE
 140 ID: Up5
     QUANTITY: CELL U
     Coordinates (X,Y,Z):   -1.406250E-01   -3.125000E-04    5.000000E-01
     TEMPORAL STATISTIC: RUNNING AVERAGE
 141 ID: Up5
     QUANTITY: CELL U
     Coordinates (X,Y,Z):   -1.093750E-01   -3.125000E-04    5.000000E-01
     TEMPORAL STATISTIC: RUNNING AVERAGE
 142 ID: Up5
     QUANTITY: CELL U
     Coordinates (X,Y,Z):   -7.812500E-02   -3.125000E-04    5.000000E-01
     TEMPORAL STATISTIC: RUNNING AVERAGE
 143 ID: Up5
     QUANTITY: CELL U
     Coordinates (X,Y,Z):   -4.687500E-02   -3.125000E-04    5.000000E-01
     TEMPORAL STATISTIC: RUNNING AVERAGE
 144 ID: Up5
     QUANTITY: CELL U
     Coordinates (X,Y,Z):   -1.562500E-02   -3.125000E-04    5.000000E-01
     TEMPORAL STATISTIC: RUNNING AVERAGE
 145 ID: Up5
     QUANTITY: CELL U
     Coordinates (X,Y,Z):    1.562500E-02   -3.125000E-04    5.000000E-01
     TEMPORAL STATISTIC: RUNNING AVERAGE
 146 ID: Up5
     QUANTITY: CELL U
     Coordinates (X,Y,Z):    4.687500E-02   -3.125000E-04    5.000000E-01
     TEMPORAL STATISTIC: RUNNING AVERAGE
 147 ID: Up5
     QUANTITY: CELL U
     Coordinates (X,Y,Z):    7.812500E-02   -3.125000E-04    5.000000E-01
     TEMPORAL STATISTIC: RUNNING AVERAGE
 148 ID: Up5
     QUANTITY: CELL U
     Coordinates (X,Y,Z):    1.093750E-01   -3.125000E-04    5.000000E-01
     TEMPORAL STATISTIC: RUNNING AVERAGE
 149 ID: Up5
     QUANTITY: CELL U
     Coordinates (X,Y,Z):    1.406250E-01   -3.125000E-04    5.000000E-01
     TEMPORAL STATISTIC: RUNNING AVERAGE
 150 ID: Up5
     QUANTITY: CELL U
     Coordinates (X,Y,Z):    1.718750E-01   -3.125000E-04    5.000000E-01
     TEMPORAL STATISTIC: RUNNING AVERAGE
 151 ID: Up5
     QUANTITY: CELL U
     Coordinates (X,Y,Z):    2.031250E-01   -3.125000E-04    5.000000E-01
     TEMPORAL STATISTIC: RUNNING AVERAGE
 152 ID: Up5
     QUANTITY: CELL U
     Coordinates (X,Y,Z):    2.343750E-01   -3.125000E-04    5.000000E-01
     TEMPORAL STATISTIC: RUNNING AVERAGE
 153 ID: Up5
     QUANTITY: CELL U
     Coordinates (X,Y,Z):    2.656250E-01   -3.125000E-04    5.000000E-01
     TEMPORAL STATISTIC: RUNNING AVERAGE
 154 ID: Up5
     QUANTITY: CELL U
     Coordinates (X,Y,Z):    2.968750E-01   -3.125000E-04    5.000000E-01
     TEMPORAL STATISTIC: RUNNING AVERAGE
 155 ID: Up5
     QUANTITY: CELL U
     Coordinates (X,Y,Z):    3.281250E-01   -3.125000E-04    5.000000E-01
     TEMPORAL STATISTIC: RUNNING AVERAGE
 156 ID: Up5
     QUANTITY: CELL U
     Coordinates (X,Y,Z):    3.593750E-01   -3.125000E-04    5.000000E-01
     TEMPORAL STATISTIC: RUNNING AVERAGE
 157 ID: Up5
     QUANTITY: CELL U
     Coordinates (X,Y,Z):    3.906250E-01   -3.125000E-04    5.000000E-01
     TEMPORAL STATISTIC: RUNNING AVERAGE
 158 ID: Up5
     QUANTITY: CELL U
     Coordinates (X,Y,Z):    4.218750E-01   -3.125000E-04    5.000000E-01
     TEMPORAL STATISTIC: RUNNING AVERAGE
 159 ID: Up5
     QUANTITY: CELL U
     Coordinates (X,Y,Z):    4.531250E-01   -3.125000E-04    5.000000E-01
     TEMPORAL STATISTIC: RUNNING AVERAGE
 160 ID: Up5
     QUANTITY: CELL U
     Coordinates (X,Y,Z):    4.843750E-01   -3.125000E-04    5.000000E-01
     TEMPORAL STATISTIC: RUNNING AVERAGE
 161 ID: Up9
     QUANTITY: CELL U
     Coordinates (X,Y,Z):   -4.843750E-01   -3.125000E-04    9.000000E-01
     TEMPORAL STATISTIC: RUNNING AVERAGE
 162 ID: Up9
     QUANTITY: CELL U
     Coordinates (X,Y,Z):   -4.531250E-01   -3.125000E-04    9.000000E-01
     TEMPORAL STATISTIC: RUNNING AVERAGE
 163 ID: Up9
     QUANTITY: CELL U
     Coordinates (X,Y,Z):   -4.218750E-01   -3.125000E-04    9.000000E-01
     TEMPORAL STATISTIC: RUNNING AVERAGE
 164 ID: Up9
     QUANTITY: CELL U
     Coordinates (X,Y,Z):   -3.906250E-01   -3.125000E-04    9.000000E-01
     TEMPORAL STATISTIC: RUNNING AVERAGE
 165 ID: Up9
     QUANTITY: CELL U
     Coordinates (X,Y,Z):   -3.593750E-01   -3.125000E-04    9.000000E-01
     TEMPORAL STATISTIC: RUNNING AVERAGE
 166 ID: Up9
     QUANTITY: CELL U
     Coordinates (X,Y,Z):   -3.281250E-01   -3.125000E-04    9.000000E-01
     TEMPORAL STATISTIC: RUNNING AVERAGE
 167 ID: Up9
     QUANTITY: CELL U
     Coordinates (X,Y,Z):   -2.968750E-01   -3.125000E-04    9.000000E-01
     TEMPORAL STATISTIC: RUNNING AVERAGE
 168 ID: Up9
     QUANTITY: CELL U
     Coordinates (X,Y,Z):   -2.656250E-01   -3.125000E-04    9.000000E-01
     TEMPORAL STATISTIC: RUNNING AVERAGE
 169 ID: Up9
     QUANTITY: CELL U
     Coordinates (X,Y,Z):   -2.343750E-01   -3.125000E-04    9.000000E-01
     TEMPORAL STATISTIC: RUNNING AVERAGE
 170 ID: Up9
     QUANTITY: CELL U
     Coordinates (X,Y,Z):   -2.031250E-01   -3.125000E-04    9.000000E-01
     TEMPORAL STATISTIC: RUNNING AVERAGE
 171 ID: Up9
     QUANTITY: CELL U
     Coordinates (X,Y,Z):   -1.718750E-01   -3.125000E-04    9.000000E-01
     TEMPORAL STATISTIC: RUNNING AVERAGE
 172 ID: Up9
     QUANTITY: CELL U
     Coordinates (X,Y,Z):   -1.406250E-01   -3.125000E-04    9.000000E-01
     TEMPORAL STATISTIC: RUNNING AVERAGE
 173 ID: Up9
     QUANTITY: CELL U
     Coordinates (X,Y,Z):   -1.093750E-01   -3.125000E-04    9.000000E-01
     TEMPORAL STATISTIC: RUNNING AVERAGE
 174 ID: Up9
     QUANTITY: CELL U
     Coordinates (X,Y,Z):   -7.812500E-02   -3.125000E-04    9.000000E-01
     TEMPORAL STATISTIC: RUNNING AVERAGE
 175 ID: Up9
     QUANTITY: CELL U
     Coordinates (X,Y,Z):   -4.687500E-02   -3.125000E-04    9.000000E-01
     TEMPORAL STATISTIC: RUNNING AVERAGE
 176 ID: Up9
     QUANTITY: CELL U
     Coordinates (X,Y,Z):   -1.562500E-02   -3.125000E-04    9.000000E-01
     TEMPORAL STATISTIC: RUNNING AVERAGE
 177 ID: Up9
     QUANTITY: CELL U
     Coordinates (X,Y,Z):    1.562500E-02   -3.125000E-04    9.000000E-01
     TEMPORAL STATISTIC: RUNNING AVERAGE
 178 ID: Up9
     QUANTITY: CELL U
     Coordinates (X,Y,Z):    4.687500E-02   -3.125000E-04    9.000000E-01
     TEMPORAL STATISTIC: RUNNING AVERAGE
 179 ID: Up9
     QUANTITY: CELL U
     Coordinates (X,Y,Z):    7.812500E-02   -3.125000E-04    9.000000E-01
     TEMPORAL STATISTIC: RUNNING AVERAGE
 180 ID: Up9
     QUANTITY: CELL U
     Coordinates (X,Y,Z):    1.093750E-01   -3.125000E-04    9.000000E-01
     TEMPORAL STATISTIC: RUNNING AVERAGE
 181 ID: Up9
     QUANTITY: CELL U
     Coordinates (X,Y,Z):    1.406250E-01   -3.125000E-04    9.000000E-01
     TEMPORAL STATISTIC: RUNNING AVERAGE
 182 ID: Up9
     QUANTITY: CELL U
     Coordinates (X,Y,Z):    1.718750E-01   -3.125000E-04    9.000000E-01
     TEMPORAL STATISTIC: RUNNING AVERAGE
 183 ID: Up9
     QUANTITY: CELL U
     Coordinates (X,Y,Z):    2.031250E-01   -3.125000E-04    9.000000E-01
     TEMPORAL STATISTIC: RUNNING AVERAGE
 184 ID: Up9
     QUANTITY: CELL U
     Coordinates (X,Y,Z):    2.343750E-01   -3.125000E-04    9.000000E-01
     TEMPORAL STATISTIC: RUNNING AVERAGE
 185 ID: Up9
     QUANTITY: CELL U
     Coordinates (X,Y,Z):    2.656250E-01   -3.125000E-04    9.000000E-01
     TEMPORAL STATISTIC: RUNNING AVERAGE
 186 ID: Up9
     QUANTITY: CELL U
     Coordinates (X,Y,Z):    2.968750E-01   -3.125000E-04    9.000000E-01
     TEMPORAL STATISTIC: RUNNING AVERAGE
 187 ID: Up9
     QUANTITY: CELL U
     Coordinates (X,Y,Z):    3.281250E-01   -3.125000E-04    9.000000E-01
     TEMPORAL STATISTIC: RUNNING AVERAGE
 188 ID: Up9
     QUANTITY: CELL U
     Coordinates (X,Y,Z):    3.593750E-01   -3.125000E-04    9.000000E-01
     TEMPORAL STATISTIC: RUNNING AVERAGE
 189 ID: Up9
     QUANTITY: CELL U
     Coordinates (X,Y,Z):    3.906250E-01   -3.125000E-04    9.000000E-01
     TEMPORAL STATISTIC: RUNNING AVERAGE
 190 ID: Up9
     QUANTITY: CELL U
     Coordinates (X,Y,Z):    4.218750E-01   -3.125000E-04    9.000000E-01
     TEMPORAL STATISTIC: RUNNING AVERAGE
 191 ID: Up9
     QUANTITY: CELL U
     Coordinates (X,Y,Z):    4.531250E-01   -3.125000E-04    9.000000E-01
     TEMPORAL STATISTIC: RUNNING AVERAGE
 192 ID: Up9
     QUANTITY: CELL U
     Coordinates (X,Y,Z):    4.843750E-01   -3.125000E-04    9.000000E-01
     TEMPORAL STATISTIC: RUNNING AVERAGE
 193 ID: Wp3_rms
     QUANTITY: CELL W
     Coordinates (X,Y,Z):   -4.843750E-01   -3.125000E-04    3.000000E-01
     TEMPORAL STATISTIC: RMS
 194 ID: Wp3_rms
     QUANTITY: CELL W
     Coordinates (X,Y,Z):   -4.531250E-01   -3.125000E-04    3.000000E-01
     TEMPORAL STATISTIC: RMS
 195 ID: Wp3_rms
     QUANTITY: CELL W
     Coordinates (X,Y,Z):   -4.218750E-01   -3.125000E-04    3.000000E-01
     TEMPORAL STATISTIC: RMS
 196 ID: Wp3_rms
     QUANTITY: CELL W
     Coordinates (X,Y,Z):   -3.906250E-01   -3.125000E-04    3.000000E-01
     TEMPORAL STATISTIC: RMS
 197 ID: Wp3_rms
     QUANTITY: CELL W
     Coordinates (X,Y,Z):   -3.593750E-01   -3.125000E-04    3.000000E-01
     TEMPORAL STATISTIC: RMS
 198 ID: Wp3_rms
     QUANTITY: CELL W
     Coordinates (X,Y,Z):   -3.281250E-01   -3.125000E-04    3.000000E-01
     TEMPORAL STATISTIC: RMS
 199 ID: Wp3_rms
     QUANTITY: CELL W
     Coordinates (X,Y,Z):   -2.968750E-01   -3.125000E-04    3.000000E-01
     TEMPORAL STATISTIC: RMS
 200 ID: Wp3_rms
     QUANTITY: CELL W
     Coordinates (X,Y,Z):   -2.656250E-01   -3.125000E-04    3.000000E-01
     TEMPORAL STATISTIC: RMS
 201 ID: Wp3_rms
     QUANTITY: CELL W
     Coordinates (X,Y,Z):   -2.343750E-01   -3.125000E-04    3.000000E-01
     TEMPORAL STATISTIC: RMS
 202 ID: Wp3_rms
     QUANTITY: CELL W
     Coordinates (X,Y,Z):   -2.031250E-01   -3.125000E-04    3.000000E-01
     TEMPORAL STATISTIC: RMS
 203 ID: Wp3_rms
     QUANTITY: CELL W
     Coordinates (X,Y,Z):   -1.718750E-01   -3.125000E-04    3.000000E-01
     TEMPORAL STATISTIC: RMS
 204 ID: Wp3_rms
     QUANTITY: CELL W
     Coordinates (X,Y,Z):   -1.406250E-01   -3.125000E-04    3.000000E-01
     TEMPORAL STATISTIC: RMS
 205 ID: Wp3_rms
     QUANTITY: CELL W
     Coordinates (X,Y,Z):   -1.093750E-01   -3.125000E-04    3.000000E-01
     TEMPORAL STATISTIC: RMS
 206 ID: Wp3_rms
     QUANTITY: CELL W
     Coordinates (X,Y,Z):   -7.812500E-02   -3.125000E-04    3.000000E-01
     TEMPORAL STATISTIC: RMS
 207 ID: Wp3_rms
     QUANTITY: CELL W
     Coordinates (X,Y,Z):   -4.687500E-02   -3.125000E-04    3.000000E-01
     TEMPORAL STATISTIC: RMS
 208 ID: Wp3_rms
     QUANTITY: CELL W
     Coordinates (X,Y,Z):   -1.562500E-02   -3.125000E-04    3.000000E-01
     TEMPORAL STATISTIC: RMS
 209 ID: Wp3_rms
     QUANTITY: CELL W
     Coordinates (X,Y,Z):    1.562500E-02   -3.125000E-04    3.000000E-01
     TEMPORAL STATISTIC: RMS
 210 ID: Wp3_rms
     QUANTITY: CELL W
     Coordinates (X,Y,Z):    4.687500E-02   -3.125000E-04    3.000000E-01
     TEMPORAL STATISTIC: RMS
 211 ID: Wp3_rms
     QUANTITY: CELL W
     Coordinates (X,Y,Z):    7.812500E-02   -3.125000E-04    3.000000E-01
     TEMPORAL STATISTIC: RMS
 212 ID: Wp3_rms
     QUANTITY: CELL W
     Coordinates (X,Y,Z):    1.093750E-01   -3.125000E-04    3.000000E-01
     TEMPORAL STATISTIC: RMS
 213 ID: Wp3_rms
     QUANTITY: CELL W
     Coordinates (X,Y,Z):    1.406250E-01   -3.125000E-04    3.000000E-01
     TEMPORAL STATISTIC: RMS
 214 ID: Wp3_rms
     QUANTITY: CELL W
     Coordinates (X,Y,Z):    1.718750E-01   -3.125000E-04    3.000000E-01
     TEMPORAL STATISTIC: RMS
 215 ID: Wp3_rms
     QUANTITY: CELL W
     Coordinates (X,Y,Z):    2.031250E-01   -3.125000E-04    3.000000E-01
     TEMPORAL STATISTIC: RMS
 216 ID: Wp3_rms
     QUANTITY: CELL W
     Coordinates (X,Y,Z):    2.343750E-01   -3.125000E-04    3.000000E-01
     TEMPORAL STATISTIC: RMS
 217 ID: Wp3_rms
     QUANTITY: CELL W
     Coordinates (X,Y,Z):    2.656250E-01   -3.125000E-04    3.000000E-01
     TEMPORAL STATISTIC: RMS
 218 ID: Wp3_rms
     QUANTITY: CELL W
     Coordinates (X,Y,Z):    2.968750E-01   -3.125000E-04    3.000000E-01
     TEMPORAL STATISTIC: RMS
 219 ID: Wp3_rms
     QUANTITY: CELL W
     Coordinates (X,Y,Z):    3.281250E-01   -3.125000E-04    3.000000E-01
     TEMPORAL STATISTIC: RMS
 220 ID: Wp3_rms
     QUANTITY: CELL W
     Coordinates (X,Y,Z):    3.593750E-01   -3.125000E-04    3.000000E-01
     TEMPORAL STATISTIC: RMS
 221 ID: Wp3_rms
     QUANTITY: CELL W
     Coordinates (X,Y,Z):    3.906250E-01   -3.125000E-04    3.000000E-01
     TEMPORAL STATISTIC: RMS
 222 ID: Wp3_rms
     QUANTITY: CELL W
     Coordinates (X,Y,Z):    4.218750E-01   -3.125000E-04    3.000000E-01
     TEMPORAL STATISTIC: RMS
 223 ID: Wp3_rms
     QUANTITY: CELL W
     Coordinates (X,Y,Z):    4.531250E-01   -3.125000E-04    3.000000E-01
     TEMPORAL STATISTIC: RMS
 224 ID: Wp3_rms
     QUANTITY: CELL W
     Coordinates (X,Y,Z):    4.843750E-01   -3.125000E-04    3.000000E-01
     TEMPORAL STATISTIC: RMS
 225 ID: Wp5_rms
     QUANTITY: CELL W
     Coordinates (X,Y,Z):   -4.843750E-01   -3.125000E-04    5.000000E-01
     TEMPORAL STATISTIC: RMS
 226 ID: Wp5_rms
     QUANTITY: CELL W
     Coordinates (X,Y,Z):   -4.531250E-01   -3.125000E-04    5.000000E-01
     TEMPORAL STATISTIC: RMS
 227 ID: Wp5_rms
     QUANTITY: CELL W
     Coordinates (X,Y,Z):   -4.218750E-01   -3.125000E-04    5.000000E-01
     TEMPORAL STATISTIC: RMS
 228 ID: Wp5_rms
     QUANTITY: CELL W
     Coordinates (X,Y,Z):   -3.906250E-01   -3.125000E-04    5.000000E-01
     TEMPORAL STATISTIC: RMS
 229 ID: Wp5_rms
     QUANTITY: CELL W
     Coordinates (X,Y,Z):   -3.593750E-01   -3.125000E-04    5.000000E-01
     TEMPORAL STATISTIC: RMS
 230 ID: Wp5_rms
     QUANTITY: CELL W
     Coordinates (X,Y,Z):   -3.281250E-01   -3.125000E-04    5.000000E-01
     TEMPORAL STATISTIC: RMS
 231 ID: Wp5_rms
     QUANTITY: CELL W
     Coordinates (X,Y,Z):   -2.968750E-01   -3.125000E-04    5.000000E-01
     TEMPORAL STATISTIC: RMS
 232 ID: Wp5_rms
     QUANTITY: CELL W
     Coordinates (X,Y,Z):   -2.656250E-01   -3.125000E-04    5.000000E-01
     TEMPORAL STATISTIC: RMS
 233 ID: Wp5_rms
     QUANTITY: CELL W
     Coordinates (X,Y,Z):   -2.343750E-01   -3.125000E-04    5.000000E-01
     TEMPORAL STATISTIC: RMS
 234 ID: Wp5_rms
     QUANTITY: CELL W
     Coordinates (X,Y,Z):   -2.031250E-01   -3.125000E-04    5.000000E-01
     TEMPORAL STATISTIC: RMS
 235 ID: Wp5_rms
     QUANTITY: CELL W
     Coordinates (X,Y,Z):   -1.718750E-01   -3.125000E-04    5.000000E-01
     TEMPORAL STATISTIC: RMS
 236 ID: Wp5_rms
     QUANTITY: CELL W
     Coordinates (X,Y,Z):   -1.406250E-01   -3.125000E-04    5.000000E-01
     TEMPORAL STATISTIC: RMS
 237 ID: Wp5_rms
     QUANTITY: CELL W
     Coordinates (X,Y,Z):   -1.093750E-01   -3.125000E-04    5.000000E-01
     TEMPORAL STATISTIC: RMS
 238 ID: Wp5_rms
     QUANTITY: CELL W
     Coordinates (X,Y,Z):   -7.812500E-02   -3.125000E-04    5.000000E-01
     TEMPORAL STATISTIC: RMS
 239 ID: Wp5_rms
     QUANTITY: CELL W
     Coordinates (X,Y,Z):   -4.687500E-02   -3.125000E-04    5.000000E-01
     TEMPORAL STATISTIC: RMS
 240 ID: Wp5_rms
     QUANTITY: CELL W
     Coordinates (X,Y,Z):   -1.562500E-02   -3.125000E-04    5.000000E-01
     TEMPORAL STATISTIC: RMS
 241 ID: Wp5_rms
     QUANTITY: CELL W
     Coordinates (X,Y,Z):    1.562500E-02   -3.125000E-04    5.000000E-01
     TEMPORAL STATISTIC: RMS
 242 ID: Wp5_rms
     QUANTITY: CELL W
     Coordinates (X,Y,Z):    4.687500E-02   -3.125000E-04    5.000000E-01
     TEMPORAL STATISTIC: RMS
 243 ID: Wp5_rms
     QUANTITY: CELL W
     Coordinates (X,Y,Z):    7.812500E-02   -3.125000E-04    5.000000E-01
     TEMPORAL STATISTIC: RMS
 244 ID: Wp5_rms
     QUANTITY: CELL W
     Coordinates (X,Y,Z):    1.093750E-01   -3.125000E-04    5.000000E-01
     TEMPORAL STATISTIC: RMS
 245 ID: Wp5_rms
     QUANTITY: CELL W
     Coordinates (X,Y,Z):    1.406250E-01   -3.125000E-04    5.000000E-01
     TEMPORAL STATISTIC: RMS
 246 ID: Wp5_rms
     QUANTITY: CELL W
     Coordinates (X,Y,Z):    1.718750E-01   -3.125000E-04    5.000000E-01
     TEMPORAL STATISTIC: RMS
 247 ID: Wp5_rms
     QUANTITY: CELL W
     Coordinates (X,Y,Z):    2.031250E-01   -3.125000E-04    5.000000E-01
     TEMPORAL STATISTIC: RMS
 248 ID: Wp5_rms
     QUANTITY: CELL W
     Coordinates (X,Y,Z):    2.343750E-01   -3.125000E-04    5.000000E-01
     TEMPORAL STATISTIC: RMS
 249 ID: Wp5_rms
     QUANTITY: CELL W
     Coordinates (X,Y,Z):    2.656250E-01   -3.125000E-04    5.000000E-01
     TEMPORAL STATISTIC: RMS
 250 ID: Wp5_rms
     QUANTITY: CELL W
     Coordinates (X,Y,Z):    2.968750E-01   -3.125000E-04    5.000000E-01
     TEMPORAL STATISTIC: RMS
 251 ID: Wp5_rms
     QUANTITY: CELL W
     Coordinates (X,Y,Z):    3.281250E-01   -3.125000E-04    5.000000E-01
     TEMPORAL STATISTIC: RMS
 252 ID: Wp5_rms
     QUANTITY: CELL W
     Coordinates (X,Y,Z):    3.593750E-01   -3.125000E-04    5.000000E-01
     TEMPORAL STATISTIC: RMS
 253 ID: Wp5_rms
     QUANTITY: CELL W
     Coordinates (X,Y,Z):    3.906250E-01   -3.125000E-04    5.000000E-01
     TEMPORAL STATISTIC: RMS
 254 ID: Wp5_rms
     QUANTITY: CELL W
     Coordinates (X,Y,Z):    4.218750E-01   -3.125000E-04    5.000000E-01
     TEMPORAL STATISTIC: RMS
 255 ID: Wp5_rms
     QUANTITY: CELL W
     Coordinates (X,Y,Z):    4.531250E-01   -3.125000E-04    5.000000E-01
     TEMPORAL STATISTIC: RMS
 256 ID: Wp5_rms
     QUANTITY: CELL W
     Coordinates (X,Y,Z):    4.843750E-01   -3.125000E-04    5.000000E-01
     TEMPORAL STATISTIC: RMS
 257 ID: Wp9_rms
     QUANTITY: CELL W
     Coordinates (X,Y,Z):   -4.843750E-01   -3.125000E-04    9.000000E-01
     TEMPORAL STATISTIC: RMS
 258 ID: Wp9_rms
     QUANTITY: CELL W
     Coordinates (X,Y,Z):   -4.531250E-01   -3.125000E-04    9.000000E-01
     TEMPORAL STATISTIC: RMS
 259 ID: Wp9_rms
     QUANTITY: CELL W
     Coordinates (X,Y,Z):   -4.218750E-01   -3.125000E-04    9.000000E-01
     TEMPORAL STATISTIC: RMS
 260 ID: Wp9_rms
     QUANTITY: CELL W
     Coordinates (X,Y,Z):   -3.906250E-01   -3.125000E-04    9.000000E-01
     TEMPORAL STATISTIC: RMS
 261 ID: Wp9_rms
     QUANTITY: CELL W
     Coordinates (X,Y,Z):   -3.593750E-01   -3.125000E-04    9.000000E-01
     TEMPORAL STATISTIC: RMS
 262 ID: Wp9_rms
     QUANTITY: CELL W
     Coordinates (X,Y,Z):   -3.281250E-01   -3.125000E-04    9.000000E-01
     TEMPORAL STATISTIC: RMS
 263 ID: Wp9_rms
     QUANTITY: CELL W
     Coordinates (X,Y,Z):   -2.968750E-01   -3.125000E-04    9.000000E-01
     TEMPORAL STATISTIC: RMS
 264 ID: Wp9_rms
     QUANTITY: CELL W
     Coordinates (X,Y,Z):   -2.656250E-01   -3.125000E-04    9.000000E-01
     TEMPORAL STATISTIC: RMS
 265 ID: Wp9_rms
     QUANTITY: CELL W
     Coordinates (X,Y,Z):   -2.343750E-01   -3.125000E-04    9.000000E-01
     TEMPORAL STATISTIC: RMS
 266 ID: Wp9_rms
     QUANTITY: CELL W
     Coordinates (X,Y,Z):   -2.031250E-01   -3.125000E-04    9.000000E-01
     TEMPORAL STATISTIC: RMS
 267 ID: Wp9_rms
     QUANTITY: CELL W
     Coordinates (X,Y,Z):   -1.718750E-01   -3.125000E-04    9.000000E-01
     TEMPORAL STATISTIC: RMS
 268 ID: Wp9_rms
     QUANTITY: CELL W
     Coordinates (X,Y,Z):   -1.406250E-01   -3.125000E-04    9.000000E-01
     TEMPORAL STATISTIC: RMS
 269 ID: Wp9_rms
     QUANTITY: CELL W
     Coordinates (X,Y,Z):   -1.093750E-01   -3.125000E-04    9.000000E-01
     TEMPORAL STATISTIC: RMS
 270 ID: Wp9_rms
     QUANTITY: CELL W
     Coordinates (X,Y,Z):   -7.812500E-02   -3.125000E-04    9.000000E-01
     TEMPORAL STATISTIC: RMS
 271 ID: Wp9_rms
     QUANTITY: CELL W
     Coordinates (X,Y,Z):   -4.687500E-02   -3.125000E-04    9.000000E-01
     TEMPORAL STATISTIC: RMS
 272 ID: Wp9_rms
     QUANTITY: CELL W
     Coordinates (X,Y,Z):   -1.562500E-02   -3.125000E-04    9.000000E-01
     TEMPORAL STATISTIC: RMS
 273 ID: Wp9_rms
     QUANTITY: CELL W
     Coordinates (X,Y,Z):    1.562500E-02   -3.125000E-04    9.000000E-01
     TEMPORAL STATISTIC: RMS
 274 ID: Wp9_rms
     QUANTITY: CELL W
     Coordinates (X,Y,Z):    4.687500E-02   -3.125000E-04    9.000000E-01
     TEMPORAL STATISTIC: RMS
 275 ID: Wp9_rms
     QUANTITY: CELL W
     Coordinates (X,Y,Z):    7.812500E-02   -3.125000E-04    9.000000E-01
     TEMPORAL STATISTIC: RMS
 276 ID: Wp9_rms
     QUANTITY: CELL W
     Coordinates (X,Y,Z):    1.093750E-01   -3.125000E-04    9.000000E-01
     TEMPORAL STATISTIC: RMS
 277 ID: Wp9_rms
     QUANTITY: CELL W
     Coordinates (X,Y,Z):    1.406250E-01   -3.125000E-04    9.000000E-01
     TEMPORAL STATISTIC: RMS
 278 ID: Wp9_rms
     QUANTITY: CELL W
     Coordinates (X,Y,Z):    1.718750E-01   -3.125000E-04    9.000000E-01
     TEMPORAL STATISTIC: RMS
 279 ID: Wp9_rms
     QUANTITY: CELL W
     Coordinates (X,Y,Z):    2.031250E-01   -3.125000E-04    9.000000E-01
     TEMPORAL STATISTIC: RMS
 280 ID: Wp9_rms
     QUANTITY: CELL W
     Coordinates (X,Y,Z):    2.343750E-01   -3.125000E-04    9.000000E-01
     TEMPORAL STATISTIC: RMS
 281 ID: Wp9_rms
     QUANTITY: CELL W
     Coordinates (X,Y,Z):    2.656250E-01   -3.125000E-04    9.000000E-01
     TEMPORAL STATISTIC: RMS
 282 ID: Wp9_rms
     QUANTITY: CELL W
     Coordinates (X,Y,Z):    2.968750E-01   -3.125000E-04    9.000000E-01
     TEMPORAL STATISTIC: RMS
 283 ID: Wp9_rms
     QUANTITY: CELL W
     Coordinates (X,Y,Z):    3.281250E-01   -3.125000E-04    9.000000E-01
     TEMPORAL STATISTIC: RMS
 284 ID: Wp9_rms
     QUANTITY: CELL W
     Coordinates (X,Y,Z):    3.593750E-01   -3.125000E-04    9.000000E-01
     TEMPORAL STATISTIC: RMS
 285 ID: Wp9_rms
     QUANTITY: CELL W
     Coordinates (X,Y,Z):    3.906250E-01   -3.125000E-04    9.000000E-01
     TEMPORAL STATISTIC: RMS
 286 ID: Wp9_rms
     QUANTITY: CELL W
     Coordinates (X,Y,Z):    4.218750E-01   -3.125000E-04    9.000000E-01
     TEMPORAL STATISTIC: RMS
 287 ID: Wp9_rms
     QUANTITY: CELL W
     Coordinates (X,Y,Z):    4.531250E-01   -3.125000E-04    9.000000E-01
     TEMPORAL STATISTIC: RMS
 288 ID: Wp9_rms
     QUANTITY: CELL W
     Coordinates (X,Y,Z):    4.843750E-01   -3.125000E-04    9.000000E-01
     TEMPORAL STATISTIC: RMS
 289 ID: Up3_rms
     QUANTITY: CELL U
     Coordinates (X,Y,Z):   -4.843750E-01   -3.125000E-04    3.000000E-01
     TEMPORAL STATISTIC: RMS
 290 ID: Up3_rms
     QUANTITY: CELL U
     Coordinates (X,Y,Z):   -4.531250E-01   -3.125000E-04    3.000000E-01
     TEMPORAL STATISTIC: RMS
 291 ID: Up3_rms
     QUANTITY: CELL U
     Coordinates (X,Y,Z):   -4.218750E-01   -3.125000E-04    3.000000E-01
     TEMPORAL STATISTIC: RMS
 292 ID: Up3_rms
     QUANTITY: CELL U
     Coordinates (X,Y,Z):   -3.906250E-01   -3.125000E-04    3.000000E-01
     TEMPORAL STATISTIC: RMS
 293 ID: Up3_rms
     QUANTITY: CELL U
     Coordinates (X,Y,Z):   -3.593750E-01   -3.125000E-04    3.000000E-01
     TEMPORAL STATISTIC: RMS
 294 ID: Up3_rms
     QUANTITY: CELL U
     Coordinates (X,Y,Z):   -3.281250E-01   -3.125000E-04    3.000000E-01
     TEMPORAL STATISTIC: RMS
 295 ID: Up3_rms
     QUANTITY: CELL U
     Coordinates (X,Y,Z):   -2.968750E-01   -3.125000E-04    3.000000E-01
     TEMPORAL STATISTIC: RMS
 296 ID: Up3_rms
     QUANTITY: CELL U
     Coordinates (X,Y,Z):   -2.656250E-01   -3.125000E-04    3.000000E-01
     TEMPORAL STATISTIC: RMS
 297 ID: Up3_rms
     QUANTITY: CELL U
     Coordinates (X,Y,Z):   -2.343750E-01   -3.125000E-04    3.000000E-01
     TEMPORAL STATISTIC: RMS
 298 ID: Up3_rms
     QUANTITY: CELL U
     Coordinates (X,Y,Z):   -2.031250E-01   -3.125000E-04    3.000000E-01
     TEMPORAL STATISTIC: RMS
 299 ID: Up3_rms
     QUANTITY: CELL U
     Coordinates (X,Y,Z):   -1.718750E-01   -3.125000E-04    3.000000E-01
     TEMPORAL STATISTIC: RMS
 300 ID: Up3_rms
     QUANTITY: CELL U
     Coordinates (X,Y,Z):   -1.406250E-01   -3.125000E-04    3.000000E-01
     TEMPORAL STATISTIC: RMS
 301 ID: Up3_rms
     QUANTITY: CELL U
     Coordinates (X,Y,Z):   -1.093750E-01   -3.125000E-04    3.000000E-01
     TEMPORAL STATISTIC: RMS
 302 ID: Up3_rms
     QUANTITY: CELL U
     Coordinates (X,Y,Z):   -7.812500E-02   -3.125000E-04    3.000000E-01
     TEMPORAL STATISTIC: RMS
 303 ID: Up3_rms
     QUANTITY: CELL U
     Coordinates (X,Y,Z):   -4.687500E-02   -3.125000E-04    3.000000E-01
     TEMPORAL STATISTIC: RMS
 304 ID: Up3_rms
     QUANTITY: CELL U
     Coordinates (X,Y,Z):   -1.562500E-02   -3.125000E-04    3.000000E-01
     TEMPORAL STATISTIC: RMS
 305 ID: Up3_rms
     QUANTITY: CELL U
     Coordinates (X,Y,Z):    1.562500E-02   -3.125000E-04    3.000000E-01
     TEMPORAL STATISTIC: RMS
 306 ID: Up3_rms
     QUANTITY: CELL U
     Coordinates (X,Y,Z):    4.687500E-02   -3.125000E-04    3.000000E-01
     TEMPORAL STATISTIC: RMS
 307 ID: Up3_rms
     QUANTITY: CELL U
     Coordinates (X,Y,Z):    7.812500E-02   -3.125000E-04    3.000000E-01
     TEMPORAL STATISTIC: RMS
 308 ID: Up3_rms
     QUANTITY: CELL U
     Coordinates (X,Y,Z):    1.093750E-01   -3.125000E-04    3.000000E-01
     TEMPORAL STATISTIC: RMS
 309 ID: Up3_rms
     QUANTITY: CELL U
     Coordinates (X,Y,Z):    1.406250E-01   -3.125000E-04    3.000000E-01
     TEMPORAL STATISTIC: RMS
 310 ID: Up3_rms
     QUANTITY: CELL U
     Coordinates (X,Y,Z):    1.718750E-01   -3.125000E-04    3.000000E-01
     TEMPORAL STATISTIC: RMS
 311 ID: Up3_rms
     QUANTITY: CELL U
     Coordinates (X,Y,Z):    2.031250E-01   -3.125000E-04    3.000000E-01
     TEMPORAL STATISTIC: RMS
 312 ID: Up3_rms
     QUANTITY: CELL U
     Coordinates (X,Y,Z):    2.343750E-01   -3.125000E-04    3.000000E-01
     TEMPORAL STATISTIC: RMS
 313 ID: Up3_rms
     QUANTITY: CELL U
     Coordinates (X,Y,Z):    2.656250E-01   -3.125000E-04    3.000000E-01
     TEMPORAL STATISTIC: RMS
 314 ID: Up3_rms
     QUANTITY: CELL U
     Coordinates (X,Y,Z):    2.968750E-01   -3.125000E-04    3.000000E-01
     TEMPORAL STATISTIC: RMS
 315 ID: Up3_rms
     QUANTITY: CELL U
     Coordinates (X,Y,Z):    3.281250E-01   -3.125000E-04    3.000000E-01
     TEMPORAL STATISTIC: RMS
 316 ID: Up3_rms
     QUANTITY: CELL U
     Coordinates (X,Y,Z):    3.593750E-01   -3.125000E-04    3.000000E-01
     TEMPORAL STATISTIC: RMS
 317 ID: Up3_rms
     QUANTITY: CELL U
     Coordinates (X,Y,Z):    3.906250E-01   -3.125000E-04    3.000000E-01
     TEMPORAL STATISTIC: RMS
 318 ID: Up3_rms
     QUANTITY: CELL U
     Coordinates (X,Y,Z):    4.218750E-01   -3.125000E-04    3.000000E-01
     TEMPORAL STATISTIC: RMS
 319 ID: Up3_rms
     QUANTITY: CELL U
     Coordinates (X,Y,Z):    4.531250E-01   -3.125000E-04    3.000000E-01
     TEMPORAL STATISTIC: RMS
 320 ID: Up3_rms
     QUANTITY: CELL U
     Coordinates (X,Y,Z):    4.843750E-01   -3.125000E-04    3.000000E-01
     TEMPORAL STATISTIC: RMS
 321 ID: Up5_rms
     QUANTITY: CELL U
     Coordinates (X,Y,Z):   -4.843750E-01   -3.125000E-04    5.000000E-01
     TEMPORAL STATISTIC: RMS
 322 ID: Up5_rms
     QUANTITY: CELL U
     Coordinates (X,Y,Z):   -4.531250E-01   -3.125000E-04    5.000000E-01
     TEMPORAL STATISTIC: RMS
 323 ID: Up5_rms
     QUANTITY: CELL U
     Coordinates (X,Y,Z):   -4.218750E-01   -3.125000E-04    5.000000E-01
     TEMPORAL STATISTIC: RMS
 324 ID: Up5_rms
     QUANTITY: CELL U
     Coordinates (X,Y,Z):   -3.906250E-01   -3.125000E-04    5.000000E-01
     TEMPORAL STATISTIC: RMS
 325 ID: Up5_rms
     QUANTITY: CELL U
     Coordinates (X,Y,Z):   -3.593750E-01   -3.125000E-04    5.000000E-01
     TEMPORAL STATISTIC: RMS
 326 ID: Up5_rms
     QUANTITY: CELL U
     Coordinates (X,Y,Z):   -3.281250E-01   -3.125000E-04    5.000000E-01
     TEMPORAL STATISTIC: RMS
 327 ID: Up5_rms
     QUANTITY: CELL U
     Coordinates (X,Y,Z):   -2.968750E-01   -3.125000E-04    5.000000E-01
     TEMPORAL STATISTIC: RMS
 328 ID: Up5_rms
     QUANTITY: CELL U
     Coordinates (X,Y,Z):   -2.656250E-01   -3.125000E-04    5.000000E-01
     TEMPORAL STATISTIC: RMS
 329 ID: Up5_rms
     QUANTITY: CELL U
     Coordinates (X,Y,Z):   -2.343750E-01   -3.125000E-04    5.000000E-01
     TEMPORAL STATISTIC: RMS
 330 ID: Up5_rms
     QUANTITY: CELL U
     Coordinates (X,Y,Z):   -2.031250E-01   -3.125000E-04    5.000000E-01
     TEMPORAL STATISTIC: RMS
 331 ID: Up5_rms
     QUANTITY: CELL U
     Coordinates (X,Y,Z):   -1.718750E-01   -3.125000E-04    5.000000E-01
     TEMPORAL STATISTIC: RMS
 332 ID: Up5_rms
     QUANTITY: CELL U
     Coordinates (X,Y,Z):   -1.406250E-01   -3.125000E-04    5.000000E-01
     TEMPORAL STATISTIC: RMS
 333 ID: Up5_rms
     QUANTITY: CELL U
     Coordinates (X,Y,Z):   -1.093750E-01   -3.125000E-04    5.000000E-01
     TEMPORAL STATISTIC: RMS
 334 ID: Up5_rms
     QUANTITY: CELL U
     Coordinates (X,Y,Z):   -7.812500E-02   -3.125000E-04    5.000000E-01
     TEMPORAL STATISTIC: RMS
 335 ID: Up5_rms
     QUANTITY: CELL U
     Coordinates (X,Y,Z):   -4.687500E-02   -3.125000E-04    5.000000E-01
     TEMPORAL STATISTIC: RMS
 336 ID: Up5_rms
     QUANTITY: CELL U
     Coordinates (X,Y,Z):   -1.562500E-02   -3.125000E-04    5.000000E-01
     TEMPORAL STATISTIC: RMS
 337 ID: Up5_rms
     QUANTITY: CELL U
     Coordinates (X,Y,Z):    1.562500E-02   -3.125000E-04    5.000000E-01
     TEMPORAL STATISTIC: RMS
 338 ID: Up5_rms
     QUANTITY: CELL U
     Coordinates (X,Y,Z):    4.687500E-02   -3.125000E-04    5.000000E-01
     TEMPORAL STATISTIC: RMS
 339 ID: Up5_rms
     QUANTITY: CELL U
     Coordinates (X,Y,Z):    7.812500E-02   -3.125000E-04    5.000000E-01
     TEMPORAL STATISTIC: RMS
 340 ID: Up5_rms
     QUANTITY: CELL U
     Coordinates (X,Y,Z):    1.093750E-01   -3.125000E-04    5.000000E-01
     TEMPORAL STATISTIC: RMS
 341 ID: Up5_rms
     QUANTITY: CELL U
     Coordinates (X,Y,Z):    1.406250E-01   -3.125000E-04    5.000000E-01
     TEMPORAL STATISTIC: RMS
 342 ID: Up5_rms
     QUANTITY: CELL U
     Coordinates (X,Y,Z):    1.718750E-01   -3.125000E-04    5.000000E-01
     TEMPORAL STATISTIC: RMS
 343 ID: Up5_rms
     QUANTITY: CELL U
     Coordinates (X,Y,Z):    2.031250E-01   -3.125000E-04    5.000000E-01
     TEMPORAL STATISTIC: RMS
 344 ID: Up5_rms
     QUANTITY: CELL U
     Coordinates (X,Y,Z):    2.343750E-01   -3.125000E-04    5.000000E-01
     TEMPORAL STATISTIC: RMS
 345 ID: Up5_rms
     QUANTITY: CELL U
     Coordinates (X,Y,Z):    2.656250E-01   -3.125000E-04    5.000000E-01
     TEMPORAL STATISTIC: RMS
 346 ID: Up5_rms
     QUANTITY: CELL U
     Coordinates (X,Y,Z):    2.968750E-01   -3.125000E-04    5.000000E-01
     TEMPORAL STATISTIC: RMS
 347 ID: Up5_rms
     QUANTITY: CELL U
     Coordinates (X,Y,Z):    3.281250E-01   -3.125000E-04    5.000000E-01
     TEMPORAL STATISTIC: RMS
 348 ID: Up5_rms
     QUANTITY: CELL U
     Coordinates (X,Y,Z):    3.593750E-01   -3.125000E-04    5.000000E-01
     TEMPORAL STATISTIC: RMS
 349 ID: Up5_rms
     QUANTITY: CELL U
     Coordinates (X,Y,Z):    3.906250E-01   -3.125000E-04    5.000000E-01
     TEMPORAL STATISTIC: RMS
 350 ID: Up5_rms
     QUANTITY: CELL U
     Coordinates (X,Y,Z):    4.218750E-01   -3.125000E-04    5.000000E-01
     TEMPORAL STATISTIC: RMS
 351 ID: Up5_rms
     QUANTITY: CELL U
     Coordinates (X,Y,Z):    4.531250E-01   -3.125000E-04    5.000000E-01
     TEMPORAL STATISTIC: RMS
 352 ID: Up5_rms
     QUANTITY: CELL U
     Coordinates (X,Y,Z):    4.843750E-01   -3.125000E-04    5.000000E-01
     TEMPORAL STATISTIC: RMS
 353 ID: Up9_rms
     QUANTITY: CELL U
     Coordinates (X,Y,Z):   -4.843750E-01   -3.125000E-04    9.000000E-01
     TEMPORAL STATISTIC: RMS
 354 ID: Up9_rms
     QUANTITY: CELL U
     Coordinates (X,Y,Z):   -4.531250E-01   -3.125000E-04    9.000000E-01
     TEMPORAL STATISTIC: RMS
 355 ID: Up9_rms
     QUANTITY: CELL U
     Coordinates (X,Y,Z):   -4.218750E-01   -3.125000E-04    9.000000E-01
     TEMPORAL STATISTIC: RMS
 356 ID: Up9_rms
     QUANTITY: CELL U
     Coordinates (X,Y,Z):   -3.906250E-01   -3.125000E-04    9.000000E-01
     TEMPORAL STATISTIC: RMS
 357 ID: Up9_rms
     QUANTITY: CELL U
     Coordinates (X,Y,Z):   -3.593750E-01   -3.125000E-04    9.000000E-01
     TEMPORAL STATISTIC: RMS
 358 ID: Up9_rms
     QUANTITY: CELL U
     Coordinates (X,Y,Z):   -3.281250E-01   -3.125000E-04    9.000000E-01
     TEMPORAL STATISTIC: RMS
 359 ID: Up9_rms
     QUANTITY: CELL U
     Coordinates (X,Y,Z):   -2.968750E-01   -3.125000E-04    9.000000E-01
     TEMPORAL STATISTIC: RMS
 360 ID: Up9_rms
     QUANTITY: CELL U
     Coordinates (X,Y,Z):   -2.656250E-01   -3.125000E-04    9.000000E-01
     TEMPORAL STATISTIC: RMS
 361 ID: Up9_rms
     QUANTITY: CELL U
     Coordinates (X,Y,Z):   -2.343750E-01   -3.125000E-04    9.000000E-01
     TEMPORAL STATISTIC: RMS
 362 ID: Up9_rms
     QUANTITY: CELL U
     Coordinates (X,Y,Z):   -2.031250E-01   -3.125000E-04    9.000000E-01
     TEMPORAL STATISTIC: RMS
 363 ID: Up9_rms
     QUANTITY: CELL U
     Coordinates (X,Y,Z):   -1.718750E-01   -3.125000E-04    9.000000E-01
     TEMPORAL STATISTIC: RMS
 364 ID: Up9_rms
     QUANTITY: CELL U
     Coordinates (X,Y,Z):   -1.406250E-01   -3.125000E-04    9.000000E-01
     TEMPORAL STATISTIC: RMS
 365 ID: Up9_rms
     QUANTITY: CELL U
     Coordinates (X,Y,Z):   -1.093750E-01   -3.125000E-04    9.000000E-01
     TEMPORAL STATISTIC: RMS
 366 ID: Up9_rms
     QUANTITY: CELL U
     Coordinates (X,Y,Z):   -7.812500E-02   -3.125000E-04    9.000000E-01
     TEMPORAL STATISTIC: RMS
 367 ID: Up9_rms
     QUANTITY: CELL U
     Coordinates (X,Y,Z):   -4.687500E-02   -3.125000E-04    9.000000E-01
     TEMPORAL STATISTIC: RMS
 368 ID: Up9_rms
     QUANTITY: CELL U
     Coordinates (X,Y,Z):   -1.562500E-02   -3.125000E-04    9.000000E-01
     TEMPORAL STATISTIC: RMS
 369 ID: Up9_rms
     QUANTITY: CELL U
     Coordinates (X,Y,Z):    1.562500E-02   -3.125000E-04    9.000000E-01
     TEMPORAL STATISTIC: RMS
 370 ID: Up9_rms
     QUANTITY: CELL U
     Coordinates (X,Y,Z):    4.687500E-02   -3.125000E-04    9.000000E-01
     TEMPORAL STATISTIC: RMS
 371 ID: Up9_rms
     QUANTITY: CELL U
     Coordinates (X,Y,Z):    7.812500E-02   -3.125000E-04    9.000000E-01
     TEMPORAL STATISTIC: RMS
 372 ID: Up9_rms
     QUANTITY: CELL U
     Coordinates (X,Y,Z):    1.093750E-01   -3.125000E-04    9.000000E-01
     TEMPORAL STATISTIC: RMS
 373 ID: Up9_rms
     QUANTITY: CELL U
     Coordinates (X,Y,Z):    1.406250E-01   -3.125000E-04    9.000000E-01
     TEMPORAL STATISTIC: RMS
 374 ID: Up9_rms
     QUANTITY: CELL U
     Coordinates (X,Y,Z):    1.718750E-01   -3.125000E-04    9.000000E-01
     TEMPORAL STATISTIC: RMS
 375 ID: Up9_rms
     QUANTITY: CELL U
     Coordinates (X,Y,Z):    2.031250E-01   -3.125000E-04    9.000000E-01
     TEMPORAL STATISTIC: RMS
 376 ID: Up9_rms
     QUANTITY: CELL U
     Coordinates (X,Y,Z):    2.343750E-01   -3.125000E-04    9.000000E-01
     TEMPORAL STATISTIC: RMS
 377 ID: Up9_rms
     QUANTITY: CELL U
     Coordinates (X,Y,Z):    2.656250E-01   -3.125000E-04    9.000000E-01
     TEMPORAL STATISTIC: RMS
 378 ID: Up9_rms
     QUANTITY: CELL U
     Coordinates (X,Y,Z):    2.968750E-01   -3.125000E-04    9.000000E-01
     TEMPORAL STATISTIC: RMS
 379 ID: Up9_rms
     QUANTITY: CELL U
     Coordinates (X,Y,Z):    3.281250E-01   -3.125000E-04    9.000000E-01
     TEMPORAL STATISTIC: RMS
 380 ID: Up9_rms
     QUANTITY: CELL U
     Coordinates (X,Y,Z):    3.593750E-01   -3.125000E-04    9.000000E-01
     TEMPORAL STATISTIC: RMS
 381 ID: Up9_rms
     QUANTITY: CELL U
     Coordinates (X,Y,Z):    3.906250E-01   -3.125000E-04    9.000000E-01
     TEMPORAL STATISTIC: RMS
 382 ID: Up9_rms
     QUANTITY: CELL U
     Coordinates (X,Y,Z):    4.218750E-01   -3.125000E-04    9.000000E-01
     TEMPORAL STATISTIC: RMS
 383 ID: Up9_rms
     QUANTITY: CELL U
     Coordinates (X,Y,Z):    4.531250E-01   -3.125000E-04    9.000000E-01
     TEMPORAL STATISTIC: RMS
 384 ID: Up9_rms
     QUANTITY: CELL U
     Coordinates (X,Y,Z):    4.843750E-01   -3.125000E-04    9.000000E-01
     TEMPORAL STATISTIC: RMS
 385 ID: error
     QUANTITY: MAXIMUM VELOCITY ERROR
     Coordinates (X,Y,Z):    5.000000E-01    5.000000E-01    5.000000E-01
     TEMPORAL STATISTIC: TIME AVERAGE
 386 ID: iter
     QUANTITY: PRESSURE ITERATIONS
     Coordinates (X,Y,Z):    5.000000E-01    5.000000E-01    5.000000E-01
     TEMPORAL STATISTIC: TIME AVERAGE
 387 ID: cputime
     QUANTITY: CPU TIME
     Coordinates (X,Y,Z):    5.000000E-01    5.000000E-01    5.000000E-01
     TEMPORAL STATISTIC: TIME AVERAGE


 Slice File Information, Mesh     1

   1 Nodes:   0  48  46  46   0  32, Quantity: VELOCITY
   2 Nodes:   0  48  46  46   0  32, Quantity: U-VELOCITY
   3 Nodes:   0  48  46  46   0  32, Quantity: V-VELOCITY
   4 Nodes:   0  48  46  46   0  32, Quantity: W-VELOCITY
   5 Nodes:   0  48  47  47   0  32, Quantity: DENSITY
   6 Nodes:   0  48  47  47   0  32, Quantity: TEMPERATURE


 Radiation Model Information

   Number of control angles  104
   Time step increment         3
   Angle increment             5
   Theta band N_phi   Solid angle
     1:        4     0.120
     2:       12     0.114
     3:       16     0.127
     4:       20     0.120
     5:       20     0.120
     6:       16     0.127
     7:       12     0.114
     8:        4     0.120
   Using gray gas absorption.
   Mean beam length  1.000E-01 m
 
 

 Run Time Diagnostics

       Time Step        1   September 19, 2026  13:54:36
       Step Size:  0.249E-01 s, Total Time:    0.02495 s
       Pressure Iterations: 1
       Maximum Velocity Error:  0.18E-02 on Mesh 1 at (45,48,1)
       Maximum Pressure Error:  0.73E-05 on Mesh 1 at (41,43,1)
       Maximum CFL Number    :  0.36E-01 on Mesh 10 at (23,43,3)
       Maximum VN Number     :  0.23E-01 on Mesh 4 at (3,11,1)
       ---------------------------------------------------------------
       Mesh    1
       Max CFL number:  0.33E-01 at (45,12,13)
       Max divergence:  0.23E-01 at (46,40,1)
       Min divergence: -0.13E-05 at (20,31,25)
       Max VN number :  0.22E-01 at (46,40,1)
       Mesh    2
       Max CFL number:  0.34E-01 at (2,47,3)
       Max divergence:  0.21E-01 at (3,39,1)
       Min divergence: -0.13E-05 at (45,12,2)
       Max VN number :  0.21E-01 at (8,30,1)
       Mesh    3
       Max CFL number:  0.33E-01 at (41,10,27)
       Max divergence:  0.22E-01 at (45,14,1)
       Min divergence: -0.13E-05 at (10,6,5)
       Max VN number :  0.22E-01 at (46,24,1)
       Mesh    4
       Max CFL number:  0.36E-01 at (47,6,7)
       Max divergence:  0.23E-01 at (3,11,1)
       Min divergence: -0.12E-05 at (35,19,2)
       Max VN number :  0.23E-01 at (3,11,1)
       Mesh    5
       Max CFL number:  0.35E-01 at (34,4,11)
       Max divergence:  0.12E-05 at (10,30,26)
       Min divergence: -0.15E-05 at (31,35,25)
       Max VN number :  0.15E-01 at (46,6,29)
       Mesh    6
       Max CFL number:  0.35E-01 at (21,25,22)
       Max divergence:  0.13E-05 at (25,30,26)
       Min divergence: -0.14E-05 at (2,29,9)
       Max VN number :  0.15E-01 at (26,44,19)
       Mesh    7
       Max CFL number:  0.34E-01 at (5,37,5)
       Max divergence:  0.12E-05 at (30,2,24)
       Min divergence: -0.14E-05 at (11,9,9)
       Max VN number :  0.15E-01 at (4,24,30)
       Mesh    8
       Max CFL number:  0.33E-01 at (28,17,17)
       Max divergence:  0.14E-05 at (38,27,30)
       Min divergence: -0.14E-05 at (35,9,4)
       Max VN number :  0.15E-01 at (40,28,31)
       Mesh    9
       Max CFL number:  0.33E-01 at (3,47,13)
       Max divergence:  0.12E-05 at (3,47,14)
       Min divergence: -0.14E-05 at (47,22,5)
       Max VN number :  0.15E-01 at (25,17,16)
       Mesh   10
       Max CFL number:  0.36E-01 at (23,43,3)
       Max divergence:  0.12E-05 at (43,17,29)
       Min divergence: -0.15E-05 at (13,44,20)
       Max VN number :  0.15E-01 at (18,9,29)
       Mesh   11
       Max CFL number:  0.35E-01 at (44,18,13)
       Max divergence:  0.12E-05 at (37,21,22)
       Min divergence: -0.14E-05 at (16,36,24)
       Max VN number :  0.15E-01 at (28,30,24)
       Mesh   12
       Max CFL number:  0.34E-01 at (4,8,15)
       Max divergence:  0.12E-05 at (37,31,29)
       Min divergence: -0.15E-05 at (8,11,24)
       Max VN number :  0.15E-01 at (24,21,18)
       Mesh   13
       Max CFL number:  0.34E-01 at (24,21,6)
       Max divergence:  0.13E-05 at (41,19,28)
       Min divergence: -0.14E-05 at (8,13,31)
       Max VN number :  0.15E-01 at (30,20,29)
       Mesh   14
       Max CFL number:  0.35E-01 at (11,23,18)
       Max divergence:  0.14E-05 at (10,2,9)
       Min divergence: -0.16E-05 at (33,9,25)
       Max VN number :  0.14E-01 at (28,24,18)
       Mesh   15
       Max CFL number:  0.34E-01 at (30,2,24)
       Max divergence:  0.13E-05 at (34,12,11)
       Min divergence: -0.15E-05 at (26,30,31)
       Max VN number :  0.14E-01 at (30,44,4)
       Mesh   16
       Max CFL number:  0.34E-01 at (27,22,14)
       Max divergence:  0.13E-05 at (43,10,27)
       Min divergence: -0.14E-05 at (43,25,2)
       Max VN number :  0.15E-01 at (26,30,10)
 
       Time Step        2   September 19, 2026  13:54:36
       Step Size:  0.249E-01 s, Total Time:    0.04990 s
       Pressure Iterations: 10
       Maximum Velocity Error:  0.24E-01 on Mesh 1 at (48,48,1)
       Maximum Pressure Error:  0.55E-01 on Mesh 1 at (46,40,1)
       Maximum CFL Number    :  0.36E-01 on Mesh 10 at (23,43,3)
       Maximum VN Number     :  0.23E-01 on Mesh 4 at (3,11,1)
       ---------------------------------------------------------------
       Mesh    1
       Max CFL number:  0.33E-01 at (45,12,13)
       Max divergence:  0.19E+01 at (33,48,1)
       Min divergence: -0.13E-05 at (20,31,25)
       Max VN number :  0.22E-01 at (46,40,1)
       Mesh    2
       Max CFL number:  0.34E-01 at (33,4,30)
       Max divergence:  0.17E+01 at (1,48,1)
       Min divergence: -0.13E-05 at (45,12,2)
       Max VN number :  0.21E-01 at (8,30,1)
       Mesh    3
       Max CFL number:  0.33E-01 at (41,10,27)
       Max divergence:  0.18E+01 at (48,1,1)
       Min divergence: -0.13E-05 at (10,6,5)
       Max VN number :  0.22E-01 at (46,24,1)
       Mesh    4
       Max CFL number:  0.35E-01 at (47,6,7)
       Max divergence:  0.18E+01 at (3,11,1)
       Min divergence: -0.12E-05 at (35,19,2)
       Max VN number :  0.23E-01 at (3,11,1)
       Mesh    5
       Max CFL number:  0.35E-01 at (34,4,11)
       Max divergence:  0.12E-05 at (10,30,26)
       Min divergence: -0.15E-05 at (31,35,25)
       Max VN number :  0.15E-01 at (46,6,29)
       Mesh    6
       Max CFL number:  0.35E-01 at (21,25,22)
       Max divergence:  0.13E-05 at (25,30,26)
       Min divergence: -0.14E-05 at (2,29,9)
       Max VN number :  0.14E-01 at (26,44,19)
       Mesh    7
       Max CFL number:  0.34E-01 at (5,37,5)
       Max divergence:  0.12E-05 at (30,2,24)
       Min divergence: -0.14E-05 at (11,9,9)
       Max VN number :  0.15E-01 at (4,24,30)
       Mesh    8
       Max CFL number:  0.33E-01 at (28,17,17)
       Max divergence:  0.14E-05 at (38,27,30)
       Min divergence: -0.14E-05 at (35,9,4)
       Max VN number :  0.15E-01 at (40,28,31)
       Mesh    9
       Max CFL number:  0.33E-01 at (3,47,13)
       Max divergence:  0.12E-05 at (3,47,14)
       Min divergence: -0.14E-05 at (47,22,5)
       Max VN number :  0.15E-01 at (25,17,16)
       Mesh   10
       Max CFL number:  0.36E-01 at (23,43,3)
       Max divergence:  0.12E-05 at (43,17,29)
       Min divergence: -0.15E-05 at (13,44,20)
       Max VN number :  0.15E-01 at (18,9,29)
       Mesh   11
       Max CFL number:  0.34E-01 at (44,18,13)
       Max divergence:  0.12E-05 at (37,21,22)
       Min divergence: -0.14E-05 at (16,36,24)
       Max VN number :  0.15E-01 at (28,30,24)
       Mesh   12
       Max CFL number:  0.33E-01 at (4,8,15)
       Max divergence:  0.12E-05 at (37,31,29)
       Min divergence: -0.15E-05 at (8,11,24)
       Max VN number :  0.15E-01 at (24,21,18)
       Mesh   13
       Max CFL number:  0.33E-01 at (24,21,6)
       Max divergence:  0.13E-05 at (41,19,28)
       Min divergence: -0.14E-05 at (8,13,31)
       Max VN number :  0.15E-01 at (30,20,29)
       Mesh   14
       Max CFL number:  0.35E-01 at (36,33,5)
       Max divergence:  0.14E-05 at (10,2,9)
       Min divergence: -0.16E-05 at (33,9,25)
       Max VN number :  0.14E-01 at (28,24,18)
       Mesh   15
       Max CFL number:  0.34E-01 at (30,2,24)
       Max divergence:  0.13E-05 at (34,12,11)
       Min divergence: -0.15E-05 at (26,30,31)
       Max VN number :  0.14E-01 at (30,44,4)
       Mesh   16
       Max CFL number:  0.34E-01 at (27,22,14)
       Max divergence:  0.13E-05 at (43,10,27)
       Min divergence: -0.13E-05 at (43,25,2)
       Max VN number :  0.14E-01 at (26,30,10)
 
       Time Step        3   September 19, 2026  13:54:37
       Step Size:  0.249E-01 s, Total Time:    0.07484 s
       Pressure Iterations: 6
       Maximum Velocity Error:  0.15E-01 on Mesh 1 at (48,41,1)
       Maximum Pressure Error:  0.51E+01 on Mesh 1 at (46,40,1)
       Maximum CFL Number    :  0.11E+00 on Mesh 3 at (33,4,1)
       Maximum VN Number     :  0.41E-01 on Mesh 1 at (46,32,1)
       ---------------------------------------------------------------
       Mesh    1
       Max CFL number:  0.11E+00 at (33,48,1)
       Max divergence:  0.13E+01 at (35,40,1)
       Min divergence: -0.12E-05 at (8,7,16)
       Max VN number :  0.41E-01 at (46,32,1)
       Mesh    2
       Max CFL number:  0.11E+00 at (4,33,1)
       Max divergence:  0.13E+01 at (14,40,1)
       Min divergence: -0.13E-05 at (45,12,2)
       Max VN number :  0.32E-01 at (15,41,1)
       Mesh    3
       Max CFL number:  0.11E+00 at (33,4,1)
       Max divergence:  0.15E+01 at (35,9,1)
       Min divergence: -0.12E-05 at (10,6,5)
       Max VN number :  0.21E-01 at (46,24,1)
       Mesh    4
       Max CFL number:  0.11E+00 at (12,11,1)
       Max divergence:  0.14E+01 at (4,16,1)
       Min divergence: -0.12E-05 at (35,19,2)
       Max VN number :  0.29E-01 at (5,16,1)
       Mesh    5
       Max CFL number:  0.35E-01 at (34,4,11)
       Max divergence:  0.12E-05 at (35,11,5)
       Min divergence: -0.14E-05 at (31,35,25)
       Max VN number :  0.15E-01 at (46,6,29)
       Mesh    6
       Max CFL number:  0.34E-01 at (21,25,22)
       Max divergence:  0.13E-05 at (11,21,26)
       Min divergence: -0.13E-05 at (22,45,22)
       Max VN number :  0.14E-01 at (26,44,19)
       Mesh    7
       Max CFL number:  0.34E-01 at (5,37,5)
       Max divergence:  0.13E-05 at (30,2,24)
       Min divergence: -0.13E-05 at (14,9,26)
       Max VN number :  0.15E-01 at (4,24,30)
       Mesh    8
       Max CFL number:  0.33E-01 at (28,17,17)
       Max divergence:  0.14E-05 at (38,27,30)
       Min divergence: -0.14E-05 at (35,9,4)
       Max VN number :  0.15E-01 at (40,28,31)
       Mesh    9
       Max CFL number:  0.33E-01 at (30,24,8)
       Max divergence:  0.12E-05 at (42,5,25)
       Min divergence: -0.13E-05 at (37,22,11)
       Max VN number :  0.15E-01 at (25,17,16)
       Mesh   10
       Max CFL number:  0.35E-01 at (23,43,3)
       Max divergence:  0.13E-05 at (43,17,29)
       Min divergence: -0.15E-05 at (13,44,20)
       Max VN number :  0.15E-01 at (18,9,29)
       Mesh   11
       Max CFL number:  0.34E-01 at (44,18,13)
       Max divergence:  0.12E-05 at (37,21,22)
       Min divergence: -0.15E-05 at (16,36,24)
       Max VN number :  0.15E-01 at (28,30,24)
       Mesh   12
       Max CFL number:  0.33E-01 at (4,8,15)
       Max divergence:  0.12E-05 at (37,31,29)
       Min divergence: -0.14E-05 at (22,9,5)
       Max VN number :  0.15E-01 at (24,21,18)
       Mesh   13
       Max CFL number:  0.33E-01 at (24,21,6)
       Max divergence:  0.14E-05 at (41,19,28)
       Min divergence: -0.14E-05 at (8,13,31)
       Max VN number :  0.15E-01 at (30,20,29)
       Mesh   14
       Max CFL number:  0.35E-01 at (36,33,5)
       Max divergence:  0.13E-05 at (42,20,16)
       Min divergence: -0.15E-05 at (26,39,11)
       Max VN number :  0.14E-01 at (28,24,18)
       Mesh   15
       Max CFL number:  0.33E-01 at (30,2,24)
       Max divergence:  0.13E-05 at (34,12,11)
       Min divergence: -0.15E-05 at (26,30,31)
       Max VN number :  0.14E-01 at (30,44,4)
       Mesh   16
       Max CFL number:  0.34E-01 at (27,22,14)
       Max divergence:  0.13E-05 at (43,10,27)
       Min divergence: -0.13E-05 at (43,25,2)
       Max VN number :  0.14E-01 at (26,30,10)
 
       Time Step        4   September 19, 2026  13:54:37
       Step Size:  0.249E-01 s, Total Time:    0.09979 s
       Pressure Iterations: 10
       Maximum Velocity Error:  0.18E+00 on Mesh 1 at (43,48,1)
       Maximum Pressure Error:  0.62E+02 on Mesh 1 at (46,40,1)
       Maximum CFL Number    :  0.11E+00 on Mesh 1 at (36,40,1)
       Maximum VN Number     :  0.51E-01 on Mesh 2 at (15,41,1)
       ---------------------------------------------------------------
       Mesh    1
       Max CFL number:  0.11E+00 at (36,40,1)
       Max divergence:  0.13E+02 at (42,48,1)
       Min divergence: -0.12E-05 at (8,7,16)
       Max VN number :  0.44E-01 at (46,32,1)
       Mesh    2
       Max CFL number:  0.98E-01 at (14,40,1)
       Max divergence:  0.12E+02 at (1,40,1)
       Min divergence: -0.13E-05 at (45,12,2)
       Max VN number :  0.51E-01 at (15,41,1)
       Mesh    3
       Max CFL number:  0.11E+00 at (35,9,1)
       Max divergence:  0.12E+02 at (41,1,1)
       Min divergence: -0.12E-05 at (10,6,5)
       Max VN number :  0.30E-01 at (47,17,1)
       Mesh    4
       Max CFL number:  0.10E+00 at (13,10,1)
       Max divergence:  0.12E+02 at (7,1,1)
       Min divergence: -0.13E-05 at (35,19,2)
       Max VN number :  0.43E-01 at (5,16,1)
       Mesh    5
       Max CFL number:  0.35E-01 at (24,25,2)
       Max divergence:  0.12E-05 at (35,11,5)
       Min divergence: -0.14E-05 at (31,35,25)
       Max VN number :  0.15E-01 at (46,6,29)
       Mesh    6
       Max CFL number:  0.34E-01 at (21,25,22)
       Max divergence:  0.13E-05 at (11,21,26)
       Min divergence: -0.13E-05 at (22,45,22)
       Max VN number :  0.14E-01 at (26,44,19)
       Mesh    7
       Max CFL number:  0.34E-01 at (5,37,5)
       Max divergence:  0.13E-05 at (30,2,24)
       Min divergence: -0.13E-05 at (14,9,26)
       Max VN number :  0.14E-01 at (4,24,30)
       Mesh    8
       Max CFL number:  0.33E-01 at (28,17,17)
       Max divergence:  0.14E-05 at (38,27,30)
       Min divergence: -0.14E-05 at (35,9,4)
       Max VN number :  0.15E-01 at (40,28,31)
       Mesh    9
       Max CFL number:  0.33E-01 at (30,24,8)
       Max divergence:  0.12E-05 at (42,5,25)
       Min divergence: -0.13E-05 at (47,22,5)
       Max VN number :  0.14E-01 at (25,17,16)
       Mesh   10
       Max CFL number:  0.35E-01 at (23,43,3)
       Max divergence:  0.13E-05 at (43,17,29)
       Min divergence: -0.15E-05 at (13,44,20)
       Max VN number :  0.15E-01 at (18,9,29)
       Mesh   11
       Max CFL number:  0.34E-01 at (44,18,13)
       Max divergence:  0.12E-05 at (37,21,22)
       Min divergence: -0.15E-05 at (16,36,24)
       Max VN number :  0.15E-01 at (28,30,24)
       Mesh   12
       Max CFL number:  0.33E-01 at (4,8,15)
       Max divergence:  0.12E-05 at (37,31,29)
       Min divergence: -0.14E-05 at (22,9,5)
       Max VN number :  0.15E-01 at (24,21,18)
       Mesh   13
       Max CFL number:  0.33E-01 at (24,21,6)
       Max divergence:  0.14E-05 at (41,19,28)
       Min divergence: -0.14E-05 at (8,13,31)
       Max VN number :  0.15E-01 at (30,20,29)
       Mesh   14
       Max CFL number:  0.34E-01 at (36,33,5)
       Max divergence:  0.13E-05 at (42,20,16)
       Min divergence: -0.15E-05 at (26,39,11)
       Max VN number :  0.14E-01 at (28,24,18)
       Mesh   15
       Max CFL number:  0.33E-01 at (30,2,24)
       Max divergence:  0.13E-05 at (34,12,11)
       Min divergence: -0.15E-05 at (26,30,31)
       Max VN number :  0.14E-01 at (30,44,4)
       Mesh   16
       Max CFL number:  0.34E-01 at (27,22,14)
       Max divergence:  0.13E-05 at (43,10,27)
       Min divergence: -0.13E-05 at (43,25,2)
       Max VN number :  0.14E-01 at (26,30,10)
 
       Time Step        5   September 19, 2026  13:54:38
       Step Size:  0.249E-01 s, Total Time:    0.12474 s
       Pressure Iterations: 10
       Maximum Velocity Error:  0.14E+00 on Mesh 1 at (48,41,1)
       Maximum Pressure Error:  0.29E+03 on Mesh 1 at (41,41,1)
       Maximum CFL Number    :  0.70E+00 on Mesh 4 at (12,11,1)
       Maximum VN Number     :  0.11E+00 on Mesh 1 at (48,41,1)
       ---------------------------------------------------------------
       Mesh    1
       Max CFL number:  0.68E+00 at (37,38,1)
       Max divergence:  0.18E+01 at (41,41,1)
       Min divergence: -0.76E-01 at (42,34,1)
       Max VN number :  0.11E+00 at (48,41,1)
       Mesh    2
       Max CFL number:  0.68E+00 at (12,38,1)
       Max divergence:  0.18E+01 at (7,40,1)
       Min divergence: -0.84E-01 at (9,35,1)
       Max VN number :  0.11E+00 at (1,42,1)
       Mesh    3
       Max CFL number:  0.69E+00 at (37,11,1)
       Max divergence:  0.18E+01 at (41,8,1)
       Min divergence: -0.80E-01 at (37,11,1)
       Max VN number :  0.11E+00 at (43,1,1)
       Mesh    4
       Max CFL number:  0.70E+00 at (12,11,1)
       Max divergence:  0.18E+01 at (8,7,1)
       Min divergence: -0.89E-01 at (1,14,1)
       Max VN number :  0.11E+00 at (1,7,1)
       Mesh    5
       Max CFL number:  0.35E-01 at (24,25,2)
       Max divergence:  0.13E-05 at (37,42,7)
       Min divergence: -0.14E-05 at (31,35,25)
       Max VN number :  0.15E-01 at (46,6,29)
       Mesh    6
       Max CFL number:  0.34E-01 at (21,25,22)
       Max divergence:  0.13E-05 at (11,21,26)
       Min divergence: -0.13E-05 at (39,18,2)
       Max VN number :  0.14E-01 at (26,44,19)
       Mesh    7
       Max CFL number:  0.34E-01 at (35,29,2)
       Max divergence:  0.14E-05 at (30,2,24)
       Min divergence: -0.13E-05 at (14,9,26)
       Max VN number :  0.14E-01 at (4,24,30)
       Mesh    8
       Max CFL number:  0.33E-01 at (22,2,4)
       Max divergence:  0.14E-05 at (38,27,30)
       Min divergence: -0.13E-05 at (35,9,4)
       Max VN number :  0.15E-01 at (40,28,31)
       Mesh    9
       Max CFL number:  0.33E-01 at (30,24,8)
       Max divergence:  0.12E-05 at (42,5,25)
       Min divergence: -0.13E-05 at (47,22,5)
       Max VN number :  0.14E-01 at (25,17,16)
       Mesh   10
       Max CFL number:  0.35E-01 at (23,43,3)
       Max divergence:  0.13E-05 at (43,17,29)
       Min divergence: -0.15E-05 at (13,44,20)
       Max VN number :  0.15E-01 at (18,9,29)
       Mesh   11
       Max CFL number:  0.34E-01 at (44,18,13)
       Max divergence:  0.12E-05 at (37,21,22)
       Min divergence: -0.15E-05 at (16,36,24)
       Max VN number :  0.15E-01 at (28,30,24)
       Mesh   12
       Max CFL number:  0.33E-01 at (4,8,15)
       Max divergence:  0.12E-05 at (37,31,29)
       Min divergence: -0.14E-05 at (22,9,5)
       Max VN number :  0.14E-01 at (24,21,18)
       Mesh   13
       Max CFL number:  0.33E-01 at (35,16,16)
       Max divergence:  0.14E-05 at (41,19,28)
       Min divergence: -0.14E-05 at (8,13,31)
       Max VN number :  0.15E-01 at (30,20,29)
       Mesh   14
       Max CFL number:  0.34E-01 at (36,33,5)
       Max divergence:  0.13E-05 at (42,20,16)
       Min divergence: -0.15E-05 at (26,39,11)
       Max VN number :  0.14E-01 at (28,24,18)
       Mesh   15
       Max CFL number:  0.33E-01 at (30,2,24)
       Max divergence:  0.13E-05 at (34,12,11)
       Min divergence: -0.15E-05 at (26,30,31)
       Max VN number :  0.14E-01 at (30,44,4)
       Mesh   16
       Max CFL number:  0.33E-01 at (27,22,14)
       Max divergence:  0.13E-05 at (43,10,27)
       Min divergence: -0.13E-05 at (43,25,2)
       Max VN number :  0.14E-01 at (26,30,10)
 
       Time Step        6   September 19, 2026  13:54:39
       Step Size:  0.249E-01 s, Total Time:    0.14969 s
       Pressure Iterations: 10
       Maximum Velocity Error:  0.56E+00 on Mesh 2 at (7,48,1)
       Maximum Pressure Error:  0.53E+03 on Mesh 1 at (41,41,1)
       Maximum CFL Number    :  0.25E+00 on Mesh 3 at (41,10,1)
       Maximum VN Number     :  0.69E-01 on Mesh 1 at (29,24,1)
       ---------------------------------------------------------------
       Mesh    1
       Max CFL number:  0.25E+00 at (41,41,1)
       Max divergence:  0.41E+02 at (45,46,1)
       Min divergence: -0.34E-05 at (26,24,1)
       Max VN number :  0.69E-01 at (29,24,1)
       Mesh    2
       Max CFL number:  0.25E+00 at (9,40,1)
       Max divergence:  0.41E+02 at (2,43,1)
       Min divergence: -0.34E-05 at (27,29,1)
       Max VN number :  0.63E-01 at (23,26,1)
       Mesh    3
       Max CFL number:  0.25E+00 at (41,10,1)
       Max divergence:  0.41E+02 at (47,3,1)
       Min divergence: -0.35E-05 at (29,27,1)
       Max VN number :  0.68E-01 at (33,28,1)
       Mesh    4
       Max CFL number:  0.25E+00 at (10,8,1)
       Max divergence:  0.42E+02 at (4,2,1)
       Min divergence: -0.33E-05 at (17,29,1)
       Max VN number :  0.58E-01 at (31,7,1)
       Mesh    5
       Max CFL number:  0.37E-01 at (42,41,3)
       Max divergence:  0.16E-05 at (37,42,7)
       Min divergence: -0.13E-05 at (31,35,25)
       Max VN number :  0.15E-01 at (46,6,29)
       Mesh    6
       Max CFL number:  0.36E-01 at (2,45,2)
       Max divergence:  0.17E-05 at (4,36,2)
       Min divergence: -0.12E-05 at (39,18,2)
       Max VN number :  0.14E-01 at (26,44,19)
       Mesh    7
       Max CFL number:  0.39E-01 at (39,3,3)
       Max divergence:  0.16E-05 at (37,16,7)
       Min divergence: -0.13E-05 at (14,9,26)
       Max VN number :  0.14E-01 at (4,24,30)
       Mesh    8
       Max CFL number:  0.39E-01 at (2,3,3)
       Max divergence:  0.16E-05 at (10,11,2)
       Min divergence: -0.12E-05 at (45,27,17)
       Max VN number :  0.14E-01 at (40,28,31)
       Mesh    9
       Max CFL number:  0.33E-01 at (30,24,8)
       Max divergence:  0.13E-05 at (3,47,14)
       Min divergence: -0.12E-05 at (47,22,5)
       Max VN number :  0.14E-01 at (25,17,16)
       Mesh   10
       Max CFL number:  0.35E-01 at (23,43,3)
       Max divergence:  0.13E-05 at (43,17,29)
       Min divergence: -0.14E-05 at (13,44,20)
       Max VN number :  0.15E-01 at (18,9,29)
       Mesh   11
       Max CFL number:  0.33E-01 at (44,18,13)
       Max divergence:  0.12E-05 at (22,31,2)
       Min divergence: -0.15E-05 at (39,27,2)
       Max VN number :  0.14E-01 at (28,30,24)
       Mesh   12
       Max CFL number:  0.32E-01 at (4,8,15)
       Max divergence:  0.12E-05 at (37,31,29)
       Min divergence: -0.13E-05 at (22,9,5)
       Max VN number :  0.14E-01 at (24,21,18)
       Mesh   13
       Max CFL number:  0.33E-01 at (35,16,16)
       Max divergence:  0.13E-05 at (5,15,6)
       Min divergence: -0.14E-05 at (46,28,15)
       Max VN number :  0.15E-01 at (30,20,29)
       Mesh   14
       Max CFL number:  0.34E-01 at (36,33,5)
       Max divergence:  0.13E-05 at (42,20,16)
       Min divergence: -0.15E-05 at (26,39,11)
       Max VN number :  0.14E-01 at (28,24,18)
       Mesh   15
       Max CFL number:  0.33E-01 at (30,2,24)
       Max divergence:  0.12E-05 at (34,12,11)
       Min divergence: -0.15E-05 at (26,30,31)
       Max VN number :  0.14E-01 at (30,44,4)
       Mesh   16
       Max CFL number:  0.33E-01 at (27,22,14)
       Max divergence:  0.13E-05 at (43,10,27)
       Min divergence: -0.13E-05 at (43,25,2)
       Max VN number :  0.14E-01 at (26,30,10)
 
       Time Step        7   September 19, 2026  13:54:39
       Step Size:  0.925E-03 s, Total Time:    0.15061 s
       Pressure Iterations: 10
       Maximum Velocity Error:  0.52E+00 on Mesh 3 at (48,1,1)
       Maximum Pressure Error:  0.60E+04 on Mesh 4 at (8,4,1)
       Maximum CFL Number    :  0.94E-01 on Mesh 4 at (13,10,1)
       Maximum VN Number     :  0.94E-02 on Mesh 2 at (4,44,1)
       ---------------------------------------------------------------
       Mesh    1
       Max CFL number:  0.93E-01 at (39,36,1)
       Max divergence:  0.52E+02 at (46,46,1)
       Min divergence: -0.14E-04 at (26,48,2)
       Max VN number :  0.92E-02 at (44,44,1)
       Mesh    2
       Max CFL number:  0.94E-01 at (10,36,1)
       Max divergence:  0.54E+02 at (3,45,1)
       Min divergence: -0.14E-04 at (1,27,2)
       Max VN number :  0.94E-02 at (4,44,1)
       Mesh    3
       Max CFL number:  0.93E-01 at (36,10,1)
       Max divergence:  0.54E+02 at (46,4,1)
       Min divergence: -0.14E-04 at (48,22,2)
       Max VN number :  0.93E-02 at (46,4,1)
       Mesh    4
       Max CFL number:  0.94E-01 at (13,10,1)
       Max divergence:  0.54E+02 at (4,2,1)
       Min divergence: -0.14E-04 at (21,1,2)
       Max VN number :  0.93E-02 at (4,3,1)
       Mesh    5
       Max CFL number:  0.16E-02 at (42,41,3)
       Max divergence:  0.22E-05 at (46,39,2)
       Min divergence: -0.12E-05 at (31,35,25)
       Max VN number :  0.54E-03 at (46,6,29)
       Mesh    6
       Max CFL number:  0.17E-02 at (2,45,2)
       Max divergence:  0.23E-05 at (4,36,2)
       Min divergence: -0.12E-05 at (39,18,2)
       Max VN number :  0.52E-03 at (26,44,19)
       Mesh    7
       Max CFL number:  0.18E-02 at (39,3,3)
       Max divergence:  0.23E-05 at (42,9,3)
       Min divergence: -0.12E-05 at (14,9,26)
       Max VN number :  0.53E-03 at (47,39,13)
       Mesh    8
       Max CFL number:  0.17E-02 at (2,3,3)
       Max divergence:  0.23E-05 at (10,11,2)
       Min divergence: -0.12E-05 at (45,27,17)
       Max VN number :  0.53E-03 at (40,28,31)
       Mesh    9
       Max CFL number:  0.12E-02 at (30,24,8)
       Max divergence:  0.13E-05 at (23,40,7)
       Min divergence: -0.12E-05 at (44,38,28)
       Max VN number :  0.53E-03 at (25,17,16)
       Mesh   10
       Max CFL number:  0.13E-02 at (23,43,3)
       Max divergence:  0.13E-05 at (43,17,29)
       Min divergence: -0.14E-05 at (13,44,20)
       Max VN number :  0.54E-03 at (18,9,29)
       Mesh   11
       Max CFL number:  0.12E-02 at (44,18,13)
       Max divergence:  0.13E-05 at (22,31,2)
       Min divergence: -0.14E-05 at (39,27,2)
       Max VN number :  0.54E-03 at (28,30,24)
       Mesh   12
       Max CFL number:  0.12E-02 at (4,8,15)
       Max divergence:  0.12E-05 at (37,31,29)
       Min divergence: -0.13E-05 at (8,11,24)
       Max VN number :  0.53E-03 at (24,21,18)
       Mesh   13
       Max CFL number:  0.12E-02 at (35,16,16)
       Max divergence:  0.13E-05 at (5,15,6)
       Min divergence: -0.14E-05 at (46,28,15)
       Max VN number :  0.56E-03 at (30,20,29)
       Mesh   14
       Max CFL number:  0.13E-02 at (36,33,5)
       Max divergence:  0.13E-05 at (42,20,16)
       Min divergence: -0.15E-05 at (26,39,11)
       Max VN number :  0.52E-03 at (10,2,9)
       Mesh   15
       Max CFL number:  0.12E-02 at (30,2,24)
       Max divergence:  0.12E-05 at (34,12,11)
       Min divergence: -0.15E-05 at (26,30,31)
       Max VN number :  0.52E-03 at (30,44,4)
       Mesh   16
       Max CFL number:  0.12E-02 at (27,22,14)
       Max divergence:  0.13E-05 at (43,10,27)
       Min divergence: -0.13E-05 at (43,25,2)
       Max VN number :  0.52E-03 at (26,30,10)
 
       Time Step        8   September 19, 2026  13:54:40
       Step Size:  0.102E-02 s, Total Time:    0.15163 s
       Pressure Iterations: 10
       Maximum Velocity Error:  0.26E+00 on Mesh 1 at (48,48,1)
       Maximum Pressure Error:  0.56E+04 on Mesh 2 at (6,42,1)
       Maximum CFL Number    :  0.12E+00 on Mesh 4 at (13,10,1)
       Maximum VN Number     :  0.14E-01 on Mesh 4 at (4,3,1)
       ---------------------------------------------------------------
       Mesh    1
       Max CFL number:  0.11E+00 at (39,36,1)
       Max divergence:  0.59E+02 at (46,46,1)
       Min divergence: -0.18E-04 at (16,48,1)
       Max VN number :  0.13E-01 at (48,45,1)
       Mesh    2
       Max CFL number:  0.12E+00 at (10,36,1)
       Max divergence:  0.61E+02 at (3,45,1)
       Min divergence: -0.19E-04 at (32,41,1)
       Max VN number :  0.14E-01 at (3,45,1)
       Mesh    3
       Max CFL number:  0.12E+00 at (36,10,1)
       Max divergence:  0.61E+02 at (46,4,1)
       Min divergence: -0.18E-04 at (17,8,1)
       Max VN number :  0.14E-01 at (46,4,1)
       Mesh    4
       Max CFL number:  0.12E+00 at (13,10,1)
       Max divergence:  0.63E+02 at (4,2,1)
       Min divergence: -0.19E-04 at (8,32,1)
       Max VN number :  0.14E-01 at (4,3,1)
       Mesh    5
       Max CFL number:  0.25E-02 at (44,37,2)
       Max divergence:  0.37E-05 at (46,39,2)
       Min divergence: -0.11E-05 at (9,9,17)
       Max VN number :  0.59E-03 at (46,6,29)
       Mesh    6
       Max CFL number:  0.27E-02 at (2,45,2)
       Max divergence:  0.37E-05 at (10,45,2)
       Min divergence: -0.11E-05 at (22,2,9)
       Max VN number :  0.58E-03 at (26,44,19)
       Mesh    7
       Max CFL number:  0.26E-02 at (39,3,3)
       Max divergence:  0.37E-05 at (42,9,2)
       Min divergence: -0.11E-05 at (14,9,26)
       Max VN number :  0.58E-03 at (47,39,13)
       Mesh    8
       Max CFL number:  0.27E-02 at (2,3,3)
       Max divergence:  0.37E-05 at (6,6,2)
       Min divergence: -0.11E-05 at (47,12,19)
       Max VN number :  0.59E-03 at (40,28,31)
       Mesh    9
       Max CFL number:  0.13E-02 at (32,20,8)
       Max divergence:  0.13E-05 at (23,40,7)
       Min divergence: -0.12E-05 at (44,38,28)
       Max VN number :  0.58E-03 at (25,17,16)
       Mesh   10
       Max CFL number:  0.14E-02 at (23,43,3)
       Max divergence:  0.13E-05 at (43,17,29)
       Min divergence: -0.14E-05 at (13,44,20)
       Max VN number :  0.60E-03 at (18,9,29)
       Mesh   11
       Max CFL number:  0.14E-02 at (44,18,13)
       Max divergence:  0.13E-05 at (22,31,2)
       Min divergence: -0.14E-05 at (16,36,24)
       Max VN number :  0.59E-03 at (28,30,24)
       Mesh   12
       Max CFL number:  0.13E-02 at (37,18,3)
       Max divergence:  0.13E-05 at (24,7,3)
       Min divergence: -0.13E-05 at (8,11,24)
       Max VN number :  0.59E-03 at (24,21,18)
       Mesh   13
       Max CFL number:  0.13E-02 at (35,16,16)
       Max divergence:  0.13E-05 at (5,15,6)
       Min divergence: -0.14E-05 at (46,28,15)
       Max VN number :  0.61E-03 at (30,20,29)
       Mesh   14
       Max CFL number:  0.14E-02 at (36,33,5)
       Max divergence:  0.13E-05 at (42,20,16)
       Min divergence: -0.15E-05 at (26,39,11)
       Max VN number :  0.57E-03 at (10,2,9)
       Mesh   15
       Max CFL number:  0.13E-02 at (30,2,24)
       Max divergence:  0.12E-05 at (34,12,11)
       Min divergence: -0.15E-05 at (26,30,31)
       Max VN number :  0.58E-03 at (30,44,4)
       Mesh   16
       Max CFL number:  0.14E-02 at (27,22,14)
       Max divergence:  0.13E-05 at (43,10,27)
       Min divergence: -0.13E-05 at (43,25,2)
       Max VN number :  0.58E-03 at (26,30,10)
 
       Time Step        9   September 19, 2026  13:54:40
       Step Size:  0.112E-02 s, Total Time:    0.15275 s
       Pressure Iterations: 10
       Maximum Velocity Error:  0.97E-01 on Mesh 3 at (48,2,1)
       Maximum Pressure Error:  0.41E+04 on Mesh 2 at (4,45,1)
       Maximum CFL Number    :  0.15E+00 on Mesh 2 at (6,45,1)
       Maximum VN Number     :  0.17E-01 on Mesh 3 at (47,3,1)
       ---------------------------------------------------------------
       Mesh    1
       Max CFL number:  0.15E+00 at (42,45,1)
       Max divergence:  0.58E+02 at (46,46,1)
       Min divergence: -0.35E-04 at (48,16,1)
       Max VN number :  0.16E-01 at (46,46,1)
       Mesh    2
       Max CFL number:  0.15E+00 at (6,45,1)
       Max divergence:  0.60E+02 at (3,47,1)
       Min divergence: -0.34E-04 at (33,46,1)
       Max VN number :  0.17E-01 at (3,46,1)
       Mesh    3
       Max CFL number:  0.15E+00 at (45,4,1)
       Max divergence:  0.61E+02 at (47,3,1)
       Min divergence: -0.34E-04 at (16,2,1)
       Max VN number :  0.17E-01 at (47,3,1)
       Mesh    4
       Max CFL number:  0.15E+00 at (5,3,1)
       Max divergence:  0.62E+02 at (4,2,1)
       Min divergence: -0.35E-04 at (1,33,1)
       Max VN number :  0.17E-01 at (3,2,1)
       Mesh    5
       Max CFL number:  0.45E-02 at (47,48,1)
       Max divergence:  0.68E-05 at (44,45,2)
       Min divergence: -0.11E-05 at (4,2,3)
       Max VN number :  0.65E-03 at (46,6,29)
       Mesh    6
       Max CFL number:  0.46E-02 at (2,45,2)
       Max divergence:  0.68E-05 at (5,46,2)
       Min divergence: -0.11E-05 at (22,2,9)
       Max VN number :  0.63E-03 at (26,44,19)
       Mesh    7
       Max CFL number:  0.45E-02 at (46,1,1)
       Max divergence:  0.67E-05 at (46,4,2)
       Min divergence: -0.96E-06 at (46,44,31)
       Max VN number :  0.64E-03 at (47,39,13)
       Mesh    8
       Max CFL number:  0.46E-02 at (2,3,3)
       Max divergence:  0.68E-05 at (6,6,2)
       Min divergence: -0.11E-05 at (47,45,24)
       Max VN number :  0.65E-03 at (40,28,31)
       Mesh    9
       Max CFL number:  0.15E-02 at (32,20,8)
       Max divergence:  0.14E-05 at (23,40,7)
       Min divergence: -0.12E-05 at (21,7,31)
       Max VN number :  0.64E-03 at (25,17,16)
       Mesh   10
       Max CFL number:  0.16E-02 at (23,43,3)
       Max divergence:  0.13E-05 at (10,38,5)
       Min divergence: -0.13E-05 at (13,44,20)
       Max VN number :  0.66E-03 at (18,9,29)
       Mesh   11
       Max CFL number:  0.16E-02 at (30,22,3)
       Max divergence:  0.14E-05 at (22,31,2)
       Min divergence: -0.14E-05 at (16,36,24)
       Max VN number :  0.65E-03 at (28,30,24)
       Mesh   12
       Max CFL number:  0.16E-02 at (37,18,3)
       Max divergence:  0.15E-05 at (24,7,3)
       Min divergence: -0.12E-05 at (45,44,23)
       Max VN number :  0.64E-03 at (24,21,18)
       Mesh   13
       Max CFL number:  0.15E-02 at (35,16,16)
       Max divergence:  0.13E-05 at (12,16,13)
       Min divergence: -0.13E-05 at (46,28,15)
       Max VN number :  0.67E-03 at (30,20,29)
       Mesh   14
       Max CFL number:  0.15E-02 at (36,33,5)
       Max divergence:  0.13E-05 at (42,20,16)
       Min divergence: -0.15E-05 at (26,39,11)
       Max VN number :  0.63E-03 at (10,2,9)
       Mesh   15
       Max CFL number:  0.15E-02 at (30,2,24)
       Max divergence:  0.12E-05 at (34,12,11)
       Min divergence: -0.15E-05 at (26,30,31)
       Max VN number :  0.63E-03 at (30,44,4)
       Mesh   16
       Max CFL number:  0.15E-02 at (27,22,14)
       Max divergence:  0.13E-05 at (43,10,27)
       Min divergence: -0.14E-05 at (34,46,4)
       Max VN number :  0.63E-03 at (26,30,10)
 
       Time Step       10   September 19, 2026  13:54:41
       Step Size:  0.123E-02 s, Total Time:    0.15398 s
       Pressure Iterations: 10
       Maximum Velocity Error:  0.35E+00 on Mesh 2 at (1,48,1)
       Maximum Pressure Error:  0.34E+04 on Mesh 3 at (44,2,1)
       Maximum CFL Number    :  0.19E+00 on Mesh 4 at (5,3,1)
       Maximum VN Number     :  0.18E-01 on Mesh 4 at (4,2,1)
       ---------------------------------------------------------------
       Mesh    1
       Max CFL number:  0.18E+00 at (44,43,1)
       Max divergence:  0.51E+02 at (45,46,1)
       Min divergence: -0.55E-04 at (48,16,1)
       Max VN number :  0.17E-01 at (46,46,1)
       Mesh    2
       Max CFL number:  0.19E+00 at (5,44,1)
       Max divergence:  0.53E+02 at (3,45,1)
       Min divergence: -0.53E-04 at (33,46,1)
       Max VN number :  0.18E-01 at (3,47,1)
       Mesh    3
       Max CFL number:  0.19E+00 at (43,3,1)
       Max divergence:  0.53E+02 at (46,4,1)
       Min divergence: -0.53E-04 at (16,2,1)
       Max VN number :  0.18E-01 at (47,3,1)
       Mesh    4
       Max CFL number:  0.19E+00 at (5,3,1)
       Max divergence:  0.54E+02 at (4,2,1)
       Min divergence: -0.55E-04 at (1,33,1)
       Max VN number :  0.18E-01 at (4,2,1)
       Mesh    5
       Max CFL number:  0.72E-02 at (48,48,1)
       Max divergence:  0.11E-04 at (45,48,2)
       Min divergence: -0.11E-05 at (4,2,3)
       Max VN number :  0.71E-03 at (46,6,29)
       Mesh    6
       Max CFL number:  0.72E-02 at (1,48,1)
       Max divergence:  0.11E-04 at (5,46,2)
       Min divergence: -0.10E-05 at (22,2,9)
       Max VN number :  0.70E-03 at (26,44,19)
       Mesh    7
       Max CFL number:  0.72E-02 at (48,1,1)
       Max divergence:  0.11E-04 at (46,4,2)
       Min divergence: -0.92E-06 at (26,47,31)
       Max VN number :  0.71E-03 at (47,39,13)
       Mesh    8
       Max CFL number:  0.72E-02 at (1,1,1)
       Max divergence:  0.11E-04 at (2,3,2)
       Min divergence: -0.11E-05 at (47,45,24)
       Max VN number :  0.71E-03 at (40,28,31)
       Mesh    9
       Max CFL number:  0.19E-02 at (28,41,2)
       Max divergence:  0.17E-05 at (41,44,5)
       Min divergence: -0.12E-05 at (21,7,31)
       Max VN number :  0.70E-03 at (25,17,16)
       Mesh   10
       Max CFL number:  0.20E-02 at (19,25,2)
       Max divergence:  0.18E-05 at (7,38,2)
       Min divergence: -0.13E-05 at (32,4,17)
       Max VN number :  0.72E-03 at (18,9,29)
       Mesh   11
       Max CFL number:  0.19E-02 at (30,22,3)
       Max divergence:  0.16E-05 at (22,31,2)
       Min divergence: -0.14E-05 at (16,36,24)
       Max VN number :  0.71E-03 at (28,30,24)
       Mesh   12
       Max CFL number:  0.19E-02 at (3,31,2)
       Max divergence:  0.19E-05 at (11,8,2)
       Min divergence: -0.12E-05 at (45,44,23)
       Max VN number :  0.71E-03 at (24,21,18)
       Mesh   13
       Max CFL number:  0.16E-02 at (42,25,5)
       Max divergence:  0.13E-05 at (41,19,28)
       Min divergence: -0.13E-05 at (46,28,15)
       Max VN number :  0.74E-03 at (30,20,29)
       Mesh   14
       Max CFL number:  0.17E-02 at (36,33,5)
       Max divergence:  0.13E-05 at (42,20,16)
       Min divergence: -0.14E-05 at (33,9,25)
       Max VN number :  0.69E-03 at (10,2,9)
       Mesh   15
       Max CFL number:  0.16E-02 at (30,2,24)
       Max divergence:  0.13E-05 at (34,12,11)
       Min divergence: -0.15E-05 at (26,30,31)
       Max VN number :  0.70E-03 at (30,44,4)
       Mesh   16
       Max CFL number:  0.17E-02 at (17,17,2)
       Max divergence:  0.13E-05 at (43,10,27)
       Min divergence: -0.14E-05 at (34,46,4)
       Max VN number :  0.70E-03 at (26,30,10)
 
       Time Step       20   September 19, 2026  13:54:45
       Step Size:  0.319E-02 s, Total Time:    0.17557 s
       Pressure Iterations: 10
       Maximum Velocity Error:  0.63E-01 on Mesh 3 at (48,1,1)
       Maximum Pressure Error:  0.93E+03 on Mesh 1 at (44,43,2)
       Maximum CFL Number    :  0.15E+00 on Mesh 4 at (12,11,2)
       Maximum VN Number     :  0.25E-01 on Mesh 2 at (21,24,1)
       ---------------------------------------------------------------
       Mesh    1
       Max CFL number:  0.14E+00 at (37,38,2)
       Max divergence:  0.11E+02 at (34,41,1)
       Min divergence: -0.13E-02 at (47,37,5)
       Max VN number :  0.24E-01 at (37,19,1)
       Mesh    2
       Max CFL number:  0.15E+00 at (12,38,2)
       Max divergence:  0.11E+02 at (8,34,1)
       Min divergence: -0.11E-02 at (7,38,5)
       Max VN number :  0.25E-01 at (21,24,1)
       Mesh    3
       Max CFL number:  0.15E+00 at (37,11,2)
       Max divergence:  0.11E+02 at (41,15,1)
       Min divergence: -0.59E-03 at (37,4,5)
       Max VN number :  0.25E-01 at (33,28,1)
       Mesh    4
       Max CFL number:  0.15E+00 at (12,11,2)
       Max divergence:  0.11E+02 at (16,5,1)
       Min divergence: -0.98E-03 at (12,5,5)
       Max VN number :  0.24E-01 at (22,24,1)
       Mesh    5
       Max CFL number:  0.11E-01 at (47,48,2)
       Max divergence:  0.34E-05 at (46,39,2)
       Min divergence: -0.11E-05 at (4,2,3)
       Max VN number :  0.19E-02 at (41,44,2)
       Mesh    6
       Max CFL number:  0.12E-01 at (2,45,2)
       Max divergence:  0.32E-05 at (10,45,2)
       Min divergence: -0.11E-05 at (39,18,2)
       Max VN number :  0.19E-02 at (2,46,2)
       Mesh    7
       Max CFL number:  0.11E-01 at (44,3,2)
       Max divergence:  0.32E-05 at (48,7,2)
       Min divergence: -0.11E-05 at (14,9,26)
       Max VN number :  0.19E-02 at (47,39,13)
       Mesh    8
       Max CFL number:  0.12E-01 at (2,3,3)
       Max divergence:  0.33E-05 at (6,6,2)
       Min divergence: -0.11E-05 at (45,27,17)
       Max VN number :  0.19E-02 at (2,5,5)
       Mesh    9
       Max CFL number:  0.82E-02 at (46,45,3)
       Max divergence:  0.12E-05 at (3,47,14)
       Min divergence: -0.31E-05 at (46,45,2)
       Max VN number :  0.18E-02 at (25,17,16)
       Mesh   10
       Max CFL number:  0.83E-02 at (3,47,2)
       Max divergence:  0.12E-05 at (43,17,29)
       Min divergence: -0.29E-05 at (3,48,2)
       Max VN number :  0.19E-02 at (18,9,29)
       Mesh   11
       Max CFL number:  0.83E-02 at (46,7,3)
       Max divergence:  0.11E-05 at (17,42,25)
       Min divergence: -0.33E-05 at (47,2,3)
       Max VN number :  0.18E-02 at (28,30,24)
       Mesh   12
       Max CFL number:  0.82E-02 at (2,7,3)
       Max divergence:  0.11E-05 at (37,31,29)
       Min divergence: -0.31E-05 at (6,4,2)
       Max VN number :  0.18E-02 at (24,21,18)
       Mesh   13
       Max CFL number:  0.46E-02 at (39,41,3)
       Max divergence:  0.12E-05 at (5,15,6)
       Min divergence: -0.16E-05 at (26,46,7)
       Max VN number :  0.19E-02 at (30,20,29)
       Mesh   14
       Max CFL number:  0.45E-02 at (29,44,5)
       Max divergence:  0.12E-05 at (45,26,20)
       Min divergence: -0.17E-05 at (5,46,3)
       Max VN number :  0.18E-02 at (10,2,9)
       Mesh   15
       Max CFL number:  0.44E-02 at (43,22,5)
       Max divergence:  0.11E-05 at (17,25,28)
       Min divergence: -0.16E-05 at (34,9,3)
       Max VN number :  0.18E-02 at (30,44,4)
       Mesh   16
       Max CFL number:  0.44E-02 at (8,20,4)
       Max divergence:  0.12E-05 at (43,10,27)
       Min divergence: -0.16E-05 at (13,11,3)
       Max VN number :  0.18E-02 at (26,30,10)
 
       Time Step       30   September 19, 2026  13:54:50
       Step Size:  0.828E-02 s, Total Time:    0.23157 s
       Pressure Iterations: 10
       Maximum Velocity Error:  0.52E-01 on Mesh 1 at (48,48,1)
       Maximum Pressure Error:  0.20E+03 on Mesh 4 at (11,13,2)
       Maximum CFL Number    :  0.22E+00 on Mesh 4 at (10,9,1)
       Maximum VN Number     :  0.20E-01 on Mesh 3 at (36,30,1)
       ---------------------------------------------------------------
       Mesh    1
       Max CFL number:  0.21E+00 at (37,41,1)
       Max divergence:  0.43E+01 at (42,34,1)
       Min divergence: -0.88E+00 at (48,45,1)
       Max VN number :  0.19E-01 at (32,21,1)
       Mesh    2
       Max CFL number:  0.21E+00 at (9,35,1)
       Max divergence:  0.44E+01 at (7,34,1)
       Min divergence: -0.80E+00 at (1,42,1)
       Max VN number :  0.19E-01 at (26,29,1)
       Mesh    3
       Max CFL number:  0.21E+00 at (38,8,1)
       Max divergence:  0.45E+01 at (35,9,1)
       Min divergence: -0.85E+00 at (48,7,1)
       Max VN number :  0.20E-01 at (36,30,1)
       Mesh    4
       Max CFL number:  0.22E+00 at (10,9,1)
       Max divergence:  0.43E+01 at (15,7,1)
       Min divergence: -0.88E+00 at (6,1,1)
       Max VN number :  0.19E-01 at (13,30,1)
       Mesh    5
       Max CFL number:  0.14E-01 at (28,41,28)
       Max divergence:  0.42E-04 at (20,48,2)
       Min divergence: -0.12E-05 at (44,9,29)
       Max VN number :  0.47E-02 at (46,6,29)
       Mesh    6
       Max CFL number:  0.14E-01 at (8,35,31)
       Max divergence:  0.44E-04 at (27,48,1)
       Min divergence: -0.11E-05 at (12,26,31)
       Max VN number :  0.47E-02 at (26,44,19)
       Mesh    7
       Max CFL number:  0.14E-01 at (35,29,2)
       Max divergence:  0.46E-04 at (21,10,1)
       Min divergence: -0.14E-05 at (45,4,31)
       Max VN number :  0.47E-02 at (4,24,30)
       Mesh    8
       Max CFL number:  0.14E-01 at (7,2,31)
       Max divergence:  0.47E-04 at (27,10,1)
       Min divergence: -0.10E-05 at (11,2,25)
       Max VN number :  0.47E-02 at (40,28,31)
       Mesh    9
       Max CFL number:  0.15E-01 at (46,28,28)
       Max divergence:  0.13E-05 at (14,32,4)
       Min divergence: -0.13E-05 at (44,38,28)
       Max VN number :  0.47E-02 at (25,17,16)
       Mesh   10
       Max CFL number:  0.15E-01 at (4,47,22)
       Max divergence:  0.13E-05 at (43,17,29)
       Min divergence: -0.15E-05 at (13,44,20)
       Max VN number :  0.49E-02 at (9,47,23)
       Mesh   11
       Max CFL number:  0.16E-01 at (44,5,28)
       Max divergence:  0.14E-05 at (22,31,2)
       Min divergence: -0.14E-05 at (30,6,25)
       Max VN number :  0.48E-02 at (28,30,24)
       Mesh   12
       Max CFL number:  0.15E-01 at (5,11,30)
       Max divergence:  0.13E-05 at (24,7,3)
       Min divergence: -0.14E-05 at (8,11,24)
       Max VN number :  0.47E-02 at (24,21,18)
       Mesh   13
       Max CFL number:  0.17E-01 at (45,46,6)
       Max divergence:  0.21E-05 at (47,43,14)
       Min divergence: -0.12E-05 at (8,13,31)
       Max VN number :  0.49E-02 at (30,20,29)
       Mesh   14
       Max CFL number:  0.16E-01 at (3,48,1)
       Max divergence:  0.22E-05 at (2,46,10)
       Min divergence: -0.13E-05 at (33,9,25)
       Max VN number :  0.46E-02 at (10,2,9)
       Mesh   15
       Max CFL number:  0.16E-01 at (44,3,2)
       Max divergence:  0.23E-05 at (44,6,26)
       Min divergence: -0.12E-05 at (11,44,12)
       Max VN number :  0.47E-02 at (33,2,2)
       Mesh   16
       Max CFL number:  0.16E-01 at (17,17,2)
       Max divergence:  0.21E-05 at (3,3,20)
       Min divergence: -0.13E-05 at (34,46,4)
       Max VN number :  0.46E-02 at (34,46,4)
 
       Time Step       40   September 19, 2026  13:54:55
       Step Size:  0.145E-01 s, Total Time:    0.36479 s
       Pressure Iterations: 10
       Maximum Velocity Error:  0.15E-01 on Mesh 1 at (33,48,1)
       Maximum Pressure Error:  0.28E+03 on Mesh 2 at (10,39,2)
       Maximum CFL Number    :  0.89E+00 on Mesh 3 at (36,9,1)
       Maximum VN Number     :  0.84E-01 on Mesh 2 at (16,43,1)
       ---------------------------------------------------------------
       Mesh    1
       Max CFL number:  0.88E+00 at (40,36,1)
       Max divergence:  0.14E+02 at (40,36,1)
       Min divergence: -0.88E+00 at (35,45,1)
       Max VN number :  0.73E-01 at (33,47,2)
       Mesh    2
       Max CFL number:  0.89E+00 at (9,36,1)
       Max divergence:  0.14E+02 at (9,36,1)
       Min divergence: -0.87E+00 at (14,45,1)
       Max VN number :  0.84E-01 at (16,43,1)
       Mesh    3
       Max CFL number:  0.89E+00 at (36,9,1)
       Max divergence:  0.14E+02 at (40,14,1)
       Min divergence: -0.85E+00 at (46,14,1)
       Max VN number :  0.72E-01 at (47,16,2)
       Mesh    4
       Max CFL number:  0.88E+00 at (9,13,1)
       Max divergence:  0.14E+02 at (9,14,1)
       Min divergence: -0.87E+00 at (4,14,1)
       Max VN number :  0.71E-01 at (6,15,2)
       Mesh    5
       Max CFL number:  0.31E-01 at (42,41,3)
       Max divergence:  0.35E-03 at (39,41,1)
       Min divergence:  0.34E-05 at (16,43,32)
       Max VN number :  0.81E-02 at (46,6,29)
       Mesh    6
       Max CFL number:  0.29E-01 at (15,45,2)
       Max divergence:  0.32E-03 at (1,41,1)
       Min divergence:  0.15E-05 at (29,44,32)
       Max VN number :  0.80E-02 at (26,44,19)
       Mesh    7
       Max CFL number:  0.29E-01 at (46,14,2)
       Max divergence:  0.32E-03 at (39,8,1)
       Min divergence:  0.23E-05 at (15,6,32)
       Max VN number :  0.80E-02 at (47,39,13)
       Mesh    8
       Max CFL number:  0.29E-01 at (4,7,5)
       Max divergence:  0.32E-03 at (1,9,1)
       Min divergence:  0.13E-05 at (31,5,32)
       Max VN number :  0.80E-02 at (40,28,31)
       Mesh    9
       Max CFL number:  0.23E-01 at (35,41,18)
       Max divergence:  0.63E-05 at (32,48,2)
       Min divergence: -0.98E-06 at (3,44,28)
       Max VN number :  0.80E-02 at (25,17,16)
       Mesh   10
       Max CFL number:  0.24E-01 at (7,42,5)
       Max divergence:  0.35E-05 at (1,31,2)
       Min divergence: -0.12E-05 at (32,4,17)
       Max VN number :  0.82E-02 at (18,9,29)
       Mesh   11
       Max CFL number:  0.23E-01 at (41,20,8)
       Max divergence:  0.91E-05 at (33,18,2)
       Min divergence: -0.11E-05 at (7,45,19)
       Max VN number :  0.82E-02 at (28,30,24)
       Mesh   12
       Max CFL number:  0.23E-01 at (8,9,10)
       Max divergence:  0.64E-05 at (1,17,2)
       Min divergence: -0.12E-05 at (45,44,23)
       Max VN number :  0.80E-02 at (24,21,18)
       Mesh   13
       Max CFL number:  0.22E-01 at (45,46,6)
       Max divergence:  0.18E-05 at (47,40,7)
       Min divergence: -0.12E-05 at (8,13,31)
       Max VN number :  0.84E-02 at (30,20,29)
       Mesh   14
       Max CFL number:  0.21E-01 at (11,23,18)
       Max divergence:  0.18E-05 at (12,47,7)
       Min divergence: -0.14E-05 at (33,9,25)
       Max VN number :  0.79E-02 at (11,46,16)
       Mesh   15
       Max CFL number:  0.21E-01 at (45,29,14)
       Max divergence:  0.18E-05 at (44,6,26)
       Min divergence: -0.12E-05 at (26,30,31)
       Max VN number :  0.79E-02 at (30,44,4)
       Mesh   16
       Max CFL number:  0.24E-01 at (17,17,2)
       Max divergence:  0.17E-05 at (14,8,12)
       Min divergence: -0.13E-05 at (34,46,4)
       Max VN number :  0.79E-02 at (34,46,4)
 
       Time Step       50   September 19, 2026  13:55:00
       Step Size:  0.993E-02 s, Total Time:    0.47836 s
       Pressure Iterations: 4
       Maximum Velocity Error:  0.15E-01 on Mesh 3 at (48,14,2)
       Maximum Pressure Error:  0.20E+03 on Mesh 3 at (37,2,3)
       Maximum CFL Number    :  0.92E+00 on Mesh 4 at (8,13,1)
       Maximum VN Number     :  0.66E-01 on Mesh 1 at (42,35,1)
       ---------------------------------------------------------------
       Mesh    1
       Max CFL number:  0.92E+00 at (37,40,1)
       Max divergence:  0.22E+02 at (40,36,1)
       Min divergence: -0.17E+01 at (41,38,1)
       Max VN number :  0.66E-01 at (42,35,1)
       Mesh    2
       Max CFL number:  0.91E+00 at (8,36,1)
       Max divergence:  0.22E+02 at (9,36,1)
       Min divergence: -0.17E+01 at (9,39,1)
       Max VN number :  0.65E-01 at (7,35,1)
       Mesh    3
       Max CFL number:  0.91E+00 at (37,9,1)
       Max divergence:  0.22E+02 at (36,9,1)
       Min divergence: -0.17E+01 at (40,10,1)
       Max VN number :  0.64E-01 at (42,14,1)
       Mesh    4
       Max CFL number:  0.92E+00 at (8,13,1)
       Max divergence:  0.22E+02 at (9,13,1)
       Min divergence: -0.17E+01 at (11,8,1)
       Max VN number :  0.63E-01 at (7,14,1)
       Mesh    5
       Max CFL number:  0.24E-01 at (42,41,3)
       Max divergence:  0.55E-03 at (41,41,1)
       Min divergence:  0.16E-04 at (21,43,32)
       Max VN number :  0.54E-02 at (46,6,29)
       Mesh    6
       Max CFL number:  0.23E-01 at (11,40,2)
       Max divergence:  0.54E-03 at (9,41,1)
       Min divergence:  0.27E-04 at (4,19,32)
       Max VN number :  0.54E-02 at (26,44,19)
       Mesh    7
       Max CFL number:  0.23E-01 at (46,14,2)
       Max divergence:  0.50E-03 at (41,8,1)
       Min divergence:  0.15E-04 at (44,29,32)
       Max VN number :  0.54E-02 at (47,39,13)
       Mesh    8
       Max CFL number:  0.23E-01 at (6,6,1)
       Max divergence:  0.54E-03 at (9,8,1)
       Min divergence:  0.12E-04 at (5,30,32)
       Max VN number :  0.54E-02 at (40,28,31)
       Mesh    9
       Max CFL number:  0.13E-01 at (30,24,8)
       Max divergence:  0.68E-04 at (48,33,1)
       Min divergence: -0.92E-06 at (21,7,31)
       Max VN number :  0.54E-02 at (25,17,16)
       Mesh   10
       Max CFL number:  0.13E-01 at (23,43,3)
       Max divergence:  0.93E-04 at (17,32,1)
       Min divergence: -0.83E-06 at (5,7,30)
       Max VN number :  0.55E-02 at (18,9,29)
       Mesh   11
       Max CFL number:  0.13E-01 at (30,22,3)
       Max divergence:  0.54E-04 at (12,37,1)
       Min divergence: -0.93E-06 at (34,43,22)
       Max VN number :  0.55E-02 at (28,30,24)
       Mesh   12
       Max CFL number:  0.13E-01 at (8,9,10)
       Max divergence:  0.69E-04 at (16,1,1)
       Min divergence: -0.10E-05 at (4,47,29)
       Max VN number :  0.54E-02 at (42,18,25)
       Mesh   13
       Max CFL number:  0.12E-01 at (35,16,16)
       Max divergence:  0.13E-05 at (41,19,29)
       Min divergence: -0.12E-05 at (35,46,13)
       Max VN number :  0.57E-02 at (30,20,29)
       Mesh   14
       Max CFL number:  0.13E-01 at (36,33,5)
       Max divergence:  0.13E-05 at (10,2,9)
       Min divergence: -0.14E-05 at (33,9,25)
       Max VN number :  0.53E-02 at (11,46,16)
       Mesh   15
       Max CFL number:  0.12E-01 at (30,2,24)
       Max divergence:  0.12E-05 at (12,34,9)
       Min divergence: -0.14E-05 at (26,30,31)
       Max VN number :  0.53E-02 at (30,44,4)
       Mesh   16
       Max CFL number:  0.12E-01 at (14,2,4)
       Max divergence:  0.13E-05 at (43,10,27)
       Min divergence: -0.13E-05 at (3,19,20)
       Max VN number :  0.53E-02 at (13,32,26)
 
       Time Step       60   September 19, 2026  13:55:05
       Step Size:  0.993E-02 s, Total Time:    0.57762 s
       Pressure Iterations: 4
       Maximum Velocity Error:  0.12E-01 on Mesh 1 at (35,48,1)
       Maximum Pressure Error:  0.35E+03 on Mesh 4 at (2,9,4)
       Maximum CFL Number    :  0.98E+00 on Mesh 4 at (11,8,2)
       Maximum VN Number     :  0.93E-01 on Mesh 3 at (36,1,4)
       ---------------------------------------------------------------
       Mesh    1
       Max CFL number:  0.95E+00 at (38,41,2)
       Max divergence:  0.23E+02 at (38,38,1)
       Min divergence: -0.20E+01 at (40,39,1)
       Max VN number :  0.90E-01 at (47,35,4)
       Mesh    2
       Max CFL number:  0.94E+00 at (13,40,1)
       Max divergence:  0.23E+02 at (11,38,1)
       Min divergence: -0.19E+01 at (9,39,1)
       Max VN number :  0.88E-01 at (14,47,4)
       Mesh    3
       Max CFL number:  0.94E+00 at (43,14,1)
       Max divergence:  0.23E+02 at (38,11,1)
       Min divergence: -0.19E+01 at (40,10,1)
       Max VN number :  0.93E-01 at (36,1,4)
       Mesh    4
       Max CFL number:  0.98E+00 at (11,8,2)
       Max divergence:  0.23E+02 at (11,11,1)
       Min divergence: -0.19E+01 at (9,10,1)
       Max VN number :  0.92E-01 at (3,12,6)
       Mesh    5
       Max CFL number:  0.31E-01 at (38,39,1)
       Max divergence:  0.83E-03 at (48,40,1)
       Min divergence:  0.53E-04 at (1,2,32)
       Max VN number :  0.53E-02 at (46,6,29)
       Mesh    6
       Max CFL number:  0.30E-01 at (8,40,1)
       Max divergence:  0.78E-03 at (1,42,1)
       Min divergence:  0.53E-04 at (48,3,32)
       Max VN number :  0.53E-02 at (26,44,19)
       Mesh    7
       Max CFL number:  0.29E-01 at (46,14,2)
       Max divergence:  0.97E-03 at (42,1,1)
       Min divergence:  0.58E-04 at (1,31,23)
       Max VN number :  0.54E-02 at (47,39,13)
       Mesh    8
       Max CFL number:  0.30E-01 at (6,6,1)
       Max divergence:  0.96E-03 at (10,1,1)
       Min divergence:  0.39E-04 at (48,48,32)
       Max VN number :  0.53E-02 at (40,28,31)
       Mesh    9
       Max CFL number:  0.13E-01 at (18,44,2)
       Max divergence:  0.16E-03 at (32,32,1)
       Min divergence: -0.41E-06 at (43,9,26)
       Max VN number :  0.53E-02 at (25,17,16)
       Mesh   10
       Max CFL number:  0.14E-01 at (7,42,5)
       Max divergence:  0.15E-03 at (17,48,1)
       Min divergence: -0.56E-06 at (8,9,31)
       Max VN number :  0.55E-02 at (18,9,29)
       Mesh   11
       Max CFL number:  0.14E-01 at (12,7,6)
       Max divergence:  0.19E-03 at (31,17,1)
       Min divergence: -0.44E-07 at (41,43,30)
       Max VN number :  0.55E-02 at (28,30,24)
       Mesh   12
       Max CFL number:  0.13E-01 at (3,32,2)
       Max divergence:  0.18E-03 at (18,18,1)
       Min divergence: -0.13E-06 at (8,41,31)
       Max VN number :  0.53E-02 at (42,18,25)
       Mesh   13
       Max CFL number:  0.12E-01 at (5,39,15)
       Max divergence:  0.35E-05 at (23,26,2)
       Min divergence: -0.11E-05 at (43,3,24)
       Max VN number :  0.56E-02 at (30,20,29)
       Mesh   14
       Max CFL number:  0.12E-01 at (36,33,5)
       Max divergence:  0.13E-04 at (48,1,1)
       Min divergence: -0.13E-05 at (33,9,25)
       Max VN number :  0.53E-02 at (11,46,16)
       Mesh   15
       Max CFL number:  0.12E-01 at (33,12,12)
       Max divergence:  0.68E-05 at (26,23,5)
       Min divergence: -0.11E-05 at (43,45,6)
       Max VN number :  0.52E-02 at (30,44,4)
       Mesh   16
       Max CFL number:  0.13E-01 at (17,17,2)
       Max divergence:  0.17E-04 at (23,22,2)
       Min divergence: -0.11E-05 at (12,44,31)
       Max VN number :  0.53E-02 at (13,32,26)
 
       Time Step       70   September 19, 2026  13:55:09
       Step Size:  0.877E-02 s, Total Time:    0.66649 s
       Pressure Iterations: 4
       Maximum Velocity Error:  0.12E-01 on Mesh 3 at (39,8,0)
       Maximum Pressure Error:  0.15E+04 on Mesh 4 at (3,12,9)
       Maximum CFL Number    :  0.94E+00 on Mesh 1 at (37,43,2)
       Maximum VN Number     :  0.20E+00 on Mesh 4 at (3,12,9)
       ---------------------------------------------------------------
       Mesh    1
       Max CFL number:  0.94E+00 at (37,43,2)
       Max divergence:  0.26E+02 at (45,34,1)
       Min divergence: -0.22E+01 at (42,38,1)
       Max VN number :  0.13E+00 at (48,36,5)
       Mesh    2
       Max CFL number:  0.94E+00 at (4,34,1)
       Max divergence:  0.26E+02 at (15,45,1)
       Min divergence: -0.21E+01 at (11,42,1)
       Max VN number :  0.12E+00 at (13,47,4)
       Mesh    3
       Max CFL number:  0.94E+00 at (37,6,2)
       Max divergence:  0.26E+02 at (34,4,1)
       Min divergence: -0.21E+01 at (38,7,1)
       Max VN number :  0.12E+00 at (36,1,5)
       Mesh    4
       Max CFL number:  0.91E+00 at (12,6,2)
       Max divergence:  0.26E+02 at (7,14,1)
       Min divergence: -0.21E+01 at (7,11,1)
       Max VN number :  0.20E+00 at (3,12,9)
       Mesh    5
       Max CFL number:  0.36E-01 at (38,39,1)
       Max divergence:  0.94E-03 at (47,41,1)
       Min divergence:  0.52E-04 at (1,6,32)
       Max VN number :  0.46E-02 at (44,16,17)
       Mesh    6
       Max CFL number:  0.36E-01 at (8,39,1)
       Max divergence:  0.86E-03 at (8,48,1)
       Min divergence:  0.53E-04 at (48,3,32)
       Max VN number :  0.46E-02 at (26,44,19)
       Mesh    7
       Max CFL number:  0.35E-01 at (42,10,1)
       Max divergence:  0.91E-03 at (48,1,1)
       Min divergence:  0.57E-04 at (1,47,32)
       Max VN number :  0.47E-02 at (47,39,13)
       Mesh    8
       Max CFL number:  0.35E-01 at (6,6,1)
       Max divergence:  0.96E-03 at (1,9,1)
       Min divergence:  0.57E-04 at (46,48,32)
       Max VN number :  0.46E-02 at (40,28,31)
       Mesh    9
       Max CFL number:  0.12E-01 at (44,37,2)
       Max divergence:  0.32E-03 at (48,32,1)
       Min divergence:  0.15E-05 at (6,42,32)
       Max VN number :  0.46E-02 at (25,17,16)
       Mesh   10
       Max CFL number:  0.13E-01 at (7,42,5)
       Max divergence:  0.23E-03 at (17,48,1)
       Min divergence:  0.11E-05 at (42,43,30)
       Max VN number :  0.48E-02 at (18,9,29)
       Mesh   11
       Max CFL number:  0.12E-01 at (29,34,2)
       Max divergence:  0.32E-03 at (48,17,1)
       Min divergence:  0.18E-05 at (7,6,31)
       Max VN number :  0.48E-02 at (28,30,24)
       Mesh   12
       Max CFL number:  0.12E-01 at (3,32,2)
       Max divergence:  0.21E-03 at (1,1,1)
       Min divergence:  0.84E-06 at (40,7,32)
       Max VN number :  0.46E-02 at (42,18,25)
       Mesh   13
       Max CFL number:  0.10E-01 at (5,39,15)
       Max divergence:  0.13E-03 at (26,26,1)
       Min divergence: -0.10E-05 at (43,3,24)
       Max VN number :  0.49E-02 at (30,20,29)
       Mesh   14
       Max CFL number:  0.11E-01 at (36,33,5)
       Max divergence:  0.76E-04 at (23,26,1)
       Min divergence: -0.10E-05 at (8,7,16)
       Max VN number :  0.46E-02 at (11,46,16)
       Mesh   15
       Max CFL number:  0.10E-01 at (33,12,12)
       Max divergence:  0.16E-03 at (26,23,1)
       Min divergence: -0.91E-06 at (45,7,30)
       Max VN number :  0.45E-02 at (14,3,8)
       Mesh   16
       Max CFL number:  0.11E-01 at (17,17,2)
       Max divergence:  0.51E-04 at (1,21,1)
       Min divergence: -0.11E-05 at (12,44,31)
       Max VN number :  0.46E-02 at (13,32,26)
 
       Time Step       80   September 19, 2026  13:55:14
       Step Size:  0.685E-02 s, Total Time:    0.74443 s
       Pressure Iterations: 5
       Maximum Velocity Error:  0.13E-01 on Mesh 2 at (9,40,0)
       Maximum Pressure Error:  0.18E+04 on Mesh 1 at (38,46,11)
       Maximum CFL Number    :  0.97E+00 on Mesh 4 at (3,13,11)
       Maximum VN Number     :  0.23E+00 on Mesh 4 at (3,13,12)
       ---------------------------------------------------------------
       Mesh    1
       Max CFL number:  0.84E+00 at (48,36,3)
       Max divergence:  0.28E+02 at (41,35,1)
       Min divergence: -0.24E+01 at (44,39,8)
       Max VN number :  0.16E+00 at (38,46,11)
       Mesh    2
       Max CFL number:  0.79E+00 at (14,43,1)
       Max divergence:  0.27E+02 at (8,35,1)
       Min divergence: -0.23E+01 at (9,45,8)
       Max VN number :  0.13E+00 at (5,46,12)
       Mesh    3
       Max CFL number:  0.79E+00 at (41,11,2)
       Max divergence:  0.28E+02 at (43,15,1)
       Min divergence: -0.24E+01 at (46,10,10)
       Max VN number :  0.14E+00 at (46,11,11)
       Mesh    4
       Max CFL number:  0.97E+00 at (3,13,11)
       Max divergence:  0.28E+02 at (8,14,1)
       Min divergence: -0.24E+01 at (12,4,10)
       Max VN number :  0.23E+00 at (3,13,12)
       Mesh    5
       Max CFL number:  0.41E-01 at (38,39,1)
       Max divergence:  0.90E-03 at (41,41,1)
       Min divergence:  0.58E-04 at (1,2,32)
       Max VN number :  0.36E-02 at (44,16,17)
       Mesh    6
       Max CFL number:  0.41E-01 at (8,39,1)
       Max divergence:  0.88E-03 at (5,45,1)
       Min divergence:  0.58E-04 at (48,2,32)
       Max VN number :  0.35E-02 at (26,44,19)
       Mesh    7
       Max CFL number:  0.41E-01 at (42,10,1)
       Max divergence:  0.92E-03 at (44,3,1)
       Min divergence:  0.56E-04 at (1,47,32)
       Max VN number :  0.36E-02 at (47,39,13)
       Mesh    8
       Max CFL number:  0.40E-01 at (11,10,1)
       Max divergence:  0.89E-03 at (7,8,1)
       Min divergence:  0.55E-04 at (48,45,32)
       Max VN number :  0.35E-02 at (36,28,4)
       Mesh    9
       Max CFL number:  0.11E-01 at (40,27,1)
       Max divergence:  0.30E-03 at (48,48,1)
       Min divergence:  0.49E-05 at (42,8,32)
       Max VN number :  0.35E-02 at (25,17,16)
       Mesh   10
       Max CFL number:  0.11E-01 at (7,42,5)
       Max divergence:  0.32E-03 at (1,48,1)
       Min divergence:  0.80E-05 at (40,44,32)
       Max VN number :  0.37E-02 at (18,9,29)
       Mesh   11
       Max CFL number:  0.11E-01 at (41,20,8)
       Max divergence:  0.28E-03 at (11,22,1)
       Min divergence:  0.51E-05 at (42,42,32)
       Max VN number :  0.37E-02 at (28,30,24)
       Mesh   12
       Max CFL number:  0.11E-01 at (18,7,6)
       Max divergence:  0.31E-03 at (1,1,1)
       Min divergence:  0.57E-05 at (5,41,32)
       Max VN number :  0.36E-02 at (42,18,25)
       Mesh   13
       Max CFL number:  0.82E-02 at (5,39,15)
       Max divergence:  0.13E-03 at (26,26,1)
       Min divergence: -0.92E-06 at (43,3,24)
       Max VN number :  0.37E-02 at (30,20,29)
       Mesh   14
       Max CFL number:  0.82E-02 at (25,30,8)
       Max divergence:  0.18E-03 at (23,26,1)
       Min divergence: -0.80E-06 at (3,3,31)
       Max VN number :  0.36E-02 at (11,46,16)
       Mesh   15
       Max CFL number:  0.82E-02 at (33,12,12)
       Max divergence:  0.16E-03 at (26,23,1)
       Min divergence: -0.78E-06 at (37,46,31)
       Max VN number :  0.35E-02 at (14,3,8)
       Mesh   16
       Max CFL number:  0.89E-02 at (17,17,2)
       Max divergence:  0.15E-03 at (23,23,1)
       Min divergence: -0.75E-06 at (3,48,28)
       Max VN number :  0.36E-02 at (13,32,26)
 
       Time Step       90   September 19, 2026  13:55:19
       Step Size:  0.582E-02 s, Total Time:    0.80570 s
       Pressure Iterations: 4
       Maximum Velocity Error:  0.88E-02 on Mesh 1 at (44,48,6)
       Maximum Pressure Error:  0.29E+04 on Mesh 1 at (46,39,14)
       Maximum CFL Number    :  0.88E+00 on Mesh 4 at (3,15,13)
       Maximum VN Number     :  0.21E+00 on Mesh 4 at (3,15,14)
       ---------------------------------------------------------------
       Mesh    1
       Max CFL number:  0.78E+00 at (37,46,12)
       Max divergence:  0.28E+02 at (41,36,1)
       Min divergence: -0.26E+01 at (35,46,11)
       Max VN number :  0.20E+00 at (46,39,13)
       Mesh    2
       Max CFL number:  0.79E+00 at (12,46,8)
       Max divergence:  0.31E+02 at (14,42,1)
       Min divergence: -0.38E+01 at (4,37,13)
       Max VN number :  0.16E+00 at (4,37,14)
       Mesh    3
       Max CFL number:  0.78E+00 at (37,5,13)
       Max divergence:  0.29E+02 at (41,13,1)
       Min divergence: -0.38E+01 at (46,12,12)
       Max VN number :  0.16E+00 at (46,12,13)
       Mesh    4
       Max CFL number:  0.88E+00 at (3,15,13)
       Max divergence:  0.31E+02 at (8,13,1)
       Min divergence: -0.40E+01 at (3,14,15)
       Max VN number :  0.21E+00 at (3,15,14)
       Mesh    5
       Max CFL number:  0.45E-01 at (42,40,1)
       Max divergence:  0.91E-03 at (48,42,1)
       Min divergence:  0.60E-04 at (1,3,32)
       Max VN number :  0.30E-02 at (34,4,11)
       Mesh    6
       Max CFL number:  0.46E-01 at (8,39,1)
       Max divergence:  0.99E-03 at (1,42,1)
       Min divergence:  0.62E-04 at (48,3,32)
       Max VN number :  0.30E-02 at (4,16,7)
       Mesh    7
       Max CFL number:  0.46E-01 at (42,10,1)
       Max divergence:  0.10E-02 at (42,8,1)
       Min divergence:  0.57E-04 at (1,47,32)
       Max VN number :  0.30E-02 at (47,39,13)
       Mesh    8
       Max CFL number:  0.45E-01 at (9,10,1)
       Max divergence:  0.90E-03 at (7,8,1)
       Min divergence:  0.58E-04 at (48,45,32)
       Max VN number :  0.30E-02 at (36,28,4)
       Mesh    9
       Max CFL number:  0.10E-01 at (40,27,1)
       Max divergence:  0.39E-03 at (48,46,1)
       Min divergence:  0.13E-04 at (48,14,32)
       Max VN number :  0.30E-02 at (14,32,4)
       Mesh   10
       Max CFL number:  0.11E-01 at (19,25,2)
       Max divergence:  0.33E-03 at (18,47,1)
       Min divergence:  0.11E-04 at (1,12,32)
       Max VN number :  0.31E-02 at (18,9,29)
       Mesh   11
       Max CFL number:  0.10E-01 at (42,15,1)
       Max divergence:  0.33E-03 at (46,2,1)
       Min divergence:  0.12E-04 at (48,35,32)
       Max VN number :  0.31E-02 at (28,30,24)
       Mesh   12
       Max CFL number:  0.10E-01 at (9,16,3)
       Max divergence:  0.42E-03 at (3,1,1)
       Min divergence:  0.12E-04 at (1,35,32)
       Max VN number :  0.30E-02 at (42,18,25)
       Mesh   13
       Max CFL number:  0.70E-02 at (28,47,5)
       Max divergence:  0.14E-03 at (26,36,1)
       Min divergence: -0.38E-06 at (48,3,31)
       Max VN number :  0.31E-02 at (30,20,29)
       Mesh   14
       Max CFL number:  0.71E-02 at (25,30,8)
       Max divergence:  0.18E-03 at (23,26,1)
       Min divergence: -0.65E-06 at (3,3,31)
       Max VN number :  0.30E-02 at (11,46,16)
       Mesh   15
       Max CFL number:  0.70E-02 at (45,29,14)
       Max divergence:  0.17E-03 at (38,23,1)
       Min divergence: -0.28E-06 at (45,46,30)
       Max VN number :  0.30E-02 at (14,3,8)
       Mesh   16
       Max CFL number:  0.77E-02 at (17,17,2)
       Max divergence:  0.16E-03 at (24,11,1)
       Min divergence: -0.34E-06 at (3,48,28)
       Max VN number :  0.30E-02 at (13,32,26)
 
       Time Step      100   September 19, 2026  13:55:23
       Step Size:  0.500E-02 s, Total Time:    0.86223 s
       Pressure Iterations: 5
       Maximum Velocity Error:  0.11E-01 on Mesh 3 at (48,11,2)
       Maximum Pressure Error:  0.34E+04 on Mesh 2 at (4,36,17)
       Maximum CFL Number    :  0.88E+00 on Mesh 3 at (35,6,14)
       Maximum VN Number     :  0.20E+00 on Mesh 3 at (46,12,16)
       ---------------------------------------------------------------
       Mesh    1
       Max CFL number:  0.81E+00 at (46,38,15)
       Max divergence:  0.29E+02 at (35,42,1)
       Min divergence: -0.39E+01 at (36,46,16)
       Max VN number :  0.20E+00 at (46,38,16)
       Mesh    2
       Max CFL number:  0.84E+00 at (4,36,16)
       Max divergence:  0.30E+02 at (7,35,1)
       Min divergence: -0.42E+01 at (3,36,14)
       Max VN number :  0.19E+00 at (4,36,17)
       Mesh    3
       Max CFL number:  0.88E+00 at (35,6,14)
       Max divergence:  0.29E+02 at (39,12,1)
       Min divergence: -0.40E+01 at (45,8,17)
       Max VN number :  0.20E+00 at (46,12,16)
       Mesh    4
       Max CFL number:  0.87E+00 at (13,3,14)
       Max divergence:  0.29E+02 at (10,12,1)
       Min divergence: -0.43E+01 at (8,5,11)
       Max VN number :  0.17E+00 at (3,2,17)
       Mesh    5
       Max CFL number:  0.53E-01 at (42,40,1)
       Max divergence:  0.11E-02 at (42,42,1)
       Min divergence:  0.66E-04 at (1,1,1)
       Max VN number :  0.26E-02 at (34,4,11)
       Mesh    6
       Max CFL number:  0.54E-01 at (8,39,1)
       Max divergence:  0.11E-02 at (7,42,1)
       Min divergence:  0.62E-04 at (48,3,32)
       Max VN number :  0.26E-02 at (4,16,7)
       Mesh    7
       Max CFL number:  0.54E-01 at (38,7,1)
       Max divergence:  0.11E-02 at (42,7,1)
       Min divergence:  0.65E-04 at (1,48,1)
       Max VN number :  0.26E-02 at (47,39,13)
       Mesh    8
       Max CFL number:  0.52E-01 at (6,5,1)
       Max divergence:  0.11E-02 at (7,7,1)
       Min divergence:  0.66E-04 at (48,48,1)
       Max VN number :  0.25E-02 at (18,3,5)
       Mesh    9
       Max CFL number:  0.10E-01 at (40,27,1)
       Max divergence:  0.31E-03 at (48,48,1)
       Min divergence:  0.12E-04 at (48,14,32)
       Max VN number :  0.25E-02 at (43,15,30)
       Mesh   10
       Max CFL number:  0.11E-01 at (19,25,2)
       Max divergence:  0.39E-03 at (1,47,1)
       Min divergence:  0.13E-04 at (35,48,32)
       Max VN number :  0.26E-02 at (18,9,29)
       Mesh   11
       Max CFL number:  0.10E-01 at (42,15,1)
       Max divergence:  0.32E-03 at (48,1,1)
       Min divergence:  0.12E-04 at (48,35,32)
       Max VN number :  0.27E-02 at (28,30,24)
       Mesh   12
       Max CFL number:  0.10E-01 at (9,16,3)
       Max divergence:  0.38E-03 at (1,2,1)
       Min divergence:  0.13E-04 at (1,35,32)
       Max VN number :  0.26E-02 at (42,18,25)
       Mesh   13
       Max CFL number:  0.63E-02 at (28,47,5)
       Max divergence:  0.15E-03 at (37,37,1)
       Min divergence:  0.14E-06 at (48,3,31)
       Max VN number :  0.27E-02 at (30,20,29)
       Mesh   14
       Max CFL number:  0.63E-02 at (25,30,8)
       Max divergence:  0.18E-03 at (10,25,2)
       Min divergence: -0.42E-07 at (3,3,31)
       Max VN number :  0.26E-02 at (11,46,16)
       Mesh   15
       Max CFL number:  0.61E-02 at (45,29,14)
       Max divergence:  0.17E-03 at (38,11,1)
       Min divergence:  0.37E-06 at (1,3,27)
       Max VN number :  0.25E-02 at (14,3,8)
       Mesh   16
       Max CFL number:  0.69E-02 at (17,17,2)
       Max divergence:  0.16E-03 at (11,24,1)
       Min divergence:  0.13E-06 at (2,46,31)
       Max VN number :  0.26E-02 at (13,32,26)
 
       Time Step      200   September 19, 2026  13:56:06
       Step Size:  0.227E-02 s, Total Time:    1.18064 s
       Pressure Iterations: 6
       Maximum Velocity Error:  0.10E-01 on Mesh 2 at (10,48,27)
       Maximum Pressure Error:  0.64E+04 on Mesh 4 at (13,2,28)
       Maximum CFL Number    :  0.89E+00 on Mesh 3 at (46,10,20)
       Maximum VN Number     :  0.14E+00 on Mesh 4 at (1,7,19)
       ---------------------------------------------------------------
       Mesh    1
       Max CFL number:  0.78E+00 at (45,37,22)
       Max divergence:  0.44E+02 at (47,46,25)
       Min divergence: -0.11E+02 at (43,43,19)
       Max VN number :  0.10E+00 at (48,39,19)
       Mesh    2
       Max CFL number:  0.78E+00 at (6,28,31)
       Max divergence:  0.37E+02 at (12,45,23)
       Min divergence: -0.13E+02 at (6,44,17)
       Max VN number :  0.10E+00 at (10,48,23)
       Mesh    3
       Max CFL number:  0.89E+00 at (46,10,20)
       Max divergence:  0.59E+02 at (46,1,19)
       Min divergence: -0.12E+02 at (43,1,22)
       Max VN number :  0.12E+00 at (47,10,20)
       Mesh    4
       Max CFL number:  0.79E+00 at (5,10,21)
       Max divergence:  0.35E+02 at (13,10,1)
       Min divergence: -0.14E+02 at (6,3,16)
       Max VN number :  0.14E+00 at (1,7,19)
       Mesh    5
       Max CFL number:  0.48E+00 at (31,45,1)
       Max divergence:  0.17E+02 at (33,44,1)
       Min divergence: -0.72E+01 at (48,45,2)
       Max VN number :  0.10E+00 at (37,44,3)
       Mesh    6
       Max CFL number:  0.68E+00 at (7,26,1)
       Max divergence:  0.77E+01 at (7,45,1)
       Min divergence: -0.56E+01 at (1,45,3)
       Max VN number :  0.12E+00 at (7,25,1)
       Mesh    7
       Max CFL number:  0.62E+00 at (43,1,6)
       Max divergence:  0.20E+02 at (41,4,2)
       Min divergence: -0.95E+01 at (43,2,9)
       Max VN number :  0.14E+00 at (40,6,2)
       Mesh    8
       Max CFL number:  0.47E+00 at (10,3,1)
       Max divergence:  0.12E+02 at (9,16,3)
       Min divergence: -0.59E+01 at (10,2,1)
       Max VN number :  0.12E+00 at (10,3,1)
       Mesh    9
       Max CFL number:  0.19E-01 at (36,37,1)
       Max divergence:  0.99E-03 at (48,40,1)
       Min divergence:  0.13E-03 at (48,15,32)
       Max VN number :  0.12E-02 at (45,34,9)
       Mesh   10
       Max CFL number:  0.20E-01 at (9,36,1)
       Max divergence:  0.96E-03 at (1,39,1)
       Min divergence:  0.13E-03 at (1,15,32)
       Max VN number :  0.11E-02 at (18,9,29)
       Mesh   11
       Max CFL number:  0.20E-01 at (41,12,1)
       Max divergence:  0.96E-03 at (48,8,1)
       Min divergence:  0.11E-03 at (47,34,32)
       Max VN number :  0.11E-02 at (28,30,24)
       Mesh   12
       Max CFL number:  0.19E-01 at (14,10,1)
       Max divergence:  0.98E-03 at (1,7,1)
       Min divergence:  0.11E-03 at (1,34,32)
       Max VN number :  0.11E-02 at (42,18,25)
       Mesh   13
       Max CFL number:  0.54E-02 at (39,42,3)
       Max divergence:  0.32E-03 at (32,48,1)
       Min divergence:  0.99E-05 at (5,48,32)
       Max VN number :  0.12E-02 at (30,20,29)
       Mesh   14
       Max CFL number:  0.53E-02 at (15,39,3)
       Max divergence:  0.37E-03 at (17,46,1)
       Min divergence:  0.99E-05 at (44,47,32)
       Max VN number :  0.11E-02 at (11,46,16)
       Mesh   15
       Max CFL number:  0.53E-02 at (36,15,1)
       Max divergence:  0.32E-03 at (46,19,1)
       Min divergence:  0.80E-05 at (47,45,32)
       Max VN number :  0.11E-02 at (14,3,8)
       Mesh   16
       Max CFL number:  0.57E-02 at (17,17,2)
       Max divergence:  0.36E-03 at (18,1,1)
       Min divergence:  0.79E-05 at (1,44,32)
       Max VN number :  0.11E-02 at (13,32,26)
 
       Time Step      300   September 19, 2026  13:56:49
       Step Size:  0.179E-02 s, Total Time:    1.38973 s
       Pressure Iterations: 6
       Maximum Velocity Error:  0.11E-01 on Mesh 2 at (7,45,32)
       Maximum Pressure Error:  0.75E+04 on Mesh 5 at (39,47,9)
       Maximum CFL Number    :  0.86E+00 on Mesh 4 at (4,4,32)
       Maximum VN Number     :  0.12E+00 on Mesh 4 at (1,7,27)
       ---------------------------------------------------------------
       Mesh    1
       Max CFL number:  0.78E+00 at (43,47,32)
       Max divergence:  0.35E+02 at (43,34,1)
       Min divergence: -0.57E+01 at (45,46,31)
       Max VN number :  0.12E+00 at (41,47,29)
       Mesh    2
       Max CFL number:  0.83E+00 at (2,42,32)
       Max divergence:  0.41E+02 at (6,44,32)
       Min divergence: -0.17E+02 at (3,46,29)
       Max VN number :  0.93E-01 at (6,47,27)
       Mesh    3
       Max CFL number:  0.74E+00 at (46,4,32)
       Max divergence:  0.37E+02 at (37,11,1)
       Min divergence: -0.99E+01 at (45,3,21)
       Max VN number :  0.12E+00 at (43,3,30)
       Mesh    4
       Max CFL number:  0.86E+00 at (4,4,32)
       Max divergence:  0.35E+02 at (15,6,1)
       Min divergence: -0.94E+01 at (6,1,32)
       Max VN number :  0.12E+00 at (1,7,27)
       Mesh    5
       Max CFL number:  0.85E+00 at (42,47,4)
       Max divergence:  0.59E+02 at (44,44,3)
       Min divergence: -0.85E+01 at (39,47,8)
       Max VN number :  0.11E+00 at (45,40,5)
       Mesh    6
       Max CFL number:  0.83E+00 at (5,40,1)
       Max divergence:  0.37E+02 at (5,41,1)
       Min divergence: -0.90E+01 at (1,48,20)
       Max VN number :  0.10E+00 at (14,47,10)
       Mesh    7
       Max CFL number:  0.84E+00 at (44,5,2)
       Max divergence:  0.33E+02 at (40,1,9)
       Min divergence: -0.89E+01 at (48,4,1)
       Max VN number :  0.12E+00 at (46,8,3)
       Mesh    8
       Max CFL number:  0.82E+00 at (8,5,6)
       Max divergence:  0.45E+02 at (2,5,9)
       Min divergence: -0.10E+02 at (4,4,1)
       Max VN number :  0.11E+00 at (7,1,17)
       Mesh    9
       Max CFL number:  0.64E-01 at (40,46,1)
       Max divergence:  0.34E-02 at (42,48,1)
       Min divergence:  0.40E-03 at (1,4,32)
       Max VN number :  0.90E-03 at (47,26,5)
       Mesh   10
       Max CFL number:  0.54E-01 at (11,38,1)
       Max divergence:  0.37E-02 at (6,48,1)
       Min divergence:  0.40E-03 at (48,1,32)
       Max VN number :  0.91E-03 at (5,23,1)
       Mesh   11
       Max CFL number:  0.63E-01 at (39,4,1)
       Max divergence:  0.35E-02 at (48,6,1)
       Min divergence:  0.39E-03 at (1,48,32)
       Max VN number :  0.88E-03 at (16,36,24)
       Mesh   12
       Max CFL number:  0.57E-01 at (8,7,1)
       Max divergence:  0.37E-02 at (6,1,1)
       Min divergence:  0.42E-03 at (48,48,32)
       Max VN number :  0.90E-03 at (1,9,1)
       Mesh   13
       Max CFL number:  0.10E-01 at (32,40,1)
       Max divergence:  0.97E-03 at (48,48,1)
       Min divergence:  0.11E-03 at (8,44,32)
       Max VN number :  0.88E-03 at (30,20,29)
       Mesh   14
       Max CFL number:  0.10E-01 at (14,41,1)
       Max divergence:  0.10E-02 at (1,46,1)
       Min divergence:  0.95E-04 at (40,46,32)
       Max VN number :  0.87E-03 at (44,30,2)
       Mesh   15
       Max CFL number:  0.10E-01 at (39,11,1)
       Max divergence:  0.10E-02 at (48,6,1)
       Min divergence:  0.13E-03 at (47,45,32)
       Max VN number :  0.86E-03 at (33,3,2)
       Mesh   16
       Max CFL number:  0.10E-01 at (19,10,1)
       Max divergence:  0.11E-02 at (2,7,1)
       Min divergence:  0.10E-03 at (41,1,32)
       Max VN number :  0.86E-03 at (13,32,26)
 
       Time Step      400   September 19, 2026  13:57:33
       Step Size:  0.142E-02 s, Total Time:    1.54553 s
       Pressure Iterations: 7
       Maximum Velocity Error:  0.15E-01 on Mesh 5 at (48,45,27)
       Maximum Pressure Error:  0.11E+05 on Mesh 6 at (4,46,17)
       Maximum CFL Number    :  0.90E+00 on Mesh 8 at (4,4,13)
       Maximum VN Number     :  0.17E+00 on Mesh 6 at (4,46,16)
       ---------------------------------------------------------------
       Mesh    1
       Max CFL number:  0.58E+00 at (46,47,26)
       Max divergence:  0.35E+02 at (37,38,1)
       Min divergence: -0.42E+01 at (47,46,23)
       Max VN number :  0.89E-01 at (45,47,31)
       Mesh    2
       Max CFL number:  0.78E+00 at (4,47,32)
       Max divergence:  0.56E+02 at (4,47,32)
       Min divergence: -0.97E+01 at (3,47,32)
       Max VN number :  0.87E-01 at (5,48,27)
       Mesh    3
       Max CFL number:  0.59E+00 at (46,4,29)
       Max divergence:  0.36E+02 at (48,16,1)
       Min divergence: -0.77E+01 at (45,2,18)
       Max VN number :  0.98E-01 at (46,4,30)
       Mesh    4
       Max CFL number:  0.72E+00 at (4,4,32)
       Max divergence:  0.36E+02 at (6,15,1)
       Min divergence: -0.83E+01 at (2,3,29)
       Max VN number :  0.11E+00 at (4,4,32)
       Mesh    5
       Max CFL number:  0.87E+00 at (43,44,21)
       Max divergence:  0.64E+02 at (47,44,26)
       Min divergence: -0.11E+02 at (42,46,20)
       Max VN number :  0.14E+00 at (43,45,22)
       Mesh    6
       Max CFL number:  0.82E+00 at (2,44,8)
       Max divergence:  0.48E+02 at (2,42,25)
       Min divergence: -0.12E+02 at (2,48,21)
       Max VN number :  0.17E+00 at (4,46,16)
       Mesh    7
       Max CFL number:  0.78E+00 at (45,3,19)
       Max divergence:  0.59E+02 at (47,7,26)
       Min divergence: -0.18E+02 at (47,7,25)
       Max VN number :  0.97E-01 at (45,5,25)
       Mesh    8
       Max CFL number:  0.90E+00 at (4,4,13)
       Max divergence:  0.50E+02 at (3,3,29)
       Min divergence: -0.10E+02 at (5,2,24)
       Max VN number :  0.15E+00 at (4,4,11)
       Mesh    9
       Max CFL number:  0.43E+00 at (48,47,1)
       Max divergence:  0.65E+01 at (48,48,2)
       Min divergence: -0.38E+01 at (48,48,1)
       Max VN number :  0.43E-01 at (48,47,1)
       Mesh   10
       Max CFL number:  0.42E+00 at (11,48,1)
       Max divergence:  0.12E+02 at (5,47,1)
       Min divergence: -0.56E+01 at (1,48,2)
       Max VN number :  0.81E-01 at (11,48,1)
       Mesh   11
       Max CFL number:  0.48E+00 at (46,2,1)
       Max divergence:  0.20E+02 at (47,2,2)
       Min divergence: -0.41E+01 at (39,9,2)
       Max VN number :  0.10E+00 at (47,2,1)
       Mesh   12
       Max CFL number:  0.53E+00 at (12,4,2)
       Max divergence:  0.25E+02 at (8,8,8)
       Min divergence: -0.66E+01 at (10,10,4)
       Max VN number :  0.84E-01 at (1,3,1)
       Mesh   13
       Max CFL number:  0.19E-01 at (39,39,1)
       Max divergence:  0.15E-02 at (48,41,1)
       Min divergence:  0.27E-03 at (1,1,30)
       Max VN number :  0.73E-03 at (25,21,6)
       Mesh   14
       Max CFL number:  0.20E-01 at (14,41,1)
       Max divergence:  0.17E-02 at (5,40,1)
       Min divergence:  0.30E-03 at (40,47,32)
       Max VN number :  0.69E-03 at (17,42,20)
       Mesh   15
       Max CFL number:  0.20E-01 at (39,11,1)
       Max divergence:  0.14E-02 at (31,14,1)
       Min divergence:  0.26E-03 at (1,48,23)
       Max VN number :  0.70E-03 at (24,3,14)
       Mesh   16
       Max CFL number:  0.20E-01 at (12,13,1)
       Max divergence:  0.17E-02 at (6,14,1)
       Min divergence:  0.30E-03 at (40,1,32)
       Max VN number :  0.66E-03 at (13,11,17)
 
       Time Step      500   September 19, 2026  13:58:18
       Step Size:  0.127E-02 s, Total Time:    1.67701 s
       Pressure Iterations: 7
       Maximum Velocity Error:  0.11E-01 on Mesh 5 at (48,48,18)
       Maximum Pressure Error:  0.18E+05 on Mesh 5 at (46,46,21)
       Maximum CFL Number    :  0.87E+00 on Mesh 10 at (2,43,1)
       Maximum VN Number     :  0.16E+00 on Mesh 8 at (2,4,31)
       ---------------------------------------------------------------
       Mesh    1
       Max CFL number:  0.52E+00 at (45,45,32)
       Max divergence:  0.39E+02 at (41,35,1)
       Min divergence: -0.48E+01 at (45,45,9)
       Max VN number :  0.93E-01 at (42,48,29)
       Mesh    2
       Max CFL number:  0.45E+00 at (1,45,31)
       Max divergence:  0.41E+02 at (8,35,1)
       Min divergence: -0.71E+01 at (5,45,24)
       Max VN number :  0.66E-01 at (3,45,32)
       Mesh    3
       Max CFL number:  0.48E+00 at (44,4,32)
       Max divergence:  0.42E+02 at (41,14,1)
       Min divergence: -0.62E+01 at (47,3,30)
       Max VN number :  0.72E-01 at (47,6,29)
       Mesh    4
       Max CFL number:  0.52E+00 at (3,6,29)
       Max divergence:  0.43E+02 at (13,10,1)
       Min divergence: -0.72E+01 at (1,7,32)
       Max VN number :  0.99E-01 at (3,6,30)
       Mesh    5
       Max CFL number:  0.75E+00 at (47,45,23)
       Max divergence:  0.41E+02 at (44,48,3)
       Min divergence: -0.90E+01 at (43,46,14)
       Max VN number :  0.14E+00 at (47,43,17)
       Mesh    6
       Max CFL number:  0.84E+00 at (2,46,30)
       Max divergence:  0.42E+02 at (1,46,16)
       Min divergence: -0.11E+02 at (7,48,5)
       Max VN number :  0.98E-01 at (4,48,26)
       Mesh    7
       Max CFL number:  0.83E+00 at (47,3,28)
       Max divergence:  0.37E+02 at (46,2,10)
       Min divergence: -0.12E+02 at (42,3,10)
       Max VN number :  0.14E+00 at (47,3,28)
       Mesh    8
       Max CFL number:  0.83E+00 at (2,4,32)
       Max divergence:  0.39E+02 at (1,3,32)
       Min divergence: -0.11E+02 at (2,7,4)
       Max VN number :  0.16E+00 at (2,4,31)
       Mesh    9
       Max CFL number:  0.79E+00 at (48,47,1)
       Max divergence:  0.29E+02 at (48,45,1)
       Min divergence: -0.84E+01 at (48,48,12)
       Max VN number :  0.12E+00 at (47,45,9)
       Mesh   10
       Max CFL number:  0.87E+00 at (2,43,1)
       Max divergence:  0.37E+02 at (6,48,17)
       Min divergence: -0.11E+02 at (2,46,19)
       Max VN number :  0.14E+00 at (6,46,6)
       Mesh   11
       Max CFL number:  0.70E+00 at (47,1,3)
       Max divergence:  0.58E+02 at (46,3,14)
       Min divergence: -0.66E+01 at (48,3,11)
       Max VN number :  0.11E+00 at (48,3,9)
       Mesh   12
       Max CFL number:  0.77E+00 at (4,2,1)
       Max divergence:  0.54E+02 at (1,5,18)
       Min divergence: -0.12E+02 at (1,5,17)
       Max VN number :  0.11E+00 at (9,2,1)
       Mesh   13
       Max CFL number:  0.45E-01 at (43,45,1)
       Max divergence:  0.29E-02 at (47,48,1)
       Min divergence:  0.29E-03 at (4,1,32)
       Max VN number :  0.64E-03 at (25,21,6)
       Mesh   14
       Max CFL number:  0.45E-01 at (11,44,1)
       Max divergence:  0.30E-02 at (9,48,1)
       Min divergence:  0.40E-03 at (48,1,32)
       Max VN number :  0.62E-03 at (8,27,7)
       Mesh   15
       Max CFL number:  0.45E-01 at (46,9,1)
       Max divergence:  0.31E-02 at (46,3,1)
       Min divergence:  0.37E-03 at (8,48,32)
       Max VN number :  0.63E-03 at (24,3,14)
       Mesh   16
       Max CFL number:  0.46E-01 at (14,12,1)
       Max divergence:  0.34E-02 at (9,6,1)
       Min divergence:  0.38E-03 at (48,47,32)
       Max VN number :  0.63E-03 at (4,12,15)
 
       Time Step      600   September 19, 2026  13:59:03
       Step Size:  0.114E-02 s, Total Time:    1.79796 s
       Pressure Iterations: 6
       Maximum Velocity Error:  0.13E-01 on Mesh 7 at (48,6,23)
       Maximum Pressure Error:  0.13E+05 on Mesh 12 at (4,9,29)
       Maximum CFL Number    :  0.80E+00 on Mesh 12 at (4,7,25)
       Maximum VN Number     :  0.14E+00 on Mesh 7 at (45,5,17)
       ---------------------------------------------------------------
       Mesh    1
       Max CFL number:  0.47E+00 at (45,45,31)
       Max divergence:  0.40E+02 at (41,35,1)
       Min divergence: -0.54E+01 at (43,47,17)
       Max VN number :  0.67E-01 at (44,46,32)
       Mesh    2
       Max CFL number:  0.44E+00 at (3,48,30)
       Max divergence:  0.40E+02 at (3,47,29)
       Min divergence: -0.65E+01 at (2,48,30)
       Max VN number :  0.77E-01 at (4,46,27)
       Mesh    3
       Max CFL number:  0.41E+00 at (48,4,32)
       Max divergence:  0.39E+02 at (41,14,1)
       Min divergence: -0.47E+01 at (46,6,5)
       Max VN number :  0.62E-01 at (45,3,32)
       Mesh    4
       Max CFL number:  0.47E+00 at (3,1,32)
       Max divergence:  0.52E+02 at (13,9,2)
       Min divergence: -0.47E+01 at (9,1,12)
       Max VN number :  0.60E-01 at (4,3,31)
       Mesh    5
       Max CFL number:  0.70E+00 at (42,46,25)
       Max divergence:  0.68E+02 at (42,47,28)
       Min divergence: -0.94E+01 at (45,47,27)
       Max VN number :  0.13E+00 at (42,47,28)
       Mesh    6
       Max CFL number:  0.67E+00 at (4,48,27)
       Max divergence:  0.25E+02 at (1,47,15)
       Min divergence: -0.96E+01 at (4,45,11)
       Max VN number :  0.11E+00 at (4,48,26)
       Mesh    7
       Max CFL number:  0.70E+00 at (45,1,13)
       Max divergence:  0.31E+02 at (46,6,17)
       Min divergence: -0.12E+02 at (48,5,10)
       Max VN number :  0.14E+00 at (45,5,17)
       Mesh    8
       Max CFL number:  0.69E+00 at (1,5,12)
       Max divergence:  0.41E+02 at (2,5,28)
       Min divergence: -0.70E+01 at (5,4,11)
       Max VN number :  0.11E+00 at (1,6,28)
       Mesh    9
       Max CFL number:  0.65E+00 at (47,41,6)
       Max divergence:  0.44E+02 at (46,47,5)
       Min divergence: -0.68E+01 at (43,43,9)
       Max VN number :  0.12E+00 at (43,43,8)
       Mesh   10
       Max CFL number:  0.70E+00 at (3,44,21)
       Max divergence:  0.27E+02 at (3,46,9)
       Min divergence: -0.87E+01 at (11,47,24)
       Max VN number :  0.13E+00 at (3,45,7)
       Mesh   11
       Max CFL number:  0.73E+00 at (48,5,21)
       Max divergence:  0.52E+02 at (47,2,4)
       Min divergence: -0.72E+01 at (42,1,27)
       Max VN number :  0.11E+00 at (48,3,27)
       Mesh   12
       Max CFL number:  0.80E+00 at (4,7,25)
       Max divergence:  0.44E+02 at (1,2,6)
       Min divergence: -0.17E+02 at (4,8,29)
       Max VN number :  0.12E+00 at (3,4,27)
       Mesh   13
       Max CFL number:  0.30E+00 at (48,44,1)
       Max divergence:  0.87E+01 at (48,48,1)
       Min divergence: -0.16E+00 at (48,44,3)
       Max VN number :  0.25E-01 at (48,45,1)
       Mesh   14
       Max CFL number:  0.32E+00 at (1,44,1)
       Max divergence:  0.20E+02 at (11,48,1)
       Min divergence: -0.50E+01 at (2,40,1)
       Max VN number :  0.50E-01 at (2,41,2)
       Mesh   15
       Max CFL number:  0.18E+00 at (48,1,1)
       Max divergence:  0.41E+01 at (48,1,1)
       Min divergence:  0.45E-03 at (1,48,13)
       Max VN number :  0.77E-02 at (48,1,1)
       Mesh   16
       Max CFL number:  0.21E+00 at (12,2,1)
       Max divergence:  0.15E+02 at (9,1,1)
       Min divergence: -0.11E+00 at (9,1,2)
       Max VN number :  0.17E-01 at (3,1,1)
 
       Time Step      700   September 19, 2026  13:59:49
       Step Size:  0.950E-03 s, Total Time:    1.90965 s
       Pressure Iterations: 7
       Maximum Velocity Error:  0.15E-01 on Mesh 9 at (47,48,21)
       Maximum Pressure Error:  0.11E+05 on Mesh 4 at (9,13,1)
       Maximum CFL Number    :  0.95E+00 on Mesh 11 at (48,6,15)
       Maximum VN Number     :  0.12E+00 on Mesh 12 at (5,3,24)
       ---------------------------------------------------------------
       Mesh    1
       Max CFL number:  0.31E+00 at (48,44,30)
       Max divergence:  0.50E+02 at (35,40,1)
       Min divergence: -0.65E+01 at (44,43,26)
       Max VN number :  0.50E-01 at (46,43,23)
       Mesh    2
       Max CFL number:  0.34E+00 at (4,42,32)
       Max divergence:  0.48E+02 at (9,35,1)
       Min divergence: -0.66E+01 at (4,45,31)
       Max VN number :  0.63E-01 at (4,43,28)
       Mesh    3
       Max CFL number:  0.32E+00 at (44,4,32)
       Max divergence:  0.47E+02 at (40,14,1)
       Min divergence: -0.60E+01 at (44,1,6)
       Max VN number :  0.75E-01 at (44,1,27)
       Mesh    4
       Max CFL number:  0.30E+00 at (5,3,31)
       Max divergence:  0.55E+02 at (14,9,1)
       Min divergence: -0.89E+01 at (5,1,20)
       Max VN number :  0.56E-01 at (3,6,25)
       Mesh    5
       Max CFL number:  0.60E+00 at (46,48,30)
       Max divergence:  0.34E+02 at (46,48,29)
       Min divergence: -0.77E+01 at (47,48,27)
       Max VN number :  0.92E-01 at (45,46,27)
       Mesh    6
       Max CFL number:  0.63E+00 at (3,48,32)
       Max divergence:  0.42E+02 at (3,45,8)
       Min divergence: -0.61E+01 at (3,41,3)
       Max VN number :  0.89E-01 at (3,47,26)
       Mesh    7
       Max CFL number:  0.53E+00 at (46,2,32)
       Max divergence:  0.42E+02 at (47,3,27)
       Min divergence: -0.91E+01 at (46,1,18)
       Max VN number :  0.73E-01 at (48,4,29)
       Mesh    8
       Max CFL number:  0.69E+00 at (3,1,31)
       Max divergence:  0.32E+02 at (3,2,32)
       Min divergence: -0.98E+01 at (1,4,14)
       Max VN number :  0.90E-01 at (3,1,31)
       Mesh    9
       Max CFL number:  0.78E+00 at (47,47,21)
       Max divergence:  0.50E+02 at (43,44,28)
       Min divergence: -0.15E+02 at (47,47,22)
       Max VN number :  0.10E+00 at (48,47,9)
       Mesh   10
       Max CFL number:  0.82E+00 at (2,48,22)
       Max divergence:  0.40E+02 at (1,47,4)
       Min divergence: -0.12E+02 at (2,48,23)
       Max VN number :  0.99E-01 at (2,48,18)
       Mesh   11
       Max CFL number:  0.95E+00 at (48,6,15)
       Max divergence:  0.41E+02 at (48,1,6)
       Min divergence: -0.19E+02 at (45,3,21)
       Max VN number :  0.99E-01 at (45,8,21)
       Mesh   12
       Max CFL number:  0.92E+00 at (4,5,17)
       Max divergence:  0.84E+02 at (3,6,28)
       Min divergence: -0.16E+02 at (2,2,25)
       Max VN number :  0.12E+00 at (5,3,24)
       Mesh   13
       Max CFL number:  0.53E+00 at (47,42,2)
       Max divergence:  0.27E+02 at (46,48,3)
       Min divergence: -0.61E+01 at (45,48,8)
       Max VN number :  0.86E-01 at (41,44,3)
       Mesh   14
       Max CFL number:  0.58E+00 at (4,44,2)
       Max divergence:  0.30E+02 at (5,41,10)
       Min divergence: -0.11E+02 at (4,45,14)
       Max VN number :  0.77E-01 at (5,46,3)
       Mesh   15
       Max CFL number:  0.53E+00 at (42,8,1)
       Max divergence:  0.35E+02 at (39,5,1)
       Min divergence: -0.70E+01 at (42,4,3)
       Max VN number :  0.74E-01 at (39,5,1)
       Mesh   16
       Max CFL number:  0.52E+00 at (9,2,3)
       Max divergence:  0.19E+02 at (1,2,3)
       Min divergence: -0.14E+02 at (1,2,14)
       Max VN number :  0.91E-01 at (3,1,9)
 
       Time Step      800   September 19, 2026  14:00:35
       Step Size:  0.848E-03 s, Total Time:    2.00392 s
       Pressure Iterations: 6
       Maximum Velocity Error:  0.13E-01 on Mesh 15 at (48,1,21)
       Maximum Pressure Error:  0.20E+05 on Mesh 3 at (38,11,2)
       Maximum CFL Number    :  0.90E+00 on Mesh 16 at (5,8,17)
       Maximum VN Number     :  0.13E+00 on Mesh 16 at (4,10,19)
       ---------------------------------------------------------------
       Mesh    1
       Max CFL number:  0.29E+00 at (43,46,32)
       Max divergence:  0.42E+02 at (38,38,1)
       Min divergence: -0.81E+01 at (43,43,15)
       Max VN number :  0.49E-01 at (43,46,32)
       Mesh    2
       Max CFL number:  0.31E+00 at (3,47,32)
       Max divergence:  0.43E+02 at (15,43,1)
       Min divergence: -0.63E+01 at (9,48,28)
       Max VN number :  0.52E-01 at (6,48,32)
       Mesh    3
       Max CFL number:  0.31E+00 at (44,2,31)
       Max divergence:  0.49E+02 at (38,11,1)
       Min divergence: -0.13E+02 at (45,3,29)
       Max VN number :  0.37E-01 at (41,1,28)
       Mesh    4
       Max CFL number:  0.35E+00 at (2,6,31)
       Max divergence:  0.47E+02 at (9,14,1)
       Min divergence: -0.89E+01 at (2,4,28)
       Max VN number :  0.53E-01 at (9,2,26)
       Mesh    5
       Max CFL number:  0.46E+00 at (47,48,32)
       Max divergence:  0.67E+02 at (48,46,31)
       Min divergence: -0.13E+02 at (47,48,31)
       Max VN number :  0.72E-01 at (43,47,1)
       Mesh    6
       Max CFL number:  0.42E+00 at (1,42,22)
       Max divergence:  0.42E+02 at (3,46,27)
       Min divergence: -0.95E+01 at (2,47,6)
       Max VN number :  0.79E-01 at (4,42,18)
       Mesh    7
       Max CFL number:  0.47E+00 at (44,2,32)
       Max divergence:  0.47E+02 at (44,2,5)
       Min divergence: -0.98E+01 at (45,1,4)
       Max VN number :  0.63E-01 at (45,2,8)
       Mesh    8
       Max CFL number:  0.46E+00 at (4,2,30)
       Max divergence:  0.35E+02 at (3,2,30)
       Min divergence: -0.11E+02 at (3,2,23)
       Max VN number :  0.65E-01 at (1,5,5)
       Mesh    9
       Max CFL number:  0.56E+00 at (44,46,18)
       Max divergence:  0.61E+02 at (46,48,22)
       Min divergence: -0.80E+01 at (48,45,13)
       Max VN number :  0.81E-01 at (46,48,22)
       Mesh   10
       Max CFL number:  0.56E+00 at (4,47,24)
       Max divergence:  0.35E+02 at (1,47,1)
       Min divergence: -0.77E+01 at (2,47,29)
       Max VN number :  0.79E-01 at (1,48,28)
       Mesh   11
       Max CFL number:  0.57E+00 at (48,6,25)
       Max divergence:  0.48E+02 at (47,1,2)
       Min divergence: -0.10E+02 at (45,2,29)
       Max VN number :  0.81E-01 at (45,5,11)
       Mesh   12
       Max CFL number:  0.67E+00 at (5,5,31)
       Max divergence:  0.51E+02 at (2,4,14)
       Min divergence: -0.86E+01 at (3,6,15)
       Max VN number :  0.84E-01 at (1,1,30)
       Mesh   13
       Max CFL number:  0.59E+00 at (44,47,19)
       Max divergence:  0.71E+02 at (44,47,19)
       Min divergence: -0.77E+01 at (42,47,21)
       Max VN number :  0.86E-01 at (48,47,22)
       Mesh   14
       Max CFL number:  0.62E+00 at (9,48,22)
       Max divergence:  0.46E+02 at (2,41,21)
       Min divergence: -0.69E+01 at (4,26,17)
       Max VN number :  0.83E-01 at (2,48,24)
       Mesh   15
       Max CFL number:  0.68E+00 at (46,11,19)
       Max divergence:  0.39E+02 at (40,1,21)
       Min divergence: -0.76E+01 at (48,3,29)
       Max VN number :  0.12E+00 at (47,8,20)
       Mesh   16
       Max CFL number:  0.90E+00 at (5,8,17)
       Max divergence:  0.37E+02 at (1,5,25)
       Min divergence: -0.12E+02 at (4,6,24)
       Max VN number :  0.13E+00 at (4,10,19)
 
       Time Step      900   September 19, 2026  14:01:21
       Step Size:  0.103E-02 s, Total Time:    2.09705 s
       Pressure Iterations: 7
       Maximum Velocity Error:  0.11E-01 on Mesh 10 at (1,48,8)
       Maximum Pressure Error:  0.87E+04 on Mesh 15 at (48,6,15)
       Maximum CFL Number    :  0.89E+00 on Mesh 15 at (48,6,14)
       Maximum VN Number     :  0.15E+00 on Mesh 15 at (48,6,14)
       ---------------------------------------------------------------
       Mesh    1
       Max CFL number:  0.36E+00 at (48,45,29)
       Max divergence:  0.45E+02 at (38,37,1)
       Min divergence: -0.77E+01 at (46,47,19)
       Max VN number :  0.63E-01 at (38,39,1)
       Mesh    2
       Max CFL number:  0.46E+00 at (4,46,31)
       Max divergence:  0.45E+02 at (2,45,29)
       Min divergence: -0.66E+01 at (6,43,19)
       Max VN number :  0.54E-01 at (2,44,27)
       Mesh    3
       Max CFL number:  0.39E+00 at (48,4,31)
       Max divergence:  0.47E+02 at (37,11,1)
       Min divergence: -0.84E+01 at (43,5,24)
       Max VN number :  0.54E-01 at (48,5,29)
       Mesh    4
       Max CFL number:  0.42E+00 at (7,2,32)
       Max divergence:  0.54E+02 at (8,14,1)
       Min divergence: -0.59E+01 at (4,7,26)
       Max VN number :  0.56E-01 at (8,4,32)
       Mesh    5
       Max CFL number:  0.63E+00 at (48,43,30)
       Max divergence:  0.63E+02 at (45,46,17)
       Min divergence: -0.11E+02 at (45,48,15)
       Max VN number :  0.71E-01 at (45,45,19)
       Mesh    6
       Max CFL number:  0.69E+00 at (4,43,30)
       Max divergence:  0.50E+02 at (5,47,8)
       Min divergence: -0.84E+01 at (5,46,2)
       Max VN number :  0.10E+00 at (7,48,4)
       Mesh    7
       Max CFL number:  0.72E+00 at (45,3,31)
       Max divergence:  0.51E+02 at (45,3,23)
       Min divergence: -0.12E+02 at (42,6,21)
       Max VN number :  0.88E-01 at (43,7,25)
       Mesh    8
       Max CFL number:  0.60E+00 at (2,1,30)
       Max divergence:  0.52E+02 at (4,1,10)
       Min divergence: -0.11E+02 at (1,8,15)
       Max VN number :  0.13E+00 at (3,2,28)
       Mesh    9
       Max CFL number:  0.71E+00 at (47,45,23)
       Max divergence:  0.52E+02 at (47,45,23)
       Min divergence: -0.10E+02 at (47,43,5)
       Max VN number :  0.13E+00 at (47,41,19)
       Mesh   10
       Max CFL number:  0.70E+00 at (2,48,26)
       Max divergence:  0.59E+02 at (4,47,19)
       Min divergence: -0.16E+02 at (4,45,12)
       Max VN number :  0.14E+00 at (5,44,2)
       Mesh   11
       Max CFL number:  0.72E+00 at (47,1,27)
       Max divergence:  0.55E+02 at (45,2,21)
       Min divergence: -0.15E+02 at (41,6,30)
       Max VN number :  0.13E+00 at (46,6,17)
       Mesh   12
       Max CFL number:  0.75E+00 at (1,6,26)
       Max divergence:  0.40E+02 at (3,2,16)
       Min divergence: -0.13E+02 at (3,1,16)
       Max VN number :  0.11E+00 at (1,1,32)
       Mesh   13
       Max CFL number:  0.86E+00 at (47,47,13)
       Max divergence:  0.34E+02 at (45,47,23)
       Min divergence: -0.67E+01 at (40,44,12)
       Max VN number :  0.12E+00 at (43,44,14)
       Mesh   14
       Max CFL number:  0.75E+00 at (4,47,20)
       Max divergence:  0.23E+02 at (4,48,24)
       Min divergence: -0.71E+01 at (2,48,2)
       Max VN number :  0.13E+00 at (2,46,26)
       Mesh   15
       Max CFL number:  0.89E+00 at (48,6,14)
       Max divergence:  0.39E+02 at (46,1,3)
       Min divergence: -0.94E+01 at (44,5,5)
       Max VN number :  0.15E+00 at (48,6,14)
       Mesh   16
       Max CFL number:  0.82E+00 at (1,6,6)
       Max divergence:  0.30E+02 at (1,1,16)
       Min divergence: -0.11E+02 at (5,7,12)
       Max VN number :  0.14E+00 at (2,6,17)
 
       Time Step     1000   September 19, 2026  14:02:07
       Step Size:  0.101E-02 s, Total Time:    2.19399 s
       Pressure Iterations: 7
       Maximum Velocity Error:  0.15E-01 on Mesh 10 at (3,43,32)
       Maximum Pressure Error:  0.84E+04 on Mesh 8 at (3,2,23)
       Maximum CFL Number    :  0.93E+00 on Mesh 10 at (5,43,29)
       Maximum VN Number     :  0.15E+00 on Mesh 13 at (47,39,8)
       ---------------------------------------------------------------
       Mesh    1
       Max CFL number:  0.30E+00 at (47,43,21)
       Max divergence:  0.43E+02 at (37,38,1)
       Min divergence: -0.68E+01 at (44,46,15)
       Max VN number :  0.55E-01 at (43,45,21)
       Mesh    2
       Max CFL number:  0.35E+00 at (4,43,22)
       Max divergence:  0.48E+02 at (9,35,1)
       Min divergence: -0.80E+01 at (4,48,15)
       Max VN number :  0.52E-01 at (4,42,27)
       Mesh    3
       Max CFL number:  0.32E+00 at (48,7,18)
       Max divergence:  0.43E+02 at (37,11,1)
       Min divergence: -0.89E+01 at (42,7,28)
       Max VN number :  0.49E-01 at (42,4,25)
       Mesh    4
       Max CFL number:  0.33E+00 at (1,7,16)
       Max divergence:  0.45E+02 at (13,10,1)
       Min divergence: -0.90E+01 at (4,2,22)
       Max VN number :  0.55E-01 at (1,7,19)
       Mesh    5
       Max CFL number:  0.62E+00 at (46,45,24)
       Max divergence:  0.52E+02 at (43,44,32)
       Min divergence: -0.98E+01 at (45,45,28)
       Max VN number :  0.77E-01 at (42,42,32)
       Mesh    6
       Max CFL number:  0.51E+00 at (1,43,21)
       Max divergence:  0.83E+02 at (3,48,20)
       Min divergence: -0.16E+02 at (6,48,16)
       Max VN number :  0.72E-01 at (1,41,24)
       Mesh    7
       Max CFL number:  0.69E+00 at (46,5,23)
       Max divergence:  0.67E+02 at (47,3,24)
       Min divergence: -0.11E+02 at (43,3,31)
       Max VN number :  0.75E-01 at (43,2,32)
       Mesh    8
       Max CFL number:  0.53E+00 at (1,3,22)
       Max divergence:  0.83E+02 at (3,1,21)
       Min divergence: -0.11E+02 at (3,3,21)
       Max VN number :  0.79E-01 at (6,4,14)
       Mesh    9
       Max CFL number:  0.87E+00 at (44,46,31)
       Max divergence:  0.63E+02 at (47,44,5)
       Min divergence: -0.13E+02 at (47,44,4)
       Max VN number :  0.13E+00 at (44,45,32)
       Mesh   10
       Max CFL number:  0.93E+00 at (5,43,29)
       Max divergence:  0.52E+02 at (5,47,9)
       Min divergence: -0.21E+02 at (2,40,13)
       Max VN number :  0.14E+00 at (5,43,28)
       Mesh   11
       Max CFL number:  0.68E+00 at (44,10,11)
       Max divergence:  0.56E+02 at (46,5,18)
       Min divergence: -0.12E+02 at (45,5,5)
       Max VN number :  0.10E+00 at (42,9,15)
       Mesh   12
       Max CFL number:  0.57E+00 at (5,1,32)
       Max divergence:  0.58E+02 at (2,4,12)
       Min divergence: -0.90E+01 at (4,1,9)
       Max VN number :  0.11E+00 at (2,4,11)
       Mesh   13
       Max CFL number:  0.82E+00 at (46,39,7)
       Max divergence:  0.78E+02 at (48,44,17)
       Min divergence: -0.13E+02 at (48,48,7)
       Max VN number :  0.15E+00 at (47,39,8)
       Mesh   14
       Max CFL number:  0.84E+00 at (6,40,6)
       Max divergence:  0.61E+02 at (1,43,17)
       Min divergence: -0.95E+01 at (2,48,25)
       Max VN number :  0.11E+00 at (2,48,25)
       Mesh   15
       Max CFL number:  0.83E+00 at (44,4,29)
       Max divergence:  0.52E+02 at (46,3,22)
       Min divergence: -0.10E+02 at (36,5,19)
       Max VN number :  0.91E-01 at (42,5,31)
       Mesh   16
       Max CFL number:  0.74E+00 at (3,1,18)
       Max divergence:  0.61E+02 at (1,2,13)
       Min divergence: -0.74E+01 at (3,1,9)
       Max VN number :  0.89E-01 at (3,1,18)
 
       Time Step     1100   September 19, 2026  14:02:54
       Step Size:  0.106E-02 s, Total Time:    2.29261 s
       Pressure Iterations: 6
       Maximum Velocity Error:  0.15E-01 on Mesh 13 at (48,41,28)
       Maximum Pressure Error:  0.96E+04 on Mesh 4 at (12,10,1)
       Maximum CFL Number    :  0.84E+00 on Mesh 13 at (43,40,28)
       Maximum VN Number     :  0.15E+00 on Mesh 14 at (3,41,29)
       ---------------------------------------------------------------
       Mesh    1
       Max CFL number:  0.36E+00 at (43,46,20)
       Max divergence:  0.48E+02 at (39,36,1)
       Min divergence: -0.75E+01 at (44,48,30)
       Max VN number :  0.60E-01 at (43,45,25)
       Mesh    2
       Max CFL number:  0.44E+00 at (5,45,28)
       Max divergence:  0.50E+02 at (14,40,1)
       Min divergence: -0.68E+01 at (2,48,27)
       Max VN number :  0.74E-01 at (5,45,29)
       Mesh    3
       Max CFL number:  0.40E+00 at (42,4,32)
       Max divergence:  0.46E+02 at (40,14,1)
       Min divergence: -0.15E+02 at (44,4,26)
       Max VN number :  0.65E-01 at (45,9,31)
       Mesh    4
       Max CFL number:  0.38E+00 at (1,7,25)
       Max divergence:  0.76E+02 at (14,7,1)
       Min divergence: -0.14E+02 at (3,2,23)
       Max VN number :  0.78E-01 at (1,7,28)
       Mesh    5
       Max CFL number:  0.57E+00 at (48,44,32)
       Max divergence:  0.35E+02 at (48,43,18)
       Min divergence: -0.77E+01 at (47,40,16)
       Max VN number :  0.69E-01 at (48,41,15)
       Mesh    6
       Max CFL number:  0.65E+00 at (7,46,28)
       Max divergence:  0.32E+02 at (8,46,32)
       Min divergence: -0.10E+02 at (3,48,2)
       Max VN number :  0.90E-01 at (1,40,10)
       Mesh    7
       Max CFL number:  0.56E+00 at (48,7,32)
       Max divergence:  0.37E+02 at (47,5,12)
       Min divergence: -0.77E+01 at (48,1,15)
       Max VN number :  0.70E-01 at (44,1,9)
       Mesh    8
       Max CFL number:  0.65E+00 at (5,4,29)
       Max divergence:  0.55E+02 at (3,2,21)
       Min divergence: -0.14E+02 at (5,4,17)
       Max VN number :  0.11E+00 at (5,4,28)
       Mesh    9
       Max CFL number:  0.73E+00 at (45,48,14)
       Max divergence:  0.29E+02 at (47,48,30)
       Min divergence: -0.14E+02 at (42,40,14)
       Max VN number :  0.11E+00 at (42,40,13)
       Mesh   10
       Max CFL number:  0.54E+00 at (1,42,3)
       Max divergence:  0.44E+02 at (1,48,32)
       Min divergence: -0.80E+01 at (5,40,32)
       Max VN number :  0.82E-01 at (2,47,5)
       Mesh   11
       Max CFL number:  0.80E+00 at (43,5,16)
       Max divergence:  0.46E+02 at (46,4,11)
       Min divergence: -0.11E+02 at (42,2,29)
       Max VN number :  0.11E+00 at (42,2,28)
       Mesh   12
       Max CFL number:  0.68E+00 at (1,4,4)
       Max divergence:  0.45E+02 at (4,1,3)
       Min divergence: -0.14E+02 at (1,4,10)
       Max VN number :  0.11E+00 at (1,4,10)
       Mesh   13
       Max CFL number:  0.84E+00 at (43,40,28)
       Max divergence:  0.91E+01 at (46,48,1)
       Min divergence: -0.82E+01 at (48,45,20)
       Max VN number :  0.96E-01 at (44,40,30)
       Mesh   14
       Max CFL number:  0.82E+00 at (6,42,27)
       Max divergence:  0.16E+02 at (1,48,1)
       Min divergence: -0.11E+02 at (4,39,22)
       Max VN number :  0.15E+00 at (3,41,29)
       Mesh   15
       Max CFL number:  0.68E+00 at (44,3,1)
       Max divergence:  0.28E+02 at (48,9,1)
       Min divergence: -0.80E+01 at (45,6,12)
       Max VN number :  0.10E+00 at (46,8,8)
       Mesh   16
       Max CFL number:  0.60E+00 at (1,13,4)
       Max divergence:  0.16E+02 at (1,1,1)
       Min divergence: -0.84E+01 at (1,15,8)
       Max VN number :  0.72E-01 at (3,3,24)
 
       Time Step     1200   September 19, 2026  14:03:39
       Step Size:  0.116E-02 s, Total Time:    2.40733 s
       Pressure Iterations: 7
       Maximum Velocity Error:  0.10E-01 on Mesh 11 at (45,1,32)
       Maximum Pressure Error:  0.20E+05 on Mesh 10 at (9,44,26)
       Maximum CFL Number    :  0.89E+00 on Mesh 16 at (4,16,29)
       Maximum VN Number     :  0.14E+00 on Mesh 10 at (9,44,25)
       ---------------------------------------------------------------
       Mesh    1
       Max CFL number:  0.48E+00 at (45,47,32)
       Max divergence:  0.51E+02 at (40,35,1)
       Min divergence: -0.55E+01 at (48,45,20)
       Max VN number :  0.68E-01 at (48,42,29)
       Mesh    2
       Max CFL number:  0.48E+00 at (5,48,32)
       Max divergence:  0.49E+02 at (13,39,1)
       Min divergence: -0.56E+01 at (1,41,13)
       Max VN number :  0.93E-01 at (7,46,27)
       Mesh    3
       Max CFL number:  0.52E+00 at (44,2,32)
       Max divergence:  0.47E+02 at (39,13,1)
       Min divergence: -0.97E+01 at (45,2,30)
       Max VN number :  0.59E-01 at (47,7,32)
       Mesh    4
       Max CFL number:  0.48E+00 at (6,3,30)
       Max divergence:  0.56E+02 at (15,7,1)
       Min divergence: -0.93E+01 at (2,5,32)
       Max VN number :  0.66E-01 at (8,7,29)
       Mesh    5
       Max CFL number:  0.60E+00 at (47,43,26)
       Max divergence:  0.48E+02 at (48,43,32)
       Min divergence: -0.10E+02 at (48,40,32)
       Max VN number :  0.10E+00 at (44,41,29)
       Mesh    6
       Max CFL number:  0.68E+00 at (8,48,32)
       Max divergence:  0.80E+02 at (4,44,31)
       Min divergence: -0.18E+02 at (4,44,30)
       Max VN number :  0.87E-01 at (5,46,3)
       Mesh    7
       Max CFL number:  0.58E+00 at (45,1,31)
       Max divergence:  0.61E+02 at (45,2,16)
       Min divergence: -0.19E+02 at (44,9,18)
       Max VN number :  0.11E+00 at (48,8,7)
       Mesh    8
       Max CFL number:  0.62E+00 at (4,7,26)
       Max divergence:  0.49E+02 at (1,7,26)
       Min divergence: -0.11E+02 at (7,3,27)
       Max VN number :  0.13E+00 at (6,7,26)
       Mesh    9
       Max CFL number:  0.84E+00 at (44,48,32)
       Max divergence:  0.53E+02 at (48,43,1)
       Min divergence: -0.53E+01 at (37,44,27)
       Max VN number :  0.11E+00 at (48,48,31)
       Mesh   10
       Max CFL number:  0.82E+00 at (10,44,12)
       Max divergence:  0.55E+02 at (6,46,1)
       Min divergence: -0.13E+02 at (5,48,10)
       Max VN number :  0.14E+00 at (9,44,25)
       Mesh   11
       Max CFL number:  0.79E+00 at (36,9,32)
       Max divergence:  0.31E+02 at (48,3,28)
       Min divergence: -0.62E+01 at (43,8,28)
       Max VN number :  0.10E+00 at (41,1,31)
       Mesh   12
       Max CFL number:  0.81E+00 at (9,4,7)
       Max divergence:  0.41E+02 at (4,1,10)
       Min divergence: -0.14E+02 at (4,1,9)
       Max VN number :  0.13E+00 at (9,4,21)
       Mesh   13
       Max CFL number:  0.85E+00 at (44,48,1)
       Max divergence:  0.15E+02 at (46,48,1)
       Min divergence: -0.75E+01 at (41,41,7)
       Max VN number :  0.11E+00 at (45,40,8)
       Mesh   14
       Max CFL number:  0.66E+00 at (1,45,20)
       Max divergence:  0.11E+02 at (4,47,29)
       Min divergence: -0.57E+01 at (11,48,19)
       Max VN number :  0.89E-01 at (9,48,1)
       Mesh   15
       Max CFL number:  0.81E+00 at (35,9,2)
       Max divergence:  0.14E+02 at (39,12,20)
       Min divergence: -0.12E+02 at (39,1,12)
       Max VN number :  0.11E+00 at (39,1,11)
       Mesh   16
       Max CFL number:  0.89E+00 at (4,16,29)
       Max divergence:  0.25E+02 at (4,4,28)
       Min divergence: -0.80E+01 at (3,9,27)
       Max VN number :  0.11E+00 at (3,10,27)
 
       Time Step     1300   September 19, 2026  14:04:25
       Step Size:  0.100E-02 s, Total Time:    2.51797 s
       Pressure Iterations: 6
       Maximum Velocity Error:  0.14E-01 on Mesh 14 at (7,48,15)
       Maximum Pressure Error:  0.19E+05 on Mesh 14 at (15,44,27)
       Maximum CFL Number    :  0.84E+00 on Mesh 16 at (9,1,6)
       Maximum VN Number     :  0.13E+00 on Mesh 10 at (1,40,7)
       ---------------------------------------------------------------
       Mesh    1
       Max CFL number:  0.32E+00 at (46,45,30)
       Max divergence:  0.45E+02 at (37,38,1)
       Min divergence: -0.48E+01 at (44,48,15)
       Max VN number :  0.53E-01 at (45,46,1)
       Mesh    2
       Max CFL number:  0.32E+00 at (1,44,28)
       Max divergence:  0.42E+02 at (13,39,1)
       Min divergence: -0.62E+01 at (5,48,30)
       Max VN number :  0.59E-01 at (1,43,26)
       Mesh    3
       Max CFL number:  0.35E+00 at (45,3,28)
       Max divergence:  0.47E+02 at (36,10,1)
       Min divergence: -0.67E+01 at (46,1,23)
       Max VN number :  0.96E-01 at (45,4,29)
       Mesh    4
       Max CFL number:  0.36E+00 at (6,1,29)
       Max divergence:  0.55E+02 at (14,8,1)
       Min divergence: -0.81E+01 at (3,3,25)
       Max VN number :  0.49E-01 at (6,3,30)
       Mesh    5
       Max CFL number:  0.65E+00 at (46,42,30)
       Max divergence:  0.79E+02 at (45,48,31)
       Min divergence: -0.17E+02 at (46,46,25)
       Max VN number :  0.90E-01 at (45,47,25)
       Mesh    6
       Max CFL number:  0.58E+00 at (1,41,30)
       Max divergence:  0.39E+02 at (4,48,8)
       Min divergence: -0.87E+01 at (3,46,27)
       Max VN number :  0.91E-01 at (4,46,9)
       Mesh    7
       Max CFL number:  0.63E+00 at (45,1,20)
       Max divergence:  0.10E+03 at (44,3,27)
       Min divergence: -0.18E+02 at (44,6,23)
       Max VN number :  0.86E-01 at (46,2,20)
       Mesh    8
       Max CFL number:  0.64E+00 at (5,4,24)
       Max divergence:  0.41E+02 at (1,11,32)
       Min divergence: -0.91E+01 at (1,5,24)
       Max VN number :  0.84E-01 at (3,6,29)
       Mesh    9
       Max CFL number:  0.57E+00 at (46,41,12)
       Max divergence:  0.72E+02 at (46,46,1)
       Min divergence: -0.16E+02 at (45,44,22)
       Max VN number :  0.93E-01 at (48,42,19)
       Mesh   10
       Max CFL number:  0.80E+00 at (9,47,25)
       Max divergence:  0.72E+02 at (1,40,7)
       Min divergence: -0.95E+01 at (6,47,24)
       Max VN number :  0.13E+00 at (1,40,7)
       Mesh   11
       Max CFL number:  0.74E+00 at (48,6,32)
       Max divergence:  0.68E+02 at (46,8,3)
       Min divergence: -0.14E+02 at (40,7,10)
       Max VN number :  0.86E-01 at (44,8,4)
       Mesh   12
       Max CFL number:  0.84E+00 at (15,1,24)
       Max divergence:  0.48E+02 at (5,10,5)
       Min divergence: -0.83E+01 at (8,8,9)
       Max VN number :  0.12E+00 at (8,2,32)
       Mesh   13
       Max CFL number:  0.70E+00 at (44,48,25)
       Max divergence:  0.23E+02 at (48,48,15)
       Min divergence: -0.68E+01 at (44,48,26)
       Max VN number :  0.83E-01 at (47,48,4)
       Mesh   14
       Max CFL number:  0.82E+00 at (6,48,2)
       Max divergence:  0.39E+02 at (11,47,17)
       Min divergence: -0.14E+02 at (8,40,22)
       Max VN number :  0.12E+00 at (11,48,17)
       Mesh   15
       Max CFL number:  0.74E+00 at (48,6,1)
       Max divergence:  0.10E+02 at (47,4,8)
       Min divergence: -0.78E+01 at (45,1,29)
       Max VN number :  0.92E-01 at (48,6,2)
       Mesh   16
       Max CFL number:  0.84E+00 at (9,1,6)
       Max divergence:  0.63E+02 at (6,4,16)
       Min divergence: -0.12E+02 at (8,8,12)
       Max VN number :  0.12E+00 at (8,1,1)
 
       Time Step     1400   September 19, 2026  14:05:10
       Step Size:  0.903E-03 s, Total Time:    2.61303 s
       Pressure Iterations: 7
       Maximum Velocity Error:  0.14E-01 on Mesh 14 at (2,48,14)
       Maximum Pressure Error:  0.13E+05 on Mesh 2 at (10,37,1)
       Maximum CFL Number    :  0.83E+00 on Mesh 14 at (11,45,24)
       Maximum VN Number     :  0.14E+00 on Mesh 16 at (13,2,22)
       ---------------------------------------------------------------
       Mesh    1
       Max CFL number:  0.29E+00 at (43,46,24)
       Max divergence:  0.49E+02 at (34,42,1)
       Min divergence: -0.75E+01 at (44,46,27)
       Max VN number :  0.47E-01 at (43,46,24)
       Mesh    2
       Max CFL number:  0.31E+00 at (7,48,32)
       Max divergence:  0.50E+02 at (10,37,1)
       Min divergence: -0.70E+01 at (1,45,23)
       Max VN number :  0.54E-01 at (3,43,31)
       Mesh    3
       Max CFL number:  0.29E+00 at (45,4,28)
       Max divergence:  0.53E+02 at (45,2,32)
       Min divergence: -0.89E+01 at (45,1,21)
       Max VN number :  0.46E-01 at (48,5,25)
       Mesh    4
       Max CFL number:  0.35E+00 at (7,1,32)
       Max divergence:  0.45E+02 at (13,10,1)
       Min divergence: -0.11E+02 at (7,7,22)
       Max VN number :  0.52E-01 at (4,3,27)
       Mesh    5
       Max CFL number:  0.53E+00 at (47,46,25)
       Max divergence:  0.41E+02 at (45,46,1)
       Min divergence: -0.87E+01 at (48,48,18)
       Max VN number :  0.62E-01 at (47,46,25)
       Mesh    6
       Max CFL number:  0.47E+00 at (4,46,16)
       Max divergence:  0.50E+02 at (3,48,19)
       Min divergence: -0.76E+01 at (3,46,16)
       Max VN number :  0.60E-01 at (5,45,17)
       Mesh    7
       Max CFL number:  0.58E+00 at (48,5,27)
       Max divergence:  0.44E+02 at (46,2,1)
       Min divergence: -0.12E+02 at (47,4,30)
       Max VN number :  0.81E-01 at (48,6,29)
       Mesh    8
       Max CFL number:  0.58E+00 at (1,7,24)
       Max divergence:  0.83E+02 at (2,3,16)
       Min divergence: -0.91E+01 at (4,3,7)
       Max VN number :  0.73E-01 at (5,1,15)
       Mesh    9
       Max CFL number:  0.62E+00 at (47,44,16)
       Max divergence:  0.40E+02 at (47,43,17)
       Min divergence: -0.84E+01 at (48,47,9)
       Max VN number :  0.78E-01 at (44,47,9)
       Mesh   10
       Max CFL number:  0.61E+00 at (2,45,11)
       Max divergence:  0.49E+02 at (3,48,13)
       Min divergence: -0.87E+01 at (1,48,13)
       Max VN number :  0.79E-01 at (8,46,30)
       Mesh   11
       Max CFL number:  0.62E+00 at (47,7,9)
       Max divergence:  0.59E+02 at (45,2,18)
       Min divergence: -0.11E+02 at (38,5,20)
       Max VN number :  0.10E+00 at (46,3,3)
       Mesh   12
       Max CFL number:  0.69E+00 at (3,11,29)
       Max divergence:  0.90E+02 at (3,11,29)
       Min divergence: -0.13E+02 at (5,2,13)
       Max VN number :  0.10E+00 at (3,11,28)
       Mesh   13
       Max CFL number:  0.65E+00 at (46,48,7)
       Max divergence:  0.41E+02 at (48,48,11)
       Min divergence: -0.81E+01 at (42,44,12)
       Max VN number :  0.91E-01 at (48,46,16)
       Mesh   14
       Max CFL number:  0.83E+00 at (11,45,24)
       Max divergence:  0.58E+02 at (6,48,17)
       Min divergence: -0.78E+01 at (15,46,31)
       Max VN number :  0.13E+00 at (12,48,29)
       Mesh   15
       Max CFL number:  0.61E+00 at (47,9,16)
       Max divergence:  0.32E+02 at (47,1,10)
       Min divergence: -0.79E+01 at (48,10,18)
       Max VN number :  0.88E-01 at (48,10,17)
       Mesh   16
       Max CFL number:  0.79E+00 at (2,9,29)
       Max divergence:  0.60E+02 at (3,4,19)
       Min divergence: -0.17E+02 at (15,3,18)
       Max VN number :  0.14E+00 at (13,2,22)
 
       Time Step     1500   September 19, 2026  14:05:56
       Step Size:  0.994E-03 s, Total Time:    2.70914 s
       Pressure Iterations: 6
       Maximum Velocity Error:  0.12E-01 on Mesh 14 at (5,48,25)
       Maximum Pressure Error:  0.14E+05 on Mesh 2 at (15,46,1)
       Maximum CFL Number    :  0.86E+00 on Mesh 13 at (46,44,12)
       Maximum VN Number     :  0.11E+00 on Mesh 10 at (1,41,8)
       ---------------------------------------------------------------
       Mesh    1
       Max CFL number:  0.39E+00 at (44,45,32)
       Max divergence:  0.46E+02 at (39,36,1)
       Min divergence: -0.62E+01 at (48,43,6)
       Max VN number :  0.54E-01 at (45,41,22)
       Mesh    2
       Max CFL number:  0.38E+00 at (6,46,30)
       Max divergence:  0.46E+02 at (11,37,1)
       Min divergence: -0.80E+01 at (3,44,8)
       Max VN number :  0.49E-01 at (5,43,26)
       Mesh    3
       Max CFL number:  0.43E+00 at (44,3,32)
       Max divergence:  0.50E+02 at (36,10,1)
       Min divergence: -0.86E+01 at (43,2,13)
       Max VN number :  0.63E-01 at (44,4,31)
       Mesh    4
       Max CFL number:  0.36E+00 at (9,5,24)
       Max divergence:  0.58E+02 at (7,4,26)
       Min divergence: -0.71E+01 at (3,5,11)
       Max VN number :  0.80E-01 at (9,13,1)
       Mesh    5
       Max CFL number:  0.53E+00 at (48,48,32)
       Max divergence:  0.38E+02 at (47,47,19)
       Min divergence: -0.82E+01 at (45,46,12)
       Max VN number :  0.65E-01 at (47,44,21)
       Mesh    6
       Max CFL number:  0.55E+00 at (1,45,32)
       Max divergence:  0.32E+02 at (5,47,27)
       Min divergence: -0.11E+02 at (1,48,18)
       Max VN number :  0.92E-01 at (4,43,30)
       Mesh    7
       Max CFL number:  0.54E+00 at (48,7,31)
       Max divergence:  0.54E+02 at (44,3,9)
       Min divergence: -0.10E+02 at (43,3,8)
       Max VN number :  0.78E-01 at (47,9,31)
       Mesh    8
       Max CFL number:  0.51E+00 at (2,9,29)
       Max divergence:  0.76E+02 at (4,3,26)
       Min divergence: -0.93E+01 at (4,3,25)
       Max VN number :  0.86E-01 at (2,9,30)
       Mesh    9
       Max CFL number:  0.71E+00 at (46,45,13)
       Max divergence:  0.37E+02 at (48,48,6)
       Min divergence: -0.17E+02 at (43,47,30)
       Max VN number :  0.98E-01 at (44,44,23)
       Mesh   10
       Max CFL number:  0.63E+00 at (1,45,2)
       Max divergence:  0.53E+02 at (3,48,2)
       Min divergence: -0.12E+02 at (3,40,10)
       Max VN number :  0.11E+00 at (1,41,8)
       Mesh   11
       Max CFL number:  0.81E+00 at (45,12,14)
       Max divergence:  0.33E+02 at (46,4,8)
       Min divergence: -0.99E+01 at (43,15,24)
       Max VN number :  0.97E-01 at (45,12,13)
       Mesh   12
       Max CFL number:  0.82E+00 at (2,11,25)
       Max divergence:  0.51E+02 at (2,1,2)
       Min divergence: -0.89E+01 at (3,11,29)
       Max VN number :  0.87E-01 at (2,12,26)
       Mesh   13
       Max CFL number:  0.86E+00 at (46,44,12)
       Max divergence:  0.24E+02 at (48,38,4)
       Min divergence: -0.65E+01 at (36,44,20)
       Max VN number :  0.77E-01 at (46,48,4)
       Mesh   14
       Max CFL number:  0.67E+00 at (7,47,30)
       Max divergence:  0.62E+02 at (3,42,19)
       Min divergence: -0.83E+01 at (5,43,20)
       Max VN number :  0.88E-01 at (3,48,31)
       Mesh   15
       Max CFL number:  0.77E+00 at (48,9,1)
       Max divergence:  0.33E+02 at (48,9,21)
       Min divergence: -0.84E+01 at (42,11,2)
       Max VN number :  0.11E+00 at (48,9,1)
       Mesh   16
       Max CFL number:  0.70E+00 at (4,12,22)
       Max divergence:  0.33E+02 at (4,13,27)
       Min divergence: -0.11E+02 at (4,15,13)
       Max VN number :  0.11E+00 at (5,6,3)
 
       Time Step     1600   September 19, 2026  14:06:40
       Step Size:  0.109E-02 s, Total Time:    2.81754 s
       Pressure Iterations: 8
       Maximum Velocity Error:  0.11E-01 on Mesh 9 at (45,48,32)
       Maximum Pressure Error:  0.17E+05 on Mesh 13 at (44,47,5)
       Maximum CFL Number    :  0.88E+00 on Mesh 13 at (45,48,2)
       Maximum VN Number     :  0.15E+00 on Mesh 13 at (45,48,1)
       ---------------------------------------------------------------
       Mesh    1
       Max CFL number:  0.38E+00 at (43,47,23)
       Max divergence:  0.47E+02 at (39,36,1)
       Min divergence: -0.83E+01 at (47,45,22)
       Max VN number :  0.60E-01 at (46,43,28)
       Mesh    2
       Max CFL number:  0.40E+00 at (8,47,32)
       Max divergence:  0.53E+02 at (13,39,1)
       Min divergence: -0.13E+02 at (4,46,23)
       Max VN number :  0.77E-01 at (1,42,28)
       Mesh    3
       Max CFL number:  0.47E+00 at (48,5,32)
       Max divergence:  0.59E+02 at (37,11,1)
       Min divergence: -0.90E+01 at (46,5,11)
       Max VN number :  0.74E-01 at (38,11,1)
       Mesh    4
       Max CFL number:  0.44E+00 at (7,3,31)
       Max divergence:  0.47E+02 at (15,6,1)
       Min divergence: -0.70E+01 at (6,1,21)
       Max VN number :  0.53E-01 at (6,6,23)
       Mesh    5
       Max CFL number:  0.49E+00 at (47,44,32)
       Max divergence:  0.57E+02 at (45,47,21)
       Min divergence: -0.13E+02 at (48,44,23)
       Max VN number :  0.85E-01 at (44,45,26)
       Mesh    6
       Max CFL number:  0.53E+00 at (6,48,29)
       Max divergence:  0.43E+02 at (7,48,26)
       Min divergence: -0.94E+01 at (1,39,30)
       Max VN number :  0.72E-01 at (8,40,12)
       Mesh    7
       Max CFL number:  0.49E+00 at (48,1,32)
       Max divergence:  0.51E+02 at (47,3,23)
       Min divergence: -0.10E+02 at (47,8,26)
       Max VN number :  0.67E-01 at (44,5,9)
       Mesh    8
       Max CFL number:  0.59E+00 at (5,8,29)
       Max divergence:  0.37E+02 at (5,4,24)
       Min divergence: -0.75E+01 at (5,7,10)
       Max VN number :  0.79E-01 at (4,5,10)
       Mesh    9
       Max CFL number:  0.87E+00 at (46,48,31)
       Max divergence:  0.49E+02 at (46,47,1)
       Min divergence: -0.12E+02 at (48,39,2)
       Max VN number :  0.11E+00 at (48,48,29)
       Mesh   10
       Max CFL number:  0.69E+00 at (1,45,14)
       Max divergence:  0.48E+02 at (3,46,11)
       Min divergence: -0.15E+02 at (2,48,26)
       Max VN number :  0.12E+00 at (1,46,23)
       Mesh   11
       Max CFL number:  0.83E+00 at (42,10,21)
       Max divergence:  0.59E+02 at (48,1,11)
       Min divergence: -0.63E+01 at (48,2,7)
       Max VN number :  0.11E+00 at (45,1,32)
       Mesh   12
       Max CFL number:  0.67E+00 at (1,1,24)
       Max divergence:  0.74E+02 at (4,2,5)
       Min divergence: -0.14E+02 at (6,12,4)
       Max VN number :  0.13E+00 at (3,2,6)
       Mesh   13
       Max CFL number:  0.88E+00 at (45,48,2)
       Max divergence:  0.21E+02 at (43,46,2)
       Min divergence: -0.17E+02 at (44,47,4)
       Max VN number :  0.15E+00 at (45,48,1)
       Mesh   14
       Max CFL number:  0.75E+00 at (1,48,27)
       Max divergence:  0.13E+02 at (11,41,21)
       Min divergence: -0.70E+01 at (4,37,1)
       Max VN number :  0.89E-01 at (1,45,3)
       Mesh   15
       Max CFL number:  0.85E+00 at (47,2,20)
       Max divergence:  0.18E+02 at (43,4,21)
       Min divergence: -0.12E+02 at (42,4,20)
       Max VN number :  0.12E+00 at (43,4,20)
       Mesh   16
       Max CFL number:  0.85E+00 at (5,5,29)
       Max divergence:  0.11E+02 at (6,1,28)
       Min divergence: -0.11E+02 at (10,9,26)
       Max VN number :  0.12E+00 at (7,9,30)
 
       Time Step     1700   September 19, 2026  14:07:25
       Step Size:  0.120E-02 s, Total Time:    2.93208 s
       Pressure Iterations: 8
       Maximum Velocity Error:  0.14E-01 on Mesh 2 at (15,48,0)
       Maximum Pressure Error:  0.12E+05 on Mesh 10 at (5,45,18)
       Maximum CFL Number    :  0.88E+00 on Mesh 15 at (40,8,27)
       Maximum VN Number     :  0.13E+00 on Mesh 15 at (35,20,18)
       ---------------------------------------------------------------
       Mesh    1
       Max CFL number:  0.50E+00 at (48,46,31)
       Max divergence:  0.51E+02 at (37,38,1)
       Min divergence: -0.82E+01 at (45,48,24)
       Max VN number :  0.78E-01 at (45,44,29)
       Mesh    2
       Max CFL number:  0.52E+00 at (4,47,32)
       Max divergence:  0.46E+02 at (13,39,1)
       Min divergence: -0.62E+01 at (1,43,6)
       Max VN number :  0.88E-01 at (8,47,1)
       Mesh    3
       Max CFL number:  0.63E+00 at (47,6,31)
       Max divergence:  0.56E+02 at (37,11,1)
       Min divergence: -0.49E+01 at (46,2,29)
       Max VN number :  0.10E+00 at (47,6,32)
       Mesh    4
       Max CFL number:  0.55E+00 at (4,4,32)
       Max divergence:  0.48E+02 at (11,12,1)
       Min divergence: -0.84E+01 at (6,9,11)
       Max VN number :  0.69E-01 at (3,9,31)
       Mesh    5
       Max CFL number:  0.62E+00 at (42,48,20)
       Max divergence:  0.27E+02 at (42,48,19)
       Min divergence: -0.87E+01 at (41,48,29)
       Max VN number :  0.92E-01 at (41,47,16)
       Mesh    6
       Max CFL number:  0.69E+00 at (9,46,19)
       Max divergence:  0.58E+02 at (7,42,26)
       Min divergence: -0.17E+02 at (4,46,10)
       Max VN number :  0.10E+00 at (7,42,26)
       Mesh    7
       Max CFL number:  0.67E+00 at (48,3,16)
       Max divergence:  0.65E+02 at (47,3,16)
       Min divergence: -0.12E+02 at (48,4,14)
       Max VN number :  0.93E-01 at (44,7,15)
       Mesh    8
       Max CFL number:  0.72E+00 at (2,4,16)
       Max divergence:  0.61E+02 at (2,5,6)
       Min divergence: -0.13E+02 at (1,4,15)
       Max VN number :  0.10E+00 at (10,4,16)
       Mesh    9
       Max CFL number:  0.71E+00 at (48,48,22)
       Max divergence:  0.29E+02 at (48,47,14)
       Min divergence: -0.13E+02 at (45,39,3)
       Max VN number :  0.10E+00 at (44,46,16)
       Mesh   10
       Max CFL number:  0.62E+00 at (4,46,19)
       Max divergence:  0.49E+02 at (8,46,9)
       Min divergence: -0.11E+02 at (6,41,14)
       Max VN number :  0.13E+00 at (6,48,18)
       Mesh   11
       Max CFL number:  0.73E+00 at (43,10,32)
       Max divergence:  0.37E+02 at (48,4,15)
       Min divergence: -0.82E+01 at (47,10,26)
       Max VN number :  0.12E+00 at (47,1,18)
       Mesh   12
       Max CFL number:  0.80E+00 at (4,8,13)
       Max divergence:  0.48E+02 at (2,1,30)
       Min divergence: -0.15E+02 at (7,6,26)
       Max VN number :  0.12E+00 at (6,8,23)
       Mesh   13
       Max CFL number:  0.82E+00 at (43,48,17)
       Max divergence:  0.13E+02 at (41,44,8)
       Min divergence: -0.11E+02 at (47,40,11)
       Max VN number :  0.10E+00 at (48,39,6)
       Mesh   14
       Max CFL number:  0.60E+00 at (1,40,9)
       Max divergence:  0.76E+01 at (1,41,6)
       Min divergence: -0.73E+01 at (1,40,10)
       Max VN number :  0.90E-01 at (5,48,31)
       Mesh   15
       Max CFL number:  0.88E+00 at (40,8,27)
       Max divergence:  0.12E+02 at (48,5,1)
       Min divergence: -0.15E+02 at (48,7,4)
       Max VN number :  0.13E+00 at (35,20,18)
       Mesh   16
       Max CFL number:  0.63E+00 at (3,3,27)
       Max divergence:  0.13E+02 at (1,5,1)
       Min divergence: -0.82E+01 at (4,6,1)
       Max VN number :  0.92E-01 at (1,3,15)
 
       Time Step     1800   September 19, 2026  14:08:09
       Step Size:  0.120E-02 s, Total Time:    3.05230 s
       Pressure Iterations: 7
       Maximum Velocity Error:  0.14E-01 on Mesh 8 at (4,4,32)
       Maximum Pressure Error:  0.18E+05 on Mesh 12 at (7,16,31)
       Maximum CFL Number    :  0.94E+00 on Mesh 15 at (45,7,20)
       Maximum VN Number     :  0.14E+00 on Mesh 8 at (3,6,32)
       ---------------------------------------------------------------
       Mesh    1
       Max CFL number:  0.49E+00 at (45,44,32)
       Max divergence:  0.52E+02 at (37,38,1)
       Min divergence: -0.13E+02 at (46,44,27)
       Max VN number :  0.69E-01 at (48,34,1)
       Mesh    2
       Max CFL number:  0.52E+00 at (3,42,28)
       Max divergence:  0.49E+02 at (13,39,1)
       Min divergence: -0.13E+02 at (1,46,31)
       Max VN number :  0.70E-01 at (1,39,32)
       Mesh    3
       Max CFL number:  0.48E+00 at (48,7,31)
       Max divergence:  0.53E+02 at (38,11,1)
       Min divergence: -0.81E+01 at (48,4,17)
       Max VN number :  0.78E-01 at (46,5,32)
       Mesh    4
       Max CFL number:  0.44E+00 at (1,5,32)
       Max divergence:  0.74E+02 at (8,14,1)
       Min divergence: -0.76E+01 at (1,2,17)
       Max VN number :  0.70E-01 at (6,2,24)
       Mesh    5
       Max CFL number:  0.73E+00 at (44,48,30)
       Max divergence:  0.45E+02 at (48,48,26)
       Min divergence: -0.12E+02 at (48,48,25)
       Max VN number :  0.87E-01 at (48,43,13)
       Mesh    6
       Max CFL number:  0.82E+00 at (2,48,28)
       Max divergence:  0.55E+02 at (1,43,8)
       Min divergence: -0.12E+02 at (1,39,1)
       Max VN number :  0.10E+00 at (3,46,23)
       Mesh    7
       Max CFL number:  0.83E+00 at (44,2,28)
       Max divergence:  0.46E+02 at (47,3,25)
       Min divergence: -0.10E+02 at (48,5,17)
       Max VN number :  0.12E+00 at (43,4,23)
       Mesh    8
       Max CFL number:  0.92E+00 at (2,4,28)
       Max divergence:  0.33E+02 at (5,3,26)
       Min divergence: -0.13E+02 at (1,8,23)
       Max VN number :  0.14E+00 at (3,6,32)
       Mesh    9
       Max CFL number:  0.79E+00 at (41,43,10)
       Max divergence:  0.44E+02 at (42,47,7)
       Min divergence: -0.10E+02 at (48,47,4)
       Max VN number :  0.13E+00 at (44,46,25)
       Mesh   10
       Max CFL number:  0.88E+00 at (5,48,3)
       Max divergence:  0.70E+02 at (3,40,10)
       Min divergence: -0.12E+02 at (5,41,10)
       Max VN number :  0.13E+00 at (4,40,32)
       Mesh   11
       Max CFL number:  0.83E+00 at (43,7,32)
       Max divergence:  0.64E+02 at (44,5,8)
       Min divergence: -0.10E+02 at (46,2,10)
       Max VN number :  0.13E+00 at (42,2,4)
       Mesh   12
       Max CFL number:  0.87E+00 at (6,1,1)
       Max divergence:  0.53E+02 at (3,4,30)
       Min divergence: -0.12E+02 at (3,4,29)
       Max VN number :  0.14E+00 at (7,15,30)
       Mesh   13
       Max CFL number:  0.77E+00 at (36,47,28)
       Max divergence:  0.22E+02 at (48,46,2)
       Min divergence: -0.90E+01 at (46,44,3)
       Max VN number :  0.12E+00 at (45,44,2)
       Mesh   14
       Max CFL number:  0.68E+00 at (2,48,3)
       Max divergence:  0.28E+02 at (2,45,2)
       Min divergence: -0.15E+02 at (5,47,7)
       Max VN number :  0.13E+00 at (5,42,1)
       Mesh   15
       Max CFL number:  0.94E+00 at (45,7,20)
       Max divergence:  0.38E+02 at (44,6,5)
       Min divergence: -0.16E+02 at (42,7,28)
       Max VN number :  0.13E+00 at (42,7,28)
       Mesh   16
       Max CFL number:  0.82E+00 at (2,6,10)
       Max divergence:  0.32E+02 at (1,8,14)
       Min divergence: -0.12E+02 at (2,16,15)
       Max VN number :  0.11E+00 at (3,19,2)
 
       Time Step     1900   September 19, 2026  14:08:55
       Step Size:  0.102E-02 s, Total Time:    3.15682 s
       Pressure Iterations: 7
       Maximum Velocity Error:  0.14E-01 on Mesh 15 at (48,17,15)
       Maximum Pressure Error:  0.13E+05 on Mesh 15 at (41,4,5)
       Maximum CFL Number    :  0.95E+00 on Mesh 15 at (40,11,23)
       Maximum VN Number     :  0.14E+00 on Mesh 12 at (17,1,27)
       ---------------------------------------------------------------
       Mesh    1
       Max CFL number:  0.37E+00 at (44,46,31)
       Max divergence:  0.53E+02 at (37,38,1)
       Min divergence: -0.72E+01 at (45,41,26)
       Max VN number :  0.60E-01 at (45,41,25)
       Mesh    2
       Max CFL number:  0.42E+00 at (6,47,30)
       Max divergence:  0.45E+02 at (5,48,31)
       Min divergence: -0.15E+02 at (8,48,30)
       Max VN number :  0.64E-01 at (8,44,15)
       Mesh    3
       Max CFL number:  0.40E+00 at (44,6,32)
       Max divergence:  0.51E+02 at (38,11,1)
       Min divergence: -0.10E+02 at (41,7,32)
       Max VN number :  0.63E-01 at (45,8,1)
       Mesh    4
       Max CFL number:  0.34E+00 at (3,2,32)
       Max divergence:  0.51E+02 at (5,2,31)
       Min divergence: -0.81E+01 at (2,6,17)
       Max VN number :  0.80E-01 at (6,1,30)
       Mesh    5
       Max CFL number:  0.59E+00 at (46,48,32)
       Max divergence:  0.68E+02 at (46,41,17)
       Min divergence: -0.11E+02 at (47,41,26)
       Max VN number :  0.80E-01 at (46,41,17)
       Mesh    6
       Max CFL number:  0.67E+00 at (7,48,31)
       Max divergence:  0.55E+02 at (6,46,30)
       Min divergence: -0.93E+01 at (1,37,12)
       Max VN number :  0.96E-01 at (7,48,31)
       Mesh    7
       Max CFL number:  0.58E+00 at (44,3,27)
       Max divergence:  0.20E+02 at (42,1,1)
       Min divergence: -0.65E+01 at (42,7,2)
       Max VN number :  0.79E-01 at (43,1,6)
       Mesh    8
       Max CFL number:  0.64E+00 at (5,4,32)
       Max divergence:  0.36E+02 at (4,2,1)
       Min divergence: -0.78E+01 at (2,5,21)
       Max VN number :  0.73E-01 at (1,3,16)
       Mesh    9
       Max CFL number:  0.74E+00 at (47,47,30)
       Max divergence:  0.47E+02 at (48,46,2)
       Min divergence: -0.54E+01 at (38,47,19)
       Max VN number :  0.12E+00 at (48,46,31)
       Mesh   10
       Max CFL number:  0.69E+00 at (15,48,27)
       Max divergence:  0.53E+02 at (6,47,5)
       Min divergence: -0.11E+02 at (1,47,1)
       Max VN number :  0.12E+00 at (3,46,27)
       Mesh   11
       Max CFL number:  0.76E+00 at (47,3,21)
       Max divergence:  0.28E+02 at (48,5,3)
       Min divergence: -0.12E+02 at (43,5,18)
       Max VN number :  0.11E+00 at (39,1,17)
       Mesh   12
       Max CFL number:  0.87E+00 at (8,4,19)
       Max divergence:  0.61E+02 at (8,5,16)
       Min divergence: -0.12E+02 at (7,5,16)
       Max VN number :  0.14E+00 at (17,1,27)
       Mesh   13
       Max CFL number:  0.79E+00 at (45,48,20)
       Max divergence:  0.83E+02 at (44,48,11)
       Min divergence: -0.11E+02 at (45,35,13)
       Max VN number :  0.96E-01 at (44,48,11)
       Mesh   14
       Max CFL number:  0.62E+00 at (1,47,24)
       Max divergence:  0.59E+02 at (3,43,4)
       Min divergence: -0.11E+02 at (1,40,16)
       Max VN number :  0.84E-01 at (10,48,1)
       Mesh   15
       Max CFL number:  0.95E+00 at (40,11,23)
       Max divergence:  0.63E+02 at (42,1,8)
       Min divergence: -0.12E+02 at (41,13,18)
       Max VN number :  0.99E-01 at (43,7,25)
       Mesh   16
       Max CFL number:  0.86E+00 at (3,12,6)
       Max divergence:  0.60E+02 at (6,8,6)
       Min divergence: -0.10E+02 at (1,13,25)
       Max VN number :  0.12E+00 at (3,2,4)
 
       Time Step     2000   September 19, 2026  14:09:40
       Step Size:  0.913E-03 s, Total Time:    3.25713 s
       Pressure Iterations: 6
       Maximum Velocity Error:  0.12E-01 on Mesh 2 at (1,48,23)
       Maximum Pressure Error:  0.61E+04 on Mesh 16 at (12,3,21)
       Maximum CFL Number    :  0.91E+00 on Mesh 16 at (2,9,22)
       Maximum VN Number     :  0.16E+00 on Mesh 16 at (11,4,21)
       ---------------------------------------------------------------
       Mesh    1
       Max CFL number:  0.30E+00 at (45,44,26)
       Max divergence:  0.53E+02 at (44,34,1)
       Min divergence: -0.85E+01 at (41,43,26)
       Max VN number :  0.53E-01 at (43,45,1)
       Mesh    2
       Max CFL number:  0.31E+00 at (6,46,24)
       Max divergence:  0.42E+02 at (11,37,1)
       Min divergence: -0.98E+01 at (4,46,21)
       Max VN number :  0.58E-01 at (7,44,22)
       Mesh    3
       Max CFL number:  0.32E+00 at (41,6,31)
       Max divergence:  0.57E+02 at (38,11,1)
       Min divergence: -0.55E+01 at (45,4,24)
       Max VN number :  0.44E-01 at (41,3,26)
       Mesh    4
       Max CFL number:  0.31E+00 at (8,4,21)
       Max divergence:  0.53E+02 at (15,5,1)
       Min divergence: -0.76E+01 at (1,5,26)
       Max VN number :  0.67E-01 at (4,3,1)
       Mesh    5
       Max CFL number:  0.56E+00 at (47,45,31)
       Max divergence:  0.48E+02 at (46,42,31)
       Min divergence: -0.17E+02 at (44,41,32)
       Max VN number :  0.90E-01 at (44,45,29)
       Mesh    6
       Max CFL number:  0.63E+00 at (6,45,32)
       Max divergence:  0.62E+02 at (3,45,9)
       Min divergence: -0.10E+02 at (3,42,29)
       Max VN number :  0.72E-01 at (2,39,22)
       Mesh    7
       Max CFL number:  0.55E+00 at (44,2,31)
       Max divergence:  0.36E+02 at (45,6,3)
       Min divergence: -0.95E+01 at (39,5,3)
       Max VN number :  0.67E-01 at (43,4,26)
       Mesh    8
       Max CFL number:  0.41E+00 at (9,1,32)
       Max divergence:  0.47E+02 at (4,2,5)
       Min divergence: -0.86E+01 at (2,1,22)
       Max VN number :  0.57E-01 at (2,5,8)
       Mesh    9
       Max CFL number:  0.62E+00 at (40,48,30)
       Max divergence:  0.29E+02 at (48,43,1)
       Min divergence: -0.15E+02 at (47,45,6)
       Max VN number :  0.80E-01 at (47,45,5)
       Mesh   10
       Max CFL number:  0.70E+00 at (6,46,22)
       Max divergence:  0.44E+02 at (7,47,14)
       Min divergence: -0.99E+01 at (10,46,3)
       Max VN number :  0.12E+00 at (8,47,30)
       Mesh   11
       Max CFL number:  0.58E+00 at (48,1,30)
       Max divergence:  0.18E+02 at (44,7,6)
       Min divergence: -0.81E+01 at (44,6,6)
       Max VN number :  0.96E-01 at (45,4,10)
       Mesh   12
       Max CFL number:  0.71E+00 at (6,1,30)
       Max divergence:  0.18E+02 at (8,1,11)
       Min divergence: -0.81E+01 at (12,18,31)
       Max VN number :  0.96E-01 at (6,3,18)
       Mesh   13
       Max CFL number:  0.59E+00 at (44,48,21)
       Max divergence:  0.21E+02 at (46,40,32)
       Min divergence: -0.17E+02 at (48,44,19)
       Max VN number :  0.82E-01 at (48,44,19)
       Mesh   14
       Max CFL number:  0.64E+00 at (2,47,9)
       Max divergence:  0.37E+02 at (13,46,16)
       Min divergence: -0.10E+02 at (12,47,24)
       Max VN number :  0.12E+00 at (2,48,14)
       Mesh   15
       Max CFL number:  0.84E+00 at (41,6,26)
       Max divergence:  0.38E+02 at (40,1,32)
       Min divergence: -0.76E+01 at (48,4,19)
       Max VN number :  0.11E+00 at (42,2,26)
       Mesh   16
       Max CFL number:  0.91E+00 at (2,9,22)
       Max divergence:  0.78E+02 at (11,4,21)
       Min divergence: -0.16E+02 at (11,1,25)
       Max VN number :  0.16E+00 at (11,4,21)
 
       Time Step     2100   September 19, 2026  14:10:25
       Step Size:  0.976E-03 s, Total Time:    3.34927 s
       Pressure Iterations: 6
       Maximum Velocity Error:  0.13E-01 on Mesh 4 at (15,1,0)
       Maximum Pressure Error:  0.90E+04 on Mesh 10 at (7,42,15)
       Maximum CFL Number    :  0.94E+00 on Mesh 14 at (13,48,5)
       Maximum VN Number     :  0.13E+00 on Mesh 14 at (8,42,20)
       ---------------------------------------------------------------
       Mesh    1
       Max CFL number:  0.34E+00 at (43,43,31)
       Max divergence:  0.53E+02 at (47,43,25)
       Min divergence: -0.14E+02 at (47,44,19)
       Max VN number :  0.61E-01 at (40,43,30)
       Mesh    2
       Max CFL number:  0.41E+00 at (4,45,27)
       Max divergence:  0.44E+02 at (12,38,1)
       Min divergence: -0.62E+01 at (6,46,24)
       Max VN number :  0.50E-01 at (5,42,23)
       Mesh    3
       Max CFL number:  0.34E+00 at (47,7,25)
       Max divergence:  0.43E+02 at (35,9,1)
       Min divergence: -0.67E+01 at (47,6,19)
       Max VN number :  0.49E-01 at (44,6,25)
       Mesh    4
       Max CFL number:  0.38E+00 at (4,8,29)
       Max divergence:  0.52E+02 at (14,9,1)
       Min divergence: -0.99E+01 at (7,2,24)
       Max VN number :  0.76E-01 at (10,1,1)
       Mesh    5
       Max CFL number:  0.50E+00 at (44,48,28)
       Max divergence:  0.45E+02 at (45,48,18)
       Min divergence: -0.82E+01 at (36,42,31)
       Max VN number :  0.75E-01 at (42,47,26)
       Mesh    6
       Max CFL number:  0.52E+00 at (4,38,19)
       Max divergence:  0.62E+02 at (2,45,17)
       Min divergence: -0.97E+01 at (8,47,6)
       Max VN number :  0.80E-01 at (5,40,26)
       Mesh    7
       Max CFL number:  0.51E+00 at (46,4,26)
       Max divergence:  0.43E+02 at (46,2,17)
       Min divergence: -0.12E+02 at (46,1,16)
       Max VN number :  0.78E-01 at (42,4,24)
       Mesh    8
       Max CFL number:  0.41E+00 at (1,1,32)
       Max divergence:  0.52E+02 at (8,6,7)
       Min divergence: -0.11E+02 at (4,3,10)
       Max VN number :  0.68E-01 at (4,3,11)
       Mesh    9
       Max CFL number:  0.64E+00 at (47,41,18)
       Max divergence:  0.26E+02 at (41,44,2)
       Min divergence: -0.13E+02 at (47,39,3)
       Max VN number :  0.11E+00 at (48,42,20)
       Mesh   10
       Max CFL number:  0.78E+00 at (11,46,29)
       Max divergence:  0.17E+02 at (1,44,8)
       Min divergence: -0.14E+02 at (6,42,16)
       Max VN number :  0.93E-01 at (7,42,14)
       Mesh   11
       Max CFL number:  0.55E+00 at (48,1,32)
       Max divergence:  0.16E+02 at (44,1,6)
       Min divergence: -0.65E+01 at (45,9,16)
       Max VN number :  0.80E-01 at (44,5,14)
       Mesh   12
       Max CFL number:  0.67E+00 at (12,1,32)
       Max divergence:  0.91E+01 at (11,1,25)
       Min divergence: -0.78E+01 at (10,2,30)
       Max VN number :  0.98E-01 at (12,1,31)
       Mesh   13
       Max CFL number:  0.59E+00 at (46,48,24)
       Max divergence:  0.98E+01 at (45,46,29)
       Min divergence: -0.88E+01 at (43,29,19)
       Max VN number :  0.79E-01 at (45,46,30)
       Mesh   14
       Max CFL number:  0.94E+00 at (13,48,5)
       Max divergence:  0.16E+02 at (7,42,20)
       Min divergence: -0.20E+02 at (8,42,20)
       Max VN number :  0.13E+00 at (8,42,20)
       Mesh   15
       Max CFL number:  0.67E+00 at (48,2,27)
       Max divergence:  0.97E+01 at (36,30,31)
       Min divergence: -0.57E+01 at (40,15,31)
       Max VN number :  0.76E-01 at (46,1,27)
       Mesh   16
       Max CFL number:  0.70E+00 at (7,8,13)
       Max divergence:  0.17E+02 at (11,6,30)
       Min divergence: -0.13E+02 at (11,5,30)
       Max VN number :  0.10E+00 at (3,1,6)
 
       Time Step     2200   September 19, 2026  14:11:10
       Step Size:  0.118E-02 s, Total Time:    3.46170 s
       Pressure Iterations: 10
       Maximum Velocity Error:  0.14E-01 on Mesh 1 at (33,48,1)
       Maximum Pressure Error:  0.14E+05 on Mesh 3 at (34,2,1)
       Maximum CFL Number    :  0.92E+00 on Mesh 14 at (22,48,31)
       Maximum VN Number     :  0.13E+00 on Mesh 9 at (42,38,7)
       ---------------------------------------------------------------
       Mesh    1
       Max CFL number:  0.52E+00 at (46,46,31)
       Max divergence:  0.51E+02 at (35,40,1)
       Min divergence: -0.81E+01 at (48,44,12)
       Max VN number :  0.90E-01 at (48,36,1)
       Mesh    2
       Max CFL number:  0.57E+00 at (2,44,31)
       Max divergence:  0.43E+02 at (12,38,1)
       Min divergence: -0.70E+01 at (1,47,31)
       Max VN number :  0.84E-01 at (3,43,30)
       Mesh    3
       Max CFL number:  0.53E+00 at (47,5,31)
       Max divergence:  0.45E+02 at (34,7,1)
       Min divergence: -0.10E+02 at (44,2,20)
       Max VN number :  0.76E-01 at (44,4,25)
       Mesh    4
       Max CFL number:  0.55E+00 at (4,5,32)
       Max divergence:  0.49E+02 at (14,9,1)
       Min divergence: -0.85E+01 at (4,1,31)
       Max VN number :  0.90E-01 at (4,5,31)
       Mesh    5
       Max CFL number:  0.72E+00 at (41,45,23)
       Max divergence:  0.48E+02 at (44,48,27)
       Min divergence: -0.15E+02 at (47,46,18)
       Max VN number :  0.91E-01 at (41,46,24)
       Mesh    6
       Max CFL number:  0.70E+00 at (3,47,6)
       Max divergence:  0.48E+02 at (1,46,25)
       Min divergence: -0.92E+01 at (9,47,19)
       Max VN number :  0.10E+00 at (3,45,4)
       Mesh    7
       Max CFL number:  0.68E+00 at (45,7,13)
       Max divergence:  0.64E+02 at (47,8,18)
       Min divergence: -0.11E+02 at (46,7,12)
       Max VN number :  0.92E-01 at (46,8,1)
       Mesh    8
       Max CFL number:  0.68E+00 at (3,8,10)
       Max divergence:  0.69E+02 at (2,8,22)
       Min divergence: -0.11E+02 at (7,5,16)
       Max VN number :  0.79E-01 at (6,5,19)
       Mesh    9
       Max CFL number:  0.72E+00 at (47,48,27)
       Max divergence:  0.52E+02 at (42,38,7)
       Min divergence: -0.17E+02 at (43,46,20)
       Max VN number :  0.13E+00 at (42,38,7)
       Mesh   10
       Max CFL number:  0.71E+00 at (4,48,32)
       Max divergence:  0.26E+02 at (6,33,2)
       Min divergence: -0.82E+01 at (6,44,29)
       Max VN number :  0.93E-01 at (6,44,29)
       Mesh   11
       Max CFL number:  0.67E+00 at (46,1,23)
       Max divergence:  0.15E+02 at (48,1,27)
       Min divergence: -0.12E+02 at (40,3,3)
       Max VN number :  0.11E+00 at (41,3,6)
       Mesh   12
       Max CFL number:  0.70E+00 at (6,2,28)
       Max divergence:  0.10E+02 at (2,2,5)
       Min divergence: -0.11E+02 at (3,1,6)
       Max VN number :  0.11E+00 at (1,8,30)
       Mesh   13
       Max CFL number:  0.75E+00 at (48,43,26)
       Max divergence:  0.83E+01 at (44,27,21)
       Min divergence: -0.88E+01 at (45,27,21)
       Max VN number :  0.11E+00 at (48,42,27)
       Mesh   14
       Max CFL number:  0.92E+00 at (22,48,31)
       Max divergence:  0.10E+02 at (7,42,1)
       Min divergence: -0.87E+01 at (6,38,30)
       Max VN number :  0.12E+00 at (22,48,30)
       Mesh   15
       Max CFL number:  0.73E+00 at (47,2,26)
       Max divergence:  0.76E+01 at (48,2,3)
       Min divergence: -0.45E+01 at (46,4,11)
       Max VN number :  0.10E+00 at (39,2,10)
       Mesh   16
       Max CFL number:  0.75E+00 at (12,2,23)
       Max divergence:  0.11E+02 at (3,2,4)
       Min divergence: -0.13E+02 at (1,1,7)
       Max VN number :  0.10E+00 at (11,3,26)
 
       Time Step     2300   September 19, 2026  14:11:55
       Step Size:  0.110E-02 s, Total Time:    3.58008 s
       Pressure Iterations: 6
       Maximum Velocity Error:  0.15E-01 on Mesh 5 at (46,47,32)
       Maximum Pressure Error:  0.12E+05 on Mesh 11 at (41,10,7)
       Maximum CFL Number    :  0.87E+00 on Mesh 9 at (36,43,9)
       Maximum VN Number     :  0.14E+00 on Mesh 8 at (4,1,22)
       ---------------------------------------------------------------
       Mesh    1
       Max CFL number:  0.43E+00 at (48,43,29)
       Max divergence:  0.52E+02 at (36,39,1)
       Min divergence: -0.66E+01 at (38,48,8)
       Max VN number :  0.77E-01 at (44,44,24)
       Mesh    2
       Max CFL number:  0.45E+00 at (3,45,32)
       Max divergence:  0.43E+02 at (12,38,1)
       Min divergence: -0.80E+01 at (3,46,27)
       Max VN number :  0.66E-01 at (3,44,28)
       Mesh    3
       Max CFL number:  0.37E+00 at (48,1,32)
       Max divergence:  0.46E+02 at (35,8,1)
       Min divergence: -0.62E+01 at (47,2,19)
       Max VN number :  0.85E-01 at (46,6,1)
       Mesh    4
       Max CFL number:  0.42E+00 at (4,2,30)
       Max divergence:  0.45E+02 at (1,16,1)
       Min divergence: -0.68E+01 at (2,7,25)
       Max VN number :  0.69E-01 at (2,7,27)
       Mesh    5
       Max CFL number:  0.73E+00 at (46,47,31)
       Max divergence:  0.63E+02 at (48,46,13)
       Min divergence: -0.63E+01 at (48,47,13)
       Max VN number :  0.10E+00 at (47,44,25)
       Mesh    6
       Max CFL number:  0.69E+00 at (6,43,32)
       Max divergence:  0.11E+03 at (1,48,23)
       Min divergence: -0.14E+02 at (5,47,15)
       Max VN number :  0.11E+00 at (1,44,11)
       Mesh    7
       Max CFL number:  0.78E+00 at (47,6,30)
       Max divergence:  0.59E+02 at (38,3,32)
       Min divergence: -0.92E+01 at (45,10,31)
       Max VN number :  0.89E-01 at (43,3,18)
       Mesh    8
       Max CFL number:  0.76E+00 at (2,9,29)
       Max divergence:  0.79E+02 at (2,2,24)
       Min divergence: -0.13E+02 at (3,2,22)
       Max VN number :  0.14E+00 at (4,1,22)
       Mesh    9
       Max CFL number:  0.87E+00 at (36,43,9)
       Max divergence:  0.49E+02 at (32,43,8)
       Min divergence: -0.14E+02 at (43,46,4)
       Max VN number :  0.97E-01 at (37,40,21)
       Mesh   10
       Max CFL number:  0.78E+00 at (5,39,4)
       Max divergence:  0.52E+02 at (1,45,5)
       Min divergence: -0.84E+01 at (2,34,12)
       Max VN number :  0.93E-01 at (5,48,1)
       Mesh   11
       Max CFL number:  0.68E+00 at (45,8,3)
       Max divergence:  0.66E+02 at (44,9,9)
       Min divergence: -0.17E+02 at (44,5,7)
       Max VN number :  0.94E-01 at (47,3,18)
       Mesh   12
       Max CFL number:  0.59E+00 at (1,1,6)
       Max divergence:  0.54E+02 at (1,6,2)
       Min divergence: -0.13E+02 at (1,2,5)
       Max VN number :  0.88E-01 at (1,4,10)
       Mesh   13
       Max CFL number:  0.54E+00 at (48,46,31)
       Max divergence:  0.65E+01 at (39,44,2)
       Min divergence: -0.62E+01 at (41,47,1)
       Max VN number :  0.75E-01 at (48,46,31)
       Mesh   14
       Max CFL number:  0.64E+00 at (11,47,26)
       Max divergence:  0.44E+01 at (10,47,32)
       Min divergence: -0.51E+01 at (11,40,31)
       Max VN number :  0.81E-01 at (11,40,30)
       Mesh   15
       Max CFL number:  0.65E+00 at (48,3,16)
       Max divergence:  0.62E+01 at (48,3,18)
       Min divergence: -0.46E+01 at (47,3,15)
       Max VN number :  0.78E-01 at (40,4,24)
       Mesh   16
       Max CFL number:  0.66E+00 at (6,2,11)
       Max divergence:  0.60E+01 at (5,6,15)
       Min divergence: -0.70E+01 at (7,3,22)
       Max VN number :  0.10E+00 at (5,6,11)
 
       Time Step     2400   September 19, 2026  14:12:40
       Step Size:  0.121E-02 s, Total Time:    3.69950 s
       Pressure Iterations: 8
       Maximum Velocity Error:  0.12E-01 on Mesh 10 at (1,48,6)
       Maximum Pressure Error:  0.15E+05 on Mesh 1 at (46,33,1)
       Maximum CFL Number    :  0.91E+00 on Mesh 9 at (42,47,22)
       Maximum VN Number     :  0.19E+00 on Mesh 6 at (3,44,26)
       ---------------------------------------------------------------
       Mesh    1
       Max CFL number:  0.39E+00 at (45,48,32)
       Max divergence:  0.47E+02 at (35,40,1)
       Min divergence: -0.79E+01 at (41,43,26)
       Max VN number :  0.70E-01 at (41,47,25)
       Mesh    2
       Max CFL number:  0.37E+00 at (1,44,32)
       Max divergence:  0.53E+02 at (14,41,1)
       Min divergence: -0.60E+01 at (12,41,19)
       Max VN number :  0.68E-01 at (5,44,20)
       Mesh    3
       Max CFL number:  0.36E+00 at (47,2,31)
       Max divergence:  0.47E+02 at (35,9,1)
       Min divergence: -0.79E+01 at (46,5,29)
       Max VN number :  0.66E-01 at (46,5,28)
       Mesh    4
       Max CFL number:  0.39E+00 at (9,2,30)
       Max divergence:  0.45E+02 at (15,7,1)
       Min divergence: -0.89E+01 at (9,2,31)
       Max VN number :  0.92E-01 at (9,2,30)
       Mesh    5
       Max CFL number:  0.83E+00 at (47,45,32)
       Max divergence:  0.41E+02 at (44,45,1)
       Min divergence: -0.14E+02 at (48,42,31)
       Max VN number :  0.13E+00 at (48,42,31)
       Mesh    6
       Max CFL number:  0.84E+00 at (3,44,26)
       Max divergence:  0.52E+02 at (3,46,28)
       Min divergence: -0.64E+01 at (2,46,27)
       Max VN number :  0.19E+00 at (3,44,26)
       Mesh    7
       Max CFL number:  0.71E+00 at (48,5,28)
       Max divergence:  0.37E+02 at (47,1,26)
       Min divergence: -0.64E+01 at (27,13,32)
       Max VN number :  0.78E-01 at (47,4,12)
       Mesh    8
       Max CFL number:  0.80E+00 at (2,3,30)
       Max divergence:  0.53E+02 at (2,2,11)
       Min divergence: -0.60E+01 at (5,1,14)
       Max VN number :  0.12E+00 at (10,1,28)
       Mesh    9
       Max CFL number:  0.91E+00 at (42,47,22)
       Max divergence:  0.44E+02 at (47,48,18)
       Min divergence: -0.67E+01 at (47,47,3)
       Max VN number :  0.11E+00 at (34,45,19)
       Mesh   10
       Max CFL number:  0.86E+00 at (2,48,3)
       Max divergence:  0.42E+02 at (5,47,13)
       Min divergence: -0.12E+02 at (1,37,28)
       Max VN number :  0.14E+00 at (2,48,4)
       Mesh   11
       Max CFL number:  0.84E+00 at (45,10,19)
       Max divergence:  0.70E+02 at (42,6,24)
       Min divergence: -0.14E+02 at (41,14,28)
       Max VN number :  0.17E+00 at (42,6,24)
       Mesh   12
       Max CFL number:  0.91E+00 at (1,7,15)
       Max divergence:  0.10E+03 at (6,2,10)
       Min divergence: -0.11E+02 at (6,2,9)
       Max VN number :  0.18E+00 at (8,2,8)
       Mesh   13
       Max CFL number:  0.67E+00 at (39,46,6)
       Max divergence:  0.42E+02 at (38,37,3)
       Min divergence: -0.12E+02 at (39,34,8)
       Max VN number :  0.97E-01 at (46,44,7)
       Mesh   14
       Max CFL number:  0.67E+00 at (1,42,9)
       Max divergence:  0.13E+02 at (1,38,8)
       Min divergence: -0.66E+01 at (1,47,3)
       Max VN number :  0.94E-01 at (3,45,6)
       Mesh   15
       Max CFL number:  0.70E+00 at (42,1,1)
       Max divergence:  0.13E+02 at (41,1,9)
       Min divergence: -0.56E+01 at (46,10,1)
       Max VN number :  0.12E+00 at (42,1,1)
       Mesh   16
       Max CFL number:  0.66E+00 at (7,2,12)
       Max divergence:  0.79E+01 at (1,9,1)
       Min divergence: -0.61E+01 at (2,6,2)
       Max VN number :  0.89E-01 at (4,6,5)
 
       Time Step     2500   September 19, 2026  14:13:27
       Step Size:  0.950E-03 s, Total Time:    3.80323 s
       Pressure Iterations: 7
       Maximum Velocity Error:  0.12E-01 on Mesh 10 at (1,48,29)
       Maximum Pressure Error:  0.12E+05 on Mesh 9 at (46,46,28)
       Maximum CFL Number    :  0.84E+00 on Mesh 11 at (46,5,31)
       Maximum VN Number     :  0.13E+00 on Mesh 9 at (46,47,17)
       ---------------------------------------------------------------
       Mesh    1
       Max CFL number:  0.33E+00 at (43,47,32)
       Max divergence:  0.55E+02 at (39,36,1)
       Min divergence: -0.74E+01 at (44,40,21)
       Max VN number :  0.10E+00 at (43,43,1)
       Mesh    2
       Max CFL number:  0.31E+00 at (7,43,28)
       Max divergence:  0.45E+02 at (8,35,1)
       Min divergence: -0.82E+01 at (6,40,26)
       Max VN number :  0.60E-01 at (7,41,26)
       Mesh    3
       Max CFL number:  0.33E+00 at (45,6,25)
       Max divergence:  0.54E+02 at (40,13,1)
       Min divergence: -0.71E+01 at (42,8,24)
       Max VN number :  0.63E-01 at (45,6,26)
       Mesh    4
       Max CFL number:  0.36E+00 at (8,4,28)
       Max divergence:  0.52E+02 at (9,14,1)
       Min divergence: -0.74E+01 at (2,7,5)
       Max VN number :  0.70E-01 at (8,1,19)
       Mesh    5
       Max CFL number:  0.55E+00 at (48,46,32)
       Max divergence:  0.32E+02 at (46,48,18)
       Min divergence: -0.11E+02 at (41,47,11)
       Max VN number :  0.86E-01 at (44,46,32)
       Mesh    6
       Max CFL number:  0.53E+00 at (2,48,28)
       Max divergence:  0.23E+02 at (4,46,25)
       Min divergence: -0.72E+01 at (17,43,27)
       Max VN number :  0.74E-01 at (2,48,32)
       Mesh    7
       Max CFL number:  0.51E+00 at (48,1,31)
       Max divergence:  0.47E+02 at (47,4,15)
       Min divergence: -0.82E+01 at (45,2,30)
       Max VN number :  0.65E-01 at (44,1,32)
       Mesh    8
       Max CFL number:  0.49E+00 at (5,1,25)
       Max divergence:  0.47E+02 at (4,5,10)
       Min divergence: -0.10E+02 at (1,3,16)
       Max VN number :  0.73E-01 at (2,3,17)
       Mesh    9
       Max CFL number:  0.80E+00 at (48,45,30)
       Max divergence:  0.36E+02 at (46,44,9)
       Min divergence: -0.12E+02 at (45,43,10)
       Max VN number :  0.13E+00 at (46,47,17)
       Mesh   10
       Max CFL number:  0.83E+00 at (1,43,19)
       Max divergence:  0.30E+02 at (2,45,23)
       Min divergence: -0.12E+02 at (3,45,7)
       Max VN number :  0.11E+00 at (2,44,22)
       Mesh   11
       Max CFL number:  0.84E+00 at (46,5,31)
       Max divergence:  0.52E+02 at (47,3,29)
       Min divergence: -0.75E+01 at (46,2,1)
       Max VN number :  0.12E+00 at (47,3,29)
       Mesh   12
       Max CFL number:  0.80E+00 at (1,1,27)
       Max divergence:  0.34E+02 at (1,3,30)
       Min divergence: -0.10E+02 at (11,6,19)
       Max VN number :  0.12E+00 at (1,6,25)
       Mesh   13
       Max CFL number:  0.80E+00 at (41,45,2)
       Max divergence:  0.24E+02 at (41,45,2)
       Min divergence: -0.12E+02 at (38,38,21)
       Max VN number :  0.88E-01 at (42,46,14)
       Mesh   14
       Max CFL number:  0.71E+00 at (2,41,1)
       Max divergence:  0.16E+02 at (3,27,6)
       Min divergence: -0.57E+01 at (6,38,16)
       Max VN number :  0.73E-01 at (2,46,1)
       Mesh   15
       Max CFL number:  0.78E+00 at (45,8,2)
       Max divergence:  0.72E+02 at (43,9,7)
       Min divergence: -0.10E+02 at (44,18,8)
       Max VN number :  0.12E+00 at (43,9,7)
       Mesh   16
       Max CFL number:  0.54E+00 at (1,10,1)
       Max divergence:  0.12E+02 at (4,14,2)
       Min divergence: -0.98E+01 at (2,14,10)
       Max VN number :  0.66E-01 at (20,10,30)
 
       Time Step     2600   September 19, 2026  14:14:13
       Step Size:  0.854E-03 s, Total Time:    3.89402 s
       Pressure Iterations: 6
       Maximum Velocity Error:  0.12E-01 on Mesh 10 at (4,46,32)
       Maximum Pressure Error:  0.16E+05 on Mesh 9 at (45,42,13)
       Maximum CFL Number    :  0.86E+00 on Mesh 13 at (43,42,21)
       Maximum VN Number     :  0.13E+00 on Mesh 13 at (44,46,23)
       ---------------------------------------------------------------
       Mesh    1
       Max CFL number:  0.33E+00 at (47,39,25)
       Max divergence:  0.49E+02 at (38,38,1)
       Min divergence: -0.74E+01 at (46,42,18)
       Max VN number :  0.64E-01 at (46,39,26)
       Mesh    2
       Max CFL number:  0.32E+00 at (5,47,15)
       Max divergence:  0.46E+02 at (3,33,1)
       Min divergence: -0.10E+02 at (5,48,17)
       Max VN number :  0.42E-01 at (4,42,31)
       Mesh    3
       Max CFL number:  0.28E+00 at (46,4,32)
       Max divergence:  0.53E+02 at (36,9,1)
       Min divergence: -0.75E+01 at (45,9,31)
       Max VN number :  0.72E-01 at (46,8,31)
       Mesh    4
       Max CFL number:  0.29E+00 at (5,2,29)
       Max divergence:  0.43E+02 at (11,12,1)
       Min divergence: -0.83E+01 at (5,1,18)
       Max VN number :  0.66E-01 at (3,7,25)
       Mesh    5
       Max CFL number:  0.43E+00 at (44,41,23)
       Max divergence:  0.41E+02 at (48,44,3)
       Min divergence: -0.12E+02 at (41,45,27)
       Max VN number :  0.70E-01 at (42,47,18)
       Mesh    6
       Max CFL number:  0.43E+00 at (3,44,32)
       Max divergence:  0.51E+02 at (6,41,1)
       Min divergence: -0.80E+01 at (2,47,11)
       Max VN number :  0.49E-01 at (8,40,1)
       Mesh    7
       Max CFL number:  0.39E+00 at (48,6,32)
       Max divergence:  0.43E+02 at (46,2,27)
       Min divergence: -0.95E+01 at (48,6,11)
       Max VN number :  0.74E-01 at (46,5,1)
       Mesh    8
       Max CFL number:  0.42E+00 at (1,6,32)
       Max divergence:  0.47E+02 at (5,5,14)
       Min divergence: -0.11E+02 at (8,7,13)
       Max VN number :  0.79E-01 at (5,5,14)
       Mesh    9
       Max CFL number:  0.68E+00 at (44,46,32)
       Max divergence:  0.60E+02 at (47,48,6)
       Min divergence: -0.11E+02 at (45,43,22)
       Max VN number :  0.11E+00 at (45,43,21)
       Mesh   10
       Max CFL number:  0.72E+00 at (3,45,20)
       Max divergence:  0.46E+02 at (4,45,4)
       Min divergence: -0.11E+02 at (4,43,12)
       Max VN number :  0.12E+00 at (1,43,26)
       Mesh   11
       Max CFL number:  0.62E+00 at (45,2,26)
       Max divergence:  0.30E+02 at (47,1,5)
       Min divergence: -0.73E+01 at (48,3,9)
       Max VN number :  0.87E-01 at (45,2,26)
       Mesh   12
       Max CFL number:  0.58E+00 at (1,1,29)
       Max divergence:  0.21E+02 at (1,1,6)
       Min divergence: -0.50E+01 at (1,4,9)
       Max VN number :  0.75E-01 at (1,4,5)
       Mesh   13
       Max CFL number:  0.86E+00 at (43,42,21)
       Max divergence:  0.22E+02 at (25,39,2)
       Min divergence: -0.13E+02 at (33,47,28)
       Max VN number :  0.13E+00 at (44,46,23)
       Mesh   14
       Max CFL number:  0.65E+00 at (1,45,14)
       Max divergence:  0.14E+02 at (2,27,10)
       Min divergence: -0.80E+01 at (1,48,13)
       Max VN number :  0.82E-01 at (3,48,13)
       Mesh   15
       Max CFL number:  0.70E+00 at (46,1,16)
       Max divergence:  0.17E+02 at (46,3,31)
       Min divergence: -0.71E+01 at (42,7,31)
       Max VN number :  0.99E-01 at (32,4,23)
       Mesh   16
       Max CFL number:  0.70E+00 at (1,7,16)
       Max divergence:  0.14E+02 at (5,11,23)
       Min divergence: -0.69E+01 at (2,4,31)
       Max VN number :  0.82E-01 at (1,7,18)
 
       Time Step     2700   September 19, 2026  14:14:59
       Step Size:  0.103E-02 s, Total Time:    3.99296 s
       Pressure Iterations: 7
       Maximum Velocity Error:  0.14E-01 on Mesh 1 at (48,35,1)
       Maximum Pressure Error:  0.15E+05 on Mesh 12 at (5,3,31)
       Maximum CFL Number    :  0.91E+00 on Mesh 13 at (48,48,12)
       Maximum VN Number     :  0.16E+00 on Mesh 16 at (2,1,13)
       ---------------------------------------------------------------
       Mesh    1
       Max CFL number:  0.51E+00 at (43,43,30)
       Max divergence:  0.46E+02 at (37,38,1)
       Min divergence: -0.11E+02 at (43,48,24)
       Max VN number :  0.67E-01 at (40,47,31)
       Mesh    2
       Max CFL number:  0.46E+00 at (7,47,32)
       Max divergence:  0.51E+02 at (14,40,1)
       Min divergence: -0.11E+02 at (1,43,31)
       Max VN number :  0.68E-01 at (7,48,31)
       Mesh    3
       Max CFL number:  0.46E+00 at (48,4,30)
       Max divergence:  0.45E+02 at (35,9,1)
       Min divergence: -0.98E+01 at (44,3,21)
       Max VN number :  0.87E-01 at (44,6,1)
       Mesh    4
       Max CFL number:  0.46E+00 at (5,1,29)
       Max divergence:  0.48E+02 at (11,12,1)
       Min divergence: -0.12E+02 at (1,5,31)
       Max VN number :  0.83E-01 at (6,2,17)
       Mesh    5
       Max CFL number:  0.59E+00 at (40,39,31)
       Max divergence:  0.53E+02 at (40,47,23)
       Min divergence: -0.11E+02 at (48,47,17)
       Max VN number :  0.91E-01 at (41,47,2)
       Mesh    6
       Max CFL number:  0.49E+00 at (4,45,31)
       Max divergence:  0.54E+02 at (5,42,11)
       Min divergence: -0.10E+02 at (4,44,3)
       Max VN number :  0.70E-01 at (5,48,2)
       Mesh    7
       Max CFL number:  0.50E+00 at (44,8,6)
       Max divergence:  0.53E+02 at (39,1,23)
       Min divergence: -0.13E+02 at (41,1,19)
       Max VN number :  0.86E-01 at (41,4,9)
       Mesh    8
       Max CFL number:  0.47E+00 at (2,1,30)
       Max divergence:  0.43E+02 at (1,6,14)
       Min divergence: -0.10E+02 at (4,2,25)
       Max VN number :  0.93E-01 at (7,1,30)
       Mesh    9
       Max CFL number:  0.71E+00 at (48,44,28)
       Max divergence:  0.36E+02 at (46,44,15)
       Min divergence: -0.17E+02 at (47,40,22)
       Max VN number :  0.13E+00 at (47,40,21)
       Mesh   10
       Max CFL number:  0.78E+00 at (3,45,30)
       Max divergence:  0.32E+02 at (1,47,17)
       Min divergence: -0.14E+02 at (2,42,18)
       Max VN number :  0.82E-01 at (6,45,10)
       Mesh   11
       Max CFL number:  0.72E+00 at (48,1,23)
       Max divergence:  0.59E+02 at (47,4,9)
       Min divergence: -0.83E+01 at (45,5,5)
       Max VN number :  0.98E-01 at (47,3,27)
       Mesh   12
       Max CFL number:  0.78E+00 at (5,3,27)
       Max divergence:  0.37E+02 at (3,3,32)
       Min divergence: -0.98E+01 at (1,6,27)
       Max VN number :  0.11E+00 at (5,3,28)
       Mesh   13
       Max CFL number:  0.91E+00 at (48,48,12)
       Max divergence:  0.20E+02 at (18,43,7)
       Min divergence: -0.89E+01 at (48,48,13)
       Max VN number :  0.14E+00 at (48,48,12)
       Mesh   14
       Max CFL number:  0.85E+00 at (1,48,20)
       Max divergence:  0.24E+02 at (2,45,9)
       Min divergence: -0.15E+02 at (1,43,15)
       Max VN number :  0.13E+00 at (4,43,8)
       Mesh   15
       Max CFL number:  0.74E+00 at (48,2,31)
       Max divergence:  0.12E+02 at (47,1,10)
       Min divergence: -0.76E+01 at (42,16,30)
       Max VN number :  0.94E-01 at (48,4,25)
       Mesh   16
       Max CFL number:  0.87E+00 at (3,2,28)
       Max divergence:  0.33E+02 at (3,3,1)
       Min divergence: -0.13E+02 at (2,1,13)
       Max VN number :  0.16E+00 at (2,1,13)
 
       Time Step     2800   September 19, 2026  14:15:45
       Step Size:  0.101E-02 s, Total Time:    4.09267 s
       Pressure Iterations: 7
       Maximum Velocity Error:  0.99E-02 on Mesh 10 at (3,47,32)
       Maximum Pressure Error:  0.17E+05 on Mesh 13 at (40,38,9)
       Maximum CFL Number    :  0.86E+00 on Mesh 16 at (3,4,28)
       Maximum VN Number     :  0.14E+00 on Mesh 11 at (42,8,15)
       ---------------------------------------------------------------
       Mesh    1
       Max CFL number:  0.41E+00 at (44,46,32)
       Max divergence:  0.41E+02 at (35,40,1)
       Min divergence: -0.47E+01 at (42,38,9)
       Max VN number :  0.54E-01 at (42,47,31)
       Mesh    2
       Max CFL number:  0.44E+00 at (3,48,30)
       Max divergence:  0.45E+02 at (14,43,1)
       Min divergence: -0.67E+01 at (1,40,18)
       Max VN number :  0.55E-01 at (4,43,26)
       Mesh    3
       Max CFL number:  0.39E+00 at (48,3,30)
       Max divergence:  0.45E+02 at (37,11,1)
       Min divergence: -0.64E+01 at (42,12,11)
       Max VN number :  0.68E-01 at (34,1,1)
       Mesh    4
       Max CFL number:  0.41E+00 at (4,1,30)
       Max divergence:  0.47E+02 at (15,6,1)
       Min divergence: -0.54E+01 at (2,8,12)
       Max VN number :  0.64E-01 at (5,2,32)
       Mesh    5
       Max CFL number:  0.63E+00 at (43,48,14)
       Max divergence:  0.44E+02 at (46,41,25)
       Min divergence: -0.18E+02 at (46,45,18)
       Max VN number :  0.90E-01 at (46,42,28)
       Mesh    6
       Max CFL number:  0.61E+00 at (4,48,19)
       Max divergence:  0.69E+02 at (3,43,22)
       Min divergence: -0.19E+02 at (1,45,18)
       Max VN number :  0.87E-01 at (1,48,19)
       Mesh    7
       Max CFL number:  0.59E+00 at (44,1,13)
       Max divergence:  0.43E+02 at (42,3,32)
       Min divergence: -0.18E+02 at (48,5,14)
       Max VN number :  0.73E-01 at (48,5,3)
       Mesh    8
       Max CFL number:  0.60E+00 at (5,3,22)
       Max divergence:  0.50E+02 at (8,5,31)
       Min divergence: -0.14E+02 at (1,5,16)
       Max VN number :  0.76E-01 at (8,5,31)
       Mesh    9
       Max CFL number:  0.71E+00 at (44,43,31)
       Max divergence:  0.62E+02 at (39,45,4)
       Min divergence: -0.16E+02 at (38,35,25)
       Max VN number :  0.11E+00 at (38,35,25)
       Mesh   10
       Max CFL number:  0.63E+00 at (1,42,32)
       Max divergence:  0.44E+02 at (2,48,15)
       Min divergence: -0.12E+02 at (4,47,32)
       Max VN number :  0.99E-01 at (4,47,19)
       Mesh   11
       Max CFL number:  0.56E+00 at (47,5,31)
       Max divergence:  0.53E+02 at (42,8,15)
       Min divergence: -0.12E+02 at (44,11,9)
       Max VN number :  0.14E+00 at (42,8,15)
       Mesh   12
       Max CFL number:  0.80E+00 at (8,9,29)
       Max divergence:  0.43E+02 at (1,7,12)
       Min divergence: -0.62E+01 at (16,1,1)
       Max VN number :  0.85E-01 at (9,1,6)
       Mesh   13
       Max CFL number:  0.74E+00 at (45,43,10)
       Max divergence:  0.24E+02 at (45,43,1)
       Min divergence: -0.17E+02 at (40,38,9)
       Max VN number :  0.13E+00 at (40,38,8)
       Mesh   14
       Max CFL number:  0.79E+00 at (6,48,20)
       Max divergence:  0.21E+02 at (3,45,1)
       Min divergence: -0.97E+01 at (3,47,2)
       Max VN number :  0.10E+00 at (6,47,31)
       Mesh   15
       Max CFL number:  0.71E+00 at (48,13,15)
       Max divergence:  0.17E+02 at (48,1,6)
       Min divergence: -0.82E+01 at (48,1,14)
       Max VN number :  0.12E+00 at (48,1,14)
       Mesh   16
       Max CFL number:  0.86E+00 at (3,4,28)
       Max divergence:  0.14E+02 at (4,11,13)
       Min divergence: -0.10E+02 at (3,9,15)
       Max VN number :  0.10E+00 at (6,2,21)
 
       Time Step     2900   September 19, 2026  14:16:30
       Step Size:  0.101E-02 s, Total Time:    4.19368 s
       Pressure Iterations: 6
       Maximum Velocity Error:  0.15E-01 on Mesh 7 at (47,1,32)
       Maximum Pressure Error:  0.90E+04 on Mesh 9 at (39,46,18)
       Maximum CFL Number    :  0.82E+00 on Mesh 13 at (40,36,29)
       Maximum VN Number     :  0.13E+00 on Mesh 5 at (46,43,26)
       ---------------------------------------------------------------
       Mesh    1
       Max CFL number:  0.33E+00 at (44,48,32)
       Max divergence:  0.45E+02 at (33,46,1)
       Min divergence: -0.98E+01 at (48,45,21)
       Max VN number :  0.59E-01 at (43,43,15)
       Mesh    2
       Max CFL number:  0.32E+00 at (5,45,25)
       Max divergence:  0.45E+02 at (14,40,1)
       Min divergence: -0.75E+01 at (6,43,32)
       Max VN number :  0.58E-01 at (6,43,31)
       Mesh    3
       Max CFL number:  0.35E+00 at (44,2,31)
       Max divergence:  0.49E+02 at (35,9,1)
       Min divergence: -0.97E+01 at (43,10,16)
       Max VN number :  0.57E-01 at (43,7,1)
       Mesh    4
       Max CFL number:  0.35E+00 at (1,1,32)
       Max divergence:  0.45E+02 at (14,8,1)
       Min divergence: -0.61E+01 at (11,5,9)
       Max VN number :  0.45E-01 at (3,4,22)
       Mesh    5
       Max CFL number:  0.66E+00 at (46,43,25)
       Max divergence:  0.30E+02 at (47,46,15)
       Min divergence: -0.74E+01 at (48,48,31)
       Max VN number :  0.13E+00 at (46,43,26)
       Mesh    6
       Max CFL number:  0.70E+00 at (6,47,26)
       Max divergence:  0.47E+02 at (1,44,21)
       Min divergence: -0.81E+01 at (4,41,15)
       Max VN number :  0.10E+00 at (4,45,29)
       Mesh    7
       Max CFL number:  0.62E+00 at (47,4,32)
       Max divergence:  0.31E+02 at (46,1,2)
       Min divergence: -0.77E+01 at (48,2,30)
       Max VN number :  0.74E-01 at (46,5,29)
       Mesh    8
       Max CFL number:  0.62E+00 at (7,2,32)
       Max divergence:  0.38E+02 at (3,1,7)
       Min divergence: -0.11E+02 at (2,2,29)
       Max VN number :  0.71E-01 at (3,3,7)
       Mesh    9
       Max CFL number:  0.68E+00 at (46,48,2)
       Max divergence:  0.92E+02 at (41,45,15)
       Min divergence: -0.17E+02 at (41,48,17)
       Max VN number :  0.96E-01 at (39,46,19)
       Mesh   10
       Max CFL number:  0.71E+00 at (5,47,1)
       Max divergence:  0.54E+02 at (5,47,18)
       Min divergence: -0.64E+01 at (4,44,14)
       Max VN number :  0.11E+00 at (3,46,7)
       Mesh   11
       Max CFL number:  0.71E+00 at (46,4,4)
       Max divergence:  0.81E+02 at (41,2,17)
       Min divergence: -0.13E+02 at (41,3,9)
       Max VN number :  0.86E-01 at (39,1,14)
       Mesh   12
       Max CFL number:  0.77E+00 at (6,2,2)
       Max divergence:  0.57E+02 at (5,8,16)
       Min divergence: -0.11E+02 at (1,5,9)
       Max VN number :  0.87E-01 at (1,7,28)
       Mesh   13
       Max CFL number:  0.82E+00 at (40,36,29)
       Max divergence:  0.14E+02 at (45,47,19)
       Min divergence: -0.11E+02 at (47,46,20)
       Max VN number :  0.11E+00 at (42,35,30)
       Mesh   14
       Max CFL number:  0.73E+00 at (2,45,17)
       Max divergence:  0.25E+02 at (3,39,1)
       Min divergence: -0.80E+01 at (3,40,1)
       Max VN number :  0.10E+00 at (6,43,4)
       Mesh   15
       Max CFL number:  0.63E+00 at (45,17,31)
       Max divergence:  0.19E+02 at (40,3,2)
       Min divergence: -0.13E+02 at (42,7,4)
       Max VN number :  0.12E+00 at (44,2,18)
       Mesh   16
       Max CFL number:  0.69E+00 at (6,2,17)
       Max divergence:  0.11E+02 at (7,3,25)
       Min divergence: -0.78E+01 at (6,4,24)
       Max VN number :  0.87E-01 at (4,5,23)
 
       Time Step     3000   September 19, 2026  14:17:16
       Step Size:  0.980E-03 s, Total Time:    4.29911 s
       Pressure Iterations: 6
       Maximum Velocity Error:  0.11E-01 on Mesh 13 at (48,45,7)
       Maximum Pressure Error:  0.18E+05 on Mesh 15 at (46,2,19)
       Maximum CFL Number    :  0.95E+00 on Mesh 15 at (46,2,19)
       Maximum VN Number     :  0.13E+00 on Mesh 5 at (46,42,29)
       ---------------------------------------------------------------
       Mesh    1
       Max CFL number:  0.34E+00 at (47,44,31)
       Max divergence:  0.42E+02 at (36,39,1)
       Min divergence: -0.61E+01 at (47,46,28)
       Max VN number :  0.58E-01 at (43,43,15)
       Mesh    2
       Max CFL number:  0.28E+00 at (3,43,32)
       Max divergence:  0.47E+02 at (12,38,1)
       Min divergence: -0.55E+01 at (3,42,10)
       Max VN number :  0.54E-01 at (4,39,12)
       Mesh    3
       Max CFL number:  0.34E+00 at (40,2,32)
       Max divergence:  0.49E+02 at (37,10,2)
       Min divergence: -0.80E+01 at (43,10,24)
       Max VN number :  0.76E-01 at (41,1,1)
       Mesh    4
       Max CFL number:  0.33E+00 at (3,5,31)
       Max divergence:  0.42E+02 at (16,4,1)
       Min divergence: -0.79E+01 at (10,6,17)
       Max VN number :  0.49E-01 at (3,5,32)
       Mesh    5
       Max CFL number:  0.59E+00 at (46,43,21)
       Max divergence:  0.41E+02 at (48,47,16)
       Min divergence: -0.12E+02 at (40,48,14)
       Max VN number :  0.13E+00 at (46,42,29)
       Mesh    6
       Max CFL number:  0.61E+00 at (5,46,32)
       Max divergence:  0.73E+02 at (1,48,14)
       Min divergence: -0.77E+01 at (7,39,30)
       Max VN number :  0.84E-01 at (5,47,24)
       Mesh    7
       Max CFL number:  0.40E+00 at (48,2,12)
       Max divergence:  0.63E+02 at (41,3,1)
       Min divergence: -0.65E+01 at (44,2,6)
       Max VN number :  0.55E-01 at (41,3,1)
       Mesh    8
       Max CFL number:  0.58E+00 at (5,1,24)
       Max divergence:  0.42E+02 at (2,1,13)
       Min divergence: -0.74E+01 at (5,2,26)
       Max VN number :  0.85E-01 at (5,1,25)
       Mesh    9
       Max CFL number:  0.67E+00 at (47,45,19)
       Max divergence:  0.41E+02 at (48,43,5)
       Min divergence: -0.75E+01 at (31,46,23)
       Max VN number :  0.11E+00 at (47,45,18)
       Mesh   10
       Max CFL number:  0.70E+00 at (6,44,4)
       Max divergence:  0.56E+02 at (2,42,3)
       Min divergence: -0.81E+01 at (2,43,2)
       Max VN number :  0.11E+00 at (2,42,3)
       Mesh   11
       Max CFL number:  0.62E+00 at (45,4,21)
       Max divergence:  0.27E+02 at (38,10,29)
       Min divergence: -0.63E+01 at (48,13,30)
       Max VN number :  0.80E-01 at (46,4,29)
       Mesh   12
       Max CFL number:  0.71E+00 at (8,1,18)
       Max divergence:  0.31E+02 at (2,15,26)
       Min divergence: -0.99E+01 at (12,5,28)
       Max VN number :  0.93E-01 at (1,1,22)
       Mesh   13
       Max CFL number:  0.83E+00 at (48,41,17)
       Max divergence:  0.46E+02 at (44,42,6)
       Min divergence: -0.11E+02 at (47,46,14)
       Max VN number :  0.11E+00 at (46,48,29)
       Mesh   14
       Max CFL number:  0.70E+00 at (1,46,26)
       Max divergence:  0.57E+02 at (2,48,10)
       Min divergence: -0.11E+02 at (2,48,20)
       Max VN number :  0.13E+00 at (1,47,26)
       Mesh   15
       Max CFL number:  0.95E+00 at (46,2,19)
       Max divergence:  0.48E+02 at (40,9,1)
       Min divergence: -0.78E+01 at (44,4,31)
       Max VN number :  0.12E+00 at (46,3,18)
       Mesh   16
       Max CFL number:  0.68E+00 at (1,3,11)
       Max divergence:  0.49E+02 at (2,2,8)
       Min divergence: -0.11E+02 at (6,7,1)
       Max VN number :  0.12E+00 at (1,2,14)
 
       Time Step     3100   September 19, 2026  14:18:01
       Step Size:  0.108E-02 s, Total Time:    4.40293 s
       Pressure Iterations: 7
       Maximum Velocity Error:  0.13E-01 on Mesh 3 at (48,13,1)
       Maximum Pressure Error:  0.13E+05 on Mesh 10 at (4,41,15)
       Maximum CFL Number    :  0.92E+00 on Mesh 9 at (44,42,16)
       Maximum VN Number     :  0.15E+00 on Mesh 14 at (8,45,3)
       ---------------------------------------------------------------
       Mesh    1
       Max CFL number:  0.39E+00 at (46,43,30)
       Max divergence:  0.44E+02 at (33,45,1)
       Min divergence: -0.86E+01 at (39,47,31)
       Max VN number :  0.62E-01 at (39,47,31)
       Mesh    2
       Max CFL number:  0.30E+00 at (3,46,32)
       Max divergence:  0.56E+02 at (14,40,1)
       Min divergence: -0.10E+02 at (1,37,21)
       Max VN number :  0.73E-01 at (2,42,26)
       Mesh    3
       Max CFL number:  0.40E+00 at (42,7,27)
       Max divergence:  0.66E+02 at (38,11,1)
       Min divergence: -0.90E+01 at (36,1,27)
       Max VN number :  0.94E-01 at (42,1,1)
       Mesh    4
       Max CFL number:  0.36E+00 at (4,3,28)
       Max divergence:  0.49E+02 at (11,12,1)
       Min divergence: -0.77E+01 at (8,8,21)
       Max VN number :  0.61E-01 at (4,3,31)
       Mesh    5
       Max CFL number:  0.70E+00 at (48,39,32)
       Max divergence:  0.50E+02 at (45,46,31)
       Min divergence: -0.12E+02 at (48,45,19)
       Max VN number :  0.89E-01 at (41,46,24)
       Mesh    6
       Max CFL number:  0.66E+00 at (6,44,32)
       Max divergence:  0.57E+02 at (3,45,16)
       Min divergence: -0.77E+01 at (3,44,7)
       Max VN number :  0.92E-01 at (6,44,23)
       Mesh    7
       Max CFL number:  0.58E+00 at (47,3,30)
       Max divergence:  0.49E+02 at (45,4,6)
       Min divergence: -0.99E+01 at (46,7,5)
       Max VN number :  0.89E-01 at (44,6,1)
       Mesh    8
       Max CFL number:  0.53E+00 at (1,1,22)
       Max divergence:  0.38E+02 at (1,1,22)
       Min divergence: -0.73E+01 at (4,3,18)
       Max VN number :  0.74E-01 at (4,3,17)
       Mesh    9
       Max CFL number:  0.92E+00 at (44,42,16)
       Max divergence:  0.44E+02 at (47,39,12)
       Min divergence: -0.10E+02 at (47,46,9)
       Max VN number :  0.11E+00 at (47,41,17)
       Mesh   10
       Max CFL number:  0.86E+00 at (4,43,19)
       Max divergence:  0.57E+02 at (2,44,5)
       Min divergence: -0.11E+02 at (13,47,31)
       Max VN number :  0.13E+00 at (6,42,14)
       Mesh   11
       Max CFL number:  0.57E+00 at (48,1,2)
       Max divergence:  0.23E+02 at (35,13,17)
       Min divergence: -0.95E+01 at (46,1,5)
       Max VN number :  0.87E-01 at (48,1,3)
       Mesh   12
       Max CFL number:  0.71E+00 at (9,2,28)
       Max divergence:  0.23E+02 at (2,1,3)
       Min divergence: -0.10E+02 at (14,1,32)
       Max VN number :  0.98E-01 at (1,1,29)
       Mesh   13
       Max CFL number:  0.86E+00 at (46,45,1)
       Max divergence:  0.24E+02 at (41,42,32)
       Min divergence: -0.12E+02 at (33,37,1)
       Max VN number :  0.11E+00 at (48,46,2)
       Mesh   14
       Max CFL number:  0.79E+00 at (5,46,2)
       Max divergence:  0.27E+02 at (7,45,6)
       Min divergence: -0.16E+02 at (9,48,21)
       Max VN number :  0.15E+00 at (8,45,3)
       Mesh   15
       Max CFL number:  0.68E+00 at (47,1,29)
       Max divergence:  0.20E+02 at (43,10,12)
       Min divergence: -0.12E+02 at (36,6,16)
       Max VN number :  0.99E-01 at (44,4,13)
       Mesh   16
       Max CFL number:  0.73E+00 at (7,3,9)
       Max divergence:  0.21E+02 at (12,3,9)
       Min divergence: -0.12E+02 at (14,14,7)
       Max VN number :  0.11E+00 at (15,13,5)
 
       Time Step     3200   September 19, 2026  14:18:47
       Step Size:  0.954E-03 s, Total Time:    4.50887 s
       Pressure Iterations: 7
       Maximum Velocity Error:  0.15E-01 on Mesh 9 at (48,48,32)
       Maximum Pressure Error:  0.19E+05 on Mesh 9 at (44,42,21)
       Maximum CFL Number    :  0.91E+00 on Mesh 9 at (44,43,15)
       Maximum VN Number     :  0.14E+00 on Mesh 9 at (42,45,28)
       ---------------------------------------------------------------
       Mesh    1
       Max CFL number:  0.40E+00 at (45,45,21)
       Max divergence:  0.50E+02 at (46,40,27)
       Min divergence: -0.19E+02 at (48,42,21)
       Max VN number :  0.60E-01 at (45,40,28)
       Mesh    2
       Max CFL number:  0.41E+00 at (5,43,20)
       Max divergence:  0.59E+02 at (4,33,1)
       Min divergence: -0.17E+02 at (1,44,18)
       Max VN number :  0.71E-01 at (6,42,21)
       Mesh    3
       Max CFL number:  0.40E+00 at (44,4,21)
       Max divergence:  0.49E+02 at (35,9,1)
       Min divergence: -0.12E+02 at (46,6,20)
       Max VN number :  0.57E-01 at (48,9,25)
       Mesh    4
       Max CFL number:  0.35E+00 at (7,2,19)
       Max divergence:  0.48E+02 at (11,12,1)
       Min divergence: -0.11E+02 at (1,6,18)
       Max VN number :  0.66E-01 at (5,4,1)
       Mesh    5
       Max CFL number:  0.51E+00 at (44,45,32)
       Max divergence:  0.46E+02 at (44,46,25)
       Min divergence: -0.10E+02 at (44,46,24)
       Max VN number :  0.78E-01 at (40,43,25)
       Mesh    6
       Max CFL number:  0.48E+00 at (6,43,32)
       Max divergence:  0.34E+02 at (1,45,26)
       Min divergence: -0.80E+01 at (6,46,2)
       Max VN number :  0.66E-01 at (6,43,32)
       Mesh    7
       Max CFL number:  0.43E+00 at (48,1,32)
       Max divergence:  0.54E+02 at (47,4,15)
       Min divergence: -0.13E+02 at (35,7,14)
       Max VN number :  0.73E-01 at (39,1,20)
       Mesh    8
       Max CFL number:  0.46E+00 at (1,1,29)
       Max divergence:  0.41E+02 at (1,1,32)
       Min divergence: -0.70E+01 at (9,4,6)
       Max VN number :  0.74E-01 at (1,1,32)
       Mesh    9
       Max CFL number:  0.91E+00 at (44,43,15)
       Max divergence:  0.97E+02 at (48,47,4)
       Min divergence: -0.86E+01 at (44,48,22)
       Max VN number :  0.14E+00 at (42,45,28)
       Mesh   10
       Max CFL number:  0.76E+00 at (3,42,19)
       Max divergence:  0.44E+02 at (1,48,2)
       Min divergence: -0.18E+02 at (6,41,18)
       Max VN number :  0.12E+00 at (6,41,18)
       Mesh   11
       Max CFL number:  0.74E+00 at (46,1,18)
       Max divergence:  0.34E+02 at (48,1,2)
       Min divergence: -0.75E+01 at (42,2,6)
       Max VN number :  0.10E+00 at (43,1,18)
       Mesh   12
       Max CFL number:  0.61E+00 at (1,2,24)
       Max divergence:  0.28E+02 at (1,1,1)
       Min divergence: -0.61E+01 at (5,2,2)
       Max VN number :  0.73E-01 at (1,2,28)
       Mesh   13
       Max CFL number:  0.65E+00 at (47,43,31)
       Max divergence:  0.27E+02 at (45,45,1)
       Min divergence: -0.92E+01 at (37,39,13)
       Max VN number :  0.12E+00 at (35,48,23)
       Mesh   14
       Max CFL number:  0.71E+00 at (2,46,31)
       Max divergence:  0.26E+02 at (9,45,4)
       Min divergence: -0.12E+02 at (10,43,3)
       Max VN number :  0.12E+00 at (10,45,3)
       Mesh   15
       Max CFL number:  0.55E+00 at (37,1,9)
       Max divergence:  0.14E+02 at (47,4,29)
       Min divergence: -0.69E+01 at (47,17,17)
       Max VN number :  0.77E-01 at (47,4,29)
       Mesh   16
       Max CFL number:  0.68E+00 at (9,2,28)
       Max divergence:  0.16E+02 at (12,11,18)
       Min divergence: -0.88E+01 at (14,12,23)
       Max VN number :  0.85E-01 at (15,9,20)
 
       Time Step     3300   September 19, 2026  14:19:32
       Step Size:  0.954E-03 s, Total Time:    4.60426 s
       Pressure Iterations: 7
       Maximum Velocity Error:  0.12E-01 on Mesh 1 at (48,34,1)
       Maximum Pressure Error:  0.20E+05 on Mesh 9 at (41,42,15)
       Maximum CFL Number    :  0.89E+00 on Mesh 9 at (45,38,30)
       Maximum VN Number     :  0.13E+00 on Mesh 13 at (42,35,3)
       ---------------------------------------------------------------
       Mesh    1
       Max CFL number:  0.45E+00 at (47,48,31)
       Max divergence:  0.48E+02 at (37,38,1)
       Min divergence: -0.97E+01 at (46,47,26)
       Max VN number :  0.67E-01 at (46,44,26)
       Mesh    2
       Max CFL number:  0.48E+00 at (2,47,29)
       Max divergence:  0.54E+02 at (1,48,29)
       Min divergence: -0.17E+02 at (1,48,28)
       Max VN number :  0.50E-01 at (3,45,22)
       Mesh    3
       Max CFL number:  0.45E+00 at (47,7,32)
       Max divergence:  0.44E+02 at (35,8,1)
       Min divergence: -0.15E+02 at (48,1,28)
       Max VN number :  0.50E-01 at (47,10,28)
       Mesh    4
       Max CFL number:  0.47E+00 at (6,3,32)
       Max divergence:  0.45E+02 at (12,11,1)
       Min divergence: -0.14E+02 at (2,5,30)
       Max VN number :  0.70E-01 at (6,3,32)
       Mesh    5
       Max CFL number:  0.51E+00 at (39,46,32)
       Max divergence:  0.79E+02 at (37,48,26)
       Min divergence: -0.25E+02 at (46,48,3)
       Max VN number :  0.76E-01 at (41,44,11)
       Mesh    6
       Max CFL number:  0.53E+00 at (6,44,2)
       Max divergence:  0.39E+02 at (7,46,7)
       Min divergence: -0.24E+02 at (1,48,3)
       Max VN number :  0.88E-01 at (6,44,3)
       Mesh    7
       Max CFL number:  0.51E+00 at (46,8,2)
       Max divergence:  0.48E+02 at (36,1,25)
       Min divergence: -0.19E+02 at (42,2,4)
       Max VN number :  0.70E-01 at (36,3,15)
       Mesh    8
       Max CFL number:  0.49E+00 at (1,8,12)
       Max divergence:  0.40E+02 at (3,7,19)
       Min divergence: -0.10E+02 at (6,6,9)
       Max VN number :  0.85E-01 at (6,8,4)
       Mesh    9
       Max CFL number:  0.89E+00 at (45,38,30)
       Max divergence:  0.53E+02 at (42,41,14)
       Min divergence: -0.13E+02 at (48,39,32)
       Max VN number :  0.12E+00 at (42,41,15)
       Mesh   10
       Max CFL number:  0.68E+00 at (9,43,28)
       Max divergence:  0.31E+02 at (1,44,2)
       Min divergence: -0.20E+02 at (4,46,30)
       Max VN number :  0.12E+00 at (4,46,29)
       Mesh   11
       Max CFL number:  0.62E+00 at (45,1,26)
       Max divergence:  0.33E+02 at (45,1,13)
       Min divergence: -0.78E+01 at (38,1,6)
       Max VN number :  0.81E-01 at (46,3,29)
       Mesh   12
       Max CFL number:  0.42E+00 at (14,1,31)
       Max divergence:  0.13E+02 at (2,2,5)
       Min divergence: -0.57E+01 at (6,4,4)
       Max VN number :  0.64E-01 at (10,17,31)
       Mesh   13
       Max CFL number:  0.89E+00 at (43,38,1)
       Max divergence:  0.37E+02 at (46,40,1)
       Min divergence: -0.18E+02 at (42,35,3)
       Max VN number :  0.13E+00 at (42,35,3)
       Mesh   14
       Max CFL number:  0.75E+00 at (8,46,8)
       Max divergence:  0.17E+02 at (13,48,26)
       Min divergence: -0.16E+02 at (12,46,28)
       Max VN number :  0.11E+00 at (1,44,24)
       Mesh   15
       Max CFL number:  0.77E+00 at (39,1,31)
       Max divergence:  0.21E+02 at (40,20,17)
       Min divergence: -0.84E+01 at (41,17,23)
       Max VN number :  0.77E-01 at (44,1,27)
       Mesh   16
       Max CFL number:  0.59E+00 at (3,1,11)
       Max divergence:  0.13E+02 at (4,17,17)
       Min divergence: -0.10E+02 at (7,17,14)
       Max VN number :  0.80E-01 at (9,1,29)
 
       Time Step     3400   September 19, 2026  14:20:17
       Step Size:  0.942E-03 s, Total Time:    4.69995 s
       Pressure Iterations: 8
       Maximum Velocity Error:  0.10E-01 on Mesh 2 at (1,34,0)
       Maximum Pressure Error:  0.13E+05 on Mesh 13 at (45,43,8)
       Maximum CFL Number    :  0.83E+00 on Mesh 13 at (42,43,19)
       Maximum VN Number     :  0.13E+00 on Mesh 13 at (48,40,15)
       ---------------------------------------------------------------
       Mesh    1
       Max CFL number:  0.37E+00 at (45,44,31)
       Max divergence:  0.55E+02 at (46,48,25)
       Min divergence: -0.60E+01 at (48,36,9)
       Max VN number :  0.45E-01 at (45,44,28)
       Mesh    2
       Max CFL number:  0.47E+00 at (3,43,30)
       Max divergence:  0.39E+02 at (1,47,31)
       Min divergence: -0.96E+01 at (3,47,27)
       Max VN number :  0.78E-01 at (2,43,30)
       Mesh    3
       Max CFL number:  0.38E+00 at (47,3,29)
       Max divergence:  0.48E+02 at (37,11,1)
       Min divergence: -0.59E+01 at (46,6,32)
       Max VN number :  0.52E-01 at (45,1,22)
       Mesh    4
       Max CFL number:  0.40E+00 at (4,3,32)
       Max divergence:  0.45E+02 at (13,10,1)
       Min divergence: -0.56E+01 at (6,4,23)
       Max VN number :  0.52E-01 at (4,3,32)
       Mesh    5
       Max CFL number:  0.53E+00 at (43,45,16)
       Max divergence:  0.42E+02 at (46,47,3)
       Min divergence: -0.98E+01 at (47,48,14)
       Max VN number :  0.75E-01 at (40,43,15)
       Mesh    6
       Max CFL number:  0.49E+00 at (1,48,15)
       Max divergence:  0.33E+02 at (1,42,13)
       Min divergence: -0.88E+01 at (1,47,4)
       Max VN number :  0.86E-01 at (3,42,31)
       Mesh    7
       Max CFL number:  0.57E+00 at (45,7,19)
       Max divergence:  0.65E+02 at (40,10,32)
       Min divergence: -0.12E+02 at (44,8,23)
       Max VN number :  0.73E-01 at (32,8,20)
       Mesh    8
       Max CFL number:  0.55E+00 at (7,7,23)
       Max divergence:  0.57E+02 at (6,7,28)
       Min divergence: -0.10E+02 at (9,10,16)
       Max VN number :  0.85E-01 at (7,7,24)
       Mesh    9
       Max CFL number:  0.76E+00 at (48,38,31)
       Max divergence:  0.50E+02 at (38,40,12)
       Min divergence: -0.99E+01 at (40,41,22)
       Max VN number :  0.99E-01 at (40,40,22)
       Mesh   10
       Max CFL number:  0.80E+00 at (2,34,31)
       Max divergence:  0.38E+02 at (1,45,5)
       Min divergence: -0.71E+01 at (8,44,12)
       Max VN number :  0.91E-01 at (3,32,28)
       Mesh   11
       Max CFL number:  0.52E+00 at (44,2,11)
       Max divergence:  0.53E+02 at (38,8,1)
       Min divergence: -0.10E+02 at (41,5,2)
       Max VN number :  0.80E-01 at (40,8,3)
       Mesh   12
       Max CFL number:  0.45E+00 at (7,5,4)
       Max divergence:  0.35E+02 at (1,5,5)
       Min divergence: -0.84E+01 at (2,2,2)
       Max VN number :  0.79E-01 at (4,7,2)
       Mesh   13
       Max CFL number:  0.83E+00 at (42,43,19)
       Max divergence:  0.27E+02 at (43,42,4)
       Min divergence: -0.12E+02 at (48,40,15)
       Max VN number :  0.13E+00 at (48,40,15)
       Mesh   14
       Max CFL number:  0.64E+00 at (2,46,11)
       Max divergence:  0.19E+02 at (5,33,4)
       Min divergence: -0.12E+02 at (4,34,5)
       Max VN number :  0.10E+00 at (2,40,14)
       Mesh   15
       Max CFL number:  0.69E+00 at (47,1,10)
       Max divergence:  0.17E+02 at (46,1,9)
       Min divergence: -0.12E+02 at (33,19,23)
       Max VN number :  0.92E-01 at (28,4,30)
       Mesh   16
       Max CFL number:  0.79E+00 at (2,1,11)
       Max divergence:  0.10E+02 at (2,1,7)
       Min divergence: -0.66E+01 at (6,22,19)
       Max VN number :  0.80E-01 at (4,2,13)
 
       Time Step     3500   September 19, 2026  14:21:01
       Step Size:  0.923E-03 s, Total Time:    4.79810 s
       Pressure Iterations: 7
       Maximum Velocity Error:  0.12E-01 on Mesh 3 at (40,11,0)
       Maximum Pressure Error:  0.11E+05 on Mesh 12 at (5,3,25)
       Maximum CFL Number    :  0.84E+00 on Mesh 13 at (45,37,23)
       Maximum VN Number     :  0.12E+00 on Mesh 13 at (48,36,20)
       ---------------------------------------------------------------
       Mesh    1
       Max CFL number:  0.35E+00 at (46,44,32)
       Max divergence:  0.49E+02 at (34,44,1)
       Min divergence: -0.74E+01 at (48,36,13)
       Max VN number :  0.45E-01 at (46,44,32)
       Mesh    2
       Max CFL number:  0.32E+00 at (2,45,30)
       Max divergence:  0.44E+02 at (10,36,1)
       Min divergence: -0.64E+01 at (4,48,21)
       Max VN number :  0.63E-01 at (4,42,1)
       Mesh    3
       Max CFL number:  0.26E+00 at (48,3,32)
       Max divergence:  0.56E+02 at (39,13,1)
       Min divergence: -0.46E+01 at (39,11,1)
       Max VN number :  0.45E-01 at (37,5,1)
       Mesh    4
       Max CFL number:  0.36E+00 at (2,4,32)
       Max divergence:  0.48E+02 at (11,12,1)
       Min divergence: -0.91E+01 at (6,7,21)
       Max VN number :  0.51E-01 at (2,4,32)
       Mesh    5
       Max CFL number:  0.63E+00 at (48,47,25)
       Max divergence:  0.39E+02 at (48,47,19)
       Min divergence: -0.13E+02 at (35,43,18)
       Max VN number :  0.83E-01 at (46,47,12)
       Mesh    6
       Max CFL number:  0.60E+00 at (1,48,27)
       Max divergence:  0.39E+02 at (5,48,26)
       Min divergence: -0.12E+02 at (3,48,24)
       Max VN number :  0.93E-01 at (3,43,21)
       Mesh    7
       Max CFL number:  0.63E+00 at (48,1,29)
       Max divergence:  0.28E+02 at (47,1,29)
       Min divergence: -0.51E+01 at (43,2,28)
       Max VN number :  0.67E-01 at (44,4,13)
       Mesh    8
       Max CFL number:  0.63E+00 at (6,5,31)
       Max divergence:  0.35E+02 at (4,1,30)
       Min divergence: -0.74E+01 at (2,2,23)
       Max VN number :  0.78E-01 at (8,11,25)
       Mesh    9
       Max CFL number:  0.62E+00 at (48,41,31)
       Max divergence:  0.66E+02 at (48,47,22)
       Min divergence: -0.14E+02 at (39,42,32)
       Max VN number :  0.82E-01 at (45,47,4)
       Mesh   10
       Max CFL number:  0.65E+00 at (1,33,32)
       Max divergence:  0.68E+02 at (4,46,25)
       Min divergence: -0.93E+01 at (3,45,25)
       Max VN number :  0.79E-01 at (3,34,31)
       Mesh   11
       Max CFL number:  0.53E+00 at (43,1,6)
       Max divergence:  0.55E+02 at (48,12,17)
       Min divergence: -0.93E+01 at (45,4,17)
       Max VN number :  0.95E-01 at (42,2,9)
       Mesh   12
       Max CFL number:  0.61E+00 at (5,1,15)
       Max divergence:  0.43E+02 at (7,8,11)
       Min divergence: -0.15E+02 at (7,5,26)
       Max VN number :  0.95E-01 at (9,7,4)
       Mesh   13
       Max CFL number:  0.84E+00 at (45,37,23)
       Max divergence:  0.31E+02 at (39,44,1)
       Min divergence: -0.14E+02 at (40,44,1)
       Max VN number :  0.12E+00 at (48,36,20)
       Mesh   14
       Max CFL number:  0.71E+00 at (2,31,11)
       Max divergence:  0.18E+02 at (1,33,20)
       Min divergence: -0.10E+02 at (6,29,14)
       Max VN number :  0.12E+00 at (3,37,19)
       Mesh   15
       Max CFL number:  0.44E+00 at (38,1,6)
       Max divergence:  0.57E+01 at (46,23,26)
       Min divergence: -0.66E+01 at (43,23,29)
       Max VN number :  0.57E-01 at (47,3,7)
       Mesh   16
       Max CFL number:  0.47E+00 at (24,9,22)
       Max divergence:  0.44E+01 at (1,1,19)
       Min divergence: -0.35E+01 at (1,25,17)
       Max VN number :  0.63E-01 at (15,12,29)
 
       Time Step     3600   September 19, 2026  14:21:46
       Step Size:  0.112E-02 s, Total Time:    4.90362 s
       Pressure Iterations: 6
       Maximum Velocity Error:  0.15E-01 on Mesh 13 at (48,32,9)
       Maximum Pressure Error:  0.17E+05 on Mesh 14 at (8,36,21)
       Maximum CFL Number    :  0.91E+00 on Mesh 14 at (1,34,23)
       Maximum VN Number     :  0.17E+00 on Mesh 12 at (6,2,12)
       ---------------------------------------------------------------
       Mesh    1
       Max CFL number:  0.29E+00 at (48,45,32)
       Max divergence:  0.43E+02 at (41,35,1)
       Min divergence: -0.78E+01 at (41,45,25)
       Max VN number :  0.56E-01 at (41,45,25)
       Mesh    2
       Max CFL number:  0.31E+00 at (3,42,32)
       Max divergence:  0.53E+02 at (7,34,1)
       Min divergence: -0.66E+01 at (9,42,12)
       Max VN number :  0.56E-01 at (4,44,1)
       Mesh    3
       Max CFL number:  0.29E+00 at (44,7,19)
       Max divergence:  0.54E+02 at (40,13,1)
       Min divergence: -0.77E+01 at (42,2,31)
       Max VN number :  0.72E-01 at (37,9,1)
       Mesh    4
       Max CFL number:  0.30E+00 at (1,6,32)
       Max divergence:  0.50E+02 at (10,13,1)
       Min divergence: -0.11E+02 at (1,8,13)
       Max VN number :  0.64E-01 at (3,12,1)
       Mesh    5
       Max CFL number:  0.70E+00 at (46,46,28)
       Max divergence:  0.47E+02 at (46,44,31)
       Min divergence: -0.87E+01 at (48,40,28)
       Max VN number :  0.99E-01 at (48,43,27)
       Mesh    6
       Max CFL number:  0.71E+00 at (1,47,32)
       Max divergence:  0.40E+02 at (5,48,4)
       Min divergence: -0.86E+01 at (3,42,27)
       Max VN number :  0.97E-01 at (2,46,27)
       Mesh    7
       Max CFL number:  0.70E+00 at (42,1,31)
       Max divergence:  0.19E+02 at (43,1,32)
       Min divergence: -0.64E+01 at (48,6,23)
       Max VN number :  0.69E-01 at (48,6,21)
       Mesh    8
       Max CFL number:  0.71E+00 at (1,6,22)
       Max divergence:  0.34E+02 at (7,3,7)
       Min divergence: -0.11E+02 at (3,6,20)
       Max VN number :  0.10E+00 at (8,2,9)
       Mesh    9
       Max CFL number:  0.74E+00 at (48,45,30)
       Max divergence:  0.73E+02 at (47,46,1)
       Min divergence: -0.61E+01 at (35,34,29)
       Max VN number :  0.98E-01 at (47,46,1)
       Mesh   10
       Max CFL number:  0.80E+00 at (8,45,7)
       Max divergence:  0.32E+02 at (9,41,31)
       Min divergence: -0.92E+01 at (5,43,11)
       Max VN number :  0.12E+00 at (6,48,11)
       Mesh   11
       Max CFL number:  0.83E+00 at (44,3,2)
       Max divergence:  0.36E+02 at (42,6,30)
       Min divergence: -0.65E+01 at (43,5,27)
       Max VN number :  0.11E+00 at (47,1,5)
       Mesh   12
       Max CFL number:  0.90E+00 at (7,2,5)
       Max divergence:  0.37E+02 at (6,2,12)
       Min divergence: -0.13E+02 at (9,5,29)
       Max VN number :  0.17E+00 at (6,2,12)
       Mesh   13
       Max CFL number:  0.86E+00 at (48,30,27)
       Max divergence:  0.49E+02 at (41,40,8)
       Min divergence: -0.89E+01 at (41,40,7)
       Max VN number :  0.12E+00 at (44,45,31)
       Mesh   14
       Max CFL number:  0.91E+00 at (1,34,23)
       Max divergence:  0.41E+02 at (9,35,19)
       Min divergence: -0.17E+02 at (9,35,18)
       Max VN number :  0.13E+00 at (8,36,21)
       Mesh   15
       Max CFL number:  0.76E+00 at (48,2,1)
       Max divergence:  0.47E+02 at (44,6,4)
       Min divergence: -0.11E+02 at (42,11,3)
       Max VN number :  0.85E-01 at (44,6,4)
       Mesh   16
       Max CFL number:  0.71E+00 at (1,1,1)
       Max divergence:  0.32E+02 at (7,1,1)
       Min divergence: -0.17E+02 at (5,2,7)
       Max VN number :  0.12E+00 at (5,2,7)
 
       Time Step     3700   September 19, 2026  14:22:31
       Step Size:  0.109E-02 s, Total Time:    5.01228 s
       Pressure Iterations: 5
       Maximum Velocity Error:  0.13E-01 on Mesh 11 at (45,5,32)
       Maximum Pressure Error:  0.91E+04 on Mesh 2 at (11,38,1)
       Maximum CFL Number    :  0.86E+00 on Mesh 14 at (4,34,31)
       Maximum VN Number     :  0.13E+00 on Mesh 9 at (48,45,19)
       ---------------------------------------------------------------
       Mesh    1
       Max CFL number:  0.37E+00 at (48,41,27)
       Max divergence:  0.50E+02 at (39,36,1)
       Min divergence: -0.89E+01 at (43,47,19)
       Max VN number :  0.58E-01 at (48,41,27)
       Mesh    2
       Max CFL number:  0.38E+00 at (1,42,25)
       Max divergence:  0.63E+02 at (11,38,1)
       Min divergence: -0.73E+01 at (1,38,21)
       Max VN number :  0.99E-01 at (11,45,1)
       Mesh    3
       Max CFL number:  0.42E+00 at (46,8,23)
       Max divergence:  0.47E+02 at (42,15,1)
       Min divergence: -0.15E+02 at (44,4,20)
       Max VN number :  0.70E-01 at (39,4,30)
       Mesh    4
       Max CFL number:  0.37E+00 at (7,3,21)
       Max divergence:  0.55E+02 at (11,12,1)
       Min divergence: -0.15E+02 at (1,6,17)
       Max VN number :  0.65E-01 at (3,7,1)
       Mesh    5
       Max CFL number:  0.58E+00 at (46,44,30)
       Max divergence:  0.46E+02 at (48,45,20)
       Min divergence: -0.86E+01 at (47,41,28)
       Max VN number :  0.91E-01 at (47,42,32)
       Mesh    6
       Max CFL number:  0.64E+00 at (2,43,32)
       Max divergence:  0.39E+02 at (4,47,18)
       Min divergence: -0.91E+01 at (2,38,24)
       Max VN number :  0.94E-01 at (6,48,20)
       Mesh    7
       Max CFL number:  0.56E+00 at (48,8,30)
       Max divergence:  0.32E+02 at (46,9,6)
       Min divergence: -0.61E+01 at (46,2,2)
       Max VN number :  0.82E-01 at (46,9,6)
       Mesh    8
       Max CFL number:  0.54E+00 at (2,6,28)
       Max divergence:  0.30E+02 at (4,7,8)
       Min divergence: -0.82E+01 at (7,2,24)
       Max VN number :  0.84E-01 at (9,1,10)
       Mesh    9
       Max CFL number:  0.74E+00 at (43,47,11)
       Max divergence:  0.15E+02 at (47,42,1)
       Min divergence: -0.11E+02 at (46,43,1)
       Max VN number :  0.13E+00 at (48,45,19)
       Mesh   10
       Max CFL number:  0.69E+00 at (3,43,2)
       Max divergence:  0.19E+02 at (3,43,7)
       Min divergence: -0.97E+01 at (2,43,8)
       Max VN number :  0.13E+00 at (3,43,7)
       Mesh   11
       Max CFL number:  0.84E+00 at (45,4,26)
       Max divergence:  0.10E+02 at (42,15,31)
       Min divergence: -0.59E+01 at (36,22,19)
       Max VN number :  0.92E-01 at (45,4,26)
       Mesh   12
       Max CFL number:  0.69E+00 at (2,4,28)
       Max divergence:  0.86E+01 at (3,21,26)
       Min divergence: -0.86E+01 at (14,5,30)
       Max VN number :  0.88E-01 at (10,13,22)
       Mesh   13
       Max CFL number:  0.70E+00 at (44,40,20)
       Max divergence:  0.33E+02 at (44,33,22)
       Min divergence: -0.14E+02 at (45,39,29)
       Max VN number :  0.11E+00 at (46,38,28)
       Mesh   14
       Max CFL number:  0.86E+00 at (4,34,31)
       Max divergence:  0.30E+02 at (5,26,19)
       Min divergence: -0.79E+01 at (11,26,30)
       Max VN number :  0.92E-01 at (9,35,23)
       Mesh   15
       Max CFL number:  0.67E+00 at (48,2,8)
       Max divergence:  0.13E+02 at (42,11,7)
       Min divergence: -0.68E+01 at (46,15,12)
       Max VN number :  0.10E+00 at (45,5,2)
       Mesh   16
       Max CFL number:  0.70E+00 at (2,3,9)
       Max divergence:  0.10E+02 at (1,23,2)
       Min divergence: -0.94E+01 at (1,7,23)
       Max VN number :  0.85E-01 at (1,2,3)
 
       Time Step     3800   September 19, 2026  14:23:15
       Step Size:  0.119E-02 s, Total Time:    5.13674 s
       Pressure Iterations: 6
       Maximum Velocity Error:  0.12E-01 on Mesh 7 at (48,13,1)
       Maximum Pressure Error:  0.15E+05 on Mesh 11 at (45,3,24)
       Maximum CFL Number    :  0.87E+00 on Mesh 11 at (45,3,22)
       Maximum VN Number     :  0.14E+00 on Mesh 11 at (47,2,20)
       ---------------------------------------------------------------
       Mesh    1
       Max CFL number:  0.50E+00 at (45,47,26)
       Max divergence:  0.47E+02 at (39,36,1)
       Min divergence: -0.76E+01 at (46,47,15)
       Max VN number :  0.80E-01 at (45,47,25)
       Mesh    2
       Max CFL number:  0.51E+00 at (6,47,27)
       Max divergence:  0.47E+02 at (12,38,1)
       Min divergence: -0.81E+01 at (2,36,7)
       Max VN number :  0.81E-01 at (3,46,1)
       Mesh    3
       Max CFL number:  0.52E+00 at (47,4,29)
       Max divergence:  0.44E+02 at (38,11,1)
       Min divergence: -0.96E+01 at (47,2,17)
       Max VN number :  0.67E-01 at (48,4,30)
       Mesh    4
       Max CFL number:  0.53E+00 at (3,4,31)
       Max divergence:  0.48E+02 at (13,10,1)
       Min divergence: -0.83E+01 at (3,3,31)
       Max VN number :  0.86E-01 at (6,1,32)
       Mesh    5
       Max CFL number:  0.69E+00 at (48,42,31)
       Max divergence:  0.69E+02 at (42,43,12)
       Min divergence: -0.16E+02 at (44,48,4)
       Max VN number :  0.77E-01 at (47,42,20)
       Mesh    6
       Max CFL number:  0.66E+00 at (3,46,31)
       Max divergence:  0.47E+02 at (3,46,31)
       Min divergence: -0.93E+01 at (6,48,28)
       Max VN number :  0.90E-01 at (5,45,8)
       Mesh    7
       Max CFL number:  0.64E+00 at (48,5,31)
       Max divergence:  0.58E+02 at (40,3,9)
       Min divergence: -0.21E+02 at (48,6,7)
       Max VN number :  0.96E-01 at (40,3,9)
       Mesh    8
       Max CFL number:  0.61E+00 at (1,5,32)
       Max divergence:  0.47E+02 at (4,7,18)
       Min divergence: -0.12E+02 at (3,7,17)
       Max VN number :  0.10E+00 at (9,6,21)
       Mesh    9
       Max CFL number:  0.70E+00 at (43,48,23)
       Max divergence:  0.53E+02 at (48,46,4)
       Min divergence: -0.15E+02 at (48,44,12)
       Max VN number :  0.11E+00 at (48,44,12)
       Mesh   10
       Max CFL number:  0.67E+00 at (1,48,9)
       Max divergence:  0.55E+02 at (2,46,5)
       Min divergence: -0.10E+02 at (2,39,7)
       Max VN number :  0.11E+00 at (1,47,8)
       Mesh   11
       Max CFL number:  0.87E+00 at (45,3,22)
       Max divergence:  0.33E+02 at (48,2,4)
       Min divergence: -0.13E+02 at (47,2,20)
       Max VN number :  0.14E+00 at (47,2,20)
       Mesh   12
       Max CFL number:  0.81E+00 at (1,8,11)
       Max divergence:  0.57E+02 at (5,3,2)
       Min divergence: -0.76E+01 at (7,10,5)
       Max VN number :  0.10E+00 at (2,7,12)
       Mesh   13
       Max CFL number:  0.76E+00 at (41,44,20)
       Max divergence:  0.87E+01 at (45,26,1)
       Min divergence: -0.83E+01 at (33,22,5)
       Max VN number :  0.10E+00 at (34,47,5)
       Mesh   14
       Max CFL number:  0.70E+00 at (15,25,30)
       Max divergence:  0.15E+02 at (6,48,7)
       Min divergence: -0.77E+01 at (3,31,27)
       Max VN number :  0.82E-01 at (7,48,1)
       Mesh   15
       Max CFL number:  0.64E+00 at (46,1,20)
       Max divergence:  0.63E+01 at (48,13,26)
       Min divergence: -0.77E+01 at (48,25,16)
       Max VN number :  0.89E-01 at (39,6,14)
       Mesh   16
       Max CFL number:  0.61E+00 at (3,3,31)
       Max divergence:  0.13E+02 at (4,1,6)
       Min divergence: -0.97E+01 at (5,11,27)
       Max VN number :  0.11E+00 at (15,9,10)
 
       Time Step     3900   September 19, 2026  14:24:00
       Step Size:  0.106E-02 s, Total Time:    5.25247 s
       Pressure Iterations: 7
       Maximum Velocity Error:  0.12E-01 on Mesh 5 at (48,48,13)
       Maximum Pressure Error:  0.16E+05 on Mesh 7 at (44,8,31)
       Maximum CFL Number    :  0.91E+00 on Mesh 11 at (42,12,31)
       Maximum VN Number     :  0.11E+00 on Mesh 9 at (40,43,30)
       ---------------------------------------------------------------
       Mesh    1
       Max CFL number:  0.45E+00 at (44,43,29)
       Max divergence:  0.50E+02 at (37,38,1)
       Min divergence: -0.85E+01 at (46,44,30)
       Max VN number :  0.72E-01 at (44,44,31)
       Mesh    2
       Max CFL number:  0.39E+00 at (4,47,28)
       Max divergence:  0.48E+02 at (8,35,1)
       Min divergence: -0.12E+02 at (4,48,27)
       Max VN number :  0.57E-01 at (2,44,24)
       Mesh    3
       Max CFL number:  0.39E+00 at (48,3,28)
       Max divergence:  0.46E+02 at (34,7,1)
       Min divergence: -0.59E+01 at (38,1,11)
       Max VN number :  0.63E-01 at (44,3,1)
       Mesh    4
       Max CFL number:  0.42E+00 at (6,2,32)
       Max divergence:  0.45E+02 at (11,12,1)
       Min divergence: -0.10E+02 at (3,1,31)
       Max VN number :  0.55E-01 at (3,4,27)
       Mesh    5
       Max CFL number:  0.65E+00 at (46,45,26)
       Max divergence:  0.55E+02 at (48,47,5)
       Min divergence: -0.62E+01 at (47,45,30)
       Max VN number :  0.10E+00 at (44,48,22)
       Mesh    6
       Max CFL number:  0.70E+00 at (7,45,21)
       Max divergence:  0.59E+02 at (3,45,9)
       Min divergence: -0.11E+02 at (7,47,22)
       Max VN number :  0.11E+00 at (8,48,8)
       Mesh    7
       Max CFL number:  0.52E+00 at (47,2,24)
       Max divergence:  0.56E+02 at (45,9,31)
       Min divergence: -0.91E+01 at (44,8,31)
       Max VN number :  0.11E+00 at (43,1,22)
       Mesh    8
       Max CFL number:  0.67E+00 at (9,2,29)
       Max divergence:  0.43E+02 at (12,7,28)
       Min divergence: -0.13E+02 at (2,3,23)
       Max VN number :  0.89E-01 at (3,3,17)
       Mesh    9
       Max CFL number:  0.87E+00 at (41,42,28)
       Max divergence:  0.55E+02 at (45,44,15)
       Min divergence: -0.11E+02 at (46,47,26)
       Max VN number :  0.11E+00 at (40,43,30)
       Mesh   10
       Max CFL number:  0.62E+00 at (7,44,1)
       Max divergence:  0.62E+02 at (3,42,6)
       Min divergence: -0.13E+02 at (3,42,5)
       Max VN number :  0.86E-01 at (3,42,6)
       Mesh   11
       Max CFL number:  0.91E+00 at (42,12,31)
       Max divergence:  0.75E+02 at (44,6,2)
       Min divergence: -0.98E+01 at (48,5,4)
       Max VN number :  0.11E+00 at (43,11,32)
       Mesh   12
       Max CFL number:  0.67E+00 at (1,7,18)
       Max divergence:  0.71E+02 at (10,7,3)
       Min divergence: -0.13E+02 at (10,6,2)
       Max VN number :  0.97E-01 at (2,8,9)
       Mesh   13
       Max CFL number:  0.67E+00 at (41,46,27)
       Max divergence:  0.10E+02 at (38,48,27)
       Min divergence: -0.10E+02 at (46,41,1)
       Max VN number :  0.93E-01 at (41,45,29)
       Mesh   14
       Max CFL number:  0.51E+00 at (1,48,30)
       Max divergence:  0.96E+01 at (1,46,22)
       Min divergence: -0.50E+01 at (10,44,31)
       Max VN number :  0.73E-01 at (17,30,28)
       Mesh   15
       Max CFL number:  0.81E+00 at (41,12,1)
       Max divergence:  0.74E+01 at (44,11,1)
       Min divergence: -0.76E+01 at (44,9,7)
       Max VN number :  0.95E-01 at (44,10,3)
       Mesh   16
       Max CFL number:  0.52E+00 at (1,10,2)
       Max divergence:  0.91E+01 at (9,1,22)
       Min divergence: -0.43E+01 at (1,9,3)
       Max VN number :  0.70E-01 at (9,1,22)
 
       Time Step     4000   September 19, 2026  14:24:45
       Step Size:  0.106E-02 s, Total Time:    5.35838 s
       Pressure Iterations: 6
       Maximum Velocity Error:  0.12E-01 on Mesh 9 at (40,45,32)
       Maximum Pressure Error:  0.14E+05 on Mesh 13 at (35,45,12)
       Maximum CFL Number    :  0.89E+00 on Mesh 13 at (40,46,5)
       Maximum VN Number     :  0.13E+00 on Mesh 13 at (36,41,24)
       ---------------------------------------------------------------
       Mesh    1
       Max CFL number:  0.39E+00 at (48,42,30)
       Max divergence:  0.56E+02 at (37,38,1)
       Min divergence: -0.60E+01 at (47,45,14)
       Max VN number :  0.79E-01 at (37,39,1)
       Mesh    2
       Max CFL number:  0.38E+00 at (3,43,29)
       Max divergence:  0.45E+02 at (16,48,1)
       Min divergence: -0.82E+01 at (3,43,27)
       Max VN number :  0.65E-01 at (1,42,32)
       Mesh    3
       Max CFL number:  0.40E+00 at (43,4,29)
       Max divergence:  0.49E+02 at (45,5,31)
       Min divergence: -0.95E+01 at (48,4,21)
       Max VN number :  0.66E-01 at (48,9,24)
       Mesh    4
       Max CFL number:  0.36E+00 at (2,4,32)
       Max divergence:  0.51E+02 at (11,12,1)
       Min divergence: -0.79E+01 at (5,8,15)
       Max VN number :  0.60E-01 at (2,6,32)
       Mesh    5
       Max CFL number:  0.83E+00 at (39,43,25)
       Max divergence:  0.40E+02 at (48,43,18)
       Min divergence: -0.90E+01 at (47,48,7)
       Max VN number :  0.92E-01 at (46,43,15)
       Mesh    6
       Max CFL number:  0.67E+00 at (3,43,21)
       Max divergence:  0.45E+02 at (5,46,28)
       Min divergence: -0.12E+02 at (2,47,16)
       Max VN number :  0.93E-01 at (4,42,27)
       Mesh    7
       Max CFL number:  0.56E+00 at (45,1,19)
       Max divergence:  0.40E+02 at (47,1,7)
       Min divergence: -0.69E+01 at (44,2,6)
       Max VN number :  0.90E-01 at (45,1,19)
       Mesh    8
       Max CFL number:  0.66E+00 at (4,3,22)
       Max divergence:  0.30E+02 at (2,4,32)
       Min divergence: -0.13E+02 at (18,9,31)
       Max VN number :  0.96E-01 at (4,3,17)
       Mesh    9
       Max CFL number:  0.81E+00 at (35,41,31)
       Max divergence:  0.56E+02 at (45,46,32)
       Min divergence: -0.73E+01 at (48,47,19)
       Max VN number :  0.90E-01 at (42,39,4)
       Mesh   10
       Max CFL number:  0.70E+00 at (8,48,16)
       Max divergence:  0.75E+02 at (10,44,27)
       Min divergence: -0.98E+01 at (2,47,19)
       Max VN number :  0.11E+00 at (7,45,30)
       Mesh   11
       Max CFL number:  0.64E+00 at (43,7,32)
       Max divergence:  0.27E+02 at (43,3,29)
       Min divergence: -0.83E+01 at (47,6,21)
       Max VN number :  0.89E-01 at (44,7,4)
       Mesh   12
       Max CFL number:  0.62E+00 at (9,1,13)
       Max divergence:  0.68E+02 at (7,10,22)
       Min divergence: -0.11E+02 at (8,2,14)
       Max VN number :  0.78E-01 at (12,2,14)
       Mesh   13
       Max CFL number:  0.89E+00 at (40,46,5)
       Max divergence:  0.61E+02 at (42,47,3)
       Min divergence: -0.10E+02 at (32,35,15)
       Max VN number :  0.13E+00 at (36,41,24)
       Mesh   14
       Max CFL number:  0.49E+00 at (1,47,1)
       Max divergence:  0.29E+02 at (1,48,2)
       Min divergence: -0.36E+01 at (1,42,19)
       Max VN number :  0.63E-01 at (14,39,30)
       Mesh   15
       Max CFL number:  0.81E+00 at (39,9,6)
       Max divergence:  0.38E+02 at (46,1,1)
       Min divergence: -0.10E+02 at (37,1,22)
       Max VN number :  0.11E+00 at (37,1,22)
       Mesh   16
       Max CFL number:  0.68E+00 at (2,8,5)
       Max divergence:  0.22E+02 at (1,3,2)
       Min divergence: -0.70E+01 at (5,6,4)
       Max VN number :  0.67E-01 at (1,3,2)
 
       Time Step     4100   September 19, 2026  14:25:30
       Step Size:  0.933E-03 s, Total Time:    5.45914 s
       Pressure Iterations: 6
       Maximum Velocity Error:  0.11E-01 on Mesh 9 at (47,48,9)
       Maximum Pressure Error:  0.18E+05 on Mesh 15 at (38,8,29)
       Maximum CFL Number    :  0.87E+00 on Mesh 10 at (3,44,12)
       Maximum VN Number     :  0.13E+00 on Mesh 9 at (45,46,8)
       ---------------------------------------------------------------
       Mesh    1
       Max CFL number:  0.27E+00 at (45,46,32)
       Max divergence:  0.46E+02 at (35,45,1)
       Min divergence: -0.56E+01 at (42,48,17)
       Max VN number :  0.52E-01 at (44,47,1)
       Mesh    2
       Max CFL number:  0.28E+00 at (3,46,32)
       Max divergence:  0.53E+02 at (12,38,1)
       Min divergence: -0.80E+01 at (9,43,23)
       Max VN number :  0.47E-01 at (4,44,28)
       Mesh    3
       Max CFL number:  0.35E+00 at (42,7,30)
       Max divergence:  0.51E+02 at (35,9,1)
       Min divergence: -0.70E+01 at (48,7,24)
       Max VN number :  0.54E-01 at (42,3,27)
       Mesh    4
       Max CFL number:  0.32E+00 at (1,8,28)
       Max divergence:  0.60E+02 at (11,12,1)
       Min divergence: -0.60E+01 at (5,3,19)
       Max VN number :  0.52E-01 at (9,3,1)
       Mesh    5
       Max CFL number:  0.59E+00 at (46,45,31)
       Max divergence:  0.40E+02 at (45,46,23)
       Min divergence: -0.13E+02 at (47,41,25)
       Max VN number :  0.90E-01 at (44,45,26)
       Mesh    6
       Max CFL number:  0.56E+00 at (3,48,32)
       Max divergence:  0.58E+02 at (2,44,15)
       Min divergence: -0.99E+01 at (3,48,17)
       Max VN number :  0.90E-01 at (2,45,27)
       Mesh    7
       Max CFL number:  0.57E+00 at (46,1,29)
       Max divergence:  0.65E+02 at (48,3,20)
       Min divergence: -0.16E+02 at (46,3,25)
       Max VN number :  0.99E-01 at (46,3,25)
       Mesh    8
       Max CFL number:  0.55E+00 at (1,1,32)
       Max divergence:  0.41E+02 at (1,3,20)
       Min divergence: -0.82E+01 at (8,2,10)
       Max VN number :  0.89E-01 at (5,1,19)
       Mesh    9
       Max CFL number:  0.73E+00 at (47,42,9)
       Max divergence:  0.30E+02 at (46,48,5)
       Min divergence: -0.79E+01 at (39,38,21)
       Max VN number :  0.13E+00 at (45,46,8)
       Mesh   10
       Max CFL number:  0.87E+00 at (3,44,12)
       Max divergence:  0.48E+02 at (5,46,25)
       Min divergence: -0.10E+02 at (10,43,20)
       Max VN number :  0.10E+00 at (2,44,7)
       Mesh   11
       Max CFL number:  0.67E+00 at (48,1,6)
       Max divergence:  0.33E+02 at (48,1,6)
       Min divergence: -0.96E+01 at (38,14,12)
       Max VN number :  0.98E-01 at (48,1,6)
       Mesh   12
       Max CFL number:  0.71E+00 at (7,2,12)
       Max divergence:  0.62E+02 at (6,2,23)
       Min divergence: -0.11E+02 at (6,1,19)
       Max VN number :  0.10E+00 at (3,2,1)
       Mesh   13
       Max CFL number:  0.83E+00 at (34,45,26)
       Max divergence:  0.43E+02 at (37,48,26)
       Min divergence: -0.13E+02 at (47,45,20)
       Max VN number :  0.91E-01 at (19,42,25)
       Mesh   14
       Max CFL number:  0.60E+00 at (2,48,16)
       Max divergence:  0.37E+02 at (16,47,2)
       Min divergence: -0.10E+02 at (11,47,6)
       Max VN number :  0.82E-01 at (7,44,8)
       Mesh   15
       Max CFL number:  0.81E+00 at (38,8,27)
       Max divergence:  0.47E+02 at (37,11,12)
       Min divergence: -0.69E+01 at (38,14,22)
       Max VN number :  0.12E+00 at (37,11,12)
       Mesh   16
       Max CFL number:  0.67E+00 at (3,3,12)
       Max divergence:  0.31E+02 at (13,2,1)
       Min divergence: -0.63E+01 at (7,2,7)
       Max VN number :  0.98E-01 at (7,3,7)
 
       Time Step     4200   September 19, 2026  14:26:16
       Step Size:  0.915E-03 s, Total Time:    5.55573 s
       Pressure Iterations: 6
       Maximum Velocity Error:  0.11E-01 on Mesh 9 at (48,48,13)
       Maximum Pressure Error:  0.13E+05 on Mesh 3 at (34,6,1)
       Maximum CFL Number    :  0.86E+00 on Mesh 15 at (40,3,27)
       Maximum VN Number     :  0.12E+00 on Mesh 13 at (46,47,27)
       ---------------------------------------------------------------
       Mesh    1
       Max CFL number:  0.34E+00 at (43,48,24)
       Max divergence:  0.52E+02 at (37,38,1)
       Min divergence: -0.74E+01 at (44,47,12)
       Max VN number :  0.72E-01 at (43,46,32)
       Mesh    2
       Max CFL number:  0.29E+00 at (3,44,25)
       Max divergence:  0.47E+02 at (1,43,22)
       Min divergence: -0.12E+02 at (7,44,32)
       Max VN number :  0.60E-01 at (9,48,18)
       Mesh    3
       Max CFL number:  0.35E+00 at (41,3,32)
       Max divergence:  0.55E+02 at (34,5,1)
       Min divergence: -0.95E+01 at (45,4,24)
       Max VN number :  0.51E-01 at (45,1,1)
       Mesh    4
       Max CFL number:  0.32E+00 at (1,9,25)
       Max divergence:  0.68E+02 at (12,10,1)
       Min divergence: -0.76E+01 at (2,6,19)
       Max VN number :  0.84E-01 at (8,4,1)
       Mesh    5
       Max CFL number:  0.54E+00 at (45,41,31)
       Max divergence:  0.47E+02 at (44,48,2)
       Min divergence: -0.97E+01 at (46,47,23)
       Max VN number :  0.96E-01 at (44,39,32)
       Mesh    6
       Max CFL number:  0.47E+00 at (4,48,31)
       Max divergence:  0.56E+02 at (5,44,24)
       Min divergence: -0.89E+01 at (3,46,19)
       Max VN number :  0.81E-01 at (4,48,32)
       Mesh    7
       Max CFL number:  0.51E+00 at (42,3,29)
       Max divergence:  0.60E+02 at (42,3,32)
       Min divergence: -0.12E+02 at (38,5,12)
       Max VN number :  0.85E-01 at (42,3,32)
       Mesh    8
       Max CFL number:  0.51E+00 at (3,4,32)
       Max divergence:  0.47E+02 at (7,1,7)
       Min divergence: -0.90E+01 at (4,3,3)
       Max VN number :  0.61E-01 at (6,4,12)
       Mesh    9
       Max CFL number:  0.67E+00 at (47,41,24)
       Max divergence:  0.44E+02 at (48,48,13)
       Min divergence: -0.12E+02 at (45,40,4)
       Max VN number :  0.11E+00 at (43,43,28)
       Mesh   10
       Max CFL number:  0.73E+00 at (2,39,30)
       Max divergence:  0.48E+02 at (1,47,13)
       Min divergence: -0.79E+01 at (6,45,3)
       Max VN number :  0.87E-01 at (2,45,30)
       Mesh   11
       Max CFL number:  0.59E+00 at (48,1,29)
       Max divergence:  0.34E+02 at (42,3,1)
       Min divergence: -0.13E+02 at (48,6,12)
       Max VN number :  0.83E-01 at (42,4,15)
       Mesh   12
       Max CFL number:  0.73E+00 at (5,2,32)
       Max divergence:  0.27E+02 at (1,1,12)
       Min divergence: -0.67E+01 at (1,1,11)
       Max VN number :  0.83E-01 at (3,5,13)
       Mesh   13
       Max CFL number:  0.69E+00 at (46,47,26)
       Max divergence:  0.12E+02 at (36,48,31)
       Min divergence: -0.16E+02 at (46,47,27)
       Max VN number :  0.12E+00 at (46,47,27)
       Mesh   14
       Max CFL number:  0.72E+00 at (4,43,3)
       Max divergence:  0.33E+02 at (11,40,19)
       Min divergence: -0.11E+02 at (9,41,23)
       Max VN number :  0.10E+00 at (1,48,10)
       Mesh   15
       Max CFL number:  0.86E+00 at (40,3,27)
       Max divergence:  0.34E+02 at (45,7,24)
       Min divergence: -0.72E+01 at (17,1,25)
       Max VN number :  0.79E-01 at (44,2,31)
       Mesh   16
       Max CFL number:  0.72E+00 at (4,1,1)
       Max divergence:  0.21E+02 at (6,1,4)
       Min divergence: -0.16E+02 at (19,4,11)
       Max VN number :  0.11E+00 at (5,1,3)
 
       Time Step     4300   September 19, 2026  14:27:01
       Step Size:  0.995E-03 s, Total Time:    5.65309 s
       Pressure Iterations: 7
       Maximum Velocity Error:  0.14E-01 on Mesh 1 at (48,44,32)
       Maximum Pressure Error:  0.20E+05 on Mesh 11 at (43,7,6)
       Maximum CFL Number    :  0.87E+00 on Mesh 14 at (12,33,19)
       Maximum VN Number     :  0.14E+00 on Mesh 14 at (2,37,28)
       ---------------------------------------------------------------
       Mesh    1
       Max CFL number:  0.42E+00 at (42,47,32)
       Max divergence:  0.69E+02 at (38,38,1)
       Min divergence: -0.91E+01 at (46,48,31)
       Max VN number :  0.67E-01 at (45,42,31)
       Mesh    2
       Max CFL number:  0.38E+00 at (5,45,23)
       Max divergence:  0.48E+02 at (10,36,1)
       Min divergence: -0.10E+02 at (2,45,27)
       Max VN number :  0.57E-01 at (6,45,25)
       Mesh    3
       Max CFL number:  0.44E+00 at (47,7,29)
       Max divergence:  0.45E+02 at (37,11,1)
       Min divergence: -0.60E+01 at (40,3,2)
       Max VN number :  0.53E-01 at (39,1,19)
       Mesh    4
       Max CFL number:  0.47E+00 at (6,8,32)
       Max divergence:  0.48E+02 at (9,14,1)
       Min divergence: -0.12E+02 at (6,4,19)
       Max VN number :  0.71E-01 at (6,8,31)
       Mesh    5
       Max CFL number:  0.47E+00 at (44,46,3)
       Max divergence:  0.57E+02 at (45,45,3)
       Min divergence: -0.11E+02 at (43,46,12)
       Max VN number :  0.91E-01 at (43,48,29)
       Mesh    6
       Max CFL number:  0.50E+00 at (8,45,29)
       Max divergence:  0.30E+02 at (2,47,23)
       Min divergence: -0.85E+01 at (1,44,10)
       Max VN number :  0.85E-01 at (2,44,30)
       Mesh    7
       Max CFL number:  0.54E+00 at (44,5,31)
       Max divergence:  0.43E+02 at (48,1,13)
       Min divergence: -0.12E+02 at (44,5,5)
       Max VN number :  0.86E-01 at (40,3,24)
       Mesh    8
       Max CFL number:  0.50E+00 at (7,5,31)
       Max divergence:  0.47E+02 at (2,6,20)
       Min divergence: -0.12E+02 at (11,3,31)
       Max VN number :  0.81E-01 at (5,8,1)
       Mesh    9
       Max CFL number:  0.79E+00 at (46,40,23)
       Max divergence:  0.37E+02 at (46,45,30)
       Min divergence: -0.10E+02 at (42,43,10)
       Max VN number :  0.11E+00 at (43,44,30)
       Mesh   10
       Max CFL number:  0.67E+00 at (2,48,31)
       Max divergence:  0.38E+02 at (8,47,3)
       Min divergence: -0.16E+02 at (6,48,11)
       Max VN number :  0.11E+00 at (7,46,6)
       Mesh   11
       Max CFL number:  0.73E+00 at (45,7,16)
       Max divergence:  0.56E+02 at (45,5,6)
       Min divergence: -0.13E+02 at (43,7,6)
       Max VN number :  0.13E+00 at (43,7,5)
       Mesh   12
       Max CFL number:  0.76E+00 at (3,4,32)
       Max divergence:  0.25E+02 at (8,2,2)
       Min divergence: -0.88E+01 at (4,2,11)
       Max VN number :  0.92E-01 at (4,2,11)
       Mesh   13
       Max CFL number:  0.79E+00 at (48,43,2)
       Max divergence:  0.31E+02 at (48,43,2)
       Min divergence: -0.14E+02 at (47,48,9)
       Max VN number :  0.11E+00 at (47,48,9)
       Mesh   14
       Max CFL number:  0.87E+00 at (12,33,19)
       Max divergence:  0.47E+02 at (7,44,12)
       Min divergence: -0.14E+02 at (2,37,28)
       Max VN number :  0.14E+00 at (2,37,28)
       Mesh   15
       Max CFL number:  0.66E+00 at (47,5,1)
       Max divergence:  0.23E+02 at (48,2,3)
       Min divergence: -0.16E+02 at (43,6,3)
       Max VN number :  0.11E+00 at (45,5,1)
       Mesh   16
       Max CFL number:  0.86E+00 at (9,5,9)
       Max divergence:  0.25E+02 at (2,3,3)
       Min divergence: -0.11E+02 at (17,2,27)
       Max VN number :  0.11E+00 at (9,5,10)
 
       Time Step     4400   September 19, 2026  14:27:46
       Step Size:  0.871E-03 s, Total Time:    5.75172 s
       Pressure Iterations: 7
       Maximum Velocity Error:  0.14E-01 on Mesh 3 at (41,13,0)
       Maximum Pressure Error:  0.85E+04 on Mesh 4 at (14,7,1)
       Maximum CFL Number    :  0.83E+00 on Mesh 16 at (6,3,27)
       Maximum VN Number     :  0.12E+00 on Mesh 16 at (1,9,8)
       ---------------------------------------------------------------
       Mesh    1
       Max CFL number:  0.41E+00 at (44,47,31)
       Max divergence:  0.49E+02 at (39,36,1)
       Min divergence: -0.59E+01 at (46,48,21)
       Max VN number :  0.57E-01 at (41,46,23)
       Mesh    2
       Max CFL number:  0.43E+00 at (5,43,25)
       Max divergence:  0.53E+02 at (9,35,1)
       Min divergence: -0.11E+02 at (6,48,29)
       Max VN number :  0.53E-01 at (7,46,31)
       Mesh    3
       Max CFL number:  0.37E+00 at (48,4,26)
       Max divergence:  0.81E+02 at (40,13,1)
       Min divergence: -0.11E+02 at (46,4,27)
       Max VN number :  0.68E-01 at (42,1,29)
       Mesh    4
       Max CFL number:  0.42E+00 at (6,4,29)
       Max divergence:  0.70E+02 at (14,8,1)
       Min divergence: -0.18E+02 at (5,2,29)
       Max VN number :  0.50E-01 at (9,1,32)
       Mesh    5
       Max CFL number:  0.40E+00 at (43,47,4)
       Max divergence:  0.59E+02 at (45,47,26)
       Min divergence: -0.87E+01 at (47,47,25)
       Max VN number :  0.77E-01 at (42,45,8)
       Mesh    6
       Max CFL number:  0.43E+00 at (6,41,30)
       Max divergence:  0.50E+02 at (8,48,3)
       Min divergence: -0.81E+01 at (4,48,25)
       Max VN number :  0.66E-01 at (7,45,24)
       Mesh    7
       Max CFL number:  0.42E+00 at (42,4,29)
       Max divergence:  0.47E+02 at (43,2,1)
       Min divergence: -0.10E+02 at (36,7,25)
       Max VN number :  0.62E-01 at (43,1,25)
       Mesh    8
       Max CFL number:  0.49E+00 at (3,13,11)
       Max divergence:  0.67E+02 at (2,6,31)
       Min divergence: -0.11E+02 at (8,1,2)
       Max VN number :  0.67E-01 at (11,5,5)
       Mesh    9
       Max CFL number:  0.67E+00 at (48,48,30)
       Max divergence:  0.35E+02 at (48,42,5)
       Min divergence: -0.98E+01 at (41,48,5)
       Max VN number :  0.77E-01 at (47,45,23)
       Mesh   10
       Max CFL number:  0.63E+00 at (1,48,31)
       Max divergence:  0.69E+02 at (7,48,24)
       Min divergence: -0.88E+01 at (3,43,20)
       Max VN number :  0.93E-01 at (9,47,18)
       Mesh   11
       Max CFL number:  0.63E+00 at (48,1,29)
       Max divergence:  0.50E+02 at (45,4,12)
       Min divergence: -0.12E+02 at (40,9,19)
       Max VN number :  0.95E-01 at (43,4,6)
       Mesh   12
       Max CFL number:  0.74E+00 at (4,4,26)
       Max divergence:  0.57E+02 at (1,3,5)
       Min divergence: -0.12E+02 at (1,8,3)
       Max VN number :  0.81E-01 at (8,1,19)
       Mesh   13
       Max CFL number:  0.69E+00 at (44,46,7)
       Max divergence:  0.20E+02 at (44,48,4)
       Min divergence: -0.78E+01 at (42,45,10)
       Max VN number :  0.98E-01 at (46,46,16)
       Mesh   14
       Max CFL number:  0.76E+00 at (2,46,24)
       Max divergence:  0.15E+02 at (4,46,25)
       Min divergence: -0.99E+01 at (4,48,12)
       Max VN number :  0.10E+00 at (2,44,17)
       Mesh   15
       Max CFL number:  0.77E+00 at (45,1,21)
       Max divergence:  0.24E+02 at (46,2,9)
       Min divergence: -0.19E+02 at (42,8,22)
       Max VN number :  0.11E+00 at (41,6,20)
       Mesh   16
       Max CFL number:  0.83E+00 at (6,3,27)
       Max divergence:  0.15E+02 at (1,4,4)
       Min divergence: -0.19E+02 at (1,9,8)
       Max VN number :  0.12E+00 at (1,9,8)
 
       Time Step     4500   September 19, 2026  14:28:32
       Step Size:  0.958E-03 s, Total Time:    5.84484 s
       Pressure Iterations: 6
       Maximum Velocity Error:  0.88E-02 on Mesh 14 at (1,48,27)
       Maximum Pressure Error:  0.15E+05 on Mesh 16 at (6,3,24)
       Maximum CFL Number    :  0.87E+00 on Mesh 13 at (44,43,31)
       Maximum VN Number     :  0.12E+00 on Mesh 16 at (7,5,30)
       ---------------------------------------------------------------
       Mesh    1
       Max CFL number:  0.41E+00 at (48,45,31)
       Max divergence:  0.60E+02 at (37,38,1)
       Min divergence: -0.61E+01 at (44,42,15)
       Max VN number :  0.78E-01 at (38,38,1)
       Mesh    2
       Max CFL number:  0.41E+00 at (3,45,32)
       Max divergence:  0.48E+02 at (12,38,1)
       Min divergence: -0.69E+01 at (2,36,11)
       Max VN number :  0.68E-01 at (2,48,1)
       Mesh    3
       Max CFL number:  0.35E+00 at (48,2,32)
       Max divergence:  0.46E+02 at (39,13,1)
       Min divergence: -0.94E+01 at (45,2,31)
       Max VN number :  0.62E-01 at (46,4,23)
       Mesh    4
       Max CFL number:  0.45E+00 at (4,2,32)
       Max divergence:  0.45E+02 at (11,12,1)
       Min divergence: -0.71E+01 at (5,1,27)
       Max VN number :  0.51E-01 at (14,7,1)
       Mesh    5
       Max CFL number:  0.56E+00 at (47,46,23)
       Max divergence:  0.65E+02 at (41,47,27)
       Min divergence: -0.98E+01 at (46,47,23)
       Max VN number :  0.10E+00 at (47,46,23)
       Mesh    6
       Max CFL number:  0.54E+00 at (8,43,12)
       Max divergence:  0.29E+02 at (6,46,17)
       Min divergence: -0.15E+02 at (5,46,18)
       Max VN number :  0.88E-01 at (8,43,20)
       Mesh    7
       Max CFL number:  0.55E+00 at (44,1,18)
       Max divergence:  0.54E+02 at (41,2,26)
       Min divergence: -0.15E+02 at (48,3,15)
       Max VN number :  0.74E-01 at (42,4,22)
       Mesh    8
       Max CFL number:  0.53E+00 at (1,3,12)
       Max divergence:  0.46E+02 at (3,4,16)
       Min divergence: -0.89E+01 at (6,8,31)
       Max VN number :  0.10E+00 at (3,4,17)
       Mesh    9
       Max CFL number:  0.57E+00 at (48,42,32)
       Max divergence:  0.25E+02 at (48,45,13)
       Min divergence: -0.69E+01 at (37,47,8)
       Max VN number :  0.74E-01 at (41,47,18)
       Mesh   10
       Max CFL number:  0.68E+00 at (1,43,32)
       Max divergence:  0.32E+02 at (10,45,20)
       Min divergence: -0.16E+02 at (7,38,28)
       Max VN number :  0.11E+00 at (5,48,32)
       Mesh   11
       Max CFL number:  0.60E+00 at (48,1,27)
       Max divergence:  0.57E+02 at (46,8,17)
       Min divergence: -0.12E+02 at (44,13,11)
       Max VN number :  0.82E-01 at (43,9,23)
       Mesh   12
       Max CFL number:  0.58E+00 at (1,1,26)
       Max divergence:  0.45E+02 at (2,11,11)
       Min divergence: -0.90E+01 at (7,6,27)
       Max VN number :  0.86E-01 at (9,6,25)
       Mesh   13
       Max CFL number:  0.87E+00 at (44,43,31)
       Max divergence:  0.24E+02 at (47,44,5)
       Min divergence: -0.94E+01 at (40,46,19)
       Max VN number :  0.92E-01 at (42,44,31)
       Mesh   14
       Max CFL number:  0.73E+00 at (3,47,19)
       Max divergence:  0.53E+02 at (5,48,1)
       Min divergence: -0.11E+02 at (2,47,26)
       Max VN number :  0.11E+00 at (3,41,9)
       Mesh   15
       Max CFL number:  0.66E+00 at (45,1,29)
       Max divergence:  0.18E+02 at (47,3,26)
       Min divergence: -0.11E+02 at (47,8,7)
       Max VN number :  0.97E-01 at (47,3,26)
       Mesh   16
       Max CFL number:  0.80E+00 at (10,6,30)
       Max divergence:  0.16E+02 at (7,2,24)
       Min divergence: -0.97E+01 at (7,1,1)
       Max VN number :  0.12E+00 at (7,5,30)
 
       Time Step     4600   September 19, 2026  14:29:17
       Step Size:  0.116E-02 s, Total Time:    5.95018 s
       Pressure Iterations: 7
       Maximum Velocity Error:  0.12E-01 on Mesh 15 at (48,3,22)
       Maximum Pressure Error:  0.10E+05 on Mesh 3 at (36,8,1)
       Maximum CFL Number    :  0.90E+00 on Mesh 16 at (7,3,24)
       Maximum VN Number     :  0.16E+00 on Mesh 15 at (41,8,18)
       ---------------------------------------------------------------
       Mesh    1
       Max CFL number:  0.34E+00 at (43,47,31)
       Max divergence:  0.50E+02 at (37,38,1)
       Min divergence: -0.92E+01 at (48,42,30)
       Max VN number :  0.98E-01 at (43,45,1)
       Mesh    2
       Max CFL number:  0.35E+00 at (3,48,32)
       Max divergence:  0.50E+02 at (13,39,1)
       Min divergence: -0.66E+01 at (5,44,18)
       Max VN number :  0.64E-01 at (6,42,1)
       Mesh    3
       Max CFL number:  0.34E+00 at (41,3,24)
       Max divergence:  0.60E+02 at (36,8,1)
       Min divergence: -0.94E+01 at (42,8,22)
       Max VN number :  0.68E-01 at (48,4,1)
       Mesh    4
       Max CFL number:  0.36E+00 at (7,3,30)
       Max divergence:  0.47E+02 at (13,10,1)
       Min divergence: -0.61E+01 at (11,2,13)
       Max VN number :  0.11E+00 at (5,5,1)
       Mesh    5
       Max CFL number:  0.67E+00 at (48,47,32)
       Max divergence:  0.52E+02 at (46,48,8)
       Min divergence: -0.75E+01 at (35,45,25)
       Max VN number :  0.93E-01 at (48,48,30)
       Mesh    6
       Max CFL number:  0.84E+00 at (7,47,30)
       Max divergence:  0.39E+02 at (5,47,16)
       Min divergence: -0.77E+01 at (14,42,31)
       Max VN number :  0.95E-01 at (3,45,30)
       Mesh    7
       Max CFL number:  0.62E+00 at (48,2,21)
       Max divergence:  0.46E+02 at (45,1,7)
       Min divergence: -0.83E+01 at (43,2,11)
       Max VN number :  0.10E+00 at (45,1,7)
       Mesh    8
       Max CFL number:  0.87E+00 at (6,2,27)
       Max divergence:  0.40E+02 at (4,2,30)
       Min divergence: -0.83E+01 at (7,14,28)
       Max VN number :  0.12E+00 at (6,2,28)
       Mesh    9
       Max CFL number:  0.74E+00 at (46,46,2)
       Max divergence:  0.54E+02 at (48,47,31)
       Min divergence: -0.91E+01 at (48,37,21)
       Max VN number :  0.15E+00 at (47,47,15)
       Mesh   10
       Max CFL number:  0.83E+00 at (1,45,4)
       Max divergence:  0.58E+02 at (9,48,32)
       Min divergence: -0.92E+01 at (2,34,15)
       Max VN number :  0.10E+00 at (1,36,17)
       Mesh   11
       Max CFL number:  0.82E+00 at (45,15,32)
       Max divergence:  0.51E+02 at (43,9,17)
       Min divergence: -0.77E+01 at (46,2,31)
       Max VN number :  0.10E+00 at (42,7,17)
       Mesh   12
       Max CFL number:  0.83E+00 at (6,1,2)
       Max divergence:  0.58E+02 at (5,5,24)
       Min divergence: -0.11E+02 at (4,5,28)
       Max VN number :  0.13E+00 at (6,5,4)
       Mesh   13
       Max CFL number:  0.87E+00 at (43,38,31)
       Max divergence:  0.32E+02 at (42,48,12)
       Min divergence: -0.75E+01 at (48,48,9)
       Max VN number :  0.11E+00 at (38,44,14)
       Mesh   14
       Max CFL number:  0.89E+00 at (3,42,30)
       Max divergence:  0.49E+02 at (9,48,1)
       Min divergence: -0.93E+01 at (2,47,13)
       Max VN number :  0.14E+00 at (6,42,10)
       Mesh   15
       Max CFL number:  0.85E+00 at (48,9,23)
       Max divergence:  0.74E+02 at (41,8,18)
       Min divergence: -0.19E+02 at (44,12,20)
       Max VN number :  0.16E+00 at (41,8,18)
       Mesh   16
       Max CFL number:  0.90E+00 at (7,3,24)
       Max divergence:  0.64E+02 at (1,8,5)
       Min divergence: -0.16E+02 at (11,7,11)
       Max VN number :  0.12E+00 at (7,6,7)
 
       Time Step     4700   September 19, 2026  14:30:03
       Step Size:  0.112E-02 s, Total Time:    6.05746 s
       Pressure Iterations: 8
       Maximum Velocity Error:  0.15E-01 on Mesh 3 at (41,12,0)
       Maximum Pressure Error:  0.90E+04 on Mesh 3 at (38,11,1)
       Maximum CFL Number    :  0.98E+00 on Mesh 14 at (7,40,11)
       Maximum VN Number     :  0.17E+00 on Mesh 14 at (3,42,15)
       ---------------------------------------------------------------
       Mesh    1
       Max CFL number:  0.41E+00 at (41,44,25)
       Max divergence:  0.55E+02 at (39,36,1)
       Min divergence: -0.73E+01 at (38,47,13)
       Max VN number :  0.73E-01 at (41,44,28)
       Mesh    2
       Max CFL number:  0.38E+00 at (8,44,25)
       Max divergence:  0.53E+02 at (13,40,1)
       Min divergence: -0.81E+01 at (5,38,18)
       Max VN number :  0.55E-01 at (2,41,17)
       Mesh    3
       Max CFL number:  0.36E+00 at (40,8,25)
       Max divergence:  0.84E+02 at (38,11,1)
       Min divergence: -0.92E+01 at (41,10,27)
       Max VN number :  0.10E+00 at (39,5,1)
       Mesh    4
       Max CFL number:  0.38E+00 at (8,4,26)
       Max divergence:  0.44E+02 at (14,9,1)
       Min divergence: -0.81E+01 at (3,5,19)
       Max VN number :  0.73E-01 at (5,8,15)
       Mesh    5
       Max CFL number:  0.55E+00 at (48,45,32)
       Max divergence:  0.47E+02 at (48,48,21)
       Min divergence: -0.92E+01 at (41,46,10)
       Max VN number :  0.88E-01 at (44,48,15)
       Mesh    6
       Max CFL number:  0.67E+00 at (2,44,29)
       Max divergence:  0.41E+02 at (2,48,22)
       Min divergence: -0.11E+02 at (7,48,23)
       Max VN number :  0.13E+00 at (5,44,26)
       Mesh    7
       Max CFL number:  0.56E+00 at (44,4,16)
       Max divergence:  0.39E+02 at (47,1,17)
       Min divergence: -0.67E+01 at (38,4,3)
       Max VN number :  0.73E-01 at (46,6,28)
       Mesh    8
       Max CFL number:  0.67E+00 at (6,2,30)
       Max divergence:  0.29E+02 at (3,1,16)
       Min divergence: -0.61E+01 at (10,5,32)
       Max VN number :  0.89E-01 at (10,5,31)
       Mesh    9
       Max CFL number:  0.90E+00 at (48,44,27)
       Max divergence:  0.24E+02 at (47,48,11)
       Min divergence: -0.64E+01 at (43,48,29)
       Max VN number :  0.13E+00 at (48,48,29)
       Mesh   10
       Max CFL number:  0.96E+00 at (2,46,22)
       Max divergence:  0.30E+02 at (4,48,3)
       Min divergence: -0.12E+02 at (6,45,8)
       Max VN number :  0.12E+00 at (1,45,27)
       Mesh   11
       Max CFL number:  0.74E+00 at (48,2,30)
       Max divergence:  0.17E+02 at (47,1,8)
       Min divergence: -0.89E+01 at (36,9,15)
       Max VN number :  0.13E+00 at (47,1,28)
       Mesh   12
       Max CFL number:  0.93E+00 at (1,2,30)
       Max divergence:  0.18E+02 at (4,2,4)
       Min divergence: -0.99E+01 at (11,7,14)
       Max VN number :  0.12E+00 at (7,4,32)
       Mesh   13
       Max CFL number:  0.90E+00 at (48,47,12)
       Max divergence:  0.30E+02 at (48,44,11)
       Min divergence: -0.97E+01 at (46,41,8)
       Max VN number :  0.13E+00 at (48,44,9)
       Mesh   14
       Max CFL number:  0.98E+00 at (7,40,11)
       Max divergence:  0.40E+02 at (7,40,30)
       Min divergence: -0.19E+02 at (2,43,15)
       Max VN number :  0.17E+00 at (3,42,15)
       Mesh   15
       Max CFL number:  0.93E+00 at (48,1,15)
       Max divergence:  0.52E+02 at (41,13,29)
       Min divergence: -0.93E+01 at (37,15,29)
       Max VN number :  0.13E+00 at (43,15,30)
       Mesh   16
       Max CFL number:  0.90E+00 at (1,1,15)
       Max divergence:  0.63E+02 at (3,7,17)
       Min divergence: -0.88E+01 at (15,10,15)
       Max VN number :  0.12E+00 at (7,4,1)
 
       Time Step     4800   September 19, 2026  14:30:49
       Step Size:  0.999E-03 s, Total Time:    6.15744 s
       Pressure Iterations: 8
       Maximum Velocity Error:  0.12E-01 on Mesh 2 at (15,48,0)
       Maximum Pressure Error:  0.12E+05 on Mesh 10 at (5,42,3)
       Maximum CFL Number    :  0.85E+00 on Mesh 13 at (47,45,27)
       Maximum VN Number     :  0.14E+00 on Mesh 14 at (9,43,31)
       ---------------------------------------------------------------
       Mesh    1
       Max CFL number:  0.42E+00 at (44,43,32)
       Max divergence:  0.53E+02 at (39,36,1)
       Min divergence: -0.12E+02 at (43,48,28)
       Max VN number :  0.55E-01 at (46,38,1)
       Mesh    2
       Max CFL number:  0.41E+00 at (2,44,31)
       Max divergence:  0.51E+02 at (10,36,1)
       Min divergence: -0.76E+01 at (1,44,23)
       Max VN number :  0.68E-01 at (2,46,1)
       Mesh    3
       Max CFL number:  0.40E+00 at (44,6,32)
       Max divergence:  0.65E+02 at (47,6,31)
       Min divergence: -0.12E+02 at (42,1,28)
       Max VN number :  0.80E-01 at (43,5,1)
       Mesh    4
       Max CFL number:  0.40E+00 at (7,2,31)
       Max divergence:  0.45E+02 at (9,13,1)
       Min divergence: -0.11E+02 at (5,2,17)
       Max VN number :  0.75E-01 at (7,5,29)
       Mesh    5
       Max CFL number:  0.45E+00 at (45,48,26)
       Max divergence:  0.55E+02 at (47,45,27)
       Min divergence: -0.95E+01 at (48,47,26)
       Max VN number :  0.76E-01 at (44,44,25)
       Mesh    6
       Max CFL number:  0.48E+00 at (3,43,26)
       Max divergence:  0.50E+02 at (2,44,27)
       Min divergence: -0.90E+01 at (1,46,26)
       Max VN number :  0.91E-01 at (3,41,32)
       Mesh    7
       Max CFL number:  0.46E+00 at (44,8,31)
       Max divergence:  0.39E+02 at (41,1,13)
       Min divergence: -0.10E+02 at (40,4,13)
       Max VN number :  0.72E-01 at (48,3,2)
       Mesh    8
       Max CFL number:  0.47E+00 at (9,4,30)
       Max divergence:  0.34E+02 at (4,2,1)
       Min divergence: -0.84E+01 at (1,4,25)
       Max VN number :  0.69E-01 at (6,1,25)
       Mesh    9
       Max CFL number:  0.62E+00 at (47,45,17)
       Max divergence:  0.26E+02 at (46,47,16)
       Min divergence: -0.12E+02 at (46,47,15)
       Max VN number :  0.10E+00 at (46,47,17)
       Mesh   10
       Max CFL number:  0.59E+00 at (1,44,7)
       Max divergence:  0.39E+02 at (4,45,5)
       Min divergence: -0.13E+02 at (6,40,2)
       Max VN number :  0.94E-01 at (7,47,14)
       Mesh   11
       Max CFL number:  0.58E+00 at (44,6,5)
       Max divergence:  0.27E+02 at (47,1,7)
       Min divergence: -0.79E+01 at (43,7,10)
       Max VN number :  0.78E-01 at (45,4,10)
       Mesh   12
       Max CFL number:  0.66E+00 at (5,2,22)
       Max divergence:  0.30E+02 at (1,3,3)
       Min divergence: -0.12E+02 at (8,12,27)
       Max VN number :  0.98E-01 at (2,3,8)
       Mesh   13
       Max CFL number:  0.85E+00 at (47,45,27)
       Max divergence:  0.33E+02 at (48,41,23)
       Min divergence: -0.15E+02 at (48,43,27)
       Max VN number :  0.14E+00 at (48,43,26)
       Mesh   14
       Max CFL number:  0.79E+00 at (1,45,31)
       Max divergence:  0.11E+02 at (11,41,27)
       Min divergence: -0.10E+02 at (1,41,22)
       Max VN number :  0.14E+00 at (9,43,31)
       Mesh   15
       Max CFL number:  0.65E+00 at (45,2,31)
       Max divergence:  0.85E+01 at (46,24,26)
       Min divergence: -0.54E+01 at (48,25,25)
       Max VN number :  0.87E-01 at (42,13,30)
       Mesh   16
       Max CFL number:  0.77E+00 at (6,3,31)
       Max divergence:  0.12E+02 at (8,5,1)
       Min divergence: -0.13E+02 at (1,3,6)
       Max VN number :  0.11E+00 at (1,3,6)
 
       Time Step     4900   September 19, 2026  14:31:33
       Step Size:  0.129E-02 s, Total Time:    6.27258 s
       Pressure Iterations: 7
       Maximum Velocity Error:  0.14E-01 on Mesh 3 at (48,15,1)
       Maximum Pressure Error:  0.14E+05 on Mesh 10 at (4,45,19)
       Maximum CFL Number    :  0.91E+00 on Mesh 14 at (2,48,4)
       Maximum VN Number     :  0.19E+00 on Mesh 9 at (48,47,28)
       ---------------------------------------------------------------
       Mesh    1
       Max CFL number:  0.72E+00 at (44,43,32)
       Max divergence:  0.56E+02 at (37,38,1)
       Min divergence: -0.85E+01 at (46,41,30)
       Max VN number :  0.14E+00 at (47,43,31)
       Mesh    2
       Max CFL number:  0.54E+00 at (4,44,32)
       Max divergence:  0.48E+02 at (15,42,1)
       Min divergence: -0.12E+02 at (3,48,31)
       Max VN number :  0.86E-01 at (2,47,32)
       Mesh    3
       Max CFL number:  0.65E+00 at (46,4,32)
       Max divergence:  0.50E+02 at (39,13,1)
       Min divergence: -0.54E+01 at (44,1,4)
       Max VN number :  0.89E-01 at (44,3,1)
       Mesh    4
       Max CFL number:  0.59E+00 at (3,1,29)
       Max divergence:  0.51E+02 at (9,14,1)
       Min divergence: -0.86E+01 at (3,1,31)
       Max VN number :  0.91E-01 at (3,6,28)
       Mesh    5
       Max CFL number:  0.71E+00 at (48,44,12)
       Max divergence:  0.59E+02 at (47,40,27)
       Min divergence: -0.13E+02 at (46,46,13)
       Max VN number :  0.96E-01 at (47,44,2)
       Mesh    6
       Max CFL number:  0.73E+00 at (5,44,14)
       Max divergence:  0.46E+02 at (5,48,12)
       Min divergence: -0.13E+02 at (1,44,3)
       Max VN number :  0.97E-01 at (8,45,11)
       Mesh    7
       Max CFL number:  0.69E+00 at (39,8,11)
       Max divergence:  0.61E+02 at (40,6,21)
       Min divergence: -0.13E+02 at (42,5,6)
       Max VN number :  0.11E+00 at (40,6,21)
       Mesh    8
       Max CFL number:  0.61E+00 at (8,1,32)
       Max divergence:  0.50E+02 at (4,3,7)
       Min divergence: -0.11E+02 at (1,2,31)
       Max VN number :  0.11E+00 at (4,1,11)
       Mesh    9
       Max CFL number:  0.83E+00 at (47,46,26)
       Max divergence:  0.50E+02 at (41,48,1)
       Min divergence: -0.12E+02 at (47,43,26)
       Max VN number :  0.19E+00 at (48,47,28)
       Mesh   10
       Max CFL number:  0.79E+00 at (1,48,27)
       Max divergence:  0.51E+02 at (7,46,15)
       Min divergence: -0.83E+01 at (7,46,14)
       Max VN number :  0.14E+00 at (2,44,17)
       Mesh   11
       Max CFL number:  0.81E+00 at (46,1,14)
       Max divergence:  0.43E+02 at (41,2,3)
       Min divergence: -0.16E+02 at (47,4,31)
       Max VN number :  0.13E+00 at (46,3,23)
       Mesh   12
       Max CFL number:  0.85E+00 at (4,3,30)
       Max divergence:  0.44E+02 at (5,4,14)
       Min divergence: -0.91E+01 at (5,2,19)
       Max VN number :  0.15E+00 at (4,1,29)
       Mesh   13
       Max CFL number:  0.73E+00 at (48,48,3)
       Max divergence:  0.10E+02 at (44,48,2)
       Min divergence: -0.13E+02 at (46,47,8)
       Max VN number :  0.15E+00 at (46,47,7)
       Mesh   14
       Max CFL number:  0.91E+00 at (2,48,4)
       Max divergence:  0.68E+01 at (1,46,1)
       Min divergence: -0.49E+01 at (2,39,30)
       Max VN number :  0.11E+00 at (2,39,30)
       Mesh   15
       Max CFL number:  0.79E+00 at (48,5,1)
       Max divergence:  0.14E+02 at (47,6,1)
       Min divergence: -0.12E+02 at (44,1,1)
       Max VN number :  0.12E+00 at (45,2,25)
       Mesh   16
       Max CFL number:  0.87E+00 at (2,4,7)
       Max divergence:  0.15E+02 at (8,7,12)
       Min divergence: -0.93E+01 at (7,6,13)
       Max VN number :  0.11E+00 at (9,4,16)
 
       Time Step     5000   September 19, 2026  14:32:18
       Step Size:  0.114E-02 s, Total Time:    6.39179 s
       Pressure Iterations: 7
       Maximum Velocity Error:  0.12E-01 on Mesh 15 at (48,3,10)
       Maximum Pressure Error:  0.19E+05 on Mesh 16 at (3,2,10)
       Maximum CFL Number    :  0.97E+00 on Mesh 16 at (9,12,7)
       Maximum VN Number     :  0.14E+00 on Mesh 14 at (2,46,10)
       ---------------------------------------------------------------
       Mesh    1
       Max CFL number:  0.53E+00 at (48,47,32)
       Max divergence:  0.52E+02 at (36,39,1)
       Min divergence: -0.47E+01 at (41,39,12)
       Max VN number :  0.62E-01 at (45,44,28)
       Mesh    2
       Max CFL number:  0.51E+00 at (1,46,31)
       Max divergence:  0.50E+02 at (13,39,1)
       Min divergence: -0.93E+01 at (2,45,28)
       Max VN number :  0.65E-01 at (6,47,28)
       Mesh    3
       Max CFL number:  0.46E+00 at (48,6,32)
       Max divergence:  0.53E+02 at (37,11,1)
       Min divergence: -0.61E+01 at (47,1,7)
       Max VN number :  0.87E-01 at (48,6,32)
       Mesh    4
       Max CFL number:  0.54E+00 at (6,2,32)
       Max divergence:  0.42E+02 at (13,10,1)
       Min divergence: -0.81E+01 at (10,4,12)
       Max VN number :  0.69E-01 at (6,2,32)
       Mesh    5
       Max CFL number:  0.74E+00 at (41,46,22)
       Max divergence:  0.46E+02 at (40,45,28)
       Min divergence: -0.14E+02 at (46,47,12)
       Max VN number :  0.77E-01 at (34,46,30)
       Mesh    6
       Max CFL number:  0.68E+00 at (1,47,25)
       Max divergence:  0.64E+02 at (6,38,29)
       Min divergence: -0.86E+01 at (4,39,29)
       Max VN number :  0.12E+00 at (6,38,31)
       Mesh    7
       Max CFL number:  0.75E+00 at (41,1,24)
       Max divergence:  0.55E+02 at (48,3,25)
       Min divergence: -0.14E+02 at (48,1,24)
       Max VN number :  0.93E-01 at (42,2,14)
       Mesh    8
       Max CFL number:  0.61E+00 at (1,2,17)
       Max divergence:  0.62E+02 at (1,3,24)
       Min divergence: -0.12E+02 at (5,5,23)
       Max VN number :  0.13E+00 at (2,4,23)
       Mesh    9
       Max CFL number:  0.72E+00 at (48,48,19)
       Max divergence:  0.77E+02 at (48,45,18)
       Min divergence: -0.86E+01 at (48,44,16)
       Max VN number :  0.13E+00 at (42,44,15)
       Mesh   10
       Max CFL number:  0.84E+00 at (3,46,20)
       Max divergence:  0.61E+02 at (5,39,10)
       Min divergence: -0.11E+02 at (14,38,29)
       Max VN number :  0.98E-01 at (10,46,30)
       Mesh   11
       Max CFL number:  0.83E+00 at (46,8,21)
       Max divergence:  0.47E+02 at (38,7,1)
       Min divergence: -0.11E+02 at (42,3,11)
       Max VN number :  0.10E+00 at (36,6,4)
       Mesh   12
       Max CFL number:  0.77E+00 at (3,4,18)
       Max divergence:  0.42E+02 at (1,1,19)
       Min divergence: -0.77E+01 at (3,4,18)
       Max VN number :  0.89E-01 at (3,8,29)
       Mesh   13
       Max CFL number:  0.79E+00 at (45,47,11)
       Max divergence:  0.20E+02 at (47,46,4)
       Min divergence: -0.10E+02 at (39,48,7)
       Max VN number :  0.12E+00 at (42,44,5)
       Mesh   14
       Max CFL number:  0.76E+00 at (1,46,9)
       Max divergence:  0.39E+02 at (4,46,4)
       Min divergence: -0.72E+01 at (2,46,11)
       Max VN number :  0.14E+00 at (2,46,10)
       Mesh   15
       Max CFL number:  0.88E+00 at (47,5,9)
       Max divergence:  0.43E+02 at (46,6,19)
       Min divergence: -0.12E+02 at (46,7,16)
       Max VN number :  0.13E+00 at (46,7,17)
       Mesh   16
       Max CFL number:  0.97E+00 at (9,12,7)
       Max divergence:  0.55E+02 at (3,2,10)
       Min divergence: -0.86E+01 at (2,10,15)
       Max VN number :  0.13E+00 at (1,10,14)
 
       Time Step     5100   September 19, 2026  14:33:03
       Step Size:  0.112E-02 s, Total Time:    6.50065 s
       Pressure Iterations: 8
       Maximum Velocity Error:  0.13E-01 on Mesh 1 at (48,35,1)
       Maximum Pressure Error:  0.18E+05 on Mesh 9 at (46,37,24)
       Maximum CFL Number    :  0.94E+00 on Mesh 16 at (2,9,7)
       Maximum VN Number     :  0.17E+00 on Mesh 10 at (3,47,9)
       ---------------------------------------------------------------
       Mesh    1
       Max CFL number:  0.40E+00 at (47,46,32)
       Max divergence:  0.52E+02 at (37,38,1)
       Min divergence: -0.56E+01 at (36,46,7)
       Max VN number :  0.88E-01 at (47,43,1)
       Mesh    2
       Max CFL number:  0.42E+00 at (3,47,31)
       Max divergence:  0.44E+02 at (10,36,1)
       Min divergence: -0.87E+01 at (4,47,25)
       Max VN number :  0.71E-01 at (5,45,31)
       Mesh    3
       Max CFL number:  0.41E+00 at (48,7,30)
       Max divergence:  0.51E+02 at (37,11,1)
       Min divergence: -0.71E+01 at (46,6,32)
       Max VN number :  0.59E-01 at (46,6,32)
       Mesh    4
       Max CFL number:  0.41E+00 at (3,2,32)
       Max divergence:  0.47E+02 at (12,11,1)
       Min divergence: -0.72E+01 at (10,4,19)
       Max VN number :  0.78E-01 at (5,7,1)
       Mesh    5
       Max CFL number:  0.81E+00 at (48,48,31)
       Max divergence:  0.38E+02 at (48,47,19)
       Min divergence: -0.73E+01 at (47,45,1)
       Max VN number :  0.98E-01 at (48,40,9)
       Mesh    6
       Max CFL number:  0.78E+00 at (3,47,32)
       Max divergence:  0.42E+02 at (1,44,16)
       Min divergence: -0.86E+01 at (4,48,28)
       Max VN number :  0.89E-01 at (1,47,25)
       Mesh    7
       Max CFL number:  0.69E+00 at (47,3,27)
       Max divergence:  0.52E+02 at (48,4,25)
       Min divergence: -0.81E+01 at (46,5,11)
       Max VN number :  0.10E+00 at (47,3,26)
       Mesh    8
       Max CFL number:  0.80E+00 at (3,3,31)
       Max divergence:  0.88E+02 at (3,3,31)
       Min divergence: -0.11E+02 at (5,6,26)
       Max VN number :  0.14E+00 at (3,5,30)
       Mesh    9
       Max CFL number:  0.87E+00 at (46,46,2)
       Max divergence:  0.65E+02 at (47,39,24)
       Min divergence: -0.14E+02 at (45,39,21)
       Max VN number :  0.12E+00 at (44,48,31)
       Mesh   10
       Max CFL number:  0.92E+00 at (5,46,30)
       Max divergence:  0.58E+02 at (2,45,10)
       Min divergence: -0.96E+01 at (1,37,22)
       Max VN number :  0.17E+00 at (3,47,9)
       Mesh   11
       Max CFL number:  0.84E+00 at (42,3,21)
       Max divergence:  0.52E+02 at (39,4,23)
       Min divergence: -0.71E+01 at (47,11,23)
       Max VN number :  0.89E-01 at (41,1,4)
       Mesh   12
       Max CFL number:  0.82E+00 at (1,4,32)
       Max divergence:  0.53E+02 at (2,1,8)
       Min divergence: -0.98E+01 at (5,3,7)
       Max VN number :  0.99E-01 at (6,3,5)
       Mesh   13
       Max CFL number:  0.84E+00 at (46,45,23)
       Max divergence:  0.21E+02 at (47,45,23)
       Min divergence: -0.15E+02 at (43,44,25)
       Max VN number :  0.13E+00 at (43,44,26)
       Mesh   14
       Max CFL number:  0.75E+00 at (5,46,1)
       Max divergence:  0.31E+02 at (12,48,8)
       Min divergence: -0.15E+02 at (13,44,6)
       Max VN number :  0.12E+00 at (9,48,16)
       Mesh   15
       Max CFL number:  0.90E+00 at (47,5,4)
       Max divergence:  0.34E+02 at (45,2,1)
       Min divergence: -0.75E+01 at (40,1,30)
       Max VN number :  0.11E+00 at (42,1,4)
       Mesh   16
       Max CFL number:  0.94E+00 at (2,9,7)
       Max divergence:  0.41E+02 at (8,6,19)
       Min divergence: -0.11E+02 at (4,19,16)
       Max VN number :  0.12E+00 at (17,11,28)
 
       Time Step     5200   September 19, 2026  14:33:48
       Step Size:  0.992E-03 s, Total Time:    6.60041 s
       Pressure Iterations: 6
       Maximum Velocity Error:  0.14E-01 on Mesh 10 at (1,48,7)
       Maximum Pressure Error:  0.19E+05 on Mesh 5 at (46,46,27)
       Maximum CFL Number    :  0.87E+00 on Mesh 15 at (48,11,22)
       Maximum VN Number     :  0.13E+00 on Mesh 10 at (8,42,16)
       ---------------------------------------------------------------
       Mesh    1
       Max CFL number:  0.32E+00 at (46,48,31)
       Max divergence:  0.50E+02 at (34,42,1)
       Min divergence: -0.88E+01 at (43,39,28)
       Max VN number :  0.74E-01 at (45,44,1)
       Mesh    2
       Max CFL number:  0.33E+00 at (9,44,27)
       Max divergence:  0.40E+02 at (5,45,24)
       Min divergence: -0.79E+01 at (6,46,21)
       Max VN number :  0.51E-01 at (11,43,31)
       Mesh    3
       Max CFL number:  0.31E+00 at (45,4,32)
       Max divergence:  0.57E+02 at (39,13,1)
       Min divergence: -0.77E+01 at (40,3,22)
       Max VN number :  0.58E-01 at (40,13,1)
       Mesh    4
       Max CFL number:  0.29E+00 at (1,1,32)
       Max divergence:  0.58E+02 at (13,10,1)
       Min divergence: -0.76E+01 at (7,3,15)
       Max VN number :  0.51E-01 at (12,10,1)
       Mesh    5
       Max CFL number:  0.71E+00 at (46,46,25)
       Max divergence:  0.36E+02 at (48,46,23)
       Min divergence: -0.43E+01 at (47,44,26)
       Max VN number :  0.11E+00 at (46,46,26)
       Mesh    6
       Max CFL number:  0.68E+00 at (2,47,32)
       Max divergence:  0.55E+02 at (1,45,21)
       Min divergence: -0.13E+02 at (8,48,8)
       Max VN number :  0.86E-01 at (3,44,21)
       Mesh    7
       Max CFL number:  0.62E+00 at (48,1,32)
       Max divergence:  0.35E+02 at (48,6,20)
       Min divergence: -0.10E+02 at (43,5,4)
       Max VN number :  0.99E-01 at (48,4,30)
       Mesh    8
       Max CFL number:  0.75E+00 at (3,6,22)
       Max divergence:  0.39E+02 at (4,1,10)
       Min divergence: -0.12E+02 at (3,9,23)
       Max VN number :  0.11E+00 at (3,8,26)
       Mesh    9
       Max CFL number:  0.83E+00 at (45,45,20)
       Max divergence:  0.16E+02 at (48,45,10)
       Min divergence: -0.87E+01 at (33,47,27)
       Max VN number :  0.93E-01 at (48,45,4)
       Mesh   10
       Max CFL number:  0.84E+00 at (7,42,16)
       Max divergence:  0.10E+03 at (3,48,16)
       Min divergence: -0.12E+02 at (10,44,17)
       Max VN number :  0.13E+00 at (8,42,16)
       Mesh   11
       Max CFL number:  0.71E+00 at (48,1,2)
       Max divergence:  0.26E+02 at (48,1,15)
       Min divergence: -0.10E+02 at (48,7,12)
       Max VN number :  0.80E-01 at (48,6,5)
       Mesh   12
       Max CFL number:  0.72E+00 at (1,2,12)
       Max divergence:  0.60E+02 at (7,3,10)
       Min divergence: -0.11E+02 at (2,7,11)
       Max VN number :  0.12E+00 at (1,2,14)
       Mesh   13
       Max CFL number:  0.69E+00 at (45,48,4)
       Max divergence:  0.27E+02 at (35,42,7)
       Min divergence: -0.14E+02 at (48,34,3)
       Max VN number :  0.93E-01 at (46,46,2)
       Mesh   14
       Max CFL number:  0.77E+00 at (10,40,1)
       Max divergence:  0.26E+02 at (5,38,5)
       Min divergence: -0.13E+02 at (6,39,7)
       Max VN number :  0.12E+00 at (3,44,3)
       Mesh   15
       Max CFL number:  0.87E+00 at (48,11,22)
       Max divergence:  0.40E+02 at (38,3,18)
       Min divergence: -0.83E+01 at (41,5,25)
       Max VN number :  0.91E-01 at (34,4,25)
       Mesh   16
       Max CFL number:  0.85E+00 at (1,11,22)
       Max divergence:  0.34E+02 at (15,17,32)
       Min divergence: -0.13E+02 at (9,7,31)
       Max VN number :  0.11E+00 at (9,7,31)
 
       Time Step     5300   September 19, 2026  14:34:34
       Step Size:  0.992E-03 s, Total Time:    6.69960 s
       Pressure Iterations: 6
       Maximum Velocity Error:  0.15E-01 on Mesh 10 at (4,48,15)
       Maximum Pressure Error:  0.20E+05 on Mesh 9 at (47,46,14)
       Maximum CFL Number    :  0.93E+00 on Mesh 16 at (10,1,26)
       Maximum VN Number     :  0.15E+00 on Mesh 12 at (4,1,16)
       ---------------------------------------------------------------
       Mesh    1
       Max CFL number:  0.33E+00 at (46,42,19)
       Max divergence:  0.48E+02 at (36,39,1)
       Min divergence: -0.12E+02 at (46,43,19)
       Max VN number :  0.62E-01 at (47,45,1)
       Mesh    2
       Max CFL number:  0.34E+00 at (6,44,22)
       Max divergence:  0.41E+02 at (7,34,1)
       Min divergence: -0.10E+02 at (6,46,21)
       Max VN number :  0.55E-01 at (9,47,27)
       Mesh    3
       Max CFL number:  0.34E+00 at (48,5,17)
       Max divergence:  0.54E+02 at (35,9,1)
       Min divergence: -0.10E+02 at (48,6,22)
       Max VN number :  0.67E-01 at (36,9,1)
       Mesh    4
       Max CFL number:  0.35E+00 at (7,1,20)
       Max divergence:  0.53E+02 at (11,12,1)
       Min divergence: -0.16E+02 at (1,6,23)
       Max VN number :  0.48E-01 at (2,9,13)
       Mesh    5
       Max CFL number:  0.51E+00 at (44,47,32)
       Max divergence:  0.31E+02 at (48,46,29)
       Min divergence: -0.11E+02 at (48,41,30)
       Max VN number :  0.83E-01 at (44,47,32)
       Mesh    6
       Max CFL number:  0.49E+00 at (2,48,28)
       Max divergence:  0.45E+02 at (4,45,19)
       Min divergence: -0.77E+01 at (6,44,9)
       Max VN number :  0.82E-01 at (6,47,24)
       Mesh    7
       Max CFL number:  0.55E+00 at (48,3,32)
       Max divergence:  0.19E+02 at (44,1,26)
       Min divergence: -0.87E+01 at (44,4,12)
       Max VN number :  0.91E-01 at (45,3,32)
       Mesh    8
       Max CFL number:  0.57E+00 at (1,4,31)
       Max divergence:  0.42E+02 at (9,3,1)
       Min divergence: -0.86E+01 at (3,8,20)
       Max VN number :  0.59E-01 at (7,1,21)
       Mesh    9
       Max CFL number:  0.74E+00 at (48,46,31)
       Max divergence:  0.34E+02 at (48,46,1)
       Min divergence: -0.70E+01 at (44,47,16)
       Max VN number :  0.12E+00 at (47,46,13)
       Mesh   10
       Max CFL number:  0.81E+00 at (2,48,32)
       Max divergence:  0.26E+02 at (2,48,3)
       Min divergence: -0.75E+01 at (17,43,30)
       Max VN number :  0.10E+00 at (2,45,11)
       Mesh   11
       Max CFL number:  0.64E+00 at (46,1,26)
       Max divergence:  0.32E+02 at (47,1,6)
       Min divergence: -0.15E+02 at (45,3,1)
       Max VN number :  0.11E+00 at (47,3,7)
       Mesh   12
       Max CFL number:  0.76E+00 at (4,1,15)
       Max divergence:  0.33E+02 at (1,2,7)
       Min divergence: -0.15E+02 at (7,8,18)
       Max VN number :  0.15E+00 at (4,1,16)
       Mesh   13
       Max CFL number:  0.80E+00 at (48,45,2)
       Max divergence:  0.11E+02 at (46,34,17)
       Min divergence: -0.13E+02 at (46,35,17)
       Max VN number :  0.12E+00 at (47,43,25)
       Mesh   14
       Max CFL number:  0.86E+00 at (2,48,2)
       Max divergence:  0.34E+02 at (7,37,16)
       Min divergence: -0.12E+02 at (5,41,21)
       Max VN number :  0.13E+00 at (2,42,20)
       Mesh   15
       Max CFL number:  0.70E+00 at (46,1,3)
       Max divergence:  0.12E+02 at (40,16,25)
       Min divergence: -0.83E+01 at (34,3,18)
       Max VN number :  0.88E-01 at (45,15,31)
       Mesh   16
       Max CFL number:  0.93E+00 at (10,1,26)
       Max divergence:  0.15E+02 at (1,3,27)
       Min divergence: -0.86E+01 at (21,11,26)
       Max VN number :  0.12E+00 at (3,1,1)
 
       Time Step     5400   September 19, 2026  14:35:19
       Step Size:  0.992E-03 s, Total Time:    6.79878 s
       Pressure Iterations: 6
       Maximum Velocity Error:  0.15E-01 on Mesh 14 at (2,48,6)
       Maximum Pressure Error:  0.19E+05 on Mesh 13 at (45,45,2)
       Maximum CFL Number    :  0.87E+00 on Mesh 14 at (2,45,3)
       Maximum VN Number     :  0.13E+00 on Mesh 13 at (45,45,1)
       ---------------------------------------------------------------
       Mesh    1
       Max CFL number:  0.54E+00 at (46,43,32)
       Max divergence:  0.47E+02 at (37,38,1)
       Min divergence: -0.10E+02 at (46,44,31)
       Max VN number :  0.63E-01 at (46,45,1)
       Mesh    2
       Max CFL number:  0.56E+00 at (6,45,32)
       Max divergence:  0.43E+02 at (11,37,1)
       Min divergence: -0.11E+02 at (2,42,32)
       Max VN number :  0.68E-01 at (6,45,32)
       Mesh    3
       Max CFL number:  0.47E+00 at (46,4,32)
       Max divergence:  0.48E+02 at (40,14,1)
       Min divergence: -0.94E+01 at (45,1,28)
       Max VN number :  0.62E-01 at (46,7,19)
       Mesh    4
       Max CFL number:  0.41E+00 at (1,6,32)
       Max divergence:  0.51E+02 at (11,12,1)
       Min divergence: -0.13E+02 at (1,5,32)
       Max VN number :  0.67E-01 at (1,6,32)
       Mesh    5
       Max CFL number:  0.59E+00 at (46,43,1)
       Max divergence:  0.42E+02 at (42,47,8)
       Min divergence: -0.13E+02 at (46,43,2)
       Max VN number :  0.66E-01 at (46,44,3)
       Mesh    6
       Max CFL number:  0.60E+00 at (6,45,1)
       Max divergence:  0.34E+02 at (8,48,2)
       Min divergence: -0.20E+02 at (6,47,2)
       Max VN number :  0.64E-01 at (1,42,28)
       Mesh    7
       Max CFL number:  0.48E+00 at (46,4,1)
       Max divergence:  0.26E+02 at (42,5,8)
       Min divergence: -0.14E+02 at (47,5,2)
       Max VN number :  0.71E-01 at (46,4,25)
       Mesh    8
       Max CFL number:  0.47E+00 at (1,6,1)
       Max divergence:  0.42E+02 at (9,3,9)
       Min divergence: -0.18E+02 at (1,6,2)
       Max VN number :  0.64E-01 at (1,6,1)
       Mesh    9
       Max CFL number:  0.84E+00 at (45,46,32)
       Max divergence:  0.30E+02 at (44,47,30)
       Min divergence: -0.83E+01 at (44,47,17)
       Max VN number :  0.96E-01 at (43,41,32)
       Mesh   10
       Max CFL number:  0.80E+00 at (1,48,31)
       Max divergence:  0.27E+02 at (1,48,7)
       Min divergence: -0.96E+01 at (7,46,9)
       Max VN number :  0.78E-01 at (2,46,14)
       Mesh   11
       Max CFL number:  0.80E+00 at (43,2,25)
       Max divergence:  0.24E+02 at (46,1,28)
       Min divergence: -0.10E+02 at (44,3,25)
       Max VN number :  0.11E+00 at (43,1,28)
       Mesh   12
       Max CFL number:  0.76E+00 at (5,5,31)
       Max divergence:  0.27E+02 at (3,2,3)
       Min divergence: -0.10E+02 at (3,7,28)
       Max VN number :  0.11E+00 at (1,3,30)
       Mesh   13
       Max CFL number:  0.85E+00 at (43,41,4)
       Max divergence:  0.20E+02 at (44,45,2)
       Min divergence: -0.10E+02 at (44,41,2)
       Max VN number :  0.13E+00 at (45,45,1)
       Mesh   14
       Max CFL number:  0.87E+00 at (2,45,3)
       Max divergence:  0.11E+02 at (10,33,14)
       Min divergence: -0.11E+02 at (1,42,16)
       Max VN number :  0.11E+00 at (7,47,22)
       Mesh   15
       Max CFL number:  0.69E+00 at (48,2,9)
       Max divergence:  0.79E+01 at (48,3,9)
       Min divergence: -0.72E+01 at (38,19,31)
       Max VN number :  0.77E-01 at (47,5,23)
       Mesh   16
       Max CFL number:  0.85E+00 at (5,4,2)
       Max divergence:  0.90E+01 at (2,5,9)
       Min divergence: -0.98E+01 at (8,9,2)
       Max VN number :  0.12E+00 at (5,4,1)
 
       Time Step     5500   September 19, 2026  14:36:04
       Step Size:  0.120E-02 s, Total Time:    6.90809 s
       Pressure Iterations: 7
       Maximum Velocity Error:  0.15E-01 on Mesh 5 at (48,48,24)
       Maximum Pressure Error:  0.13E+05 on Mesh 10 at (9,43,13)
       Maximum CFL Number    :  0.84E+00 on Mesh 13 at (39,43,19)
       Maximum VN Number     :  0.14E+00 on Mesh 7 at (42,6,20)
       ---------------------------------------------------------------
       Mesh    1
       Max CFL number:  0.54E+00 at (48,43,32)
       Max divergence:  0.49E+02 at (37,38,1)
       Min divergence: -0.66E+01 at (42,44,18)
       Max VN number :  0.11E+00 at (45,45,24)
       Mesh    2
       Max CFL number:  0.53E+00 at (1,45,30)
       Max divergence:  0.45E+02 at (14,41,1)
       Min divergence: -0.72E+01 at (3,48,28)
       Max VN number :  0.64E-01 at (1,41,32)
       Mesh    3
       Max CFL number:  0.49E+00 at (48,7,31)
       Max divergence:  0.54E+02 at (37,11,1)
       Min divergence: -0.59E+01 at (36,1,9)
       Max VN number :  0.75E-01 at (47,7,31)
       Mesh    4
       Max CFL number:  0.51E+00 at (2,6,28)
       Max divergence:  0.45E+02 at (4,1,30)
       Min divergence: -0.93E+01 at (5,4,25)
       Max VN number :  0.93E-01 at (5,3,31)
       Mesh    5
       Max CFL number:  0.68E+00 at (48,42,4)
       Max divergence:  0.63E+02 at (45,42,27)
       Min divergence: -0.13E+02 at (45,47,20)
       Max VN number :  0.12E+00 at (46,48,7)
       Mesh    6
       Max CFL number:  0.70E+00 at (2,40,23)
       Max divergence:  0.64E+02 at (4,34,21)
       Min divergence: -0.15E+02 at (6,36,22)
       Max VN number :  0.76E-01 at (2,41,9)
       Mesh    7
       Max CFL number:  0.66E+00 at (43,9,25)
       Max divergence:  0.72E+02 at (44,3,23)
       Min divergence: -0.13E+02 at (48,5,18)
       Max VN number :  0.14E+00 at (42,6,20)
       Mesh    8
       Max CFL number:  0.72E+00 at (2,8,16)
       Max divergence:  0.55E+02 at (11,3,25)
       Min divergence: -0.14E+02 at (2,7,17)
       Max VN number :  0.93E-01 at (4,8,32)
       Mesh    9
       Max CFL number:  0.65E+00 at (48,48,22)
       Max divergence:  0.25E+02 at (48,40,6)
       Min divergence: -0.62E+01 at (47,48,17)
       Max VN number :  0.12E+00 at (46,47,15)
       Mesh   10
       Max CFL number:  0.77E+00 at (1,48,25)
       Max divergence:  0.62E+02 at (9,43,13)
       Min divergence: -0.14E+02 at (11,40,4)
       Max VN number :  0.13E+00 at (7,44,15)
       Mesh   11
       Max CFL number:  0.72E+00 at (48,5,28)
       Max divergence:  0.39E+02 at (45,5,1)
       Min divergence: -0.96E+01 at (46,3,8)
       Max VN number :  0.90E-01 at (45,1,22)
       Mesh   12
       Max CFL number:  0.71E+00 at (1,5,30)
       Max divergence:  0.22E+02 at (4,1,24)
       Min divergence: -0.12E+02 at (5,3,12)
       Max VN number :  0.93E-01 at (8,1,23)
       Mesh   13
       Max CFL number:  0.84E+00 at (39,43,19)
       Max divergence:  0.50E+01 at (42,48,14)
       Min divergence: -0.78E+01 at (43,48,14)
       Max VN number :  0.12E+00 at (44,47,23)
       Mesh   14
       Max CFL number:  0.77E+00 at (6,48,20)
       Max divergence:  0.72E+01 at (4,48,2)
       Min divergence: -0.45E+01 at (5,48,2)
       Max VN number :  0.10E+00 at (5,41,26)
       Mesh   15
       Max CFL number:  0.74E+00 at (48,2,3)
       Max divergence:  0.60E+01 at (44,1,14)
       Min divergence: -0.83E+01 at (43,1,13)
       Max VN number :  0.11E+00 at (43,2,12)
       Mesh   16
       Max CFL number:  0.79E+00 at (6,1,15)
       Max divergence:  0.64E+01 at (6,3,8)
       Min divergence: -0.92E+01 at (4,4,16)
       Max VN number :  0.13E+00 at (1,2,15)
 
       Time Step     5600   September 19, 2026  14:36:49
       Step Size:  0.117E-02 s, Total Time:    7.02830 s
       Pressure Iterations: 7
       Maximum Velocity Error:  0.13E-01 on Mesh 6 at (1,48,20)
       Maximum Pressure Error:  0.67E+04 on Mesh 14 at (11,47,6)
       Maximum CFL Number    :  0.83E+00 on Mesh 16 at (5,6,13)
       Maximum VN Number     :  0.15E+00 on Mesh 16 at (6,1,13)
       ---------------------------------------------------------------
       Mesh    1
       Max CFL number:  0.43E+00 at (45,45,29)
       Max divergence:  0.51E+02 at (37,38,1)
       Min divergence: -0.63E+01 at (47,41,19)
       Max VN number :  0.61E-01 at (42,37,1)
       Mesh    2
       Max CFL number:  0.39E+00 at (3,47,32)
       Max divergence:  0.55E+02 at (11,37,1)
       Min divergence: -0.61E+01 at (4,42,20)
       Max VN number :  0.63E-01 at (11,38,1)
       Mesh    3
       Max CFL number:  0.41E+00 at (48,1,32)
       Max divergence:  0.48E+02 at (37,11,1)
       Min divergence: -0.62E+01 at (38,1,15)
       Max VN number :  0.11E+00 at (45,8,1)
       Mesh    4
       Max CFL number:  0.42E+00 at (5,6,27)
       Max divergence:  0.46E+02 at (11,12,1)
       Min divergence: -0.72E+01 at (10,3,18)
       Max VN number :  0.73E-01 at (4,8,32)
       Mesh    5
       Max CFL number:  0.72E+00 at (46,48,30)
       Max divergence:  0.28E+02 at (46,48,28)
       Min divergence: -0.83E+01 at (47,48,28)
       Max VN number :  0.10E+00 at (46,48,30)
       Mesh    6
       Max CFL number:  0.76E+00 at (3,44,32)
       Max divergence:  0.44E+02 at (5,48,25)
       Min divergence: -0.98E+01 at (4,47,18)
       Max VN number :  0.97E-01 at (3,42,17)
       Mesh    7
       Max CFL number:  0.72E+00 at (47,8,31)
       Max divergence:  0.21E+02 at (47,5,31)
       Min divergence: -0.81E+01 at (47,2,24)
       Max VN number :  0.97E-01 at (48,4,32)
       Mesh    8
       Max CFL number:  0.70E+00 at (1,6,20)
       Max divergence:  0.46E+02 at (3,4,22)
       Min divergence: -0.14E+02 at (7,1,18)
       Max VN number :  0.13E+00 at (3,5,31)
       Mesh    9
       Max CFL number:  0.64E+00 at (46,45,32)
       Max divergence:  0.49E+02 at (48,48,13)
       Min divergence: -0.80E+01 at (39,46,9)
       Max VN number :  0.93E-01 at (44,44,32)
       Mesh   10
       Max CFL number:  0.70E+00 at (3,43,1)
       Max divergence:  0.57E+02 at (15,45,18)
       Min divergence: -0.11E+02 at (3,35,10)
       Max VN number :  0.15E+00 at (4,42,26)
       Mesh   11
       Max CFL number:  0.70E+00 at (48,9,1)
       Max divergence:  0.60E+02 at (47,1,12)
       Min divergence: -0.11E+02 at (45,13,14)
       Max VN number :  0.98E-01 at (43,9,6)
       Mesh   12
       Max CFL number:  0.76E+00 at (12,1,28)
       Max divergence:  0.61E+02 at (1,1,14)
       Min divergence: -0.82E+01 at (5,6,29)
       Max VN number :  0.12E+00 at (5,6,28)
       Mesh   13
       Max CFL number:  0.76E+00 at (44,48,8)
       Max divergence:  0.69E+01 at (48,44,1)
       Min divergence: -0.53E+01 at (47,48,13)
       Max VN number :  0.11E+00 at (46,47,12)
       Mesh   14
       Max CFL number:  0.78E+00 at (2,46,30)
       Max divergence:  0.29E+02 at (12,48,5)
       Min divergence: -0.91E+01 at (3,48,17)
       Max VN number :  0.11E+00 at (3,48,17)
       Mesh   15
       Max CFL number:  0.77E+00 at (46,3,15)
       Max divergence:  0.94E+01 at (48,3,25)
       Min divergence: -0.44E+01 at (43,6,20)
       Max VN number :  0.13E+00 at (44,2,26)
       Mesh   16
       Max CFL number:  0.83E+00 at (5,6,13)
       Max divergence:  0.30E+02 at (11,1,6)
       Min divergence: -0.10E+02 at (6,1,13)
       Max VN number :  0.15E+00 at (6,1,13)
 
       Time Step     5700   September 19, 2026  14:37:34
       Step Size:  0.103E-02 s, Total Time:    7.14431 s
       Pressure Iterations: 6
       Maximum Velocity Error:  0.15E-01 on Mesh 12 at (1,4,32)
       Maximum Pressure Error:  0.19E+05 on Mesh 4 at (8,14,1)
       Maximum CFL Number    :  0.89E+00 on Mesh 16 at (12,3,11)
       Maximum VN Number     :  0.13E+00 on Mesh 12 at (6,4,3)
       ---------------------------------------------------------------
       Mesh    1
       Max CFL number:  0.29E+00 at (43,44,29)
       Max divergence:  0.49E+02 at (39,36,1)
       Min divergence: -0.64E+01 at (48,43,5)
       Max VN number :  0.74E-01 at (45,41,1)
       Mesh    2
       Max CFL number:  0.29E+00 at (4,43,29)
       Max divergence:  0.53E+02 at (11,37,1)
       Min divergence: -0.79E+01 at (3,40,28)
       Max VN number :  0.50E-01 at (6,40,18)
       Mesh    3
       Max CFL number:  0.33E+00 at (45,6,19)
       Max divergence:  0.47E+02 at (37,11,1)
       Min divergence: -0.10E+02 at (39,6,20)
       Max VN number :  0.60E-01 at (44,6,20)
       Mesh    4
       Max CFL number:  0.34E+00 at (1,9,32)
       Max divergence:  0.53E+02 at (11,12,1)
       Min divergence: -0.94E+01 at (10,4,27)
       Max VN number :  0.51E-01 at (11,6,19)
       Mesh    5
       Max CFL number:  0.65E+00 at (44,44,24)
       Max divergence:  0.20E+02 at (46,48,20)
       Min divergence: -0.89E+01 at (46,44,27)
       Max VN number :  0.10E+00 at (45,45,29)
       Mesh    6
       Max CFL number:  0.66E+00 at (4,48,31)
       Max divergence:  0.27E+02 at (4,48,7)
       Min divergence: -0.10E+02 at (3,43,2)
       Max VN number :  0.97E-01 at (4,47,26)
       Mesh    7
       Max CFL number:  0.58E+00 at (47,3,28)
       Max divergence:  0.37E+02 at (47,1,2)
       Min divergence: -0.53E+01 at (48,3,31)
       Max VN number :  0.79E-01 at (47,3,28)
       Mesh    8
       Max CFL number:  0.69E+00 at (7,3,27)
       Max divergence:  0.44E+02 at (2,8,11)
       Min divergence: -0.70E+01 at (5,6,5)
       Max VN number :  0.97E-01 at (7,4,32)
       Mesh    9
       Max CFL number:  0.69E+00 at (48,48,12)
       Max divergence:  0.24E+02 at (45,46,29)
       Min divergence: -0.14E+02 at (44,37,23)
       Max VN number :  0.11E+00 at (48,48,13)
       Mesh   10
       Max CFL number:  0.71E+00 at (2,47,5)
       Max divergence:  0.48E+02 at (19,48,27)
       Min divergence: -0.54E+01 at (4,34,14)
       Max VN number :  0.92E-01 at (8,46,17)
       Mesh   11
       Max CFL number:  0.70E+00 at (48,7,9)
       Max divergence:  0.21E+02 at (46,10,31)
       Min divergence: -0.13E+02 at (33,14,25)
       Max VN number :  0.95E-01 at (47,9,32)
       Mesh   12
       Max CFL number:  0.81E+00 at (5,3,13)
       Max divergence:  0.43E+02 at (19,1,28)
       Min divergence: -0.12E+02 at (6,4,3)
       Max VN number :  0.13E+00 at (6,4,3)
       Mesh   13
       Max CFL number:  0.69E+00 at (44,44,16)
       Max divergence:  0.45E+02 at (48,48,6)
       Min divergence: -0.42E+01 at (46,41,2)
       Max VN number :  0.85E-01 at (47,46,9)
       Mesh   14
       Max CFL number:  0.72E+00 at (13,48,6)
       Max divergence:  0.58E+02 at (6,44,5)
       Min divergence: -0.99E+01 at (12,44,4)
       Max VN number :  0.12E+00 at (6,44,8)
       Mesh   15
       Max CFL number:  0.67E+00 at (47,12,29)
       Max divergence:  0.40E+02 at (48,4,2)
       Min divergence: -0.14E+02 at (40,8,2)
       Max VN number :  0.82E-01 at (46,8,1)
       Mesh   16
       Max CFL number:  0.89E+00 at (12,3,11)
       Max divergence:  0.48E+02 at (2,4,1)
       Min divergence: -0.12E+02 at (17,9,15)
       Max VN number :  0.12E+00 at (7,2,25)
 
       Time Step     5800   September 19, 2026  14:38:19
       Step Size:  0.103E-02 s, Total Time:    7.24777 s
       Pressure Iterations: 6
       Maximum Velocity Error:  0.14E-01 on Mesh 15 at (48,1,13)
       Maximum Pressure Error:  0.16E+05 on Mesh 12 at (9,2,11)
       Maximum CFL Number    :  0.93E+00 on Mesh 16 at (7,6,31)
       Maximum VN Number     :  0.15E+00 on Mesh 16 at (5,10,8)
       ---------------------------------------------------------------
       Mesh    1
       Max CFL number:  0.32E+00 at (43,45,15)
       Max divergence:  0.50E+02 at (35,41,1)
       Min divergence: -0.72E+01 at (47,42,17)
       Max VN number :  0.65E-01 at (40,46,29)
       Mesh    2
       Max CFL number:  0.35E+00 at (3,39,19)
       Max divergence:  0.57E+02 at (8,35,1)
       Min divergence: -0.14E+02 at (6,44,20)
       Max VN number :  0.51E-01 at (8,45,32)
       Mesh    3
       Max CFL number:  0.34E+00 at (47,6,13)
       Max divergence:  0.46E+02 at (37,11,1)
       Min divergence: -0.77E+01 at (39,8,25)
       Max VN number :  0.67E-01 at (41,2,20)
       Mesh    4
       Max CFL number:  0.35E+00 at (10,6,25)
       Max divergence:  0.53E+02 at (4,16,1)
       Min divergence: -0.88E+01 at (6,2,20)
       Max VN number :  0.61E-01 at (9,1,21)
       Mesh    5
       Max CFL number:  0.45E+00 at (43,41,32)
       Max divergence:  0.26E+02 at (48,47,16)
       Min divergence: -0.87E+01 at (47,48,17)
       Max VN number :  0.73E-01 at (44,46,30)
       Mesh    6
       Max CFL number:  0.54E+00 at (5,47,32)
       Max divergence:  0.36E+02 at (8,48,16)
       Min divergence: -0.84E+01 at (2,41,1)
       Max VN number :  0.70E-01 at (3,48,32)
       Mesh    7
       Max CFL number:  0.53E+00 at (48,2,27)
       Max divergence:  0.32E+02 at (48,4,12)
       Min divergence: -0.10E+02 at (45,10,10)
       Max VN number :  0.77E-01 at (48,2,28)
       Mesh    8
       Max CFL number:  0.62E+00 at (8,5,29)
       Max divergence:  0.53E+02 at (6,1,18)
       Min divergence: -0.88E+01 at (7,6,27)
       Max VN number :  0.93E-01 at (1,3,31)
       Mesh    9
       Max CFL number:  0.63E+00 at (45,43,19)
       Max divergence:  0.81E+01 at (40,38,30)
       Min divergence: -0.61E+01 at (34,45,21)
       Max VN number :  0.83E-01 at (46,45,26)
       Mesh   10
       Max CFL number:  0.70E+00 at (3,44,21)
       Max divergence:  0.23E+02 at (23,35,32)
       Min divergence: -0.59E+01 at (8,47,6)
       Max VN number :  0.11E+00 at (3,44,21)
       Mesh   11
       Max CFL number:  0.54E+00 at (48,3,32)
       Max divergence:  0.10E+02 at (44,16,27)
       Min divergence: -0.10E+02 at (48,17,29)
       Max VN number :  0.73E-01 at (36,12,32)
       Mesh   12
       Max CFL number:  0.74E+00 at (9,2,10)
       Max divergence:  0.31E+02 at (7,4,2)
       Min divergence: -0.11E+02 at (8,4,15)
       Max VN number :  0.11E+00 at (9,2,10)
       Mesh   13
       Max CFL number:  0.76E+00 at (45,46,31)
       Max divergence:  0.11E+02 at (46,44,26)
       Min divergence: -0.65E+01 at (47,35,9)
       Max VN number :  0.85E-01 at (48,41,28)
       Mesh   14
       Max CFL number:  0.73E+00 at (3,47,7)
       Max divergence:  0.26E+02 at (18,48,9)
       Min divergence: -0.11E+02 at (4,35,20)
       Max VN number :  0.11E+00 at (6,44,19)
       Mesh   15
       Max CFL number:  0.78E+00 at (48,4,15)
       Max divergence:  0.19E+02 at (40,7,24)
       Min divergence: -0.10E+02 at (42,6,21)
       Max VN number :  0.11E+00 at (46,2,12)
       Mesh   16
       Max CFL number:  0.93E+00 at (7,6,31)
       Max divergence:  0.41E+02 at (17,4,7)
       Min divergence: -0.15E+02 at (5,10,9)
       Max VN number :  0.15E+00 at (5,10,8)
 
       Time Step     5900   September 19, 2026  14:39:04
       Step Size:  0.101E-02 s, Total Time:    7.35858 s
       Pressure Iterations: 6
       Maximum Velocity Error:  0.12E-01 on Mesh 10 at (3,48,18)
       Maximum Pressure Error:  0.14E+05 on Mesh 12 at (5,4,24)
       Maximum CFL Number    :  0.92E+00 on Mesh 12 at (4,1,18)
       Maximum VN Number     :  0.14E+00 on Mesh 12 at (4,1,17)
       ---------------------------------------------------------------
       Mesh    1
       Max CFL number:  0.45E+00 at (44,48,28)
       Max divergence:  0.50E+02 at (37,38,1)
       Min divergence: -0.13E+02 at (47,46,26)
       Max VN number :  0.92E-01 at (45,44,1)
       Mesh    2
       Max CFL number:  0.48E+00 at (2,42,27)
       Max divergence:  0.48E+02 at (5,46,29)
       Min divergence: -0.22E+02 at (4,46,30)
       Max VN number :  0.81E-01 at (3,45,1)
       Mesh    3
       Max CFL number:  0.42E+00 at (45,2,26)
       Max divergence:  0.52E+02 at (37,11,1)
       Min divergence: -0.13E+02 at (48,5,25)
       Max VN number :  0.71E-01 at (43,5,29)
       Mesh    4
       Max CFL number:  0.44E+00 at (2,9,28)
       Max divergence:  0.53E+02 at (13,10,1)
       Min divergence: -0.11E+02 at (5,6,30)
       Max VN number :  0.73E-01 at (3,2,32)
       Mesh    5
       Max CFL number:  0.44E+00 at (45,48,18)
       Max divergence:  0.35E+02 at (48,39,10)
       Min divergence: -0.11E+02 at (47,48,2)
       Max VN number :  0.79E-01 at (43,44,1)
       Mesh    6
       Max CFL number:  0.40E+00 at (4,40,1)
       Max divergence:  0.53E+02 at (10,42,6)
       Min divergence: -0.10E+02 at (10,47,8)
       Max VN number :  0.72E-01 at (9,46,13)
       Mesh    7
       Max CFL number:  0.45E+00 at (47,6,3)
       Max divergence:  0.38E+02 at (47,10,25)
       Min divergence: -0.96E+01 at (48,3,3)
       Max VN number :  0.79E-01 at (48,10,26)
       Mesh    8
       Max CFL number:  0.55E+00 at (7,9,29)
       Max divergence:  0.41E+02 at (9,4,13)
       Min divergence: -0.98E+01 at (9,4,12)
       Max VN number :  0.10E+00 at (1,9,27)
       Mesh    9
       Max CFL number:  0.56E+00 at (48,47,17)
       Max divergence:  0.20E+02 at (48,48,1)
       Min divergence: -0.90E+01 at (47,46,6)
       Max VN number :  0.69E-01 at (44,33,29)
       Mesh   10
       Max CFL number:  0.77E+00 at (12,47,26)
       Max divergence:  0.15E+02 at (12,47,31)
       Min divergence: -0.84E+01 at (9,47,19)
       Max VN number :  0.10E+00 at (11,48,32)
       Mesh   11
       Max CFL number:  0.59E+00 at (48,3,15)
       Max divergence:  0.11E+02 at (48,1,2)
       Min divergence: -0.10E+02 at (48,3,16)
       Max VN number :  0.78E-01 at (39,15,28)
       Mesh   12
       Max CFL number:  0.92E+00 at (4,1,18)
       Max divergence:  0.44E+02 at (8,5,9)
       Min divergence: -0.16E+02 at (11,7,24)
       Max VN number :  0.14E+00 at (4,1,17)
       Mesh   13
       Max CFL number:  0.53E+00 at (47,48,31)
       Max divergence:  0.64E+01 at (44,40,22)
       Min divergence: -0.51E+01 at (41,40,12)
       Max VN number :  0.88E-01 at (42,41,13)
       Mesh   14
       Max CFL number:  0.76E+00 at (9,47,2)
       Max divergence:  0.14E+02 at (14,42,26)
       Min divergence: -0.79E+01 at (20,37,23)
       Max VN number :  0.94E-01 at (10,48,1)
       Mesh   15
       Max CFL number:  0.56E+00 at (47,10,29)
       Max divergence:  0.82E+01 at (37,11,11)
       Min divergence: -0.82E+01 at (33,14,13)
       Max VN number :  0.82E-01 at (47,1,18)
       Mesh   16
       Max CFL number:  0.75E+00 at (11,1,1)
       Max divergence:  0.13E+02 at (24,18,15)
       Min divergence: -0.11E+02 at (28,7,28)
       Max VN number :  0.11E+00 at (11,1,1)
 
       Time Step     6000   September 19, 2026  14:39:49
       Step Size:  0.101E-02 s, Total Time:    7.45998 s
       Pressure Iterations: 6
       Maximum Velocity Error:  0.15E-01 on Mesh 7 at (48,1,12)
       Maximum Pressure Error:  0.10E+05 on Mesh 1 at (39,37,1)
       Maximum CFL Number    :  0.89E+00 on Mesh 14 at (18,46,10)
       Maximum VN Number     :  0.13E+00 on Mesh 14 at (14,48,5)
       ---------------------------------------------------------------
       Mesh    1
       Max CFL number:  0.51E+00 at (42,48,32)
       Max divergence:  0.44E+02 at (36,39,1)
       Min divergence: -0.71E+01 at (47,47,32)
       Max VN number :  0.60E-01 at (42,48,32)
       Mesh    2
       Max CFL number:  0.47E+00 at (3,45,31)
       Max divergence:  0.43E+02 at (11,37,1)
       Min divergence: -0.81E+01 at (4,48,29)
       Max VN number :  0.60E-01 at (5,46,31)
       Mesh    3
       Max CFL number:  0.49E+00 at (43,1,32)
       Max divergence:  0.62E+02 at (44,14,1)
       Min divergence: -0.64E+01 at (45,5,23)
       Max VN number :  0.66E-01 at (42,2,32)
       Mesh    4
       Max CFL number:  0.45E+00 at (5,2,31)
       Max divergence:  0.42E+02 at (7,15,1)
       Min divergence: -0.70E+01 at (6,3,24)
       Max VN number :  0.74E-01 at (4,4,20)
       Mesh    5
       Max CFL number:  0.61E+00 at (44,47,21)
       Max divergence:  0.43E+02 at (45,45,21)
       Min divergence: -0.14E+02 at (47,46,13)
       Max VN number :  0.92E-01 at (44,47,20)
       Mesh    6
       Max CFL number:  0.55E+00 at (2,43,12)
       Max divergence:  0.59E+02 at (6,46,24)
       Min divergence: -0.12E+02 at (9,45,20)
       Max VN number :  0.77E-01 at (5,45,10)
       Mesh    7
       Max CFL number:  0.63E+00 at (47,4,14)
       Max divergence:  0.28E+02 at (45,1,6)
       Min divergence: -0.10E+02 at (44,3,4)
       Max VN number :  0.11E+00 at (44,4,4)
       Mesh    8
       Max CFL number:  0.54E+00 at (1,4,13)
       Max divergence:  0.76E+02 at (11,5,20)
       Min divergence: -0.17E+02 at (3,4,12)
       Max VN number :  0.77E-01 at (1,15,24)
       Mesh    9
       Max CFL number:  0.53E+00 at (48,46,32)
       Max divergence:  0.31E+02 at (48,48,1)
       Min divergence: -0.80E+01 at (42,48,17)
       Max VN number :  0.63E-01 at (42,48,1)
       Mesh   10
       Max CFL number:  0.78E+00 at (11,48,30)
       Max divergence:  0.38E+02 at (2,48,1)
       Min divergence: -0.97E+01 at (12,47,12)
       Max VN number :  0.76E-01 at (10,47,27)
       Mesh   11
       Max CFL number:  0.71E+00 at (48,5,26)
       Max divergence:  0.37E+02 at (48,9,5)
       Min divergence: -0.11E+02 at (45,1,5)
       Max VN number :  0.93E-01 at (48,5,26)
       Mesh   12
       Max CFL number:  0.75E+00 at (8,1,32)
       Max divergence:  0.42E+02 at (7,4,7)
       Min divergence: -0.78E+01 at (5,4,28)
       Max VN number :  0.12E+00 at (6,3,31)
       Mesh   13
       Max CFL number:  0.53E+00 at (48,48,3)
       Max divergence:  0.68E+01 at (46,24,22)
       Min divergence: -0.52E+01 at (41,48,11)
       Max VN number :  0.90E-01 at (46,33,8)
       Mesh   14
       Max CFL number:  0.89E+00 at (18,46,10)
       Max divergence:  0.11E+02 at (11,48,4)
       Min divergence: -0.80E+01 at (22,29,31)
       Max VN number :  0.13E+00 at (14,48,5)
       Mesh   15
       Max CFL number:  0.50E+00 at (48,1,1)
       Max divergence:  0.56E+01 at (30,11,13)
       Min divergence: -0.68E+01 at (32,9,18)
       Max VN number :  0.74E-01 at (48,1,17)
       Mesh   16
       Max CFL number:  0.75E+00 at (18,1,7)
       Max divergence:  0.97E+01 at (10,1,2)
       Min divergence: -0.76E+01 at (9,1,2)
       Max VN number :  0.12E+00 at (9,2,25)
 
       Time Step     6100   September 19, 2026  14:40:34
       Step Size:  0.123E-02 s, Total Time:    7.57214 s
       Pressure Iterations: 7
       Maximum Velocity Error:  0.98E-02 on Mesh 5 at (48,48,26)
       Maximum Pressure Error:  0.11E+05 on Mesh 2 at (13,40,1)
       Maximum CFL Number    :  0.99E+00 on Mesh 5 at (43,48,32)
       Maximum VN Number     :  0.14E+00 on Mesh 16 at (11,7,3)
       ---------------------------------------------------------------
       Mesh    1
       Max CFL number:  0.45E+00 at (46,45,32)
       Max divergence:  0.53E+02 at (44,34,1)
       Min divergence: -0.69E+01 at (42,44,15)
       Max VN number :  0.68E-01 at (45,44,25)
       Mesh    2
       Max CFL number:  0.39E+00 at (4,47,32)
       Max divergence:  0.50E+02 at (13,39,1)
       Min divergence: -0.54E+01 at (5,41,16)
       Max VN number :  0.47E-01 at (4,47,32)
       Mesh    3
       Max CFL number:  0.47E+00 at (44,1,32)
       Max divergence:  0.50E+02 at (38,11,1)
       Min divergence: -0.73E+01 at (46,5,21)
       Max VN number :  0.72E-01 at (43,3,27)
       Mesh    4
       Max CFL number:  0.46E+00 at (5,5,24)
       Max divergence:  0.56E+02 at (8,14,1)
       Min divergence: -0.12E+02 at (5,6,27)
       Max VN number :  0.68E-01 at (5,6,27)
       Mesh    5
       Max CFL number:  0.99E+00 at (43,48,32)
       Max divergence:  0.33E+02 at (48,46,18)
       Min divergence: -0.92E+01 at (40,46,26)
       Max VN number :  0.14E+00 at (43,48,31)
       Mesh    6
       Max CFL number:  0.72E+00 at (5,46,25)
       Max divergence:  0.37E+02 at (10,48,32)
       Min divergence: -0.65E+01 at (1,45,24)
       Max VN number :  0.12E+00 at (8,45,31)
       Mesh    7
       Max CFL number:  0.85E+00 at (43,1,32)
       Max divergence:  0.21E+02 at (44,1,2)
       Min divergence: -0.76E+01 at (43,1,24)
       Max VN number :  0.10E+00 at (43,1,24)
       Mesh    8
       Max CFL number:  0.68E+00 at (6,1,29)
       Max divergence:  0.53E+02 at (4,1,25)
       Min divergence: -0.70E+01 at (5,1,32)
       Max VN number :  0.10E+00 at (2,2,26)
       Mesh    9
       Max CFL number:  0.93E+00 at (43,48,1)
       Max divergence:  0.51E+02 at (47,45,13)
       Min divergence: -0.10E+02 at (48,47,13)
       Max VN number :  0.10E+00 at (43,45,2)
       Mesh   10
       Max CFL number:  0.66E+00 at (11,46,31)
       Max divergence:  0.68E+02 at (1,43,13)
       Min divergence: -0.10E+02 at (2,46,12)
       Max VN number :  0.14E+00 at (7,45,1)
       Mesh   11
       Max CFL number:  0.79E+00 at (43,1,1)
       Max divergence:  0.58E+02 at (44,1,12)
       Min divergence: -0.94E+01 at (47,5,6)
       Max VN number :  0.10E+00 at (48,2,8)
       Mesh   12
       Max CFL number:  0.74E+00 at (1,3,5)
       Max divergence:  0.56E+02 at (4,5,12)
       Min divergence: -0.11E+02 at (5,4,4)
       Max VN number :  0.85E-01 at (1,2,7)
       Mesh   13
       Max CFL number:  0.63E+00 at (48,48,28)
       Max divergence:  0.49E+01 at (48,23,32)
       Min divergence: -0.31E+01 at (46,21,29)
       Max VN number :  0.86E-01 at (48,31,30)
       Mesh   14
       Max CFL number:  0.83E+00 at (22,41,31)
       Max divergence:  0.12E+02 at (12,48,1)
       Min divergence: -0.69E+01 at (11,39,1)
       Max VN number :  0.12E+00 at (9,48,11)
       Mesh   15
       Max CFL number:  0.92E+00 at (44,7,10)
       Max divergence:  0.29E+02 at (47,7,7)
       Min divergence: -0.12E+02 at (43,7,10)
       Max VN number :  0.12E+00 at (47,2,26)
       Mesh   16
       Max CFL number:  0.81E+00 at (4,4,9)
       Max divergence:  0.53E+02 at (4,7,5)
       Min divergence: -0.97E+01 at (6,7,12)
       Max VN number :  0.14E+00 at (11,7,3)
 
       Time Step     6200   September 19, 2026  14:41:19
       Step Size:  0.107E-02 s, Total Time:    7.67766 s
       Pressure Iterations: 7
       Maximum Velocity Error:  0.13E-01 on Mesh 3 at (48,14,1)
       Maximum Pressure Error:  0.14E+05 on Mesh 3 at (37,10,1)
       Maximum CFL Number    :  0.86E+00 on Mesh 9 at (46,46,15)
       Maximum VN Number     :  0.14E+00 on Mesh 7 at (44,1,30)
       ---------------------------------------------------------------
       Mesh    1
       Max CFL number:  0.31E+00 at (44,48,32)
       Max divergence:  0.47E+02 at (37,38,1)
       Min divergence: -0.13E+02 at (45,48,19)
       Max VN number :  0.64E-01 at (44,47,1)
       Mesh    2
       Max CFL number:  0.25E+00 at (1,42,12)
       Max divergence:  0.41E+02 at (11,37,1)
       Min divergence: -0.92E+01 at (3,47,14)
       Max VN number :  0.58E-01 at (6,48,21)
       Mesh    3
       Max CFL number:  0.30E+00 at (39,2,26)
       Max divergence:  0.70E+02 at (39,12,1)
       Min divergence: -0.98E+01 at (38,1,30)
       Max VN number :  0.84E-01 at (42,5,1)
       Mesh    4
       Max CFL number:  0.37E+00 at (2,5,32)
       Max divergence:  0.41E+02 at (15,5,1)
       Min divergence: -0.10E+02 at (6,8,27)
       Max VN number :  0.59E-01 at (8,13,1)
       Mesh    5
       Max CFL number:  0.67E+00 at (48,46,32)
       Max divergence:  0.30E+02 at (47,47,30)
       Min divergence: -0.68E+01 at (48,43,29)
       Max VN number :  0.97E-01 at (46,46,29)
       Mesh    6
       Max CFL number:  0.71E+00 at (1,44,30)
       Max divergence:  0.20E+02 at (4,48,10)
       Min divergence: -0.12E+02 at (7,47,32)
       Max VN number :  0.12E+00 at (1,44,31)
       Mesh    7
       Max CFL number:  0.65E+00 at (48,1,31)
       Max divergence:  0.39E+02 at (46,5,1)
       Min divergence: -0.14E+02 at (44,1,30)
       Max VN number :  0.14E+00 at (44,1,30)
       Mesh    8
       Max CFL number:  0.78E+00 at (2,1,32)
       Max divergence:  0.34E+02 at (2,3,11)
       Min divergence: -0.64E+01 at (7,5,7)
       Max VN number :  0.11E+00 at (2,1,32)
       Mesh    9
       Max CFL number:  0.86E+00 at (46,46,15)
       Max divergence:  0.58E+02 at (46,46,31)
       Min divergence: -0.10E+02 at (45,40,19)
       Max VN number :  0.12E+00 at (46,43,16)
       Mesh   10
       Max CFL number:  0.76E+00 at (1,45,10)
       Max divergence:  0.25E+02 at (8,40,6)
       Min divergence: -0.68E+01 at (3,48,28)
       Max VN number :  0.13E+00 at (1,45,10)
       Mesh   11
       Max CFL number:  0.74E+00 at (48,1,3)
       Max divergence:  0.37E+02 at (48,3,32)
       Min divergence: -0.64E+01 at (47,3,31)
       Max VN number :  0.95E-01 at (46,2,5)
       Mesh   12
       Max CFL number:  0.72E+00 at (2,1,1)
       Max divergence:  0.51E+02 at (20,12,30)
       Min divergence: -0.10E+02 at (11,3,5)
       Max VN number :  0.11E+00 at (2,1,8)
       Mesh   13
       Max CFL number:  0.56E+00 at (47,45,1)
       Max divergence:  0.33E+02 at (44,48,1)
       Min divergence: -0.52E+01 at (40,42,2)
       Max VN number :  0.87E-01 at (47,45,1)
       Mesh   14
       Max CFL number:  0.65E+00 at (12,47,16)
       Max divergence:  0.19E+02 at (13,46,14)
       Min divergence: -0.71E+01 at (5,46,30)
       Max VN number :  0.76E-01 at (8,42,25)
       Mesh   15
       Max CFL number:  0.83E+00 at (41,8,26)
       Max divergence:  0.35E+02 at (45,1,1)
       Min divergence: -0.11E+02 at (45,3,6)
       Max VN number :  0.11E+00 at (47,5,29)
       Mesh   16
       Max CFL number:  0.76E+00 at (2,4,29)
       Max divergence:  0.44E+02 at (6,12,9)
       Min divergence: -0.93E+01 at (6,3,18)
       Max VN number :  0.95E-01 at (3,6,25)
 
       Time Step     6300   September 19, 2026  14:42:05
       Step Size:  0.107E-02 s, Total Time:    7.78487 s
       Pressure Iterations: 7
       Maximum Velocity Error:  0.96E-02 on Mesh 9 at (46,47,32)
       Maximum Pressure Error:  0.18E+05 on Mesh 12 at (4,3,3)
       Maximum CFL Number    :  0.90E+00 on Mesh 11 at (47,2,24)
       Maximum VN Number     :  0.15E+00 on Mesh 15 at (42,1,14)
       ---------------------------------------------------------------
       Mesh    1
       Max CFL number:  0.35E+00 at (41,48,24)
       Max divergence:  0.48E+02 at (38,38,1)
       Min divergence: -0.88E+01 at (44,48,14)
       Max VN number :  0.72E-01 at (43,46,18)
       Mesh    2
       Max CFL number:  0.32E+00 at (7,42,30)
       Max divergence:  0.49E+02 at (15,42,1)
       Min divergence: -0.12E+02 at (6,47,15)
       Max VN number :  0.83E-01 at (9,48,1)
       Mesh    3
       Max CFL number:  0.34E+00 at (45,8,32)
       Max divergence:  0.61E+02 at (39,13,1)
       Min divergence: -0.60E+01 at (39,3,15)
       Max VN number :  0.68E-01 at (40,13,1)
       Mesh    4
       Max CFL number:  0.35E+00 at (3,9,21)
       Max divergence:  0.42E+02 at (11,12,1)
       Min divergence: -0.13E+02 at (8,1,16)
       Max VN number :  0.64E-01 at (7,7,1)
       Mesh    5
       Max CFL number:  0.60E+00 at (45,48,31)
       Max divergence:  0.32E+02 at (41,44,3)
       Min divergence: -0.13E+02 at (44,43,9)
       Max VN number :  0.80E-01 at (44,43,9)
       Mesh    6
       Max CFL number:  0.45E+00 at (3,48,31)
       Max divergence:  0.29E+02 at (1,43,1)
       Min divergence: -0.40E+01 at (1,48,30)
       Max VN number :  0.49E-01 at (4,40,1)
       Mesh    7
       Max CFL number:  0.58E+00 at (46,1,31)
       Max divergence:  0.42E+02 at (48,4,15)
       Min divergence: -0.84E+01 at (47,2,31)
       Max VN number :  0.11E+00 at (44,1,30)
       Mesh    8
       Max CFL number:  0.56E+00 at (4,3,32)
       Max divergence:  0.34E+02 at (1,2,24)
       Min divergence: -0.56E+01 at (1,2,28)
       Max VN number :  0.73E-01 at (3,5,30)
       Mesh    9
       Max CFL number:  0.77E+00 at (46,46,30)
       Max divergence:  0.47E+02 at (45,46,3)
       Min divergence: -0.11E+02 at (45,46,12)
       Max VN number :  0.12E+00 at (46,46,14)
       Mesh   10
       Max CFL number:  0.80E+00 at (1,44,14)
       Max divergence:  0.27E+02 at (1,48,2)
       Min divergence: -0.12E+02 at (1,44,14)
       Max VN number :  0.13E+00 at (1,44,14)
       Mesh   11
       Max CFL number:  0.90E+00 at (47,2,24)
       Max divergence:  0.43E+02 at (48,1,2)
       Min divergence: -0.10E+02 at (45,3,5)
       Max VN number :  0.12E+00 at (48,4,23)
       Mesh   12
       Max CFL number:  0.88E+00 at (1,4,27)
       Max divergence:  0.40E+02 at (2,2,1)
       Min divergence: -0.14E+02 at (1,1,9)
       Max VN number :  0.14E+00 at (1,4,26)
       Mesh   13
       Max CFL number:  0.70E+00 at (48,47,1)
       Max divergence:  0.22E+02 at (47,48,20)
       Min divergence: -0.13E+02 at (38,47,10)
       Max VN number :  0.11E+00 at (47,48,19)
       Mesh   14
       Max CFL number:  0.74E+00 at (5,46,9)
       Max divergence:  0.17E+02 at (7,48,12)
       Min divergence: -0.83E+01 at (4,44,6)
       Max VN number :  0.12E+00 at (7,48,12)
       Mesh   15
       Max CFL number:  0.73E+00 at (47,6,17)
       Max divergence:  0.35E+02 at (37,22,14)
       Min divergence: -0.13E+02 at (42,3,20)
       Max VN number :  0.15E+00 at (42,1,14)
       Mesh   16
       Max CFL number:  0.84E+00 at (3,1,10)
       Max divergence:  0.22E+02 at (8,20,12)
       Min divergence: -0.13E+02 at (2,20,24)
       Max VN number :  0.12E+00 at (3,1,9)
 
       Time Step     6400   September 19, 2026  14:42:50
       Step Size:  0.105E-02 s, Total Time:    7.89720 s
       Pressure Iterations: 7
       Maximum Velocity Error:  0.15E-01 on Mesh 3 at (36,8,0)
       Maximum Pressure Error:  0.15E+05 on Mesh 3 at (35,8,1)
       Maximum CFL Number    :  0.92E+00 on Mesh 9 at (47,41,21)
       Maximum VN Number     :  0.17E+00 on Mesh 9 at (45,41,18)
       ---------------------------------------------------------------
       Mesh    1
       Max CFL number:  0.44E+00 at (47,43,26)
       Max divergence:  0.46E+02 at (37,38,1)
       Min divergence: -0.18E+02 at (48,43,29)
       Max VN number :  0.56E-01 at (43,46,15)
       Mesh    2
       Max CFL number:  0.45E+00 at (7,47,29)
       Max divergence:  0.48E+02 at (16,46,1)
       Min divergence: -0.16E+02 at (1,43,28)
       Max VN number :  0.71E-01 at (2,45,1)
       Mesh    3
       Max CFL number:  0.42E+00 at (47,9,31)
       Max divergence:  0.87E+02 at (35,8,1)
       Min divergence: -0.12E+02 at (48,6,25)
       Max VN number :  0.69E-01 at (43,5,22)
       Mesh    4
       Max CFL number:  0.47E+00 at (6,2,29)
       Max divergence:  0.46E+02 at (11,12,1)
       Min divergence: -0.20E+02 at (5,4,30)
       Max VN number :  0.78E-01 at (4,3,1)
       Mesh    5
       Max CFL number:  0.52E+00 at (37,44,32)
       Max divergence:  0.44E+02 at (44,43,5)
       Min divergence: -0.89E+01 at (48,40,4)
       Max VN number :  0.81E-01 at (44,44,25)
       Mesh    6
       Max CFL number:  0.37E+00 at (8,44,13)
       Max divergence:  0.38E+02 at (9,48,3)
       Min divergence: -0.61E+01 at (13,41,14)
       Max VN number :  0.68E-01 at (8,44,7)
       Mesh    7
       Max CFL number:  0.61E+00 at (46,8,31)
       Max divergence:  0.55E+02 at (44,9,21)
       Min divergence: -0.10E+02 at (35,4,28)
       Max VN number :  0.91E-01 at (46,8,29)
       Mesh    8
       Max CFL number:  0.40E+00 at (1,6,27)
       Max divergence:  0.69E+02 at (9,1,2)
       Min divergence: -0.16E+02 at (8,2,1)
       Max VN number :  0.68E-01 at (3,5,25)
       Mesh    9
       Max CFL number:  0.92E+00 at (47,41,21)
       Max divergence:  0.34E+02 at (45,41,18)
       Min divergence: -0.17E+02 at (43,45,24)
       Max VN number :  0.17E+00 at (45,41,18)
       Mesh   10
       Max CFL number:  0.75E+00 at (1,39,18)
       Max divergence:  0.17E+02 at (13,39,32)
       Min divergence: -0.61E+01 at (15,44,24)
       Max VN number :  0.95E-01 at (2,38,24)
       Mesh   11
       Max CFL number:  0.60E+00 at (45,1,10)
       Max divergence:  0.48E+02 at (45,1,11)
       Min divergence: -0.10E+02 at (44,2,11)
       Max VN number :  0.15E+00 at (45,1,11)
       Mesh   12
       Max CFL number:  0.76E+00 at (6,1,25)
       Max divergence:  0.18E+02 at (26,18,32)
       Min divergence: -0.67E+01 at (6,4,30)
       Max VN number :  0.89E-01 at (7,1,25)
       Mesh   13
       Max CFL number:  0.76E+00 at (42,43,7)
       Max divergence:  0.11E+02 at (46,46,1)
       Min divergence: -0.75E+01 at (48,41,5)
       Max VN number :  0.11E+00 at (38,46,24)
       Mesh   14
       Max CFL number:  0.67E+00 at (3,44,12)
       Max divergence:  0.26E+02 at (2,41,6)
       Min divergence: -0.11E+02 at (2,41,4)
       Max VN number :  0.13E+00 at (2,42,10)
       Mesh   15
       Max CFL number:  0.74E+00 at (45,7,30)
       Max divergence:  0.28E+02 at (44,21,32)
       Min divergence: -0.10E+02 at (32,9,30)
       Max VN number :  0.11E+00 at (45,7,30)
       Mesh   16
       Max CFL number:  0.71E+00 at (10,2,15)
       Max divergence:  0.17E+02 at (4,2,4)
       Min divergence: -0.69E+01 at (2,7,2)
       Max VN number :  0.96E-01 at (4,3,9)
 
       Time Step     6500   September 19, 2026  14:43:36
       Step Size:  0.109E-02 s, Total Time:    8.00166 s
       Pressure Iterations: 8
       Maximum Velocity Error:  0.11E-01 on Mesh 1 at (48,34,1)
       Maximum Pressure Error:  0.14E+05 on Mesh 11 at (40,14,9)
       Maximum CFL Number    :  0.93E+00 on Mesh 10 at (1,45,29)
       Maximum VN Number     :  0.14E+00 on Mesh 12 at (3,10,32)
       ---------------------------------------------------------------
       Mesh    1
       Max CFL number:  0.50E+00 at (45,47,32)
       Max divergence:  0.52E+02 at (37,38,1)
       Min divergence: -0.66E+01 at (42,45,18)
       Max VN number :  0.71E-01 at (46,45,25)
       Mesh    2
       Max CFL number:  0.54E+00 at (4,46,31)
       Max divergence:  0.59E+02 at (15,46,1)
       Min divergence: -0.69E+01 at (4,42,2)
       Max VN number :  0.84E-01 at (4,46,32)
       Mesh    3
       Max CFL number:  0.49E+00 at (46,4,31)
       Max divergence:  0.45E+02 at (42,15,1)
       Min divergence: -0.45E+01 at (45,5,20)
       Max VN number :  0.99E-01 at (44,10,1)
       Mesh    4
       Max CFL number:  0.45E+00 at (4,2,25)
       Max divergence:  0.46E+02 at (9,14,1)
       Min divergence: -0.95E+01 at (1,5,15)
       Max VN number :  0.70E-01 at (2,4,1)
       Mesh    5
       Max CFL number:  0.62E+00 at (41,48,25)
       Max divergence:  0.63E+02 at (46,47,20)
       Min divergence: -0.16E+02 at (43,46,13)
       Max VN number :  0.11E+00 at (48,44,2)
       Mesh    6
       Max CFL number:  0.58E+00 at (2,43,5)
       Max divergence:  0.66E+02 at (3,44,22)
       Min divergence: -0.14E+02 at (4,43,21)
       Max VN number :  0.87E-01 at (6,46,1)
       Mesh    7
       Max CFL number:  0.68E+00 at (45,6,11)
       Max divergence:  0.52E+02 at (42,11,28)
       Min divergence: -0.17E+02 at (47,8,12)
       Max VN number :  0.11E+00 at (45,6,11)
       Mesh    8
       Max CFL number:  0.48E+00 at (6,1,12)
       Max divergence:  0.52E+02 at (5,2,18)
       Min divergence: -0.19E+02 at (2,3,11)
       Max VN number :  0.10E+00 at (6,2,16)
       Mesh    9
       Max CFL number:  0.88E+00 at (45,42,22)
       Max divergence:  0.25E+02 at (45,44,20)
       Min divergence: -0.68E+01 at (38,48,22)
       Max VN number :  0.96E-01 at (40,41,12)
       Mesh   10
       Max CFL number:  0.93E+00 at (1,45,29)
       Max divergence:  0.25E+02 at (2,48,26)
       Min divergence: -0.48E+01 at (1,48,32)
       Max VN number :  0.90E-01 at (3,42,32)
       Mesh   11
       Max CFL number:  0.79E+00 at (46,10,19)
       Max divergence:  0.40E+02 at (43,8,16)
       Min divergence: -0.12E+02 at (39,8,14)
       Max VN number :  0.13E+00 at (48,7,28)
       Mesh   12
       Max CFL number:  0.83E+00 at (3,10,32)
       Max divergence:  0.15E+02 at (3,1,28)
       Min divergence: -0.12E+02 at (2,1,25)
       Max VN number :  0.14E+00 at (3,10,32)
       Mesh   13
       Max CFL number:  0.75E+00 at (41,45,23)
       Max divergence:  0.72E+01 at (48,42,6)
       Min divergence: -0.77E+01 at (37,35,17)
       Max VN number :  0.11E+00 at (47,35,14)
       Mesh   14
       Max CFL number:  0.85E+00 at (2,42,1)
       Max divergence:  0.99E+01 at (4,48,5)
       Min divergence: -0.90E+01 at (14,36,13)
       Max VN number :  0.11E+00 at (2,47,29)
       Mesh   15
       Max CFL number:  0.72E+00 at (44,1,26)
       Max divergence:  0.17E+02 at (39,25,30)
       Min divergence: -0.70E+01 at (31,14,25)
       Max VN number :  0.10E+00 at (47,1,27)
       Mesh   16
       Max CFL number:  0.81E+00 at (3,10,1)
       Max divergence:  0.15E+02 at (26,8,4)
       Min divergence: -0.12E+02 at (3,10,1)
       Max VN number :  0.11E+00 at (6,8,7)
 
       Time Step     6600   September 19, 2026  14:44:22
       Step Size:  0.109E-02 s, Total Time:    8.11054 s
       Pressure Iterations: 6
       Maximum Velocity Error:  0.12E-01 on Mesh 6 at (6,46,32)
       Maximum Pressure Error:  0.13E+05 on Mesh 11 at (31,9,14)
       Maximum CFL Number    :  0.85E+00 on Mesh 14 at (2,41,14)
       Maximum VN Number     :  0.13E+00 on Mesh 6 at (6,46,31)
       ---------------------------------------------------------------
       Mesh    1
       Max CFL number:  0.38E+00 at (45,42,31)
       Max divergence:  0.54E+02 at (35,40,1)
       Min divergence: -0.85E+01 at (48,40,28)
       Max VN number :  0.71E-01 at (36,40,1)
       Mesh    2
       Max CFL number:  0.41E+00 at (2,44,32)
       Max divergence:  0.51E+02 at (13,39,1)
       Min divergence: -0.90E+01 at (5,43,23)
       Max VN number :  0.65E-01 at (8,44,1)
       Mesh    3
       Max CFL number:  0.38E+00 at (44,3,29)
       Max divergence:  0.59E+02 at (37,11,1)
       Min divergence: -0.70E+01 at (39,1,13)
       Max VN number :  0.64E-01 at (45,9,1)
       Mesh    4
       Max CFL number:  0.40E+00 at (4,6,30)
       Max divergence:  0.50E+02 at (2,6,29)
       Min divergence: -0.11E+02 at (5,8,28)
       Max VN number :  0.71E-01 at (2,6,29)
       Mesh    5
       Max CFL number:  0.77E+00 at (42,47,32)
       Max divergence:  0.39E+02 at (47,43,3)
       Min divergence: -0.82E+01 at (47,42,11)
       Max VN number :  0.11E+00 at (48,45,28)
       Mesh    6
       Max CFL number:  0.76E+00 at (6,45,29)
       Max divergence:  0.39E+02 at (2,48,19)
       Min divergence: -0.80E+01 at (2,46,10)
       Max VN number :  0.13E+00 at (6,46,31)
       Mesh    7
       Max CFL number:  0.72E+00 at (40,1,32)
       Max divergence:  0.48E+02 at (33,12,30)
       Min divergence: -0.71E+01 at (42,6,32)
       Max VN number :  0.69E-01 at (47,4,26)
       Mesh    8
       Max CFL number:  0.55E+00 at (3,1,31)
       Max divergence:  0.65E+02 at (3,1,15)
       Min divergence: -0.12E+02 at (3,2,31)
       Max VN number :  0.85E-01 at (7,4,7)
       Mesh    9
       Max CFL number:  0.71E+00 at (39,47,7)
       Max divergence:  0.62E+02 at (41,48,6)
       Min divergence: -0.10E+02 at (35,48,10)
       Max VN number :  0.10E+00 at (42,46,1)
       Mesh   10
       Max CFL number:  0.55E+00 at (2,34,32)
       Max divergence:  0.49E+02 at (4,47,6)
       Min divergence: -0.51E+01 at (4,47,5)
       Max VN number :  0.73E-01 at (2,46,6)
       Mesh   11
       Max CFL number:  0.75E+00 at (38,1,2)
       Max divergence:  0.63E+02 at (37,14,13)
       Min divergence: -0.14E+02 at (48,13,9)
       Max VN number :  0.96E-01 at (44,4,20)
       Mesh   12
       Max CFL number:  0.60E+00 at (7,8,32)
       Max divergence:  0.62E+02 at (2,2,8)
       Min divergence: -0.61E+01 at (1,4,6)
       Max VN number :  0.76E-01 at (7,13,28)
       Mesh   13
       Max CFL number:  0.72E+00 at (48,44,15)
       Max divergence:  0.93E+01 at (41,34,27)
       Min divergence: -0.81E+01 at (42,35,28)
       Max VN number :  0.92E-01 at (47,37,28)
       Mesh   14
       Max CFL number:  0.85E+00 at (2,41,14)
       Max divergence:  0.76E+01 at (7,35,26)
       Min divergence: -0.79E+01 at (6,35,26)
       Max VN number :  0.95E-01 at (6,35,26)
       Mesh   15
       Max CFL number:  0.85E+00 at (47,10,8)
       Max divergence:  0.14E+02 at (43,9,7)
       Min divergence: -0.96E+01 at (42,12,1)
       Max VN number :  0.11E+00 at (47,11,22)
       Mesh   16
       Max CFL number:  0.74E+00 at (2,16,23)
       Max divergence:  0.11E+02 at (25,4,19)
       Min divergence: -0.98E+01 at (5,14,12)
       Max VN number :  0.11E+00 at (4,14,15)
 
       Time Step     6700   September 19, 2026  14:45:07
       Step Size:  0.120E-02 s, Total Time:    8.22553 s
       Pressure Iterations: 6
       Maximum Velocity Error:  0.14E-01 on Mesh 5 at (46,46,32)
       Maximum Pressure Error:  0.12E+05 on Mesh 15 at (41,16,10)
       Maximum CFL Number    :  0.92E+00 on Mesh 11 at (47,4,6)
       Maximum VN Number     :  0.15E+00 on Mesh 12 at (6,4,2)
       ---------------------------------------------------------------
       Mesh    1
       Max CFL number:  0.40E+00 at (45,47,32)
       Max divergence:  0.62E+02 at (37,38,1)
       Min divergence: -0.65E+01 at (46,48,20)
       Max VN number :  0.91E-01 at (44,43,1)
       Mesh    2
       Max CFL number:  0.44E+00 at (5,45,32)
       Max divergence:  0.48E+02 at (11,37,1)
       Min divergence: -0.73E+01 at (2,45,20)
       Max VN number :  0.99E-01 at (6,43,27)
       Mesh    3
       Max CFL number:  0.42E+00 at (47,6,31)
       Max divergence:  0.52E+02 at (39,13,1)
       Min divergence: -0.74E+01 at (39,1,20)
       Max VN number :  0.65E-01 at (47,8,28)
       Mesh    4
       Max CFL number:  0.38E+00 at (4,7,27)
       Max divergence:  0.53E+02 at (11,12,1)
       Min divergence: -0.79E+01 at (2,6,26)
       Max VN number :  0.65E-01 at (3,8,24)
       Mesh    5
       Max CFL number:  0.72E+00 at (46,46,32)
       Max divergence:  0.43E+02 at (46,45,10)
       Min divergence: -0.71E+01 at (46,40,4)
       Max VN number :  0.97E-01 at (47,42,20)
       Mesh    6
       Max CFL number:  0.76E+00 at (9,48,22)
       Max divergence:  0.37E+02 at (4,45,1)
       Min divergence: -0.83E+01 at (6,48,22)
       Max VN number :  0.96E-01 at (2,42,4)
       Mesh    7
       Max CFL number:  0.77E+00 at (44,2,28)
       Max divergence:  0.41E+02 at (48,6,21)
       Min divergence: -0.11E+02 at (48,2,13)
       Max VN number :  0.12E+00 at (44,2,28)
       Mesh    8
       Max CFL number:  0.77E+00 at (7,2,25)
       Max divergence:  0.59E+02 at (2,4,22)
       Min divergence: -0.12E+02 at (5,3,21)
       Max VN number :  0.12E+00 at (3,5,20)
       Mesh    9
       Max CFL number:  0.80E+00 at (43,46,6)
       Max divergence:  0.17E+02 at (44,45,8)
       Min divergence: -0.84E+01 at (37,46,30)
       Max VN number :  0.11E+00 at (48,41,13)
       Mesh   10
       Max CFL number:  0.71E+00 at (3,45,26)
       Max divergence:  0.43E+02 at (4,47,1)
       Min divergence: -0.13E+02 at (14,44,20)
       Max VN number :  0.11E+00 at (8,41,15)
       Mesh   11
       Max CFL number:  0.92E+00 at (47,4,6)
       Max divergence:  0.30E+02 at (35,5,21)
       Min divergence: -0.75E+01 at (48,5,21)
       Max VN number :  0.13E+00 at (47,4,6)
       Mesh   12
       Max CFL number:  0.67E+00 at (1,2,17)
       Max divergence:  0.55E+02 at (1,2,2)
       Min divergence: -0.86E+01 at (4,4,26)
       Max VN number :  0.15E+00 at (6,4,2)
       Mesh   13
       Max CFL number:  0.76E+00 at (46,45,22)
       Max divergence:  0.17E+02 at (31,48,3)
       Min divergence: -0.11E+02 at (36,45,12)
       Max VN number :  0.99E-01 at (43,43,18)
       Mesh   14
       Max CFL number:  0.62E+00 at (11,35,29)
       Max divergence:  0.44E+01 at (3,47,1)
       Min divergence: -0.40E+01 at (17,33,30)
       Max VN number :  0.98E-01 at (5,43,29)
       Mesh   15
       Max CFL number:  0.79E+00 at (43,13,14)
       Max divergence:  0.44E+02 at (40,5,11)
       Min divergence: -0.97E+01 at (42,4,21)
       Max VN number :  0.11E+00 at (35,11,3)
       Mesh   16
       Max CFL number:  0.89E+00 at (9,7,25)
       Max divergence:  0.12E+02 at (2,7,21)
       Min divergence: -0.53E+01 at (27,6,25)
       Max VN number :  0.11E+00 at (3,11,26)
 
       Time Step     6800   September 19, 2026  14:45:53
       Step Size:  0.105E-02 s, Total Time:    8.33964 s
       Pressure Iterations: 7
       Maximum Velocity Error:  0.11E-01 on Mesh 7 at (48,1,21)
       Maximum Pressure Error:  0.97E+04 on Mesh 1 at (40,36,1)
       Maximum CFL Number    :  0.91E+00 on Mesh 11 at (43,4,19)
       Maximum VN Number     :  0.12E+00 on Mesh 12 at (8,6,9)
       ---------------------------------------------------------------
       Mesh    1
       Max CFL number:  0.41E+00 at (47,39,30)
       Max divergence:  0.50E+02 at (39,36,1)
       Min divergence: -0.95E+01 at (44,46,23)
       Max VN number :  0.63E-01 at (45,40,1)
       Mesh    2
       Max CFL number:  0.38E+00 at (3,43,31)
       Max divergence:  0.49E+02 at (13,39,1)
       Min divergence: -0.11E+02 at (7,41,28)
       Max VN number :  0.78E-01 at (3,43,1)
       Mesh    3
       Max CFL number:  0.35E+00 at (47,8,32)
       Max divergence:  0.52E+02 at (39,13,1)
       Min divergence: -0.82E+01 at (43,1,20)
       Max VN number :  0.73E-01 at (42,3,23)
       Mesh    4
       Max CFL number:  0.39E+00 at (5,3,28)
       Max divergence:  0.50E+02 at (9,14,1)
       Min divergence: -0.11E+02 at (5,4,26)
       Max VN number :  0.68E-01 at (7,1,25)
       Mesh    5
       Max CFL number:  0.76E+00 at (45,45,32)
       Max divergence:  0.51E+02 at (48,45,32)
       Min divergence: -0.10E+02 at (47,46,13)
       Max VN number :  0.12E+00 at (48,44,29)
       Mesh    6
       Max CFL number:  0.68E+00 at (2,46,31)
       Max divergence:  0.61E+02 at (3,46,21)
       Min divergence: -0.95E+01 at (7,48,20)
       Max VN number :  0.83E-01 at (5,42,12)
       Mesh    7
       Max CFL number:  0.62E+00 at (48,1,30)
       Max divergence:  0.33E+02 at (47,4,9)
       Min divergence: -0.80E+01 at (46,1,10)
       Max VN number :  0.89E-01 at (47,1,32)
       Mesh    8
       Max CFL number:  0.67E+00 at (4,1,29)
       Max divergence:  0.36E+02 at (1,5,8)
       Min divergence: -0.10E+02 at (6,8,16)
       Max VN number :  0.92E-01 at (4,1,28)
       Mesh    9
       Max CFL number:  0.81E+00 at (46,48,13)
       Max divergence:  0.26E+02 at (46,47,19)
       Min divergence: -0.13E+02 at (47,40,27)
       Max VN number :  0.11E+00 at (44,45,1)
       Mesh   10
       Max CFL number:  0.88E+00 at (3,45,7)
       Max divergence:  0.41E+02 at (2,45,7)
       Min divergence: -0.10E+02 at (13,38,29)
       Max VN number :  0.11E+00 at (3,45,7)
       Mesh   11
       Max CFL number:  0.91E+00 at (43,4,19)
       Max divergence:  0.33E+02 at (18,11,25)
       Min divergence: -0.60E+01 at (42,2,20)
       Max VN number :  0.99E-01 at (40,1,21)
       Mesh   12
       Max CFL number:  0.79E+00 at (3,1,9)
       Max divergence:  0.22E+02 at (6,3,18)
       Min divergence: -0.12E+02 at (8,7,11)
       Max VN number :  0.12E+00 at (8,6,9)
       Mesh   13
       Max CFL number:  0.79E+00 at (43,43,24)
       Max divergence:  0.19E+02 at (42,48,20)
       Min divergence: -0.10E+02 at (39,47,22)
       Max VN number :  0.10E+00 at (34,46,13)
       Mesh   14
       Max CFL number:  0.58E+00 at (6,46,26)
       Max divergence:  0.11E+02 at (3,48,7)
       Min divergence: -0.79E+01 at (11,47,8)
       Max VN number :  0.91E-01 at (9,48,30)
       Mesh   15
       Max CFL number:  0.73E+00 at (45,9,12)
       Max divergence:  0.24E+02 at (22,8,7)
       Min divergence: -0.14E+02 at (32,8,27)
       Max VN number :  0.94E-01 at (46,9,31)
       Mesh   16
       Max CFL number:  0.75E+00 at (3,11,31)
       Max divergence:  0.91E+01 at (9,9,13)
       Min divergence: -0.65E+01 at (1,11,29)
       Max VN number :  0.91E-01 at (12,1,3)
 
       Time Step     6900   September 19, 2026  14:46:39
       Step Size:  0.896E-03 s, Total Time:    8.43941 s
       Pressure Iterations: 6
       Maximum Velocity Error:  0.13E-01 on Mesh 11 at (48,3,30)
       Maximum Pressure Error:  0.15E+05 on Mesh 14 at (3,44,19)
       Maximum CFL Number    :  0.90E+00 on Mesh 13 at (48,46,19)
       Maximum VN Number     :  0.13E+00 on Mesh 12 at (5,4,27)
       ---------------------------------------------------------------
       Mesh    1
       Max CFL number:  0.34E+00 at (42,48,29)
       Max divergence:  0.47E+02 at (37,38,1)
       Min divergence: -0.69E+01 at (45,47,28)
       Max VN number :  0.51E-01 at (42,44,18)
       Mesh    2
       Max CFL number:  0.35E+00 at (2,41,32)
       Max divergence:  0.52E+02 at (14,40,1)
       Min divergence: -0.71E+01 at (2,45,32)
       Max VN number :  0.49E-01 at (3,43,20)
       Mesh    3
       Max CFL number:  0.36E+00 at (47,4,32)
       Max divergence:  0.56E+02 at (42,15,1)
       Min divergence: -0.11E+02 at (48,5,27)
       Max VN number :  0.55E-01 at (43,6,27)
       Mesh    4
       Max CFL number:  0.38E+00 at (8,2,28)
       Max divergence:  0.48E+02 at (11,12,1)
       Min divergence: -0.11E+02 at (1,5,28)
       Max VN number :  0.57E-01 at (5,3,1)
       Mesh    5
       Max CFL number:  0.41E+00 at (47,44,7)
       Max divergence:  0.49E+02 at (45,45,5)
       Min divergence: -0.11E+02 at (47,46,6)
       Max VN number :  0.83E-01 at (45,45,5)
       Mesh    6
       Max CFL number:  0.44E+00 at (4,44,32)
       Max divergence:  0.47E+02 at (7,44,22)
       Min divergence: -0.93E+01 at (4,48,9)
       Max VN number :  0.97E-01 at (2,41,24)
       Mesh    7
       Max CFL number:  0.41E+00 at (45,1,17)
       Max divergence:  0.49E+02 at (46,7,14)
       Min divergence: -0.86E+01 at (43,5,23)
       Max VN number :  0.72E-01 at (45,3,17)
       Mesh    8
       Max CFL number:  0.43E+00 at (1,4,32)
       Max divergence:  0.46E+02 at (2,5,17)
       Min divergence: -0.12E+02 at (3,10,3)
       Max VN number :  0.65E-01 at (8,5,6)
       Mesh    9
       Max CFL number:  0.67E+00 at (45,43,22)
       Max divergence:  0.27E+02 at (46,46,7)
       Min divergence: -0.94E+01 at (48,43,24)
       Max VN number :  0.10E+00 at (43,43,15)
       Mesh   10
       Max CFL number:  0.62E+00 at (3,46,31)
       Max divergence:  0.42E+02 at (4,48,6)
       Min divergence: -0.62E+01 at (3,44,7)
       Max VN number :  0.85E-01 at (2,47,32)
       Mesh   11
       Max CFL number:  0.78E+00 at (48,4,30)
       Max divergence:  0.35E+02 at (48,2,10)
       Min divergence: -0.99E+01 at (44,6,6)
       Max VN number :  0.11E+00 at (48,4,29)
       Mesh   12
       Max CFL number:  0.73E+00 at (4,3,29)
       Max divergence:  0.34E+02 at (7,1,17)
       Min divergence: -0.16E+02 at (4,4,27)
       Max VN number :  0.13E+00 at (5,4,27)
       Mesh   13
       Max CFL number:  0.90E+00 at (48,46,19)
       Max divergence:  0.23E+02 at (48,45,19)
       Min divergence: -0.98E+01 at (27,45,26)
       Max VN number :  0.12E+00 at (46,45,21)
       Mesh   14
       Max CFL number:  0.89E+00 at (1,46,18)
       Max divergence:  0.42E+02 at (1,44,17)
       Min divergence: -0.19E+02 at (3,44,18)
       Max VN number :  0.13E+00 at (1,44,17)
       Mesh   15
       Max CFL number:  0.76E+00 at (43,1,21)
       Max divergence:  0.20E+02 at (38,2,32)
       Min divergence: -0.91E+01 at (34,2,31)
       Max VN number :  0.86E-01 at (44,7,9)
       Mesh   16
       Max CFL number:  0.72E+00 at (1,1,18)
       Max divergence:  0.17E+02 at (3,1,17)
       Min divergence: -0.71E+01 at (8,5,18)
       Max VN number :  0.99E-01 at (3,1,16)
 
       Time Step     7000   September 19, 2026  14:47:24
       Step Size:  0.986E-03 s, Total Time:    8.53188 s
       Pressure Iterations: 7
       Maximum Velocity Error:  0.15E-01 on Mesh 10 at (3,48,28)
       Maximum Pressure Error:  0.19E+05 on Mesh 14 at (4,43,2)
       Maximum CFL Number    :  0.89E+00 on Mesh 13 at (34,41,20)
       Maximum VN Number     :  0.14E+00 on Mesh 14 at (4,43,1)
       ---------------------------------------------------------------
       Mesh    1
       Max CFL number:  0.42E+00 at (46,46,32)
       Max divergence:  0.49E+02 at (37,38,1)
       Min divergence: -0.87E+01 at (48,44,29)
       Max VN number :  0.60E-01 at (42,46,19)
       Mesh    2
       Max CFL number:  0.45E+00 at (3,47,32)
       Max divergence:  0.46E+02 at (14,40,1)
       Min divergence: -0.13E+02 at (2,46,25)
       Max VN number :  0.69E-01 at (1,42,32)
       Mesh    3
       Max CFL number:  0.47E+00 at (44,2,30)
       Max divergence:  0.45E+02 at (36,10,1)
       Min divergence: -0.59E+01 at (47,11,8)
       Max VN number :  0.67E-01 at (44,5,29)
       Mesh    4
       Max CFL number:  0.45E+00 at (5,2,32)
       Max divergence:  0.49E+02 at (11,12,1)
       Min divergence: -0.54E+01 at (2,3,18)
       Max VN number :  0.56E-01 at (4,3,32)
       Mesh    5
       Max CFL number:  0.52E+00 at (48,40,12)
       Max divergence:  0.54E+02 at (48,46,20)
       Min divergence: -0.15E+02 at (48,46,19)
       Max VN number :  0.64E-01 at (45,38,29)
       Mesh    6
       Max CFL number:  0.49E+00 at (6,45,10)
       Max divergence:  0.47E+02 at (1,44,20)
       Min divergence: -0.12E+02 at (1,43,6)
       Max VN number :  0.76E-01 at (3,44,10)
       Mesh    7
       Max CFL number:  0.53E+00 at (45,7,18)
       Max divergence:  0.44E+02 at (47,7,25)
       Min divergence: -0.11E+02 at (46,2,30)
       Max VN number :  0.69E-01 at (46,9,24)
       Mesh    8
       Max CFL number:  0.49E+00 at (10,4,17)
       Max divergence:  0.59E+02 at (4,5,27)
       Min divergence: -0.18E+02 at (5,6,12)
       Max VN number :  0.95E-01 at (3,6,7)
       Mesh    9
       Max CFL number:  0.65E+00 at (45,47,18)
       Max divergence:  0.60E+02 at (48,45,4)
       Min divergence: -0.86E+01 at (45,45,29)
       Max VN number :  0.10E+00 at (45,47,17)
       Mesh   10
       Max CFL number:  0.67E+00 at (1,44,28)
       Max divergence:  0.67E+02 at (1,40,1)
       Min divergence: -0.98E+01 at (10,43,4)
       Max VN number :  0.10E+00 at (3,44,32)
       Mesh   11
       Max CFL number:  0.74E+00 at (47,4,32)
       Max divergence:  0.48E+02 at (48,1,23)
       Min divergence: -0.11E+02 at (48,4,28)
       Max VN number :  0.73E-01 at (46,1,20)
       Mesh   12
       Max CFL number:  0.75E+00 at (9,3,17)
       Max divergence:  0.42E+02 at (3,4,30)
       Min divergence: -0.15E+02 at (3,4,29)
       Max VN number :  0.91E-01 at (9,2,19)
       Mesh   13
       Max CFL number:  0.89E+00 at (34,41,20)
       Max divergence:  0.30E+02 at (48,48,12)
       Min divergence: -0.64E+01 at (42,42,19)
       Max VN number :  0.95E-01 at (32,40,21)
       Mesh   14
       Max CFL number:  0.74E+00 at (2,48,23)
       Max divergence:  0.27E+02 at (3,44,1)
       Min divergence: -0.15E+02 at (4,43,2)
       Max VN number :  0.14E+00 at (4,43,1)
       Mesh   15
       Max CFL number:  0.79E+00 at (47,11,1)
       Max divergence:  0.40E+02 at (48,7,6)
       Min divergence: -0.69E+01 at (44,7,8)
       Max VN number :  0.11E+00 at (44,8,7)
       Mesh   16
       Max CFL number:  0.78E+00 at (1,2,4)
       Max divergence:  0.52E+02 at (1,7,6)
       Min divergence: -0.81E+01 at (3,8,29)
       Max VN number :  0.93E-01 at (3,2,24)
 
       Time Step     7100   September 19, 2026  14:48:10
       Step Size:  0.884E-03 s, Total Time:    8.63002 s
       Pressure Iterations: 6
       Maximum Velocity Error:  0.11E-01 on Mesh 5 at (47,42,32)
       Maximum Pressure Error:  0.13E+05 on Mesh 10 at (5,45,28)
       Maximum CFL Number    :  0.91E+00 on Mesh 14 at (14,47,10)
       Maximum VN Number     :  0.12E+00 on Mesh 16 at (12,3,12)
       ---------------------------------------------------------------
       Mesh    1
       Max CFL number:  0.30E+00 at (40,48,30)
       Max divergence:  0.49E+02 at (37,38,1)
       Min divergence: -0.77E+01 at (48,42,15)
       Max VN number :  0.51E-01 at (43,47,29)
       Mesh    2
       Max CFL number:  0.26E+00 at (1,48,31)
       Max divergence:  0.46E+02 at (10,36,1)
       Min divergence: -0.12E+02 at (4,46,27)
       Max VN number :  0.58E-01 at (11,42,1)
       Mesh    3
       Max CFL number:  0.31E+00 at (46,6,31)
       Max divergence:  0.44E+02 at (45,16,1)
       Min divergence: -0.12E+02 at (41,2,23)
       Max VN number :  0.54E-01 at (41,2,23)
       Mesh    4
       Max CFL number:  0.29E+00 at (4,2,32)
       Max divergence:  0.57E+02 at (11,12,1)
       Min divergence: -0.89E+01 at (7,2,30)
       Max VN number :  0.77E-01 at (2,5,1)
       Mesh    5
       Max CFL number:  0.60E+00 at (48,44,25)
       Max divergence:  0.42E+02 at (46,48,5)
       Min divergence: -0.77E+01 at (48,42,31)
       Max VN number :  0.82E-01 at (45,46,16)
       Mesh    6
       Max CFL number:  0.63E+00 at (5,48,26)
       Max divergence:  0.49E+02 at (1,44,14)
       Min divergence: -0.17E+02 at (5,47,27)
       Max VN number :  0.76E-01 at (4,45,19)
       Mesh    7
       Max CFL number:  0.68E+00 at (44,4,24)
       Max divergence:  0.43E+02 at (44,3,26)
       Min divergence: -0.89E+01 at (47,3,28)
       Max VN number :  0.95E-01 at (44,3,26)
       Mesh    8
       Max CFL number:  0.59E+00 at (4,1,23)
       Max divergence:  0.45E+02 at (7,4,32)
       Min divergence: -0.20E+02 at (5,2,26)
       Max VN number :  0.77E-01 at (5,2,13)
       Mesh    9
       Max CFL number:  0.63E+00 at (42,47,24)
       Max divergence:  0.60E+02 at (48,38,13)
       Min divergence: -0.14E+02 at (39,44,32)
       Max VN number :  0.11E+00 at (38,45,23)
       Mesh   10
       Max CFL number:  0.63E+00 at (8,46,31)
       Max divergence:  0.47E+02 at (3,39,16)
       Min divergence: -0.91E+01 at (2,45,7)
       Max VN number :  0.81E-01 at (2,46,16)
       Mesh   11
       Max CFL number:  0.58E+00 at (43,1,27)
       Max divergence:  0.38E+02 at (42,5,7)
       Min divergence: -0.11E+02 at (38,4,11)
       Max VN number :  0.83E-01 at (42,1,26)
       Mesh   12
       Max CFL number:  0.75E+00 at (11,6,24)
       Max divergence:  0.60E+02 at (7,3,1)
       Min divergence: -0.89E+01 at (7,1,2)
       Max VN number :  0.70E-01 at (2,3,29)
       Mesh   13
       Max CFL number:  0.79E+00 at (47,45,15)
       Max divergence:  0.22E+02 at (44,44,32)
       Min divergence: -0.14E+02 at (48,39,19)
       Max VN number :  0.10E+00 at (48,41,26)
       Mesh   14
       Max CFL number:  0.91E+00 at (14,47,10)
       Max divergence:  0.35E+02 at (2,47,32)
       Min divergence: -0.12E+02 at (1,40,23)
       Max VN number :  0.12E+00 at (2,42,25)
       Mesh   15
       Max CFL number:  0.70E+00 at (37,2,30)
       Max divergence:  0.20E+02 at (46,4,31)
       Min divergence: -0.12E+02 at (45,1,10)
       Max VN number :  0.91E-01 at (48,4,31)
       Mesh   16
       Max CFL number:  0.80E+00 at (13,1,9)
       Max divergence:  0.41E+02 at (12,2,14)
       Min divergence: -0.20E+02 at (11,4,16)
       Max VN number :  0.12E+00 at (12,3,12)
 
       Time Step     7200   September 19, 2026  14:48:56
       Step Size:  0.953E-03 s, Total Time:    8.72596 s
       Pressure Iterations: 6
       Maximum Velocity Error:  0.12E-01 on Mesh 3 at (48,15,0)
       Maximum Pressure Error:  0.16E+05 on Mesh 11 at (44,7,28)
       Maximum CFL Number    :  0.90E+00 on Mesh 9 at (43,47,17)
       Maximum VN Number     :  0.12E+00 on Mesh 13 at (42,46,10)
       ---------------------------------------------------------------
       Mesh    1
       Max CFL number:  0.32E+00 at (40,46,20)
       Max divergence:  0.51E+02 at (37,38,1)
       Min divergence: -0.86E+01 at (38,48,29)
       Max VN number :  0.60E-01 at (42,44,32)
       Mesh    2
       Max CFL number:  0.31E+00 at (3,46,28)
       Max divergence:  0.52E+02 at (6,34,1)
       Min divergence: -0.63E+01 at (10,45,24)
       Max VN number :  0.49E-01 at (6,44,25)
       Mesh    3
       Max CFL number:  0.33E+00 at (46,5,28)
       Max divergence:  0.50E+02 at (45,15,1)
       Min divergence: -0.79E+01 at (44,2,21)
       Max VN number :  0.52E-01 at (41,2,31)
       Mesh    4
       Max CFL number:  0.32E+00 at (2,6,27)
       Max divergence:  0.53E+02 at (11,12,1)
       Min divergence: -0.62E+01 at (5,6,27)
       Max VN number :  0.59E-01 at (2,4,1)
       Mesh    5
       Max CFL number:  0.61E+00 at (47,43,32)
       Max divergence:  0.40E+02 at (44,47,6)
       Min divergence: -0.74E+01 at (40,46,20)
       Max VN number :  0.87E-01 at (44,48,25)
       Mesh    6
       Max CFL number:  0.62E+00 at (1,46,30)
       Max divergence:  0.20E+02 at (1,48,30)
       Min divergence: -0.11E+02 at (4,47,5)
       Max VN number :  0.71E-01 at (1,43,32)
       Mesh    7
       Max CFL number:  0.55E+00 at (48,4,28)
       Max divergence:  0.52E+02 at (47,2,28)
       Min divergence: -0.82E+01 at (45,18,27)
       Max VN number :  0.75E-01 at (44,7,16)
       Mesh    8
       Max CFL number:  0.69E+00 at (3,2,32)
       Max divergence:  0.40E+02 at (6,9,28)
       Min divergence: -0.81E+01 at (1,19,32)
       Max VN number :  0.87E-01 at (1,4,22)
       Mesh    9
       Max CFL number:  0.90E+00 at (43,47,17)
       Max divergence:  0.42E+02 at (42,43,28)
       Min divergence: -0.10E+02 at (40,47,26)
       Max VN number :  0.94E-01 at (43,45,8)
       Mesh   10
       Max CFL number:  0.67E+00 at (3,36,12)
       Max divergence:  0.54E+02 at (16,48,21)
       Min divergence: -0.15E+02 at (4,36,29)
       Max VN number :  0.12E+00 at (7,44,18)
       Mesh   11
       Max CFL number:  0.74E+00 at (47,1,19)
       Max divergence:  0.46E+02 at (47,2,27)
       Min divergence: -0.81E+01 at (46,2,24)
       Max VN number :  0.10E+00 at (48,4,4)
       Mesh   12
       Max CFL number:  0.63E+00 at (3,1,1)
       Max divergence:  0.63E+02 at (1,3,26)
       Min divergence: -0.73E+01 at (1,18,1)
       Max VN number :  0.85E-01 at (2,11,17)
       Mesh   13
       Max CFL number:  0.74E+00 at (44,44,27)
       Max divergence:  0.27E+02 at (48,44,5)
       Min divergence: -0.14E+02 at (47,45,6)
       Max VN number :  0.12E+00 at (42,46,10)
       Mesh   14
       Max CFL number:  0.76E+00 at (9,46,30)
       Max divergence:  0.54E+02 at (6,40,1)
       Min divergence: -0.12E+02 at (9,36,7)
       Max VN number :  0.98E-01 at (8,45,30)
       Mesh   15
       Max CFL number:  0.72E+00 at (40,4,15)
       Max divergence:  0.92E+01 at (44,4,28)
       Min divergence: -0.78E+01 at (43,4,28)
       Max VN number :  0.11E+00 at (37,2,15)
       Mesh   16
       Max CFL number:  0.67E+00 at (12,1,12)
       Max divergence:  0.23E+02 at (13,4,20)
       Min divergence: -0.13E+02 at (12,5,21)
       Max VN number :  0.97E-01 at (12,4,21)
 
       Time Step     7300   September 19, 2026  14:49:41
       Step Size:  0.113E-02 s, Total Time:    8.83272 s
       Pressure Iterations: 6
       Maximum Velocity Error:  0.15E-01 on Mesh 13 at (48,45,3)
       Maximum Pressure Error:  0.18E+05 on Mesh 11 at (45,5,23)
       Maximum CFL Number    :  0.88E+00 on Mesh 9 at (46,47,22)
       Maximum VN Number     :  0.14E+00 on Mesh 13 at (43,47,28)
       ---------------------------------------------------------------
       Mesh    1
       Max CFL number:  0.44E+00 at (35,47,32)
       Max divergence:  0.52E+02 at (39,36,1)
       Min divergence: -0.83E+01 at (45,41,26)
       Max VN number :  0.72E-01 at (45,41,25)
       Mesh    2
       Max CFL number:  0.43E+00 at (5,43,26)
       Max divergence:  0.57E+02 at (2,42,23)
       Min divergence: -0.79E+01 at (1,42,22)
       Max VN number :  0.71E-01 at (2,42,23)
       Mesh    3
       Max CFL number:  0.43E+00 at (36,1,29)
       Max divergence:  0.52E+02 at (37,11,1)
       Min divergence: -0.76E+01 at (44,2,27)
       Max VN number :  0.70E-01 at (36,1,29)
       Mesh    4
       Max CFL number:  0.36E+00 at (2,8,30)
       Max divergence:  0.52E+02 at (13,10,1)
       Min divergence: -0.71E+01 at (7,3,4)
       Max VN number :  0.85E-01 at (3,8,32)
       Mesh    5
       Max CFL number:  0.73E+00 at (40,46,29)
       Max divergence:  0.58E+02 at (46,48,26)
       Min divergence: -0.15E+02 at (37,45,15)
       Max VN number :  0.10E+00 at (40,48,25)
       Mesh    6
       Max CFL number:  0.43E+00 at (1,47,12)
       Max divergence:  0.24E+02 at (5,48,2)
       Min divergence: -0.10E+02 at (2,44,18)
       Max VN number :  0.89E-01 at (3,45,15)
       Mesh    7
       Max CFL number:  0.67E+00 at (45,5,32)
       Max divergence:  0.46E+02 at (43,3,14)
       Min divergence: -0.10E+02 at (44,9,20)
       Max VN number :  0.92E-01 at (45,6,32)
       Mesh    8
       Max CFL number:  0.65E+00 at (4,4,28)
       Max divergence:  0.51E+02 at (1,6,6)
       Min divergence: -0.67E+01 at (1,2,5)
       Max VN number :  0.11E+00 at (4,2,29)
       Mesh    9
       Max CFL number:  0.88E+00 at (46,47,22)
       Max divergence:  0.43E+02 at (47,47,11)
       Min divergence: -0.17E+02 at (38,45,5)
       Max VN number :  0.12E+00 at (38,45,5)
       Mesh   10
       Max CFL number:  0.81E+00 at (2,47,29)
       Max divergence:  0.29E+02 at (1,47,10)
       Min divergence: -0.98E+01 at (19,43,31)
       Max VN number :  0.11E+00 at (8,48,27)
       Mesh   11
       Max CFL number:  0.87E+00 at (45,5,23)
       Max divergence:  0.55E+02 at (46,4,13)
       Min divergence: -0.81E+01 at (35,5,25)
       Max VN number :  0.12E+00 at (45,5,22)
       Mesh   12
       Max CFL number:  0.83E+00 at (1,2,23)
       Max divergence:  0.24E+02 at (1,1,14)
       Min divergence: -0.87E+01 at (15,5,11)
       Max VN number :  0.95E-01 at (7,6,16)
       Mesh   13
       Max CFL number:  0.80E+00 at (47,46,7)
       Max divergence:  0.25E+02 at (38,47,12)
       Min divergence: -0.12E+02 at (39,47,12)
       Max VN number :  0.14E+00 at (43,47,28)
       Mesh   14
       Max CFL number:  0.82E+00 at (2,45,8)
       Max divergence:  0.39E+02 at (12,48,27)
       Min divergence: -0.12E+02 at (17,44,3)
       Max VN number :  0.11E+00 at (12,48,27)
       Mesh   15
       Max CFL number:  0.73E+00 at (43,4,21)
       Max divergence:  0.18E+02 at (42,1,25)
       Min divergence: -0.97E+01 at (41,3,17)
       Max VN number :  0.11E+00 at (43,4,20)
       Mesh   16
       Max CFL number:  0.78E+00 at (16,2,29)
       Max divergence:  0.42E+02 at (14,1,28)
       Min divergence: -0.83E+01 at (9,2,28)
       Max VN number :  0.10E+00 at (17,2,29)
 
       Time Step     7400   September 19, 2026  14:50:26
       Step Size:  0.108E-02 s, Total Time:    8.93564 s
       Pressure Iterations: 7
       Maximum Velocity Error:  0.15E-01 on Mesh 1 at (48,34,1)
       Maximum Pressure Error:  0.20E+05 on Mesh 12 at (4,9,12)
       Maximum CFL Number    :  0.92E+00 on Mesh 13 at (48,47,24)
       Maximum VN Number     :  0.16E+00 on Mesh 11 at (46,4,4)
       ---------------------------------------------------------------
       Mesh    1
       Max CFL number:  0.43E+00 at (43,45,31)
       Max divergence:  0.46E+02 at (37,38,1)
       Min divergence: -0.13E+02 at (43,39,32)
       Max VN number :  0.67E-01 at (44,39,32)
       Mesh    2
       Max CFL number:  0.43E+00 at (7,41,32)
       Max divergence:  0.48E+02 at (13,39,1)
       Min divergence: -0.19E+02 at (3,44,19)
       Max VN number :  0.63E-01 at (4,43,1)
       Mesh    3
       Max CFL number:  0.42E+00 at (46,6,27)
       Max divergence:  0.53E+02 at (37,10,1)
       Min divergence: -0.80E+01 at (46,7,29)
       Max VN number :  0.85E-01 at (46,6,29)
       Mesh    4
       Max CFL number:  0.40E+00 at (4,4,23)
       Max divergence:  0.51E+02 at (7,15,1)
       Min divergence: -0.11E+02 at (7,2,21)
       Max VN number :  0.77E-01 at (4,3,1)
       Mesh    5
       Max CFL number:  0.56E+00 at (37,44,14)
       Max divergence:  0.33E+02 at (47,48,3)
       Min divergence: -0.15E+02 at (38,45,25)
       Max VN number :  0.89E-01 at (39,45,27)
       Mesh    6
       Max CFL number:  0.49E+00 at (7,42,2)
       Max divergence:  0.44E+02 at (4,46,14)
       Min divergence: -0.11E+02 at (12,45,12)
       Max VN number :  0.62E-01 at (2,46,30)
       Mesh    7
       Max CFL number:  0.64E+00 at (48,10,30)
       Max divergence:  0.60E+02 at (43,6,26)
       Min divergence: -0.98E+01 at (43,6,25)
       Max VN number :  0.13E+00 at (44,5,30)
       Mesh    8
       Max CFL number:  0.64E+00 at (1,8,32)
       Max divergence:  0.36E+02 at (4,2,14)
       Min divergence: -0.98E+01 at (4,1,13)
       Max VN number :  0.70E-01 at (2,11,29)
       Mesh    9
       Max CFL number:  0.74E+00 at (46,41,21)
       Max divergence:  0.21E+02 at (44,46,5)
       Min divergence: -0.70E+01 at (39,48,27)
       Max VN number :  0.12E+00 at (45,47,16)
       Mesh   10
       Max CFL number:  0.63E+00 at (1,42,32)
       Max divergence:  0.14E+02 at (2,48,21)
       Min divergence: -0.95E+01 at (7,24,32)
       Max VN number :  0.85E-01 at (2,44,7)
       Mesh   11
       Max CFL number:  0.78E+00 at (47,1,8)
       Max divergence:  0.60E+02 at (46,4,4)
       Min divergence: -0.74E+01 at (43,11,32)
       Max VN number :  0.16E+00 at (46,4,4)
       Mesh   12
       Max CFL number:  0.86E+00 at (4,8,4)
       Max divergence:  0.27E+02 at (2,8,1)
       Min divergence: -0.17E+02 at (1,7,18)
       Max VN number :  0.13E+00 at (1,7,18)
       Mesh   13
       Max CFL number:  0.92E+00 at (48,47,24)
       Max divergence:  0.28E+02 at (44,48,8)
       Min divergence: -0.12E+02 at (33,45,24)
       Max VN number :  0.12E+00 at (46,46,12)
       Mesh   14
       Max CFL number:  0.83E+00 at (2,47,24)
       Max divergence:  0.18E+02 at (1,41,19)
       Min divergence: -0.10E+02 at (17,37,31)
       Max VN number :  0.12E+00 at (17,36,4)
       Mesh   15
       Max CFL number:  0.86E+00 at (44,1,31)
       Max divergence:  0.49E+02 at (44,2,6)
       Min divergence: -0.23E+02 at (43,10,1)
       Max VN number :  0.13E+00 at (44,1,8)
       Mesh   16
       Max CFL number:  0.77E+00 at (4,1,19)
       Max divergence:  0.13E+02 at (1,2,5)
       Min divergence: -0.79E+01 at (15,4,9)
       Max VN number :  0.10E+00 at (1,4,2)
 
       Time Step     7500   September 19, 2026  14:51:11
       Step Size:  0.107E-02 s, Total Time:    9.04004 s
       Pressure Iterations: 6
       Maximum Velocity Error:  0.16E-01 on Mesh 6 at (5,48,23)
       Maximum Pressure Error:  0.84E+04 on Mesh 9 at (48,45,30)
       Maximum CFL Number    :  0.89E+00 on Mesh 10 at (3,47,24)
       Maximum VN Number     :  0.14E+00 on Mesh 9 at (48,46,30)
       ---------------------------------------------------------------
       Mesh    1
       Max CFL number:  0.48E+00 at (45,43,32)
       Max divergence:  0.51E+02 at (37,38,1)
       Min divergence: -0.75E+01 at (46,46,29)
       Max VN number :  0.74E-01 at (42,48,23)
       Mesh    2
       Max CFL number:  0.48E+00 at (2,44,29)
       Max divergence:  0.50E+02 at (11,37,1)
       Min divergence: -0.14E+02 at (3,48,28)
       Max VN number :  0.66E-01 at (3,46,23)
       Mesh    3
       Max CFL number:  0.51E+00 at (43,2,31)
       Max divergence:  0.49E+02 at (36,10,1)
       Min divergence: -0.50E+01 at (44,3,22)
       Max VN number :  0.78E-01 at (46,6,28)
       Mesh    4
       Max CFL number:  0.49E+00 at (4,6,32)
       Max divergence:  0.46E+02 at (14,9,1)
       Min divergence: -0.11E+02 at (3,1,27)
       Max VN number :  0.72E-01 at (2,9,28)
       Mesh    5
       Max CFL number:  0.59E+00 at (45,46,12)
       Max divergence:  0.65E+02 at (45,42,9)
       Min divergence: -0.19E+02 at (45,42,8)
       Max VN number :  0.77E-01 at (47,47,20)
       Mesh    6
       Max CFL number:  0.53E+00 at (12,43,12)
       Max divergence:  0.75E+02 at (8,41,22)
       Min divergence: -0.15E+02 at (3,43,3)
       Max VN number :  0.69E-01 at (8,42,19)
       Mesh    7
       Max CFL number:  0.58E+00 at (45,9,27)
       Max divergence:  0.47E+02 at (48,7,24)
       Min divergence: -0.84E+01 at (45,2,10)
       Max VN number :  0.86E-01 at (44,3,4)
       Mesh    8
       Max CFL number:  0.53E+00 at (7,3,7)
       Max divergence:  0.53E+02 at (2,3,27)
       Min divergence: -0.18E+02 at (5,3,9)
       Max VN number :  0.76E-01 at (9,5,15)
       Mesh    9
       Max CFL number:  0.81E+00 at (45,45,32)
       Max divergence:  0.65E+02 at (45,47,1)
       Min divergence: -0.82E+01 at (41,37,4)
       Max VN number :  0.14E+00 at (48,46,30)
       Mesh   10
       Max CFL number:  0.89E+00 at (3,47,24)
       Max divergence:  0.29E+02 at (1,47,28)
       Min divergence: -0.18E+02 at (1,48,30)
       Max VN number :  0.13E+00 at (1,48,30)
       Mesh   11
       Max CFL number:  0.69E+00 at (46,1,21)
       Max divergence:  0.57E+02 at (41,2,5)
       Min divergence: -0.13E+02 at (44,7,14)
       Max VN number :  0.11E+00 at (47,1,27)
       Mesh   12
       Max CFL number:  0.74E+00 at (3,11,13)
       Max divergence:  0.27E+02 at (1,7,12)
       Min divergence: -0.17E+02 at (4,11,32)
       Max VN number :  0.11E+00 at (4,11,32)
       Mesh   13
       Max CFL number:  0.85E+00 at (42,42,7)
       Max divergence:  0.12E+02 at (48,35,22)
       Min divergence: -0.91E+01 at (47,36,24)
       Max VN number :  0.11E+00 at (43,47,3)
       Mesh   14
       Max CFL number:  0.81E+00 at (13,43,30)
       Max divergence:  0.79E+01 at (11,43,29)
       Min divergence: -0.82E+01 at (9,25,12)
       Max VN number :  0.98E-01 at (10,43,30)
       Mesh   15
       Max CFL number:  0.82E+00 at (48,2,25)
       Max divergence:  0.18E+02 at (46,1,23)
       Min divergence: -0.14E+02 at (40,4,23)
       Max VN number :  0.13E+00 at (46,1,23)
       Mesh   16
       Max CFL number:  0.80E+00 at (1,4,26)
       Max divergence:  0.97E+01 at (1,8,23)
       Min divergence: -0.11E+02 at (1,6,26)
       Max VN number :  0.10E+00 at (1,4,6)
 
       Time Step     7600   September 19, 2026  14:51:57
       Step Size:  0.114E-02 s, Total Time:    9.15342 s
       Pressure Iterations: 7
       Maximum Velocity Error:  0.91E-02 on Mesh 15 at (48,4,6)
       Maximum Pressure Error:  0.14E+05 on Mesh 15 at (47,9,3)
       Maximum CFL Number    :  0.87E+00 on Mesh 14 at (2,48,13)
       Maximum VN Number     :  0.19E+00 on Mesh 16 at (1,11,1)
       ---------------------------------------------------------------
       Mesh    1
       Max CFL number:  0.48E+00 at (46,43,32)
       Max divergence:  0.46E+02 at (35,40,1)
       Min divergence: -0.92E+01 at (44,48,23)
       Max VN number :  0.78E-01 at (44,41,1)
       Mesh    2
       Max CFL number:  0.52E+00 at (2,42,32)
       Max divergence:  0.48E+02 at (10,36,1)
       Min divergence: -0.91E+01 at (8,48,24)
       Max VN number :  0.77E-01 at (4,47,32)
       Mesh    3
       Max CFL number:  0.46E+00 at (48,4,31)
       Max divergence:  0.41E+02 at (33,4,1)
       Min divergence: -0.59E+01 at (47,11,9)
       Max VN number :  0.70E-01 at (42,1,31)
       Mesh    4
       Max CFL number:  0.47E+00 at (4,4,22)
       Max divergence:  0.52E+02 at (4,4,22)
       Min divergence: -0.72E+01 at (2,10,17)
       Max VN number :  0.90E-01 at (1,3,1)
       Mesh    5
       Max CFL number:  0.73E+00 at (44,48,20)
       Max divergence:  0.45E+02 at (44,48,5)
       Min divergence: -0.99E+01 at (45,46,2)
       Max VN number :  0.82E-01 at (39,46,17)
       Mesh    6
       Max CFL number:  0.68E+00 at (2,45,21)
       Max divergence:  0.42E+02 at (3,47,15)
       Min divergence: -0.12E+02 at (5,46,25)
       Max VN number :  0.95E-01 at (2,42,6)
       Mesh    7
       Max CFL number:  0.75E+00 at (43,1,22)
       Max divergence:  0.32E+02 at (45,3,14)
       Min divergence: -0.77E+01 at (48,3,20)
       Max VN number :  0.97E-01 at (36,2,27)
       Mesh    8
       Max CFL number:  0.76E+00 at (6,6,20)
       Max divergence:  0.65E+02 at (8,5,31)
       Min divergence: -0.19E+02 at (5,3,21)
       Max VN number :  0.97E-01 at (11,6,27)
       Mesh    9
       Max CFL number:  0.70E+00 at (48,41,22)
       Max divergence:  0.44E+02 at (40,38,17)
       Min divergence: -0.82E+01 at (37,42,17)
       Max VN number :  0.10E+00 at (40,38,16)
       Mesh   10
       Max CFL number:  0.72E+00 at (2,40,30)
       Max divergence:  0.53E+02 at (11,43,2)
       Min divergence: -0.93E+01 at (13,47,4)
       Max VN number :  0.93E-01 at (2,39,31)
       Mesh   11
       Max CFL number:  0.82E+00 at (45,1,30)
       Max divergence:  0.52E+02 at (46,4,12)
       Min divergence: -0.11E+02 at (39,8,22)
       Max VN number :  0.14E+00 at (44,3,29)
       Mesh   12
       Max CFL number:  0.75E+00 at (1,5,29)
       Max divergence:  0.52E+02 at (5,3,3)
       Min divergence: -0.79E+01 at (7,2,1)
       Max VN number :  0.16E+00 at (1,11,32)
       Mesh   13
       Max CFL number:  0.73E+00 at (47,40,28)
       Max divergence:  0.64E+01 at (36,38,21)
       Min divergence: -0.52E+01 at (37,38,25)
       Max VN number :  0.90E-01 at (37,38,25)
       Mesh   14
       Max CFL number:  0.87E+00 at (2,48,13)
       Max divergence:  0.93E+01 at (2,48,18)
       Min divergence: -0.75E+01 at (1,48,17)
       Max VN number :  0.11E+00 at (2,48,13)
       Mesh   15
       Max CFL number:  0.84E+00 at (48,5,5)
       Max divergence:  0.18E+02 at (48,11,2)
       Min divergence: -0.88E+01 at (48,8,9)
       Max VN number :  0.12E+00 at (46,6,15)
       Mesh   16
       Max CFL number:  0.86E+00 at (2,8,9)
       Max divergence:  0.59E+02 at (1,11,1)
       Min divergence: -0.10E+02 at (4,12,2)
       Max VN number :  0.19E+00 at (1,11,1)
 
       Time Step     7700   September 19, 2026  14:52:42
       Step Size:  0.114E-02 s, Total Time:    9.26777 s
       Pressure Iterations: 6
       Maximum Velocity Error:  0.13E-01 on Mesh 5 at (44,46,32)
       Maximum Pressure Error:  0.16E+05 on Mesh 10 at (13,45,16)
       Maximum CFL Number    :  0.84E+00 on Mesh 11 at (46,2,16)
       Maximum VN Number     :  0.13E+00 on Mesh 6 at (3,47,11)
       ---------------------------------------------------------------
       Mesh    1
       Max CFL number:  0.36E+00 at (47,48,29)
       Max divergence:  0.55E+02 at (39,36,1)
       Min divergence: -0.85E+01 at (44,40,19)
       Max VN number :  0.87E-01 at (39,37,1)
       Mesh    2
       Max CFL number:  0.38E+00 at (4,47,32)
       Max divergence:  0.44E+02 at (9,35,1)
       Min divergence: -0.60E+01 at (8,43,16)
       Max VN number :  0.57E-01 at (5,47,30)
       Mesh    3
       Max CFL number:  0.39E+00 at (48,6,29)
       Max divergence:  0.44E+02 at (36,10,1)
       Min divergence: -0.86E+01 at (36,4,9)
       Max VN number :  0.71E-01 at (36,7,1)
       Mesh    4
       Max CFL number:  0.38E+00 at (4,8,25)
       Max divergence:  0.47E+02 at (15,6,1)
       Min divergence: -0.81E+01 at (4,2,24)
       Max VN number :  0.76E-01 at (4,8,26)
       Mesh    5
       Max CFL number:  0.82E+00 at (44,46,32)
       Max divergence:  0.45E+02 at (44,46,32)
       Min divergence: -0.12E+02 at (46,47,8)
       Max VN number :  0.97E-01 at (44,46,18)
       Mesh    6
       Max CFL number:  0.76E+00 at (3,42,18)
       Max divergence:  0.55E+02 at (1,43,24)
       Min divergence: -0.10E+02 at (2,42,21)
       Max VN number :  0.13E+00 at (3,47,11)
       Mesh    7
       Max CFL number:  0.78E+00 at (45,2,31)
       Max divergence:  0.31E+02 at (44,1,21)
       Min divergence: -0.95E+01 at (45,1,9)
       Max VN number :  0.12E+00 at (44,5,24)
       Mesh    8
       Max CFL number:  0.71E+00 at (3,3,29)
       Max divergence:  0.52E+02 at (3,4,3)
       Min divergence: -0.74E+01 at (4,6,5)
       Max VN number :  0.94E-01 at (3,2,32)
       Mesh    9
       Max CFL number:  0.80E+00 at (45,46,1)
       Max divergence:  0.67E+02 at (43,47,25)
       Min divergence: -0.11E+02 at (40,30,28)
       Max VN number :  0.13E+00 at (46,41,10)
       Mesh   10
       Max CFL number:  0.80E+00 at (3,41,10)
       Max divergence:  0.62E+02 at (4,42,20)
       Min divergence: -0.91E+01 at (12,46,22)
       Max VN number :  0.11E+00 at (3,39,8)
       Mesh   11
       Max CFL number:  0.84E+00 at (46,2,16)
       Max divergence:  0.47E+02 at (43,1,24)
       Min divergence: -0.75E+01 at (41,2,23)
       Max VN number :  0.11E+00 at (41,13,29)
       Mesh   12
       Max CFL number:  0.77E+00 at (2,3,4)
       Max divergence:  0.51E+02 at (6,5,12)
       Min divergence: -0.73E+01 at (2,10,12)
       Max VN number :  0.10E+00 at (2,3,3)
       Mesh   13
       Max CFL number:  0.74E+00 at (48,48,10)
       Max divergence:  0.43E+02 at (45,48,6)
       Min divergence: -0.94E+01 at (43,46,5)
       Max VN number :  0.83E-01 at (42,47,6)
       Mesh   14
       Max CFL number:  0.78E+00 at (9,42,14)
       Max divergence:  0.16E+02 at (1,48,6)
       Min divergence: -0.44E+01 at (3,38,7)
       Max VN number :  0.75E-01 at (12,42,22)
       Mesh   15
       Max CFL number:  0.76E+00 at (47,5,11)
       Max divergence:  0.59E+02 at (48,9,3)
       Min divergence: -0.10E+02 at (40,4,11)
       Max VN number :  0.99E-01 at (43,9,7)
       Mesh   16
       Max CFL number:  0.83E+00 at (2,1,14)
       Max divergence:  0.30E+02 at (1,7,5)
       Min divergence: -0.66E+01 at (10,12,28)
       Max VN number :  0.10E+00 at (1,12,13)
 
       Time Step     7800   September 19, 2026  14:53:28
       Step Size:  0.918E-03 s, Total Time:    9.37565 s
       Pressure Iterations: 6
       Maximum Velocity Error:  0.12E-01 on Mesh 9 at (43,43,32)
       Maximum Pressure Error:  0.96E+04 on Mesh 4 at (15,7,1)
       Maximum CFL Number    :  0.84E+00 on Mesh 9 at (45,45,16)
       Maximum VN Number     :  0.13E+00 on Mesh 6 at (4,47,13)
       ---------------------------------------------------------------
       Mesh    1
       Max CFL number:  0.29E+00 at (47,47,32)
       Max divergence:  0.48E+02 at (42,34,1)
       Min divergence: -0.93E+01 at (45,44,30)
       Max VN number :  0.70E-01 at (43,45,21)
       Mesh    2
       Max CFL number:  0.29E+00 at (10,48,24)
       Max divergence:  0.48E+02 at (14,41,1)
       Min divergence: -0.11E+02 at (6,43,30)
       Max VN number :  0.55E-01 at (6,43,31)
       Mesh    3
       Max CFL number:  0.31E+00 at (44,6,31)
       Max divergence:  0.49E+02 at (36,10,1)
       Min divergence: -0.10E+02 at (46,1,20)
       Max VN number :  0.50E-01 at (45,8,21)
       Mesh    4
       Max CFL number:  0.32E+00 at (5,6,31)
       Max divergence:  0.54E+02 at (11,11,1)
       Min divergence: -0.75E+01 at (7,9,30)
       Max VN number :  0.69E-01 at (7,5,1)
       Mesh    5
       Max CFL number:  0.59E+00 at (46,47,32)
       Max divergence:  0.27E+02 at (46,48,30)
       Min divergence: -0.47E+01 at (46,48,19)
       Max VN number :  0.80E-01 at (43,47,31)
       Mesh    6
       Max CFL number:  0.64E+00 at (3,48,28)
       Max divergence:  0.47E+02 at (4,48,4)
       Min divergence: -0.83E+01 at (3,46,16)
       Max VN number :  0.13E+00 at (4,47,13)
       Mesh    7
       Max CFL number:  0.49E+00 at (48,1,30)
       Max divergence:  0.72E+02 at (47,2,21)
       Min divergence: -0.13E+02 at (48,6,17)
       Max VN number :  0.76E-01 at (44,2,24)
       Mesh    8
       Max CFL number:  0.56E+00 at (2,1,27)
       Max divergence:  0.74E+02 at (2,3,22)
       Min divergence: -0.11E+02 at (5,4,28)
       Max VN number :  0.84E-01 at (4,1,30)
       Mesh    9
       Max CFL number:  0.84E+00 at (45,45,16)
       Max divergence:  0.34E+02 at (46,47,3)
       Min divergence: -0.86E+01 at (32,42,30)
       Max VN number :  0.11E+00 at (32,42,29)
       Mesh   10
       Max CFL number:  0.67E+00 at (1,44,11)
       Max divergence:  0.41E+02 at (8,45,30)
       Min divergence: -0.15E+02 at (4,38,31)
       Max VN number :  0.96E-01 at (4,38,31)
       Mesh   11
       Max CFL number:  0.68E+00 at (44,1,32)
       Max divergence:  0.24E+02 at (44,1,30)
       Min divergence: -0.95E+01 at (47,1,22)
       Max VN number :  0.87E-01 at (41,11,22)
       Mesh   12
       Max CFL number:  0.61E+00 at (2,5,32)
       Max divergence:  0.39E+02 at (1,1,4)
       Min divergence: -0.57E+01 at (3,5,22)
       Max VN number :  0.99E-01 at (1,1,4)
       Mesh   13
       Max CFL number:  0.73E+00 at (48,40,14)
       Max divergence:  0.49E+02 at (39,43,19)
       Min divergence: -0.86E+01 at (43,33,12)
       Max VN number :  0.96E-01 at (37,47,21)
       Mesh   14
       Max CFL number:  0.77E+00 at (4,47,31)
       Max divergence:  0.38E+02 at (2,48,20)
       Min divergence: -0.69E+01 at (9,40,2)
       Max VN number :  0.79E-01 at (3,42,31)
       Mesh   15
       Max CFL number:  0.75E+00 at (41,3,5)
       Max divergence:  0.40E+02 at (48,1,21)
       Min divergence: -0.12E+02 at (46,5,25)
       Max VN number :  0.97E-01 at (47,2,26)
       Mesh   16
       Max CFL number:  0.70E+00 at (7,6,29)
       Max divergence:  0.53E+02 at (2,3,18)
       Min divergence: -0.84E+01 at (2,11,18)
       Max VN number :  0.92E-01 at (3,4,6)
 
       Time Step     7900   September 19, 2026  14:54:13
       Step Size:  0.101E-02 s, Total Time:    9.47297 s
       Pressure Iterations: 7
       Maximum Velocity Error:  0.13E-01 on Mesh 13 at (47,48,25)
       Maximum Pressure Error:  0.16E+05 on Mesh 10 at (6,46,28)
       Maximum CFL Number    :  0.89E+00 on Mesh 13 at (39,48,23)
       Maximum VN Number     :  0.15E+00 on Mesh 15 at (46,8,29)
       ---------------------------------------------------------------
       Mesh    1
       Max CFL number:  0.34E+00 at (40,42,23)
       Max divergence:  0.49E+02 at (37,38,1)
       Min divergence: -0.11E+02 at (46,41,29)
       Max VN number :  0.69E-01 at (43,42,1)
       Mesh    2
       Max CFL number:  0.35E+00 at (5,40,27)
       Max divergence:  0.50E+02 at (2,42,27)
       Min divergence: -0.10E+02 at (2,46,27)
       Max VN number :  0.52E-01 at (6,40,31)
       Mesh    3
       Max CFL number:  0.37E+00 at (48,8,29)
       Max divergence:  0.53E+02 at (39,13,1)
       Min divergence: -0.76E+01 at (47,1,31)
       Max VN number :  0.60E-01 at (40,2,20)
       Mesh    4
       Max CFL number:  0.39E+00 at (2,7,31)
       Max divergence:  0.71E+02 at (11,11,1)
       Min divergence: -0.90E+01 at (14,1,16)
       Max VN number :  0.82E-01 at (5,3,1)
       Mesh    5
       Max CFL number:  0.54E+00 at (43,48,31)
       Max divergence:  0.32E+02 at (44,48,3)
       Min divergence: -0.13E+02 at (46,42,9)
       Max VN number :  0.63E-01 at (46,42,9)
       Mesh    6
       Max CFL number:  0.59E+00 at (6,48,32)
       Max divergence:  0.31E+02 at (7,48,8)
       Min divergence: -0.68E+01 at (6,46,9)
       Max VN number :  0.87E-01 at (6,46,11)
       Mesh    7
       Max CFL number:  0.56E+00 at (43,3,31)
       Max divergence:  0.62E+02 at (45,3,32)
       Min divergence: -0.10E+02 at (48,7,28)
       Max VN number :  0.88E-01 at (43,8,14)
       Mesh    8
       Max CFL number:  0.67E+00 at (2,1,32)
       Max divergence:  0.49E+02 at (1,5,32)
       Min divergence: -0.10E+02 at (1,5,31)
       Max VN number :  0.79E-01 at (4,11,20)
       Mesh    9
       Max CFL number:  0.72E+00 at (48,44,12)
       Max divergence:  0.27E+02 at (45,48,5)
       Min divergence: -0.90E+01 at (45,35,27)
       Max VN number :  0.12E+00 at (45,35,27)
       Mesh   10
       Max CFL number:  0.89E+00 at (8,44,9)
       Max divergence:  0.38E+02 at (3,48,2)
       Min divergence: -0.14E+02 at (6,46,28)
       Max VN number :  0.13E+00 at (6,46,27)
       Mesh   11
       Max CFL number:  0.59E+00 at (46,1,2)
       Max divergence:  0.61E+02 at (48,4,1)
       Min divergence: -0.48E+01 at (29,5,32)
       Max VN number :  0.65E-01 at (35,12,32)
       Mesh   12
       Max CFL number:  0.61E+00 at (2,1,1)
       Max divergence:  0.40E+02 at (1,3,1)
       Min divergence: -0.74E+01 at (10,14,21)
       Max VN number :  0.65E-01 at (4,1,25)
       Mesh   13
       Max CFL number:  0.89E+00 at (39,48,23)
       Max divergence:  0.45E+02 at (47,44,31)
       Min divergence: -0.19E+02 at (32,44,14)
       Max VN number :  0.14E+00 at (35,44,18)
       Mesh   14
       Max CFL number:  0.89E+00 at (2,47,18)
       Max divergence:  0.24E+02 at (2,41,14)
       Min divergence: -0.11E+02 at (8,38,9)
       Max VN number :  0.14E+00 at (2,41,14)
       Mesh   15
       Max CFL number:  0.86E+00 at (43,1,30)
       Max divergence:  0.32E+02 at (46,8,29)
       Min divergence: -0.98E+01 at (48,10,30)
       Max VN number :  0.15E+00 at (46,8,29)
       Mesh   16
       Max CFL number:  0.73E+00 at (1,1,19)
       Max divergence:  0.14E+02 at (2,11,28)
       Min divergence: -0.99E+01 at (4,1,22)
       Max VN number :  0.87E-01 at (5,7,27)
 
       Time Step     8000   September 19, 2026  14:54:57
       Step Size:  0.111E-02 s, Total Time:    9.57670 s
       Pressure Iterations: 6
       Maximum Velocity Error:  0.12E-01 on Mesh 4 at (1,15,0)
       Maximum Pressure Error:  0.12E+05 on Mesh 11 at (46,15,7)
       Maximum CFL Number    :  0.90E+00 on Mesh 10 at (7,40,26)
       Maximum VN Number     :  0.13E+00 on Mesh 13 at (48,47,24)
       ---------------------------------------------------------------
       Mesh    1
       Max CFL number:  0.44E+00 at (41,45,25)
       Max divergence:  0.49E+02 at (48,44,20)
       Min divergence: -0.15E+02 at (46,43,24)
       Max VN number :  0.74E-01 at (40,46,31)
       Mesh    2
       Max CFL number:  0.45E+00 at (8,44,31)
       Max divergence:  0.46E+02 at (13,39,1)
       Min divergence: -0.12E+02 at (2,44,20)
       Max VN number :  0.73E-01 at (9,44,31)
       Mesh    3
       Max CFL number:  0.45E+00 at (45,5,21)
       Max divergence:  0.52E+02 at (37,11,1)
       Min divergence: -0.13E+02 at (44,1,21)
       Max VN number :  0.99E-01 at (48,6,1)
       Mesh    4
       Max CFL number:  0.42E+00 at (2,4,19)
       Max divergence:  0.47E+02 at (10,13,1)
       Min divergence: -0.72E+01 at (10,4,20)
       Max VN number :  0.70E-01 at (4,3,1)
       Mesh    5
       Max CFL number:  0.50E+00 at (46,48,22)
       Max divergence:  0.50E+02 at (44,45,10)
       Min divergence: -0.98E+01 at (48,43,1)
       Max VN number :  0.83E-01 at (45,43,20)
       Mesh    6
       Max CFL number:  0.46E+00 at (11,43,7)
       Max divergence:  0.54E+02 at (2,45,4)
       Min divergence: -0.10E+02 at (1,43,1)
       Max VN number :  0.76E-01 at (2,47,10)
       Mesh    7
       Max CFL number:  0.60E+00 at (47,14,20)
       Max divergence:  0.36E+02 at (43,4,19)
       Min divergence: -0.96E+01 at (44,4,19)
       Max VN number :  0.79E-01 at (47,1,23)
       Mesh    8
       Max CFL number:  0.63E+00 at (3,13,28)
       Max divergence:  0.57E+02 at (5,11,19)
       Min divergence: -0.12E+02 at (7,14,20)
       Max VN number :  0.11E+00 at (3,16,29)
       Mesh    9
       Max CFL number:  0.84E+00 at (48,45,22)
       Max divergence:  0.32E+02 at (48,48,18)
       Min divergence: -0.11E+02 at (38,46,30)
       Max VN number :  0.12E+00 at (38,46,29)
       Mesh   10
       Max CFL number:  0.90E+00 at (7,40,26)
       Max divergence:  0.38E+02 at (3,46,21)
       Min divergence: -0.69E+01 at (13,38,27)
       Max VN number :  0.11E+00 at (11,38,29)
       Mesh   11
       Max CFL number:  0.73E+00 at (43,1,13)
       Max divergence:  0.58E+02 at (45,5,9)
       Min divergence: -0.11E+02 at (40,12,4)
       Max VN number :  0.81E-01 at (45,3,10)
       Mesh   12
       Max CFL number:  0.70E+00 at (3,1,17)
       Max divergence:  0.47E+02 at (3,12,5)
       Min divergence: -0.78E+01 at (3,9,5)
       Max VN number :  0.87E-01 at (2,11,9)
       Mesh   13
       Max CFL number:  0.82E+00 at (45,47,26)
       Max divergence:  0.17E+02 at (48,47,25)
       Min divergence: -0.11E+02 at (32,44,27)
       Max VN number :  0.13E+00 at (48,47,24)
       Mesh   14
       Max CFL number:  0.77E+00 at (2,45,26)
       Max divergence:  0.14E+02 at (1,47,24)
       Min divergence: -0.72E+01 at (7,40,19)
       Max VN number :  0.13E+00 at (1,47,23)
       Mesh   15
       Max CFL number:  0.81E+00 at (40,1,29)
       Max divergence:  0.51E+01 at (26,4,17)
       Min divergence: -0.69E+01 at (31,20,26)
       Max VN number :  0.90E-01 at (45,1,22)
       Mesh   16
       Max CFL number:  0.71E+00 at (3,6,26)
       Max divergence:  0.54E+01 at (10,2,18)
       Min divergence: -0.40E+01 at (3,1,23)
       Max VN number :  0.72E-01 at (3,1,23)
 
       Time Step     8100   September 19, 2026  14:55:42
       Step Size:  0.111E-02 s, Total Time:    9.68780 s
       Pressure Iterations: 8
       Maximum Velocity Error:  0.13E-01 on Mesh 5 at (48,45,8)
       Maximum Pressure Error:  0.15E+05 on Mesh 11 at (44,16,25)
       Maximum CFL Number    :  0.89E+00 on Mesh 13 at (45,45,29)
       Maximum VN Number     :  0.15E+00 on Mesh 13 at (47,38,18)
       ---------------------------------------------------------------
       Mesh    1
       Max CFL number:  0.51E+00 at (43,46,26)
       Max divergence:  0.42E+02 at (37,38,1)
       Min divergence: -0.77E+01 at (46,48,22)
       Max VN number :  0.82E-01 at (46,42,32)
       Mesh    2
       Max CFL number:  0.49E+00 at (4,48,30)
       Max divergence:  0.49E+02 at (13,39,1)
       Min divergence: -0.75E+01 at (4,48,28)
       Max VN number :  0.66E-01 at (2,48,1)
       Mesh    3
       Max CFL number:  0.53E+00 at (48,4,31)
       Max divergence:  0.57E+02 at (37,11,1)
       Min divergence: -0.76E+01 at (44,4,21)
       Max VN number :  0.76E-01 at (47,6,26)
       Mesh    4
       Max CFL number:  0.52E+00 at (3,3,30)
       Max divergence:  0.44E+02 at (11,12,1)
       Min divergence: -0.71E+01 at (8,11,9)
       Max VN number :  0.72E-01 at (2,8,19)
       Mesh    5
       Max CFL number:  0.57E+00 at (48,44,5)
       Max divergence:  0.59E+02 at (46,41,14)
       Min divergence: -0.14E+02 at (48,45,17)
       Max VN number :  0.94E-01 at (43,44,21)
       Mesh    6
       Max CFL number:  0.65E+00 at (10,42,12)
       Max divergence:  0.61E+02 at (4,46,15)
       Min divergence: -0.16E+02 at (1,43,8)
       Max VN number :  0.77E-01 at (5,40,12)
       Mesh    7
       Max CFL number:  0.69E+00 at (47,11,32)
       Max divergence:  0.45E+02 at (48,4,2)
       Min divergence: -0.89E+01 at (48,4,9)
       Max VN number :  0.76E-01 at (44,8,29)
       Mesh    8
       Max CFL number:  0.65E+00 at (5,6,14)
       Max divergence:  0.53E+02 at (10,3,22)
       Min divergence: -0.11E+02 at (6,1,5)
       Max VN number :  0.80E-01 at (7,10,32)
       Mesh    9
       Max CFL number:  0.62E+00 at (47,44,32)
       Max divergence:  0.24E+02 at (43,48,30)
       Min divergence: -0.78E+01 at (45,48,8)
       Max VN number :  0.88E-01 at (47,35,30)
       Mesh   10
       Max CFL number:  0.59E+00 at (7,42,32)
       Max divergence:  0.81E+01 at (8,47,22)
       Min divergence: -0.42E+01 at (7,42,31)
       Max VN number :  0.89E-01 at (13,33,30)
       Mesh   11
       Max CFL number:  0.76E+00 at (40,3,25)
       Max divergence:  0.42E+02 at (46,13,23)
       Min divergence: -0.12E+02 at (45,1,7)
       Max VN number :  0.11E+00 at (40,3,26)
       Mesh   12
       Max CFL number:  0.70E+00 at (2,12,5)
       Max divergence:  0.32E+02 at (4,10,3)
       Min divergence: -0.12E+02 at (10,9,5)
       Max VN number :  0.99E-01 at (1,7,23)
       Mesh   13
       Max CFL number:  0.89E+00 at (45,45,29)
       Max divergence:  0.82E+01 at (47,43,5)
       Min divergence: -0.80E+01 at (47,41,10)
       Max VN number :  0.15E+00 at (47,38,18)
       Mesh   14
       Max CFL number:  0.77E+00 at (7,38,12)
       Max divergence:  0.12E+02 at (7,38,25)
       Min divergence: -0.80E+01 at (9,35,22)
       Max VN number :  0.11E+00 at (5,46,14)
       Mesh   15
       Max CFL number:  0.67E+00 at (35,1,23)
       Max divergence:  0.56E+01 at (25,3,30)
       Min divergence: -0.37E+01 at (28,24,22)
       Max VN number :  0.84E-01 at (35,1,23)
       Mesh   16
       Max CFL number:  0.62E+00 at (1,1,29)
       Max divergence:  0.30E+01 at (1,19,30)
       Min divergence: -0.24E+01 at (5,19,19)
       Max VN number :  0.72E-01 at (15,3,23)
 
       Time Step     8200   September 19, 2026  14:56:27
       Step Size:  0.109E-02 s, Total Time:    9.80513 s
       Pressure Iterations: 6
       Maximum Velocity Error:  0.14E-01 on Mesh 6 at (1,48,21)
       Maximum Pressure Error:  0.14E+05 on Mesh 10 at (4,46,3)
       Maximum CFL Number    :  0.81E+00 on Mesh 11 at (47,17,18)
       Maximum VN Number     :  0.12E+00 on Mesh 11 at (34,17,24)
       ---------------------------------------------------------------
       Mesh    1
       Max CFL number:  0.41E+00 at (46,47,32)
       Max divergence:  0.50E+02 at (37,38,1)
       Min divergence: -0.75E+01 at (46,34,7)
       Max VN number :  0.62E-01 at (39,46,1)
       Mesh    2
       Max CFL number:  0.42E+00 at (4,47,32)
       Max divergence:  0.49E+02 at (13,39,1)
       Min divergence: -0.49E+01 at (1,47,21)
       Max VN number :  0.69E-01 at (2,48,1)
       Mesh    3
       Max CFL number:  0.41E+00 at (46,1,31)
       Max divergence:  0.53E+02 at (37,11,1)
       Min divergence: -0.74E+01 at (47,1,31)
       Max VN number :  0.62E-01 at (46,4,28)
       Mesh    4
       Max CFL number:  0.41E+00 at (3,7,31)
       Max divergence:  0.50E+02 at (2,16,1)
       Min divergence: -0.67E+01 at (6,10,14)
       Max VN number :  0.72E-01 at (3,7,32)
       Mesh    5
       Max CFL number:  0.61E+00 at (44,48,15)
       Max divergence:  0.31E+02 at (47,47,13)
       Min divergence: -0.91E+01 at (40,34,27)
       Max VN number :  0.10E+00 at (47,41,26)
       Mesh    6
       Max CFL number:  0.66E+00 at (9,48,29)
       Max divergence:  0.37E+02 at (12,43,25)
       Min divergence: -0.89E+01 at (3,48,27)
       Max VN number :  0.91E-01 at (1,44,20)
       Mesh    7
       Max CFL number:  0.70E+00 at (46,7,25)
       Max divergence:  0.40E+02 at (47,3,6)
       Min divergence: -0.13E+02 at (40,4,32)
       Max VN number :  0.88E-01 at (44,1,15)
       Mesh    8
       Max CFL number:  0.66E+00 at (3,7,31)
       Max divergence:  0.37E+02 at (16,9,32)
       Min divergence: -0.11E+02 at (3,4,29)
       Max VN number :  0.12E+00 at (4,2,10)
       Mesh    9
       Max CFL number:  0.65E+00 at (43,44,7)
       Max divergence:  0.49E+02 at (44,46,6)
       Min divergence: -0.10E+02 at (38,37,6)
       Max VN number :  0.94E-01 at (43,45,11)
       Mesh   10
       Max CFL number:  0.58E+00 at (1,48,32)
       Max divergence:  0.74E+02 at (4,45,2)
       Min divergence: -0.52E+01 at (2,43,2)
       Max VN number :  0.74E-01 at (4,45,2)
       Mesh   11
       Max CFL number:  0.81E+00 at (47,17,18)
       Max divergence:  0.42E+02 at (47,5,4)
       Min divergence: -0.10E+02 at (48,6,4)
       Max VN number :  0.12E+00 at (34,17,24)
       Mesh   12
       Max CFL number:  0.78E+00 at (4,10,30)
       Max divergence:  0.64E+02 at (6,9,23)
       Min divergence: -0.11E+02 at (5,5,3)
       Max VN number :  0.12E+00 at (3,4,29)
       Mesh   13
       Max CFL number:  0.81E+00 at (41,42,18)
       Max divergence:  0.76E+01 at (48,41,18)
       Min divergence: -0.63E+01 at (42,40,20)
       Max VN number :  0.96E-01 at (41,42,18)
       Mesh   14
       Max CFL number:  0.65E+00 at (8,45,10)
       Max divergence:  0.54E+01 at (3,45,3)
       Min divergence: -0.45E+01 at (16,31,27)
       Max VN number :  0.77E-01 at (5,36,31)
       Mesh   15
       Max CFL number:  0.77E+00 at (42,4,9)
       Max divergence:  0.31E+02 at (48,12,2)
       Min divergence: -0.11E+02 at (46,23,2)
       Max VN number :  0.96E-01 at (48,8,4)
       Mesh   16
       Max CFL number:  0.77E+00 at (3,4,6)
       Max divergence:  0.43E+02 at (2,13,1)
       Min divergence: -0.66E+01 at (1,3,11)
       Max VN number :  0.95E-01 at (1,4,1)
 
       Time Step     8300   September 19, 2026  14:57:12
       Step Size:  0.107E-02 s, Total Time:    9.91405 s
       Pressure Iterations: 7
       Maximum Velocity Error:  0.13E-01 on Mesh 5 at (48,48,20)
       Maximum Pressure Error:  0.11E+05 on Mesh 5 at (46,47,29)
       Maximum CFL Number    :  0.90E+00 on Mesh 14 at (3,48,20)
       Maximum VN Number     :  0.16E+00 on Mesh 10 at (3,46,15)
       ---------------------------------------------------------------
       Mesh    1
       Max CFL number:  0.33E+00 at (48,45,29)
       Max divergence:  0.61E+02 at (37,38,1)
       Min divergence: -0.73E+01 at (38,44,10)
       Max VN number :  0.71E-01 at (43,42,1)
       Mesh    2
       Max CFL number:  0.38E+00 at (7,48,32)
       Max divergence:  0.57E+02 at (10,37,1)
       Min divergence: -0.10E+02 at (1,46,31)
       Max VN number :  0.50E-01 at (1,42,14)
       Mesh    3
       Max CFL number:  0.34E+00 at (46,4,32)
       Max divergence:  0.47E+02 at (36,10,1)
       Min divergence: -0.66E+01 at (43,9,19)
       Max VN number :  0.49E-01 at (37,10,1)
       Mesh    4
       Max CFL number:  0.34E+00 at (7,1,32)
       Max divergence:  0.47E+02 at (13,10,1)
       Min divergence: -0.72E+01 at (6,6,16)
       Max VN number :  0.56E-01 at (5,4,19)
       Mesh    5
       Max CFL number:  0.65E+00 at (45,47,18)
       Max divergence:  0.47E+02 at (48,47,6)
       Min divergence: -0.80E+01 at (45,45,23)
       Max VN number :  0.10E+00 at (46,47,28)
       Mesh    6
       Max CFL number:  0.70E+00 at (6,44,29)
       Max divergence:  0.71E+02 at (1,48,25)
       Min divergence: -0.89E+01 at (5,46,16)
       Max VN number :  0.88E-01 at (5,46,15)
       Mesh    7
       Max CFL number:  0.67E+00 at (46,3,30)
       Max divergence:  0.54E+02 at (48,1,26)
       Min divergence: -0.60E+01 at (46,7,7)
       Max VN number :  0.12E+00 at (48,1,26)
       Mesh    8
       Max CFL number:  0.73E+00 at (5,1,26)
       Max divergence:  0.42E+02 at (3,6,13)
       Min divergence: -0.82E+01 at (4,1,25)
       Max VN number :  0.11E+00 at (4,5,31)
       Mesh    9
       Max CFL number:  0.82E+00 at (48,46,17)
       Max divergence:  0.54E+02 at (41,48,30)
       Min divergence: -0.10E+02 at (45,42,23)
       Max VN number :  0.14E+00 at (48,43,15)
       Mesh   10
       Max CFL number:  0.82E+00 at (1,47,17)
       Max divergence:  0.36E+02 at (3,46,7)
       Min divergence: -0.11E+02 at (14,46,13)
       Max VN number :  0.16E+00 at (3,46,15)
       Mesh   11
       Max CFL number:  0.85E+00 at (45,4,8)
       Max divergence:  0.63E+02 at (48,4,24)
       Min divergence: -0.89E+01 at (45,4,26)
       Max VN number :  0.12E+00 at (42,1,17)
       Mesh   12
       Max CFL number:  0.79E+00 at (1,9,24)
       Max divergence:  0.49E+02 at (1,1,7)
       Min divergence: -0.87E+01 at (10,18,24)
       Max VN number :  0.11E+00 at (1,1,7)
       Mesh   13
       Max CFL number:  0.77E+00 at (48,43,29)
       Max divergence:  0.12E+02 at (47,46,15)
       Min divergence: -0.69E+01 at (48,43,31)
       Max VN number :  0.92E-01 at (48,43,30)
       Mesh   14
       Max CFL number:  0.90E+00 at (3,48,20)
       Max divergence:  0.20E+02 at (1,48,25)
       Min divergence: -0.78E+01 at (5,47,28)
       Max VN number :  0.99E-01 at (1,48,25)
       Mesh   15
       Max CFL number:  0.76E+00 at (48,19,4)
       Max divergence:  0.48E+02 at (48,17,14)
       Min divergence: -0.13E+02 at (47,26,16)
       Max VN number :  0.12E+00 at (48,17,14)
       Mesh   16
       Max CFL number:  0.82E+00 at (5,1,9)
       Max divergence:  0.39E+02 at (3,18,13)
       Min divergence: -0.71E+01 at (14,3,19)
       Max VN number :  0.11E+00 at (3,14,11)
 
       Time Step     8400   September 19, 2026  14:57:57
       Step Size:  0.107E-02 s, Total Time:   10.02061 s
       Pressure Iterations: 6
       Maximum Velocity Error:  0.11E-01 on Mesh 9 at (48,46,19)
       Maximum Pressure Error:  0.16E+05 on Mesh 7 at (45,4,30)
       Maximum CFL Number    :  0.87E+00 on Mesh 15 at (38,12,14)
       Maximum VN Number     :  0.14E+00 on Mesh 7 at (44,4,30)
       ---------------------------------------------------------------
       Mesh    1
       Max CFL number:  0.36E+00 at (46,43,25)
       Max divergence:  0.53E+02 at (37,38,1)
       Min divergence: -0.57E+01 at (46,44,24)
       Max VN number :  0.47E-01 at (40,46,29)
       Mesh    2
       Max CFL number:  0.34E+00 at (3,45,26)
       Max divergence:  0.73E+02 at (13,39,1)
       Min divergence: -0.92E+01 at (4,40,19)
       Max VN number :  0.91E-01 at (12,39,1)
       Mesh    3
       Max CFL number:  0.34E+00 at (47,9,21)
       Max divergence:  0.48E+02 at (35,9,1)
       Min divergence: -0.69E+01 at (47,6,8)
       Max VN number :  0.11E+00 at (48,6,1)
       Mesh    4
       Max CFL number:  0.35E+00 at (7,5,25)
       Max divergence:  0.55E+02 at (15,7,1)
       Min divergence: -0.69E+01 at (3,2,28)
       Max VN number :  0.78E-01 at (1,6,1)
       Mesh    5
       Max CFL number:  0.75E+00 at (47,48,32)
       Max divergence:  0.41E+02 at (46,47,28)
       Min divergence: -0.11E+02 at (42,46,10)
       Max VN number :  0.72E-01 at (42,46,10)
       Mesh    6
       Max CFL number:  0.62E+00 at (4,47,32)
       Max divergence:  0.63E+02 at (6,47,10)
       Min divergence: -0.80E+01 at (4,47,9)
       Max VN number :  0.83E-01 at (1,48,30)
       Mesh    7
       Max CFL number:  0.67E+00 at (47,1,30)
       Max divergence:  0.46E+02 at (48,4,21)
       Min divergence: -0.13E+02 at (44,7,26)
       Max VN number :  0.14E+00 at (44,4,30)
       Mesh    8
       Max CFL number:  0.60E+00 at (5,1,32)
       Max divergence:  0.44E+02 at (4,1,14)
       Min divergence: -0.11E+02 at (9,1,19)
       Max VN number :  0.10E+00 at (1,1,32)
       Mesh    9
       Max CFL number:  0.78E+00 at (44,48,9)
       Max divergence:  0.39E+02 at (45,48,4)
       Min divergence: -0.84E+01 at (43,46,16)
       Max VN number :  0.13E+00 at (43,45,12)
       Mesh   10
       Max CFL number:  0.82E+00 at (4,40,25)
       Max divergence:  0.25E+02 at (8,48,25)
       Min divergence: -0.11E+02 at (2,46,4)
       Max VN number :  0.14E+00 at (3,47,10)
       Mesh   11
       Max CFL number:  0.75E+00 at (41,11,27)
       Max divergence:  0.31E+02 at (47,1,1)
       Min divergence: -0.94E+01 at (39,2,16)
       Max VN number :  0.12E+00 at (47,2,1)
       Mesh   12
       Max CFL number:  0.83E+00 at (1,4,30)
       Max divergence:  0.35E+02 at (10,18,30)
       Min divergence: -0.12E+02 at (7,1,28)
       Max VN number :  0.12E+00 at (12,16,32)
       Mesh   13
       Max CFL number:  0.73E+00 at (41,37,5)
       Max divergence:  0.21E+02 at (44,41,1)
       Min divergence: -0.16E+02 at (43,42,14)
       Max VN number :  0.14E+00 at (43,42,13)
       Mesh   14
       Max CFL number:  0.72E+00 at (1,40,1)
       Max divergence:  0.22E+02 at (2,44,1)
       Min divergence: -0.12E+02 at (1,38,3)
       Max VN number :  0.10E+00 at (2,46,29)
       Mesh   15
       Max CFL number:  0.87E+00 at (38,12,14)
       Max divergence:  0.19E+02 at (38,16,26)
       Min divergence: -0.99E+01 at (34,17,21)
       Max VN number :  0.12E+00 at (38,15,16)
       Mesh   16
       Max CFL number:  0.79E+00 at (3,14,3)
       Max divergence:  0.19E+02 at (1,24,4)
       Min divergence: -0.11E+02 at (2,1,3)
       Max VN number :  0.12E+00 at (2,1,3)
 
       Time Step     8500   September 19, 2026  14:58:43
       Step Size:  0.103E-02 s, Total Time:   10.12323 s
       Pressure Iterations: 6
       Maximum Velocity Error:  0.15E-01 on Mesh 13 at (44,48,24)
       Maximum Pressure Error:  0.16E+05 on Mesh 11 at (44,2,31)
       Maximum CFL Number    :  0.96E+00 on Mesh 15 at (43,6,18)
       Maximum VN Number     :  0.14E+00 on Mesh 11 at (43,1,32)
       ---------------------------------------------------------------
       Mesh    1
       Max CFL number:  0.43E+00 at (48,42,32)
       Max divergence:  0.47E+02 at (39,36,1)
       Min divergence: -0.78E+01 at (46,44,22)
       Max VN number :  0.58E-01 at (47,42,21)
       Mesh    2
       Max CFL number:  0.38E+00 at (1,42,31)
       Max divergence:  0.61E+02 at (11,37,1)
       Min divergence: -0.67E+01 at (6,47,28)
       Max VN number :  0.64E-01 at (4,43,26)
       Mesh    3
       Max CFL number:  0.39E+00 at (44,6,22)
       Max divergence:  0.45E+02 at (34,7,1)
       Min divergence: -0.21E+02 at (44,2,19)
       Max VN number :  0.82E-01 at (48,5,1)
       Mesh    4
       Max CFL number:  0.39E+00 at (7,7,24)
       Max divergence:  0.47E+02 at (14,8,1)
       Min divergence: -0.87E+01 at (2,6,21)
       Max VN number :  0.10E+00 at (1,5,1)
       Mesh    5
       Max CFL number:  0.51E+00 at (48,46,32)
       Max divergence:  0.39E+02 at (46,45,23)
       Min divergence: -0.83E+01 at (48,45,19)
       Max VN number :  0.66E-01 at (45,48,30)
       Mesh    6
       Max CFL number:  0.56E+00 at (1,46,32)
       Max divergence:  0.44E+02 at (6,46,22)
       Min divergence: -0.16E+02 at (11,48,32)
       Max VN number :  0.70E-01 at (4,44,22)
       Mesh    7
       Max CFL number:  0.57E+00 at (46,2,31)
       Max divergence:  0.65E+02 at (48,10,8)
       Min divergence: -0.95E+01 at (45,3,2)
       Max VN number :  0.99E-01 at (47,8,30)
       Mesh    8
       Max CFL number:  0.47E+00 at (6,3,32)
       Max divergence:  0.46E+02 at (3,8,15)
       Min divergence: -0.79E+01 at (2,10,4)
       Max VN number :  0.84E-01 at (1,7,32)
       Mesh    9
       Max CFL number:  0.73E+00 at (42,46,32)
       Max divergence:  0.17E+02 at (36,45,19)
       Min divergence: -0.97E+01 at (36,44,19)
       Max VN number :  0.11E+00 at (38,45,22)
       Mesh   10
       Max CFL number:  0.64E+00 at (1,46,10)
       Max divergence:  0.19E+02 at (3,46,1)
       Min divergence: -0.88E+01 at (10,48,1)
       Max VN number :  0.81E-01 at (3,48,13)
       Mesh   11
       Max CFL number:  0.84E+00 at (44,2,22)
       Max divergence:  0.20E+02 at (42,2,29)
       Min divergence: -0.17E+02 at (38,1,24)
       Max VN number :  0.14E+00 at (43,1,32)
       Mesh   12
       Max CFL number:  0.56E+00 at (1,1,29)
       Max divergence:  0.28E+02 at (3,4,6)
       Min divergence: -0.19E+02 at (4,4,6)
       Max VN number :  0.99E-01 at (3,2,18)
       Mesh   13
       Max CFL number:  0.82E+00 at (44,48,23)
       Max divergence:  0.10E+02 at (40,45,23)
       Min divergence: -0.87E+01 at (40,46,24)
       Max VN number :  0.12E+00 at (47,47,18)
       Mesh   14
       Max CFL number:  0.66E+00 at (1,40,7)
       Max divergence:  0.12E+02 at (7,48,2)
       Min divergence: -0.11E+02 at (11,47,2)
       Max VN number :  0.11E+00 at (7,48,2)
       Mesh   15
       Max CFL number:  0.96E+00 at (43,6,18)
       Max divergence:  0.14E+02 at (46,4,16)
       Min divergence: -0.15E+02 at (43,1,1)
       Max VN number :  0.14E+00 at (46,4,16)
       Mesh   16
       Max CFL number:  0.83E+00 at (4,18,17)
       Max divergence:  0.12E+02 at (6,2,32)
       Min divergence: -0.11E+02 at (14,21,7)
       Max VN number :  0.12E+00 at (8,12,16)
 
       Time Step     8600   September 19, 2026  14:59:27
       Step Size:  0.112E-02 s, Total Time:   10.22125 s
       Pressure Iterations: 6
       Maximum Velocity Error:  0.14E-01 on Mesh 5 at (48,45,32)
       Maximum Pressure Error:  0.78E+04 on Mesh 11 at (47,1,16)
       Maximum CFL Number    :  0.84E+00 on Mesh 15 at (43,7,8)
       Maximum VN Number     :  0.13E+00 on Mesh 12 at (2,2,25)
       ---------------------------------------------------------------
       Mesh    1
       Max CFL number:  0.52E+00 at (47,45,31)
       Max divergence:  0.46E+02 at (37,38,1)
       Min divergence: -0.49E+01 at (43,38,8)
       Max VN number :  0.63E-01 at (47,45,32)
       Mesh    2
       Max CFL number:  0.50E+00 at (5,46,29)
       Max divergence:  0.50E+02 at (10,36,1)
       Min divergence: -0.71E+01 at (2,39,30)
       Max VN number :  0.84E-01 at (6,45,32)
       Mesh    3
       Max CFL number:  0.58E+00 at (47,4,32)
       Max divergence:  0.44E+02 at (37,11,1)
       Min divergence: -0.80E+01 at (38,1,11)
       Max VN number :  0.83E-01 at (47,5,30)
       Mesh    4
       Max CFL number:  0.51E+00 at (1,4,31)
       Max divergence:  0.44E+02 at (10,13,1)
       Min divergence: -0.14E+02 at (4,3,31)
       Max VN number :  0.77E-01 at (2,5,26)
       Mesh    5
       Max CFL number:  0.57E+00 at (47,40,13)
       Max divergence:  0.49E+02 at (47,45,32)
       Min divergence: -0.11E+02 at (39,44,19)
       Max VN number :  0.10E+00 at (39,44,18)
       Mesh    6
       Max CFL number:  0.52E+00 at (1,41,6)
       Max divergence:  0.50E+02 at (7,46,32)
       Min divergence: -0.86E+01 at (6,44,19)
       Max VN number :  0.99E-01 at (6,45,1)
       Mesh    7
       Max CFL number:  0.68E+00 at (43,2,3)
       Max divergence:  0.53E+02 at (44,7,11)
       Min divergence: -0.21E+02 at (45,6,6)
       Max VN number :  0.87E-01 at (43,2,16)
       Mesh    8
       Max CFL number:  0.56E+00 at (1,6,3)
       Max divergence:  0.58E+02 at (1,6,3)
       Min divergence: -0.23E+02 at (1,5,3)
       Max VN number :  0.91E-01 at (8,2,9)
       Mesh    9
       Max CFL number:  0.72E+00 at (48,43,31)
       Max divergence:  0.28E+02 at (48,46,6)
       Min divergence: -0.67E+01 at (42,42,4)
       Max VN number :  0.99E-01 at (38,43,27)
       Mesh   10
       Max CFL number:  0.81E+00 at (5,45,19)
       Max divergence:  0.57E+02 at (1,46,5)
       Min divergence: -0.12E+02 at (1,46,4)
       Max VN number :  0.10E+00 at (8,47,17)
       Mesh   11
       Max CFL number:  0.78E+00 at (41,1,19)
       Max divergence:  0.59E+02 at (45,2,1)
       Min divergence: -0.11E+02 at (41,6,17)
       Max VN number :  0.10E+00 at (39,6,13)
       Mesh   12
       Max CFL number:  0.75E+00 at (9,1,21)
       Max divergence:  0.42E+02 at (3,3,13)
       Min divergence: -0.10E+02 at (12,1,24)
       Max VN number :  0.13E+00 at (2,2,25)
       Mesh   13
       Max CFL number:  0.74E+00 at (47,48,2)
       Max divergence:  0.10E+02 at (48,46,1)
       Min divergence: -0.62E+01 at (47,43,1)
       Max VN number :  0.10E+00 at (44,47,29)
       Mesh   14
       Max CFL number:  0.70E+00 at (3,46,7)
       Max divergence:  0.11E+02 at (1,43,8)
       Min divergence: -0.10E+02 at (1,44,7)
       Max VN number :  0.11E+00 at (3,46,11)
       Mesh   15
       Max CFL number:  0.84E+00 at (43,7,8)
       Max divergence:  0.11E+02 at (44,1,5)
       Min divergence: -0.78E+01 at (45,2,5)
       Max VN number :  0.12E+00 at (47,23,31)
       Mesh   16
       Max CFL number:  0.67E+00 at (2,13,19)
       Max divergence:  0.11E+02 at (7,23,31)
       Min divergence: -0.10E+02 at (14,29,12)
       Max VN number :  0.10E+00 at (17,21,6)
 
       Time Step     8700   September 19, 2026  15:00:13
       Step Size:  0.980E-03 s, Total Time:   10.32795 s
       Pressure Iterations: 8
       Maximum Velocity Error:  0.11E-01 on Mesh 7 at (48,1,32)
       Maximum Pressure Error:  0.20E+05 on Mesh 12 at (4,4,25)
       Maximum CFL Number    :  0.93E+00 on Mesh 14 at (5,42,4)
       Maximum VN Number     :  0.13E+00 on Mesh 15 at (46,5,8)
       ---------------------------------------------------------------
       Mesh    1
       Max CFL number:  0.37E+00 at (45,45,32)
       Max divergence:  0.43E+02 at (37,38,1)
       Min divergence: -0.77E+01 at (45,43,19)
       Max VN number :  0.66E-01 at (45,44,29)
       Mesh    2
       Max CFL number:  0.37E+00 at (5,47,32)
       Max divergence:  0.39E+02 at (7,34,1)
       Min divergence: -0.77E+01 at (9,48,13)
       Max VN number :  0.56E-01 at (3,45,29)
       Mesh    3
       Max CFL number:  0.34E+00 at (48,4,30)
       Max divergence:  0.40E+02 at (33,4,1)
       Min divergence: -0.79E+01 at (41,7,19)
       Max VN number :  0.76E-01 at (48,5,1)
       Mesh    4
       Max CFL number:  0.33E+00 at (4,2,30)
       Max divergence:  0.48E+02 at (1,4,30)
       Min divergence: -0.67E+01 at (2,12,10)
       Max VN number :  0.70E-01 at (2,4,29)
       Mesh    5
       Max CFL number:  0.65E+00 at (45,48,26)
       Max divergence:  0.33E+02 at (45,48,25)
       Min divergence: -0.93E+01 at (48,45,30)
       Max VN number :  0.81E-01 at (47,43,10)
       Mesh    6
       Max CFL number:  0.60E+00 at (3,45,27)
       Max divergence:  0.39E+02 at (3,46,8)
       Min divergence: -0.13E+02 at (3,45,30)
       Max VN number :  0.10E+00 at (6,48,14)
       Mesh    7
       Max CFL number:  0.62E+00 at (44,2,25)
       Max divergence:  0.38E+02 at (47,3,32)
       Min divergence: -0.72E+01 at (48,2,19)
       Max VN number :  0.99E-01 at (45,5,24)
       Mesh    8
       Max CFL number:  0.58E+00 at (5,2,17)
       Max divergence:  0.75E+02 at (13,6,32)
       Min divergence: -0.15E+02 at (7,6,26)
       Max VN number :  0.84E-01 at (8,2,21)
       Mesh    9
       Max CFL number:  0.59E+00 at (42,40,26)
       Max divergence:  0.56E+02 at (48,46,17)
       Min divergence: -0.80E+01 at (40,47,4)
       Max VN number :  0.91E-01 at (39,42,30)
       Mesh   10
       Max CFL number:  0.79E+00 at (6,44,32)
       Max divergence:  0.79E+02 at (2,43,19)
       Min divergence: -0.13E+02 at (7,39,4)
       Max VN number :  0.94E-01 at (7,48,29)
       Mesh   11
       Max CFL number:  0.61E+00 at (46,4,32)
       Max divergence:  0.37E+02 at (43,2,10)
       Min divergence: -0.98E+01 at (44,1,11)
       Max VN number :  0.76E-01 at (48,1,30)
       Mesh   12
       Max CFL number:  0.61E+00 at (11,1,11)
       Max divergence:  0.63E+02 at (9,7,5)
       Min divergence: -0.13E+02 at (5,2,7)
       Max VN number :  0.13E+00 at (4,4,24)
       Mesh   13
       Max CFL number:  0.68E+00 at (47,41,24)
       Max divergence:  0.12E+02 at (48,45,16)
       Min divergence: -0.93E+01 at (48,39,30)
       Max VN number :  0.96E-01 at (37,44,7)
       Mesh   14
       Max CFL number:  0.93E+00 at (5,42,4)
       Max divergence:  0.18E+02 at (1,36,27)
       Min divergence: -0.19E+02 at (11,45,19)
       Max VN number :  0.13E+00 at (8,43,22)
       Mesh   15
       Max CFL number:  0.75E+00 at (48,4,7)
       Max divergence:  0.22E+02 at (46,5,7)
       Min divergence: -0.12E+02 at (45,2,7)
       Max VN number :  0.13E+00 at (46,5,8)
       Mesh   16
       Max CFL number:  0.80E+00 at (1,6,18)
       Max divergence:  0.17E+02 at (3,3,14)
       Min divergence: -0.10E+02 at (1,8,23)
       Max VN number :  0.11E+00 at (1,1,5)
 
       Time Step     8800   September 19, 2026  15:00:59
       Step Size:  0.107E-02 s, Total Time:   10.42314 s
       Pressure Iterations: 8
       Maximum Velocity Error:  0.15E-01 on Mesh 10 at (10,48,32)
       Maximum Pressure Error:  0.14E+05 on Mesh 10 at (18,48,32)
       Maximum CFL Number    :  0.88E+00 on Mesh 14 at (4,43,30)
       Maximum VN Number     :  0.15E+00 on Mesh 9 at (43,47,24)
       ---------------------------------------------------------------
       Mesh    1
       Max CFL number:  0.30E+00 at (46,44,32)
       Max divergence:  0.43E+02 at (33,45,1)
       Min divergence: -0.72E+01 at (46,41,22)
       Max VN number :  0.51E-01 at (48,47,29)
       Mesh    2
       Max CFL number:  0.35E+00 at (2,47,29)
       Max divergence:  0.41E+02 at (9,35,1)
       Min divergence: -0.96E+01 at (4,46,30)
       Max VN number :  0.58E-01 at (3,44,20)
       Mesh    3
       Max CFL number:  0.31E+00 at (48,6,31)
       Max divergence:  0.42E+02 at (35,9,1)
       Min divergence: -0.63E+01 at (45,11,16)
       Max VN number :  0.72E-01 at (48,5,1)
       Mesh    4
       Max CFL number:  0.32E+00 at (3,7,32)
       Max divergence:  0.52E+02 at (11,12,1)
       Min divergence: -0.88E+01 at (6,8,19)
       Max VN number :  0.72E-01 at (9,2,1)
       Mesh    5
       Max CFL number:  0.64E+00 at (46,43,24)
       Max divergence:  0.42E+02 at (48,44,22)
       Min divergence: -0.50E+01 at (45,48,30)
       Max VN number :  0.83E-01 at (45,44,28)
       Mesh    6
       Max CFL number:  0.68E+00 at (5,48,30)
       Max divergence:  0.65E+02 at (2,45,22)
       Min divergence: -0.78E+01 at (5,46,4)
       Max VN number :  0.95E-01 at (5,48,29)
       Mesh    7
       Max CFL number:  0.60E+00 at (47,1,32)
       Max divergence:  0.29E+02 at (48,2,26)
       Min divergence: -0.66E+01 at (48,1,28)
       Max VN number :  0.77E-01 at (48,3,15)
       Mesh    8
       Max CFL number:  0.69E+00 at (5,1,31)
       Max divergence:  0.34E+02 at (3,1,30)
       Min divergence: -0.55E+01 at (4,1,27)
       Max VN number :  0.13E+00 at (5,1,31)
       Mesh    9
       Max CFL number:  0.77E+00 at (44,46,15)
       Max divergence:  0.77E+02 at (43,47,24)
       Min divergence: -0.90E+01 at (38,46,13)
       Max VN number :  0.15E+00 at (43,47,24)
       Mesh   10
       Max CFL number:  0.86E+00 at (9,46,13)
       Max divergence:  0.11E+03 at (10,45,24)
       Min divergence: -0.15E+02 at (9,46,25)
       Max VN number :  0.11E+00 at (7,43,30)
       Mesh   11
       Max CFL number:  0.64E+00 at (46,1,2)
       Max divergence:  0.31E+02 at (46,1,10)
       Min divergence: -0.75E+01 at (36,4,7)
       Max VN number :  0.13E+00 at (46,1,10)
       Mesh   12
       Max CFL number:  0.73E+00 at (17,1,32)
       Max divergence:  0.52E+02 at (18,1,30)
       Min divergence: -0.90E+01 at (16,2,24)
       Max VN number :  0.86E-01 at (10,1,4)
       Mesh   13
       Max CFL number:  0.73E+00 at (47,48,19)
       Max divergence:  0.52E+02 at (45,43,1)
       Min divergence: -0.11E+02 at (45,39,18)
       Max VN number :  0.11E+00 at (42,41,10)
       Mesh   14
       Max CFL number:  0.88E+00 at (4,43,30)
       Max divergence:  0.56E+02 at (3,46,5)
       Min divergence: -0.10E+02 at (19,44,7)
       Max VN number :  0.11E+00 at (11,43,18)
       Mesh   15
       Max CFL number:  0.66E+00 at (48,3,27)
       Max divergence:  0.11E+02 at (48,1,4)
       Min divergence: -0.62E+01 at (43,5,1)
       Max VN number :  0.99E-01 at (46,6,16)
       Mesh   16
       Max CFL number:  0.87E+00 at (2,5,29)
       Max divergence:  0.32E+02 at (13,2,4)
       Min divergence: -0.80E+01 at (7,6,30)
       Max VN number :  0.11E+00 at (1,8,29)
 
       Time Step     8900   September 19, 2026  15:01:44
       Step Size:  0.939E-03 s, Total Time:   10.52795 s
       Pressure Iterations: 6
       Maximum Velocity Error:  0.12E-01 on Mesh 5 at (48,48,28)
       Maximum Pressure Error:  0.15E+05 on Mesh 13 at (44,43,12)
       Maximum CFL Number    :  0.91E+00 on Mesh 13 at (44,42,11)
       Maximum VN Number     :  0.13E+00 on Mesh 13 at (45,43,12)
       ---------------------------------------------------------------
       Mesh    1
       Max CFL number:  0.30E+00 at (44,47,32)
       Max divergence:  0.45E+02 at (37,38,1)
       Min divergence: -0.69E+01 at (45,48,20)
       Max VN number :  0.48E-01 at (48,44,23)
       Mesh    2
       Max CFL number:  0.29E+00 at (7,48,29)
       Max divergence:  0.42E+02 at (7,48,29)
       Min divergence: -0.63E+01 at (8,44,32)
       Max VN number :  0.53E-01 at (6,42,19)
       Mesh    3
       Max CFL number:  0.32E+00 at (42,5,30)
       Max divergence:  0.47E+02 at (39,13,1)
       Min divergence: -0.87E+01 at (44,6,11)
       Max VN number :  0.51E-01 at (42,3,22)
       Mesh    4
       Max CFL number:  0.31E+00 at (4,6,29)
       Max divergence:  0.49E+02 at (12,11,1)
       Min divergence: -0.78E+01 at (3,8,21)
       Max VN number :  0.44E-01 at (6,2,23)
       Mesh    5
       Max CFL number:  0.61E+00 at (48,44,32)
       Max divergence:  0.35E+02 at (46,48,3)
       Min divergence: -0.71E+01 at (43,47,9)
       Max VN number :  0.65E-01 at (46,48,25)
       Mesh    6
       Max CFL number:  0.63E+00 at (4,47,31)
       Max divergence:  0.35E+02 at (7,45,22)
       Min divergence: -0.23E+02 at (8,46,25)
       Max VN number :  0.11E+00 at (3,43,26)
       Mesh    7
       Max CFL number:  0.51E+00 at (47,1,32)
       Max divergence:  0.45E+02 at (47,1,4)
       Min divergence: -0.77E+01 at (45,6,4)
       Max VN number :  0.73E-01 at (46,1,21)
       Mesh    8
       Max CFL number:  0.52E+00 at (3,5,31)
       Max divergence:  0.54E+02 at (3,5,13)
       Min divergence: -0.83E+01 at (4,4,7)
       Max VN number :  0.83E-01 at (3,5,30)
       Mesh    9
       Max CFL number:  0.65E+00 at (46,44,32)
       Max divergence:  0.38E+02 at (46,45,32)
       Min divergence: -0.85E+01 at (42,32,14)
       Max VN number :  0.89E-01 at (47,43,14)
       Mesh   10
       Max CFL number:  0.76E+00 at (11,48,32)
       Max divergence:  0.33E+02 at (2,48,4)
       Min divergence: -0.14E+02 at (23,44,31)
       Max VN number :  0.11E+00 at (4,48,28)
       Mesh   11
       Max CFL number:  0.65E+00 at (45,1,21)
       Max divergence:  0.25E+02 at (48,3,12)
       Min divergence: -0.13E+02 at (41,1,32)
       Max VN number :  0.10E+00 at (39,1,27)
       Mesh   12
       Max CFL number:  0.63E+00 at (1,4,4)
       Max divergence:  0.22E+02 at (2,2,7)
       Min divergence: -0.10E+02 at (8,11,24)
       Max VN number :  0.90E-01 at (2,4,3)
       Mesh   13
       Max CFL number:  0.91E+00 at (44,42,11)
       Max divergence:  0.43E+02 at (44,42,31)
       Min divergence: -0.10E+02 at (41,45,11)
       Max VN number :  0.13E+00 at (45,43,12)
       Mesh   14
       Max CFL number:  0.76E+00 at (12,48,1)
       Max divergence:  0.70E+02 at (15,44,16)
       Min divergence: -0.94E+01 at (26,42,15)
       Max VN number :  0.11E+00 at (9,42,22)
       Mesh   15
       Max CFL number:  0.55E+00 at (43,1,2)
       Max divergence:  0.24E+02 at (40,1,22)
       Min divergence: -0.13E+02 at (44,1,6)
       Max VN number :  0.11E+00 at (44,1,6)
       Mesh   16
       Max CFL number:  0.61E+00 at (20,2,24)
       Max divergence:  0.44E+02 at (12,1,15)
       Min divergence: -0.99E+01 at (20,3,29)
       Max VN number :  0.88E-01 at (25,3,10)
 
       Time Step     9000   September 19, 2026  15:02:29
       Step Size:  0.939E-03 s, Total Time:   10.62181 s
       Pressure Iterations: 5
       Maximum Velocity Error:  0.15E-01 on Mesh 9 at (44,48,32)
       Maximum Pressure Error:  0.14E+05 on Mesh 4 at (11,11,1)
       Maximum CFL Number    :  0.90E+00 on Mesh 14 at (2,39,24)
       Maximum VN Number     :  0.14E+00 on Mesh 15 at (45,1,1)
       ---------------------------------------------------------------
       Mesh    1
       Max CFL number:  0.31E+00 at (46,42,28)
       Max divergence:  0.47E+02 at (37,38,1)
       Min divergence: -0.10E+02 at (46,48,29)
       Max VN number :  0.46E-01 at (41,45,18)
       Mesh    2
       Max CFL number:  0.32E+00 at (9,45,28)
       Max divergence:  0.47E+02 at (8,35,1)
       Min divergence: -0.11E+02 at (7,48,11)
       Max VN number :  0.82E-01 at (7,43,24)
       Mesh    3
       Max CFL number:  0.32E+00 at (41,6,32)
       Max divergence:  0.47E+02 at (37,11,1)
       Min divergence: -0.11E+02 at (44,5,21)
       Max VN number :  0.47E-01 at (41,9,28)
       Mesh    4
       Max CFL number:  0.31E+00 at (6,5,32)
       Max divergence:  0.57E+02 at (11,12,1)
       Min divergence: -0.87E+01 at (1,6,8)
       Max VN number :  0.68E-01 at (5,2,1)
       Mesh    5
       Max CFL number:  0.38E+00 at (48,46,23)
       Max divergence:  0.32E+02 at (47,47,17)
       Min divergence: -0.70E+01 at (48,47,16)
       Max VN number :  0.49E-01 at (42,47,19)
       Mesh    6
       Max CFL number:  0.54E+00 at (9,48,32)
       Max divergence:  0.34E+02 at (2,48,18)
       Min divergence: -0.10E+02 at (9,44,32)
       Max VN number :  0.81E-01 at (9,44,32)
       Mesh    7
       Max CFL number:  0.45E+00 at (48,1,32)
       Max divergence:  0.46E+02 at (45,2,15)
       Min divergence: -0.74E+01 at (37,7,10)
       Max VN number :  0.59E-01 at (48,5,25)
       Mesh    8
       Max CFL number:  0.56E+00 at (9,1,32)
       Max divergence:  0.43E+02 at (3,4,21)
       Min divergence: -0.76E+01 at (1,8,7)
       Max VN number :  0.65E-01 at (3,4,21)
       Mesh    9
       Max CFL number:  0.67E+00 at (41,43,32)
       Max divergence:  0.10E+02 at (48,48,24)
       Min divergence: -0.59E+01 at (46,46,17)
       Max VN number :  0.86E-01 at (47,47,24)
       Mesh   10
       Max CFL number:  0.59E+00 at (1,47,32)
       Max divergence:  0.16E+02 at (20,39,30)
       Min divergence: -0.14E+02 at (21,39,31)
       Max VN number :  0.11E+00 at (1,45,25)
       Mesh   11
       Max CFL number:  0.65E+00 at (47,3,13)
       Max divergence:  0.18E+02 at (46,3,23)
       Min divergence: -0.95E+01 at (48,3,2)
       Max VN number :  0.94E-01 at (45,2,32)
       Mesh   12
       Max CFL number:  0.67E+00 at (1,4,14)
       Max divergence:  0.20E+02 at (2,1,1)
       Min divergence: -0.11E+02 at (18,7,32)
       Max VN number :  0.80E-01 at (2,1,11)
       Mesh   13
       Max CFL number:  0.86E+00 at (47,38,26)
       Max divergence:  0.34E+02 at (42,35,32)
       Min divergence: -0.22E+02 at (42,47,8)
       Max VN number :  0.14E+00 at (42,46,7)
       Mesh   14
       Max CFL number:  0.90E+00 at (2,39,24)
       Max divergence:  0.30E+02 at (1,39,29)
       Min divergence: -0.92E+01 at (13,41,30)
       Max VN number :  0.13E+00 at (1,39,29)
       Mesh   15
       Max CFL number:  0.65E+00 at (48,1,4)
       Max divergence:  0.45E+02 at (45,1,2)
       Min divergence: -0.10E+02 at (46,1,2)
       Max VN number :  0.14E+00 at (45,1,1)
       Mesh   16
       Max CFL number:  0.66E+00 at (2,1,5)
       Max divergence:  0.10E+02 at (12,11,4)
       Min divergence: -0.90E+01 at (12,10,4)
       Max VN number :  0.72E-01 at (2,1,6)
 
       Time Step     9100   September 19, 2026  15:03:13
       Step Size:  0.117E-02 s, Total Time:   10.72017 s
       Pressure Iterations: 7
       Maximum Velocity Error:  0.88E-02 on Mesh 12 at (10,2,32)
       Maximum Pressure Error:  0.13E+05 on Mesh 4 at (10,12,1)
       Maximum CFL Number    :  0.88E+00 on Mesh 14 at (22,42,22)
       Maximum VN Number     :  0.13E+00 on Mesh 12 at (10,3,24)
       ---------------------------------------------------------------
       Mesh    1
       Max CFL number:  0.53E+00 at (45,46,28)
       Max divergence:  0.46E+02 at (36,39,1)
       Min divergence: -0.15E+02 at (45,46,28)
       Max VN number :  0.85E-01 at (46,44,1)
       Mesh    2
       Max CFL number:  0.52E+00 at (3,43,30)
       Max divergence:  0.44E+02 at (11,37,1)
       Min divergence: -0.15E+02 at (7,47,27)
       Max VN number :  0.75E-01 at (6,43,30)
       Mesh    3
       Max CFL number:  0.50E+00 at (42,1,27)
       Max divergence:  0.52E+02 at (37,11,1)
       Min divergence: -0.17E+02 at (47,8,29)
       Max VN number :  0.56E-01 at (42,1,25)
       Mesh    4
       Max CFL number:  0.48E+00 at (3,4,23)
       Max divergence:  0.58E+02 at (16,4,1)
       Min divergence: -0.13E+02 at (7,1,26)
       Max VN number :  0.76E-01 at (6,3,1)
       Mesh    5
       Max CFL number:  0.58E+00 at (48,47,27)
       Max divergence:  0.38E+02 at (43,44,10)
       Min divergence: -0.93E+01 at (43,44,9)
       Max VN number :  0.93E-01 at (45,43,27)
       Mesh    6
       Max CFL number:  0.58E+00 at (1,47,27)
       Max divergence:  0.38E+02 at (1,48,28)
       Min divergence: -0.13E+02 at (4,41,3)
       Max VN number :  0.11E+00 at (10,46,9)
       Mesh    7
       Max CFL number:  0.48E+00 at (42,3,12)
       Max divergence:  0.37E+02 at (41,2,11)
       Min divergence: -0.89E+01 at (46,11,1)
       Max VN number :  0.88E-01 at (46,10,10)
       Mesh    8
       Max CFL number:  0.52E+00 at (7,1,30)
       Max divergence:  0.50E+02 at (4,5,27)
       Min divergence: -0.75E+01 at (9,1,10)
       Max VN number :  0.77E-01 at (9,2,31)
       Mesh    9
       Max CFL number:  0.61E+00 at (46,48,32)
       Max divergence:  0.15E+02 at (48,46,1)
       Min divergence: -0.39E+01 at (44,48,1)
       Max VN number :  0.64E-01 at (48,48,30)
       Mesh   10
       Max CFL number:  0.66E+00 at (9,47,29)
       Max divergence:  0.29E+02 at (5,39,3)
       Min divergence: -0.16E+02 at (6,40,9)
       Max VN number :  0.97E-01 at (9,48,12)
       Mesh   11
       Max CFL number:  0.55E+00 at (46,1,26)
       Max divergence:  0.82E+01 at (38,16,13)
       Min divergence: -0.54E+01 at (38,17,8)
       Max VN number :  0.69E-01 at (47,2,32)
       Mesh   12
       Max CFL number:  0.85E+00 at (10,3,23)
       Max divergence:  0.28E+02 at (10,1,7)
       Min divergence: -0.84E+01 at (7,3,22)
       Max VN number :  0.13E+00 at (10,3,24)
       Mesh   13
       Max CFL number:  0.81E+00 at (40,36,19)
       Max divergence:  0.11E+02 at (46,46,23)
       Min divergence: -0.68E+01 at (46,43,23)
       Max VN number :  0.11E+00 at (48,43,22)
       Mesh   14
       Max CFL number:  0.88E+00 at (22,42,22)
       Max divergence:  0.12E+02 at (22,43,12)
       Min divergence: -0.11E+02 at (22,48,16)
       Max VN number :  0.12E+00 at (15,39,27)
       Mesh   15
       Max CFL number:  0.71E+00 at (40,1,10)
       Max divergence:  0.70E+01 at (43,4,32)
       Min divergence: -0.59E+01 at (39,6,8)
       Max VN number :  0.10E+00 at (46,2,5)
       Mesh   16
       Max CFL number:  0.69E+00 at (10,2,1)
       Max divergence:  0.85E+01 at (1,1,18)
       Min divergence: -0.74E+01 at (19,3,18)
       Max VN number :  0.11E+00 at (9,1,1)
 
       Time Step     9200   September 19, 2026  15:03:58
       Step Size:  0.115E-02 s, Total Time:   10.84134 s
       Pressure Iterations: 6
       Maximum Velocity Error:  0.13E-01 on Mesh 5 at (48,48,7)
       Maximum Pressure Error:  0.16E+05 on Mesh 10 at (6,39,27)
       Maximum CFL Number    :  0.93E+00 on Mesh 9 at (45,48,32)
       Maximum VN Number     :  0.12E+00 on Mesh 10 at (9,48,27)
       ---------------------------------------------------------------
       Mesh    1
       Max CFL number:  0.49E+00 at (47,46,30)
       Max divergence:  0.46E+02 at (38,37,1)
       Min divergence: -0.54E+01 at (39,46,13)
       Max VN number :  0.81E-01 at (48,44,26)
       Mesh    2
       Max CFL number:  0.53E+00 at (3,45,32)
       Max divergence:  0.43E+02 at (14,41,1)
       Min divergence: -0.58E+01 at (3,48,27)
       Max VN number :  0.53E-01 at (1,44,26)
       Mesh    3
       Max CFL number:  0.48E+00 at (48,7,32)
       Max divergence:  0.47E+02 at (39,13,1)
       Min divergence: -0.95E+01 at (48,8,32)
       Max VN number :  0.77E-01 at (48,8,31)
       Mesh    4
       Max CFL number:  0.54E+00 at (4,4,32)
       Max divergence:  0.45E+02 at (10,13,1)
       Min divergence: -0.89E+01 at (4,2,31)
       Max VN number :  0.80E-01 at (5,2,31)
       Mesh    5
       Max CFL number:  0.70E+00 at (47,41,14)
       Max divergence:  0.45E+02 at (38,47,26)
       Min divergence: -0.20E+02 at (45,47,16)
       Max VN number :  0.10E+00 at (37,47,26)
       Mesh    6
       Max CFL number:  0.71E+00 at (1,43,14)
       Max divergence:  0.54E+02 at (4,46,20)
       Min divergence: -0.17E+02 at (14,44,19)
       Max VN number :  0.10E+00 at (3,40,30)
       Mesh    7
       Max CFL number:  0.73E+00 at (47,6,12)
       Max divergence:  0.63E+02 at (41,8,30)
       Min divergence: -0.13E+02 at (42,5,18)
       Max VN number :  0.90E-01 at (45,11,25)
       Mesh    8
       Max CFL number:  0.64E+00 at (2,2,14)
       Max divergence:  0.65E+02 at (5,8,30)
       Min divergence: -0.11E+02 at (14,4,6)
       Max VN number :  0.10E+00 at (4,6,12)
       Mesh    9
       Max CFL number:  0.93E+00 at (45,48,32)
       Max divergence:  0.41E+02 at (42,48,1)
       Min divergence: -0.97E+01 at (41,40,6)
       Max VN number :  0.96E-01 at (43,40,5)
       Mesh   10
       Max CFL number:  0.77E+00 at (2,45,30)
       Max divergence:  0.45E+02 at (3,42,26)
       Min divergence: -0.78E+01 at (6,48,3)
       Max VN number :  0.12E+00 at (9,48,27)
       Mesh   11
       Max CFL number:  0.86E+00 at (43,2,32)
       Max divergence:  0.45E+02 at (43,2,1)
       Min divergence: -0.66E+01 at (41,4,7)
       Max VN number :  0.90E-01 at (48,3,11)
       Mesh   12
       Max CFL number:  0.85E+00 at (11,6,29)
       Max divergence:  0.39E+02 at (10,6,1)
       Min divergence: -0.95E+01 at (5,4,4)
       Max VN number :  0.10E+00 at (11,5,29)
       Mesh   13
       Max CFL number:  0.90E+00 at (45,48,1)
       Max divergence:  0.13E+02 at (48,48,1)
       Min divergence: -0.32E+01 at (36,28,25)
       Max VN number :  0.10E+00 at (45,48,1)
       Mesh   14
       Max CFL number:  0.80E+00 at (17,45,29)
       Max divergence:  0.13E+02 at (1,47,1)
       Min divergence: -0.53E+01 at (19,37,17)
       Max VN number :  0.89E-01 at (19,37,28)
       Mesh   15
       Max CFL number:  0.86E+00 at (45,1,1)
       Max divergence:  0.89E+01 at (48,1,1)
       Min divergence: -0.44E+01 at (39,4,28)
       Max VN number :  0.69E-01 at (48,3,4)
       Mesh   16
       Max CFL number:  0.86E+00 at (10,9,13)
       Max divergence:  0.13E+02 at (9,4,2)
       Min divergence: -0.66E+01 at (6,11,21)
       Max VN number :  0.10E+00 at (4,6,18)
 
       Time Step     9300   September 19, 2026  15:04:43
       Step Size:  0.101E-02 s, Total Time:   10.95395 s
       Pressure Iterations: 8
       Maximum Velocity Error:  0.13E-01 on Mesh 10 at (1,48,18)
       Maximum Pressure Error:  0.17E+05 on Mesh 11 at (46,2,24)
       Maximum CFL Number    :  0.86E+00 on Mesh 16 at (1,7,20)
       Maximum VN Number     :  0.12E+00 on Mesh 16 at (5,5,30)
       ---------------------------------------------------------------
       Mesh    1
       Max CFL number:  0.35E+00 at (45,48,30)
       Max divergence:  0.54E+02 at (37,38,1)
       Min divergence: -0.86E+01 at (42,46,28)
       Max VN number :  0.59E-01 at (45,43,26)
       Mesh    2
       Max CFL number:  0.31E+00 at (1,46,32)
       Max divergence:  0.70E+02 at (13,39,1)
       Min divergence: -0.80E+01 at (4,43,25)
       Max VN number :  0.42E-01 at (4,43,25)
       Mesh    3
       Max CFL number:  0.35E+00 at (47,3,30)
       Max divergence:  0.53E+02 at (39,13,1)
       Min divergence: -0.90E+01 at (42,2,22)
       Max VN number :  0.50E-01 at (42,2,22)
       Mesh    4
       Max CFL number:  0.33E+00 at (5,3,32)
       Max divergence:  0.41E+02 at (10,13,1)
       Min divergence: -0.76E+01 at (2,4,31)
       Max VN number :  0.50E-01 at (6,3,31)
       Mesh    5
       Max CFL number:  0.59E+00 at (48,48,25)
       Max divergence:  0.41E+02 at (35,43,32)
       Min divergence: -0.54E+01 at (40,44,23)
       Max VN number :  0.84E-01 at (48,46,16)
       Mesh    6
       Max CFL number:  0.64E+00 at (2,45,32)
       Max divergence:  0.45E+02 at (1,48,13)
       Min divergence: -0.84E+01 at (15,44,27)
       Max VN number :  0.72E-01 at (3,42,26)
       Mesh    7
       Max CFL number:  0.63E+00 at (47,1,31)
       Max divergence:  0.41E+02 at (36,5,31)
       Min divergence: -0.54E+01 at (48,16,26)
       Max VN number :  0.70E-01 at (48,9,31)
       Mesh    8
       Max CFL number:  0.70E+00 at (3,4,31)
       Max divergence:  0.48E+02 at (3,3,30)
       Min divergence: -0.79E+01 at (1,3,26)
       Max VN number :  0.12E+00 at (6,1,18)
       Mesh    9
       Max CFL number:  0.70E+00 at (48,46,10)
       Max divergence:  0.83E+02 at (46,44,26)
       Min divergence: -0.13E+02 at (48,41,21)
       Max VN number :  0.94E-01 at (45,44,26)
       Mesh   10
       Max CFL number:  0.85E+00 at (3,43,13)
       Max divergence:  0.77E+02 at (1,37,18)
       Min divergence: -0.15E+02 at (3,40,23)
       Max VN number :  0.99E-01 at (1,45,29)
       Mesh   11
       Max CFL number:  0.66E+00 at (47,4,14)
       Max divergence:  0.74E+02 at (48,3,22)
       Min divergence: -0.11E+02 at (46,3,22)
       Max VN number :  0.10E+00 at (45,5,10)
       Mesh   12
       Max CFL number:  0.65E+00 at (7,6,32)
       Max divergence:  0.80E+02 at (3,4,25)
       Min divergence: -0.91E+01 at (1,1,20)
       Max VN number :  0.95E-01 at (3,4,25)
       Mesh   13
       Max CFL number:  0.69E+00 at (45,48,18)
       Max divergence:  0.31E+02 at (48,47,18)
       Min divergence: -0.75E+01 at (47,47,14)
       Max VN number :  0.77E-01 at (48,40,5)
       Mesh   14
       Max CFL number:  0.70E+00 at (1,47,17)
       Max divergence:  0.58E+02 at (5,42,13)
       Min divergence: -0.16E+02 at (11,40,15)
       Max VN number :  0.96E-01 at (11,40,14)
       Mesh   15
       Max CFL number:  0.82E+00 at (48,7,20)
       Max divergence:  0.35E+02 at (47,2,18)
       Min divergence: -0.73E+01 at (48,8,26)
       Max VN number :  0.98E-01 at (36,5,19)
       Mesh   16
       Max CFL number:  0.86E+00 at (1,7,20)
       Max divergence:  0.65E+02 at (7,1,14)
       Min divergence: -0.13E+02 at (11,20,24)
       Max VN number :  0.12E+00 at (5,5,30)
 
       Time Step     9400   September 19, 2026  15:05:28
       Step Size:  0.101E-02 s, Total Time:   11.05498 s
       Pressure Iterations: 6
       Maximum Velocity Error:  0.14E-01 on Mesh 1 at (48,34,1)
       Maximum Pressure Error:  0.77E+04 on Mesh 12 at (1,3,6)
       Maximum CFL Number    :  0.88E+00 on Mesh 16 at (14,11,28)
       Maximum VN Number     :  0.13E+00 on Mesh 12 at (5,3,19)
       ---------------------------------------------------------------
       Mesh    1
       Max CFL number:  0.31E+00 at (43,42,29)
       Max divergence:  0.66E+02 at (37,38,1)
       Min divergence: -0.67E+01 at (47,45,19)
       Max VN number :  0.11E+00 at (38,38,1)
       Mesh    2
       Max CFL number:  0.30E+00 at (4,47,30)
       Max divergence:  0.42E+02 at (13,39,1)
       Min divergence: -0.86E+01 at (2,39,20)
       Max VN number :  0.66E-01 at (1,41,1)
       Mesh    3
       Max CFL number:  0.32E+00 at (45,3,31)
       Max divergence:  0.59E+02 at (37,11,1)
       Min divergence: -0.71E+01 at (48,5,20)
       Max VN number :  0.72E-01 at (48,8,1)
       Mesh    4
       Max CFL number:  0.28E+00 at (4,3,31)
       Max divergence:  0.58E+02 at (11,12,1)
       Min divergence: -0.82E+01 at (3,3,28)
       Max VN number :  0.86E-01 at (1,8,1)
       Mesh    5
       Max CFL number:  0.59E+00 at (48,48,32)
       Max divergence:  0.37E+02 at (44,46,3)
       Min divergence: -0.56E+01 at (45,42,5)
       Max VN number :  0.66E-01 at (42,47,5)
       Mesh    6
       Max CFL number:  0.60E+00 at (1,48,32)
       Max divergence:  0.31E+02 at (3,46,21)
       Min divergence: -0.48E+01 at (12,41,32)
       Max VN number :  0.89E-01 at (3,44,23)
       Mesh    7
       Max CFL number:  0.62E+00 at (48,1,32)
       Max divergence:  0.39E+02 at (48,3,10)
       Min divergence: -0.58E+01 at (43,6,1)
       Max VN number :  0.68E-01 at (48,3,26)
       Mesh    8
       Max CFL number:  0.59E+00 at (1,8,22)
       Max divergence:  0.39E+02 at (1,5,22)
       Min divergence: -0.91E+01 at (4,1,13)
       Max VN number :  0.87E-01 at (6,4,28)
       Mesh    9
       Max CFL number:  0.79E+00 at (48,43,29)
       Max divergence:  0.50E+02 at (42,40,30)
       Min divergence: -0.88E+01 at (48,31,21)
       Max VN number :  0.96E-01 at (48,48,12)
       Mesh   10
       Max CFL number:  0.84E+00 at (2,44,28)
       Max divergence:  0.38E+02 at (1,34,25)
       Min divergence: -0.12E+02 at (2,35,30)
       Max VN number :  0.89E-01 at (1,35,31)
       Mesh   11
       Max CFL number:  0.66E+00 at (47,9,31)
       Max divergence:  0.23E+02 at (34,12,5)
       Min divergence: -0.11E+02 at (39,9,24)
       Max VN number :  0.92E-01 at (48,7,32)
       Mesh   12
       Max CFL number:  0.81E+00 at (6,3,32)
       Max divergence:  0.50E+02 at (2,2,8)
       Min divergence: -0.12E+02 at (4,8,28)
       Max VN number :  0.13E+00 at (5,3,19)
       Mesh   13
       Max CFL number:  0.77E+00 at (48,46,7)
       Max divergence:  0.49E+02 at (46,44,6)
       Min divergence: -0.12E+02 at (40,44,6)
       Max VN number :  0.12E+00 at (46,44,6)
       Mesh   14
       Max CFL number:  0.87E+00 at (5,37,5)
       Max divergence:  0.51E+02 at (17,36,19)
       Min divergence: -0.10E+02 at (15,38,25)
       Max VN number :  0.12E+00 at (3,37,10)
       Mesh   15
       Max CFL number:  0.73E+00 at (37,4,31)
       Max divergence:  0.22E+02 at (44,4,32)
       Min divergence: -0.99E+01 at (48,7,1)
       Max VN number :  0.82E-01 at (33,3,27)
       Mesh   16
       Max CFL number:  0.88E+00 at (14,11,28)
       Max divergence:  0.36E+02 at (14,7,23)
       Min divergence: -0.12E+02 at (21,1,21)
       Max VN number :  0.11E+00 at (6,1,20)
 
       Time Step     9500   September 19, 2026  15:06:13
       Step Size:  0.888E-03 s, Total Time:   11.14942 s
       Pressure Iterations: 6
       Maximum Velocity Error:  0.93E-02 on Mesh 10 at (2,48,32)
       Maximum Pressure Error:  0.13E+05 on Mesh 3 at (35,8,1)
       Maximum CFL Number    :  0.79E+00 on Mesh 14 at (7,38,28)
       Maximum VN Number     :  0.11E+00 on Mesh 14 at (2,42,25)
       ---------------------------------------------------------------
       Mesh    1
       Max CFL number:  0.32E+00 at (45,44,30)
       Max divergence:  0.50E+02 at (35,40,1)
       Min divergence: -0.69E+01 at (42,47,10)
       Max VN number :  0.41E-01 at (47,40,26)
       Mesh    2
       Max CFL number:  0.28E+00 at (2,41,25)
       Max divergence:  0.47E+02 at (10,37,1)
       Min divergence: -0.58E+01 at (7,46,11)
       Max VN number :  0.50E-01 at (1,45,1)
       Mesh    3
       Max CFL number:  0.27E+00 at (40,6,26)
       Max divergence:  0.48E+02 at (35,9,1)
       Min divergence: -0.68E+01 at (39,8,30)
       Max VN number :  0.59E-01 at (48,8,19)
       Mesh    4
       Max CFL number:  0.32E+00 at (8,6,24)
       Max divergence:  0.63E+02 at (11,11,1)
       Min divergence: -0.89E+01 at (3,12,22)
       Max VN number :  0.56E-01 at (11,11,1)
       Mesh    5
       Max CFL number:  0.38E+00 at (48,45,26)
       Max divergence:  0.41E+02 at (46,46,14)
       Min divergence: -0.10E+02 at (41,39,2)
       Max VN number :  0.72E-01 at (48,45,26)
       Mesh    6
       Max CFL number:  0.48E+00 at (4,45,28)
       Max divergence:  0.27E+02 at (5,48,10)
       Min divergence: -0.58E+01 at (6,45,31)
       Max VN number :  0.80E-01 at (1,45,25)
       Mesh    7
       Max CFL number:  0.52E+00 at (48,2,32)
       Max divergence:  0.23E+02 at (48,4,1)
       Min divergence: -0.76E+01 at (47,4,22)
       Max VN number :  0.66E-01 at (48,2,32)
       Mesh    8
       Max CFL number:  0.48E+00 at (1,2,32)
       Max divergence:  0.37E+02 at (2,5,10)
       Min divergence: -0.90E+01 at (4,4,9)
       Max VN number :  0.65E-01 at (4,7,31)
       Mesh    9
       Max CFL number:  0.58E+00 at (48,45,32)
       Max divergence:  0.12E+02 at (48,48,6)
       Min divergence: -0.76E+01 at (39,32,23)
       Max VN number :  0.69E-01 at (40,46,28)
       Mesh   10
       Max CFL number:  0.65E+00 at (4,48,29)
       Max divergence:  0.34E+02 at (5,47,6)
       Min divergence: -0.73E+01 at (4,45,9)
       Max VN number :  0.97E-01 at (6,46,7)
       Mesh   11
       Max CFL number:  0.61E+00 at (47,10,15)
       Max divergence:  0.22E+02 at (33,14,12)
       Min divergence: -0.75E+01 at (38,6,27)
       Max VN number :  0.75E-01 at (48,2,4)
       Mesh   12
       Max CFL number:  0.68E+00 at (2,7,18)
       Max divergence:  0.53E+02 at (5,4,11)
       Min divergence: -0.11E+02 at (5,3,24)
       Max VN number :  0.99E-01 at (4,2,26)
       Mesh   13
       Max CFL number:  0.61E+00 at (48,48,1)
       Max divergence:  0.16E+02 at (46,40,13)
       Min divergence: -0.10E+02 at (43,40,10)
       Max VN number :  0.99E-01 at (45,43,20)
       Mesh   14
       Max CFL number:  0.79E+00 at (7,38,28)
       Max divergence:  0.25E+02 at (6,32,7)
       Min divergence: -0.11E+02 at (11,32,24)
       Max VN number :  0.11E+00 at (2,42,25)
       Mesh   15
       Max CFL number:  0.59E+00 at (48,1,9)
       Max divergence:  0.12E+02 at (42,2,31)
       Min divergence: -0.76E+01 at (42,2,30)
       Max VN number :  0.79E-01 at (48,1,19)
       Mesh   16
       Max CFL number:  0.78E+00 at (8,4,22)
       Max divergence:  0.17E+02 at (19,12,26)
       Min divergence: -0.81E+01 at (11,6,24)
       Max VN number :  0.92E-01 at (1,1,20)
 
       Time Step     9600   September 19, 2026  15:06:58
       Step Size:  0.964E-03 s, Total Time:   11.25008 s
       Pressure Iterations: 7
       Maximum Velocity Error:  0.12E-01 on Mesh 10 at (4,46,32)
       Maximum Pressure Error:  0.18E+05 on Mesh 3 at (42,14,1)
       Maximum CFL Number    :  0.89E+00 on Mesh 10 at (6,46,26)
       Maximum VN Number     :  0.14E+00 on Mesh 10 at (6,46,26)
       ---------------------------------------------------------------
       Mesh    1
       Max CFL number:  0.36E+00 at (44,45,22)
       Max divergence:  0.52E+02 at (40,35,1)
       Min divergence: -0.11E+02 at (48,42,17)
       Max VN number :  0.78E-01 at (39,35,1)
       Mesh    2
       Max CFL number:  0.37E+00 at (1,40,31)
       Max divergence:  0.43E+02 at (14,40,1)
       Min divergence: -0.92E+01 at (5,45,17)
       Max VN number :  0.68E-01 at (3,40,31)
       Mesh    3
       Max CFL number:  0.39E+00 at (44,8,26)
       Max divergence:  0.52E+02 at (42,15,1)
       Min divergence: -0.15E+02 at (46,6,24)
       Max VN number :  0.56E-01 at (47,2,1)
       Mesh    4
       Max CFL number:  0.39E+00 at (1,7,23)
       Max divergence:  0.54E+02 at (2,9,25)
       Min divergence: -0.22E+02 at (3,4,22)
       Max VN number :  0.10E+00 at (2,9,25)
       Mesh    5
       Max CFL number:  0.40E+00 at (44,40,8)
       Max divergence:  0.36E+02 at (40,45,18)
       Min divergence: -0.72E+01 at (48,44,5)
       Max VN number :  0.64E-01 at (47,48,30)
       Mesh    6
       Max CFL number:  0.47E+00 at (5,43,25)
       Max divergence:  0.45E+02 at (4,44,27)
       Min divergence: -0.78E+01 at (1,46,4)
       Max VN number :  0.67E-01 at (6,41,26)
       Mesh    7
       Max CFL number:  0.40E+00 at (47,3,32)
       Max divergence:  0.32E+02 at (40,1,6)
       Min divergence: -0.76E+01 at (39,8,7)
       Max VN number :  0.57E-01 at (39,2,6)
       Mesh    8
       Max CFL number:  0.40E+00 at (7,6,24)
       Max divergence:  0.36E+02 at (4,10,10)
       Min divergence: -0.67E+01 at (6,2,3)
       Max VN number :  0.60E-01 at (7,1,25)
       Mesh    9
       Max CFL number:  0.52E+00 at (47,45,32)
       Max divergence:  0.16E+02 at (48,47,18)
       Min divergence: -0.54E+01 at (33,43,25)
       Max VN number :  0.62E-01 at (48,47,18)
       Mesh   10
       Max CFL number:  0.89E+00 at (6,46,26)
       Max divergence:  0.31E+02 at (2,48,17)
       Min divergence: -0.10E+02 at (8,47,28)
       Max VN number :  0.14E+00 at (6,46,26)
       Mesh   11
       Max CFL number:  0.62E+00 at (48,2,19)
       Max divergence:  0.20E+02 at (31,11,18)
       Min divergence: -0.11E+02 at (48,1,22)
       Max VN number :  0.10E+00 at (48,1,22)
       Mesh   12
       Max CFL number:  0.71E+00 at (3,1,28)
       Max divergence:  0.24E+02 at (4,1,26)
       Min divergence: -0.12E+02 at (7,2,29)
       Max VN number :  0.11E+00 at (7,2,30)
       Mesh   13
       Max CFL number:  0.68E+00 at (48,48,6)
       Max divergence:  0.26E+02 at (47,48,5)
       Min divergence: -0.98E+01 at (42,34,17)
       Max VN number :  0.12E+00 at (47,46,26)
       Mesh   14
       Max CFL number:  0.71E+00 at (5,46,23)
       Max divergence:  0.28E+02 at (1,48,7)
       Min divergence: -0.88E+01 at (6,45,1)
       Max VN number :  0.11E+00 at (1,48,7)
       Mesh   15
       Max CFL number:  0.65E+00 at (48,1,7)
       Max divergence:  0.13E+02 at (48,4,13)
       Min divergence: -0.19E+02 at (46,4,12)
       Max VN number :  0.12E+00 at (46,4,11)
       Mesh   16
       Max CFL number:  0.78E+00 at (4,4,13)
       Max divergence:  0.31E+02 at (3,7,14)
       Min divergence: -0.13E+02 at (2,7,15)
       Max VN number :  0.11E+00 at (1,8,17)
 
       Time Step     9700   September 19, 2026  15:07:43
       Step Size:  0.117E-02 s, Total Time:   11.35156 s
       Pressure Iterations: 6
       Maximum Velocity Error:  0.13E-01 on Mesh 10 at (8,48,12)
       Maximum Pressure Error:  0.15E+05 on Mesh 13 at (47,45,9)
       Maximum CFL Number    :  0.85E+00 on Mesh 13 at (48,48,5)
       Maximum VN Number     :  0.16E+00 on Mesh 14 at (4,44,20)
       ---------------------------------------------------------------
       Mesh    1
       Max CFL number:  0.55E+00 at (46,44,32)
       Max divergence:  0.45E+02 at (34,42,1)
       Min divergence: -0.11E+02 at (48,45,32)
       Max VN number :  0.82E-01 at (40,36,1)
       Mesh    2
       Max CFL number:  0.55E+00 at (7,48,23)
       Max divergence:  0.46E+02 at (12,38,1)
       Min divergence: -0.13E+02 at (5,48,23)
       Max VN number :  0.71E-01 at (9,45,31)
       Mesh    3
       Max CFL number:  0.55E+00 at (46,3,32)
       Max divergence:  0.49E+02 at (39,13,1)
       Min divergence: -0.11E+02 at (47,1,31)
       Max VN number :  0.78E-01 at (48,8,27)
       Mesh    4
       Max CFL number:  0.52E+00 at (6,1,31)
       Max divergence:  0.46E+02 at (10,13,1)
       Min divergence: -0.16E+02 at (6,2,23)
       Max VN number :  0.88E-01 at (2,7,28)
       Mesh    5
       Max CFL number:  0.59E+00 at (46,46,4)
       Max divergence:  0.41E+02 at (40,45,30)
       Min divergence: -0.14E+02 at (46,44,2)
       Max VN number :  0.85E-01 at (46,37,22)
       Mesh    6
       Max CFL number:  0.59E+00 at (2,40,12)
       Max divergence:  0.65E+02 at (3,43,12)
       Min divergence: -0.18E+02 at (1,43,2)
       Max VN number :  0.10E+00 at (5,45,10)
       Mesh    7
       Max CFL number:  0.71E+00 at (43,5,5)
       Max divergence:  0.47E+02 at (44,2,4)
       Min divergence: -0.17E+02 at (45,1,5)
       Max VN number :  0.92E-01 at (48,8,5)
       Mesh    8
       Max CFL number:  0.57E+00 at (1,4,5)
       Max divergence:  0.47E+02 at (3,6,21)
       Min divergence: -0.92E+01 at (4,4,4)
       Max VN number :  0.99E-01 at (4,5,26)
       Mesh    9
       Max CFL number:  0.67E+00 at (48,47,32)
       Max divergence:  0.44E+02 at (46,47,7)
       Min divergence: -0.76E+01 at (45,43,10)
       Max VN number :  0.88E-01 at (46,47,7)
       Mesh   10
       Max CFL number:  0.77E+00 at (3,46,29)
       Max divergence:  0.49E+02 at (6,48,8)
       Min divergence: -0.11E+02 at (6,45,25)
       Max VN number :  0.13E+00 at (6,45,25)
       Mesh   11
       Max CFL number:  0.73E+00 at (48,1,32)
       Max divergence:  0.27E+02 at (48,3,7)
       Min divergence: -0.65E+01 at (48,6,29)
       Max VN number :  0.82E-01 at (48,4,29)
       Mesh   12
       Max CFL number:  0.77E+00 at (2,9,20)
       Max divergence:  0.39E+02 at (5,1,9)
       Min divergence: -0.99E+01 at (7,3,5)
       Max VN number :  0.94E-01 at (2,9,21)
       Mesh   13
       Max CFL number:  0.85E+00 at (48,48,5)
       Max divergence:  0.92E+01 at (46,48,2)
       Min divergence: -0.80E+01 at (47,45,8)
       Max VN number :  0.12E+00 at (48,48,5)
       Mesh   14
       Max CFL number:  0.83E+00 at (4,44,19)
       Max divergence:  0.16E+02 at (1,48,5)
       Min divergence: -0.12E+02 at (4,48,2)
       Max VN number :  0.16E+00 at (4,44,20)
       Mesh   15
       Max CFL number:  0.73E+00 at (48,1,4)
       Max divergence:  0.95E+01 at (35,23,4)
       Min divergence: -0.91E+01 at (34,23,4)
       Max VN number :  0.10E+00 at (47,13,30)
       Mesh   16
       Max CFL number:  0.76E+00 at (6,1,32)
       Max divergence:  0.31E+02 at (3,1,2)
       Min divergence: -0.65E+01 at (1,1,2)
       Max VN number :  0.15E+00 at (3,1,2)
 
       Time Step     9800   September 19, 2026  15:08:27
       Step Size:  0.113E-02 s, Total Time:   11.46377 s
       Pressure Iterations: 6
       Maximum Velocity Error:  0.14E-01 on Mesh 5 at (48,43,24)
       Maximum Pressure Error:  0.15E+05 on Mesh 15 at (46,3,1)
       Maximum CFL Number    :  0.86E+00 on Mesh 13 at (45,41,25)
       Maximum VN Number     :  0.12E+00 on Mesh 11 at (46,3,32)
       ---------------------------------------------------------------
       Mesh    1
       Max CFL number:  0.45E+00 at (48,46,31)
       Max divergence:  0.43E+02 at (45,45,21)
       Min divergence: -0.53E+01 at (46,43,31)
       Max VN number :  0.89E-01 at (43,48,1)
       Mesh    2
       Max CFL number:  0.45E+00 at (4,46,30)
       Max divergence:  0.50E+02 at (10,36,1)
       Min divergence: -0.69E+01 at (3,47,27)
       Max VN number :  0.73E-01 at (4,46,29)
       Mesh    3
       Max CFL number:  0.45E+00 at (46,2,32)
       Max divergence:  0.49E+02 at (39,13,1)
       Min divergence: -0.64E+01 at (45,1,32)
       Max VN number :  0.75E-01 at (44,1,32)
       Mesh    4
       Max CFL number:  0.43E+00 at (3,1,32)
       Max divergence:  0.41E+02 at (15,5,1)
       Min divergence: -0.84E+01 at (1,3,30)
       Max VN number :  0.61E-01 at (5,6,1)
       Mesh    5
       Max CFL number:  0.72E+00 at (46,43,15)
       Max divergence:  0.48E+02 at (44,45,24)
       Min divergence: -0.15E+02 at (45,47,25)
       Max VN number :  0.11E+00 at (46,43,15)
       Mesh    6
       Max CFL number:  0.71E+00 at (2,44,12)
       Max divergence:  0.33E+02 at (2,43,12)
       Min divergence: -0.11E+02 at (8,48,18)
       Max VN number :  0.10E+00 at (8,48,18)
       Mesh    7
       Max CFL number:  0.67E+00 at (43,4,24)
       Max divergence:  0.39E+02 at (48,1,11)
       Min divergence: -0.93E+01 at (48,1,18)
       Max VN number :  0.12E+00 at (48,6,18)
       Mesh    8
       Max CFL number:  0.76E+00 at (8,4,19)
       Max divergence:  0.47E+02 at (8,4,31)
       Min divergence: -0.11E+02 at (2,3,26)
       Max VN number :  0.11E+00 at (8,4,31)
       Mesh    9
       Max CFL number:  0.66E+00 at (40,48,22)
       Max divergence:  0.78E+02 at (41,37,13)
       Min divergence: -0.13E+02 at (45,36,7)
       Max VN number :  0.91E-01 at (44,44,12)
       Mesh   10
       Max CFL number:  0.69E+00 at (14,41,16)
       Max divergence:  0.47E+02 at (2,40,8)
       Min divergence: -0.14E+02 at (18,43,25)
       Max VN number :  0.12E+00 at (9,46,30)
       Mesh   11
       Max CFL number:  0.65E+00 at (44,1,22)
       Max divergence:  0.38E+02 at (44,2,14)
       Min divergence: -0.75E+01 at (39,3,3)
       Max VN number :  0.12E+00 at (46,3,32)
       Mesh   12
       Max CFL number:  0.62E+00 at (1,2,32)
       Max divergence:  0.54E+02 at (9,2,26)
       Min divergence: -0.77E+01 at (7,10,32)
       Max VN number :  0.95E-01 at (7,10,32)
       Mesh   13
       Max CFL number:  0.86E+00 at (45,41,25)
       Max divergence:  0.63E+01 at (47,43,19)
       Min divergence: -0.58E+01 at (41,44,29)
       Max VN number :  0.84E-01 at (47,44,20)
       Mesh   14
       Max CFL number:  0.67E+00 at (2,45,10)
       Max divergence:  0.71E+01 at (5,48,1)
       Min divergence: -0.74E+01 at (8,42,15)
       Max VN number :  0.10E+00 at (8,42,15)
       Mesh   15
       Max CFL number:  0.82E+00 at (44,11,14)
       Max divergence:  0.21E+02 at (48,3,1)
       Min divergence: -0.11E+02 at (48,5,9)
       Max VN number :  0.12E+00 at (48,5,9)
       Mesh   16
       Max CFL number:  0.68E+00 at (2,9,3)
       Max divergence:  0.22E+02 at (5,8,1)
       Min divergence: -0.92E+01 at (1,5,9)
       Max VN number :  0.10E+00 at (2,9,4)
 
       Time Step     9900   September 19, 2026  15:09:13
       Step Size:  0.998E-03 s, Total Time:   11.58014 s
       Pressure Iterations: 6
       Maximum Velocity Error:  0.13E-01 on Mesh 9 at (48,35,16)
       Maximum Pressure Error:  0.17E+05 on Mesh 10 at (4,46,10)
       Maximum CFL Number    :  0.94E+00 on Mesh 10 at (4,46,9)
       Maximum VN Number     :  0.14E+00 on Mesh 10 at (4,46,9)
       ---------------------------------------------------------------
       Mesh    1
       Max CFL number:  0.32E+00 at (47,44,31)
       Max divergence:  0.55E+02 at (37,38,1)
       Min divergence: -0.59E+01 at (39,46,28)
       Max VN number :  0.68E-01 at (46,46,1)
       Mesh    2
       Max CFL number:  0.31E+00 at (4,48,32)
       Max divergence:  0.65E+02 at (9,36,1)
       Min divergence: -0.74E+01 at (8,47,14)
       Max VN number :  0.66E-01 at (9,36,1)
       Mesh    3
       Max CFL number:  0.29E+00 at (48,2,32)
       Max divergence:  0.51E+02 at (37,11,1)
       Min divergence: -0.86E+01 at (48,10,12)
       Max VN number :  0.70E-01 at (42,5,15)
       Mesh    4
       Max CFL number:  0.32E+00 at (4,1,32)
       Max divergence:  0.59E+02 at (1,3,30)
       Min divergence: -0.77E+01 at (4,10,21)
       Max VN number :  0.69E-01 at (7,5,1)
       Mesh    5
       Max CFL number:  0.58E+00 at (48,45,32)
       Max divergence:  0.29E+02 at (47,45,2)
       Min divergence: -0.65E+01 at (48,48,31)
       Max VN number :  0.65E-01 at (48,48,23)
       Mesh    6
       Max CFL number:  0.72E+00 at (3,46,29)
       Max divergence:  0.56E+02 at (1,48,15)
       Min divergence: -0.63E+01 at (2,48,6)
       Max VN number :  0.93E-01 at (4,46,28)
       Mesh    7
       Max CFL number:  0.54E+00 at (48,4,31)
       Max divergence:  0.22E+02 at (47,1,32)
       Min divergence: -0.75E+01 at (44,4,2)
       Max VN number :  0.81E-01 at (48,4,31)
       Mesh    8
       Max CFL number:  0.63E+00 at (4,1,28)
       Max divergence:  0.26E+02 at (2,1,2)
       Min divergence: -0.12E+02 at (1,5,15)
       Max VN number :  0.73E-01 at (4,2,29)
       Mesh    9
       Max CFL number:  0.71E+00 at (48,42,13)
       Max divergence:  0.67E+02 at (36,38,30)
       Min divergence: -0.10E+02 at (41,35,25)
       Max VN number :  0.12E+00 at (47,45,11)
       Mesh   10
       Max CFL number:  0.94E+00 at (4,46,9)
       Max divergence:  0.45E+02 at (3,48,8)
       Min divergence: -0.11E+02 at (1,48,4)
       Max VN number :  0.14E+00 at (4,46,9)
       Mesh   11
       Max CFL number:  0.59E+00 at (48,1,2)
       Max divergence:  0.38E+02 at (45,6,31)
       Min divergence: -0.63E+01 at (36,8,3)
       Max VN number :  0.86E-01 at (39,9,2)
       Mesh   12
       Max CFL number:  0.92E+00 at (6,1,11)
       Max divergence:  0.68E+02 at (1,1,4)
       Min divergence: -0.98E+01 at (10,6,22)
       Max VN number :  0.13E+00 at (6,1,10)
       Mesh   13
       Max CFL number:  0.67E+00 at (41,45,8)
       Max divergence:  0.53E+02 at (36,44,7)
       Min divergence: -0.64E+01 at (46,44,27)
       Max VN number :  0.86E-01 at (36,44,8)
       Mesh   14
       Max CFL number:  0.63E+00 at (6,48,14)
       Max divergence:  0.50E+02 at (14,46,4)
       Min divergence: -0.80E+01 at (16,43,3)
       Max VN number :  0.77E-01 at (16,42,2)
       Mesh   15
       Max CFL number:  0.90E+00 at (44,14,16)
       Max divergence:  0.42E+02 at (47,1,2)
       Min divergence: -0.82E+01 at (47,4,25)
       Max VN number :  0.10E+00 at (48,7,21)
       Mesh   16
       Max CFL number:  0.66E+00 at (3,1,14)
       Max divergence:  0.31E+02 at (11,4,8)
       Min divergence: -0.14E+02 at (11,5,12)
       Max VN number :  0.96E-01 at (10,2,11)
 
       Time Step    10000   September 19, 2026  15:09:58
       Step Size:  0.998E-03 s, Total Time:   11.67990 s
       Pressure Iterations: 8
       Maximum Velocity Error:  0.92E-02 on Mesh 10 at (4,43,32)
       Maximum Pressure Error:  0.15E+05 on Mesh 15 at (34,6,31)
       Maximum CFL Number    :  0.82E+00 on Mesh 14 at (3,42,4)
       Maximum VN Number     :  0.11E+00 on Mesh 14 at (2,45,4)
       ---------------------------------------------------------------
       Mesh    1
       Max CFL number:  0.33E+00 at (38,44,22)
       Max divergence:  0.52E+02 at (35,40,1)
       Min divergence: -0.72E+01 at (44,41,14)
       Max VN number :  0.59E-01 at (47,46,1)
       Mesh    2
       Max CFL number:  0.31E+00 at (3,40,25)
       Max divergence:  0.51E+02 at (11,37,1)
       Min divergence: -0.12E+02 at (6,39,28)
       Max VN number :  0.68E-01 at (5,40,28)
       Mesh    3
       Max CFL number:  0.32E+00 at (43,3,31)
       Max divergence:  0.50E+02 at (36,10,1)
       Min divergence: -0.61E+01 at (43,1,9)
       Max VN number :  0.57E-01 at (48,8,16)
       Mesh    4
       Max CFL number:  0.31E+00 at (2,7,32)
       Max divergence:  0.46E+02 at (14,8,1)
       Min divergence: -0.70E+01 at (5,3,17)
       Max VN number :  0.54E-01 at (6,9,27)
       Mesh    5
       Max CFL number:  0.59E+00 at (47,45,30)
       Max divergence:  0.50E+02 at (48,44,5)
       Min divergence: -0.77E+01 at (47,41,21)
       Max VN number :  0.85E-01 at (47,41,20)
       Mesh    6
       Max CFL number:  0.67E+00 at (5,47,32)
       Max divergence:  0.42E+02 at (4,45,11)
       Min divergence: -0.62E+01 at (6,47,24)
       Max VN number :  0.11E+00 at (5,44,25)
       Mesh    7
       Max CFL number:  0.45E+00 at (48,5,32)
       Max divergence:  0.32E+02 at (45,1,9)
       Min divergence: -0.79E+01 at (48,3,17)
       Max VN number :  0.60E-01 at (48,3,17)
       Mesh    8
       Max CFL number:  0.54E+00 at (3,3,31)
       Max divergence:  0.29E+02 at (2,3,9)
       Min divergence: -0.11E+02 at (1,1,26)
       Max VN number :  0.11E+00 at (1,1,26)
       Mesh    9
       Max CFL number:  0.81E+00 at (46,40,23)
       Max divergence:  0.31E+02 at (36,31,30)
       Min divergence: -0.10E+02 at (43,33,32)
       Max VN number :  0.10E+00 at (43,33,31)
       Mesh   10
       Max CFL number:  0.78E+00 at (4,44,32)
       Max divergence:  0.28E+02 at (3,47,15)
       Min divergence: -0.13E+02 at (3,48,16)
       Max VN number :  0.10E+00 at (3,48,16)
       Mesh   11
       Max CFL number:  0.58E+00 at (48,6,13)
       Max divergence:  0.10E+02 at (29,1,32)
       Min divergence: -0.65E+01 at (33,4,20)
       Max VN number :  0.81E-01 at (48,3,20)
       Mesh   12
       Max CFL number:  0.69E+00 at (4,3,5)
       Max divergence:  0.20E+02 at (2,1,1)
       Min divergence: -0.10E+02 at (6,2,9)
       Max VN number :  0.11E+00 at (4,3,6)
       Mesh   13
       Max CFL number:  0.72E+00 at (48,44,2)
       Max divergence:  0.69E+02 at (30,48,26)
       Min divergence: -0.10E+02 at (42,34,5)
       Max VN number :  0.11E+00 at (47,45,11)
       Mesh   14
       Max CFL number:  0.82E+00 at (3,42,4)
       Max divergence:  0.22E+02 at (5,48,28)
       Min divergence: -0.15E+02 at (18,45,16)
       Max VN number :  0.11E+00 at (2,45,4)
       Mesh   15
       Max CFL number:  0.70E+00 at (37,8,29)
       Max divergence:  0.57E+02 at (34,1,22)
       Min divergence: -0.13E+02 at (48,1,11)
       Max VN number :  0.98E-01 at (48,1,11)
       Mesh   16
       Max CFL number:  0.82E+00 at (6,1,12)
       Max divergence:  0.30E+02 at (7,1,26)
       Min divergence: -0.14E+02 at (14,6,19)
       Max VN number :  0.11E+00 at (6,1,13)
 
       Time Step    10100   September 19, 2026  15:10:43
       Step Size:  0.110E-02 s, Total Time:   11.78594 s
       Pressure Iterations: 6
       Maximum Velocity Error:  0.11E-01 on Mesh 4 at (11,10,0)
       Maximum Pressure Error:  0.86E+04 on Mesh 10 at (10,44,2)
       Maximum CFL Number    :  0.90E+00 on Mesh 14 at (4,44,8)
       Maximum VN Number     :  0.13E+00 on Mesh 14 at (3,43,8)
       ---------------------------------------------------------------
       Mesh    1
       Max CFL number:  0.49E+00 at (42,45,27)
       Max divergence:  0.59E+02 at (46,41,20)
       Min divergence: -0.10E+02 at (48,44,21)
       Max VN number :  0.86E-01 at (43,41,22)
       Mesh    2
       Max CFL number:  0.42E+00 at (1,42,32)
       Max divergence:  0.49E+02 at (11,37,1)
       Min divergence: -0.15E+02 at (6,48,15)
       Max VN number :  0.69E-01 at (6,36,32)
       Mesh    3
       Max CFL number:  0.39E+00 at (44,3,29)
       Max divergence:  0.47E+02 at (36,10,1)
       Min divergence: -0.81E+01 at (39,1,17)
       Max VN number :  0.80E-01 at (44,5,31)
       Mesh    4
       Max CFL number:  0.44E+00 at (9,9,29)
       Max divergence:  0.51E+02 at (9,14,1)
       Min divergence: -0.14E+02 at (6,2,15)
       Max VN number :  0.61E-01 at (6,11,32)
       Mesh    5
       Max CFL number:  0.47E+00 at (48,39,14)
       Max divergence:  0.51E+02 at (41,43,10)
       Min divergence: -0.10E+02 at (48,37,20)
       Max VN number :  0.70E-01 at (36,47,16)
       Mesh    6
       Max CFL number:  0.63E+00 at (9,42,30)
       Max divergence:  0.40E+02 at (4,46,1)
       Min divergence: -0.95E+01 at (6,36,1)
       Max VN number :  0.11E+00 at (9,42,30)
       Mesh    7
       Max CFL number:  0.41E+00 at (48,7,9)
       Max divergence:  0.48E+02 at (48,8,8)
       Min divergence: -0.58E+01 at (48,10,22)
       Max VN number :  0.62E-01 at (39,5,5)
       Mesh    8
       Max CFL number:  0.41E+00 at (5,2,17)
       Max divergence:  0.40E+02 at (7,10,4)
       Min divergence: -0.90E+01 at (7,10,3)
       Max VN number :  0.58E-01 at (2,8,8)
       Mesh    9
       Max CFL number:  0.80E+00 at (48,43,23)
       Max divergence:  0.34E+02 at (46,29,27)
       Min divergence: -0.73E+01 at (44,47,31)
       Max VN number :  0.10E+00 at (48,43,23)
       Mesh   10
       Max CFL number:  0.68E+00 at (1,43,22)
       Max divergence:  0.17E+02 at (3,28,29)
       Min divergence: -0.10E+02 at (1,40,3)
       Max VN number :  0.89E-01 at (3,48,32)
       Mesh   11
       Max CFL number:  0.61E+00 at (47,2,31)
       Max divergence:  0.54E+01 at (48,3,5)
       Min divergence: -0.33E+01 at (40,6,29)
       Max VN number :  0.91E-01 at (47,7,32)
       Mesh   12
       Max CFL number:  0.58E+00 at (5,3,32)
       Max divergence:  0.68E+01 at (1,4,8)
       Min divergence: -0.73E+01 at (4,1,3)
       Max VN number :  0.90E-01 at (8,4,15)
       Mesh   13
       Max CFL number:  0.79E+00 at (38,44,26)
       Max divergence:  0.48E+02 at (34,41,18)
       Min divergence: -0.14E+02 at (38,37,25)
       Max VN number :  0.12E+00 at (46,42,22)
       Mesh   14
       Max CFL number:  0.90E+00 at (4,44,8)
       Max divergence:  0.14E+02 at (2,31,1)
       Min divergence: -0.72E+01 at (21,46,28)
       Max VN number :  0.13E+00 at (3,43,8)
       Mesh   15
       Max CFL number:  0.84E+00 at (36,9,31)
       Max divergence:  0.38E+02 at (28,5,11)
       Min divergence: -0.89E+01 at (32,7,26)
       Max VN number :  0.12E+00 at (45,1,1)
       Mesh   16
       Max CFL number:  0.79E+00 at (9,5,17)
       Max divergence:  0.17E+02 at (3,8,31)
       Min divergence: -0.98E+01 at (15,11,30)
       Max VN number :  0.11E+00 at (3,4,12)
 
       Time Step    10200   September 19, 2026  15:11:28
       Step Size:  0.133E-02 s, Total Time:   11.90948 s
       Pressure Iterations: 6
       Maximum Velocity Error:  0.13E-01 on Mesh 1 at (48,42,31)
       Maximum Pressure Error:  0.20E+05 on Mesh 8 at (6,11,17)
       Maximum CFL Number    :  0.86E+00 on Mesh 10 at (8,48,25)
       Maximum VN Number     :  0.13E+00 on Mesh 2 at (7,47,1)
       ---------------------------------------------------------------
       Mesh    1
       Max CFL number:  0.62E+00 at (46,41,32)
       Max divergence:  0.51E+02 at (48,43,26)
       Min divergence: -0.21E+02 at (44,48,22)
       Max VN number :  0.86E-01 at (46,41,32)
       Mesh    2
       Max CFL number:  0.56E+00 at (3,47,25)
       Max divergence:  0.49E+02 at (3,47,25)
       Min divergence: -0.17E+02 at (2,48,31)
       Max VN number :  0.13E+00 at (7,47,1)
       Mesh    3
       Max CFL number:  0.64E+00 at (44,5,31)
       Max divergence:  0.49E+02 at (37,11,1)
       Min divergence: -0.11E+02 at (48,4,31)
       Max VN number :  0.10E+00 at (39,1,30)
       Mesh    4
       Max CFL number:  0.61E+00 at (1,2,28)
       Max divergence:  0.45E+02 at (2,16,1)
       Min divergence: -0.18E+02 at (1,3,30)
       Max VN number :  0.82E-01 at (7,1,20)
       Mesh    5
       Max CFL number:  0.74E+00 at (40,42,7)
       Max divergence:  0.48E+02 at (46,43,4)
       Min divergence: -0.94E+01 at (41,38,1)
       Max VN number :  0.12E+00 at (46,41,1)
       Mesh    6
       Max CFL number:  0.71E+00 at (3,36,26)
       Max divergence:  0.36E+02 at (1,44,28)
       Min divergence: -0.95E+01 at (1,45,2)
       Max VN number :  0.89E-01 at (8,32,6)
       Mesh    7
       Max CFL number:  0.65E+00 at (43,8,3)
       Max divergence:  0.25E+02 at (45,4,25)
       Min divergence: -0.12E+02 at (44,6,26)
       Max VN number :  0.11E+00 at (43,8,4)
       Mesh    8
       Max CFL number:  0.65E+00 at (3,2,27)
       Max divergence:  0.64E+02 at (5,12,14)
       Min divergence: -0.16E+02 at (5,7,14)
       Max VN number :  0.96E-01 at (6,11,16)
       Mesh    9
       Max CFL number:  0.59E+00 at (48,45,30)
       Max divergence:  0.27E+02 at (38,47,1)
       Min divergence: -0.57E+01 at (40,43,2)
       Max VN number :  0.78E-01 at (38,47,1)
       Mesh   10
       Max CFL number:  0.86E+00 at (8,48,25)
       Max divergence:  0.30E+02 at (6,44,18)
       Min divergence: -0.11E+02 at (13,45,20)
       Max VN number :  0.12E+00 at (6,47,19)
       Mesh   11
       Max CFL number:  0.56E+00 at (44,1,26)
       Max divergence:  0.23E+02 at (43,1,3)
       Min divergence: -0.52E+01 at (48,13,1)
       Max VN number :  0.80E-01 at (41,11,24)
       Mesh   12
       Max CFL number:  0.82E+00 at (8,1,25)
       Max divergence:  0.15E+02 at (3,1,5)
       Min divergence: -0.10E+02 at (1,7,6)
       Max VN number :  0.11E+00 at (8,1,24)
       Mesh   13
       Max CFL number:  0.86E+00 at (48,42,28)
       Max divergence:  0.22E+02 at (38,32,25)
       Min divergence: -0.66E+01 at (40,33,30)
       Max VN number :  0.10E+00 at (31,37,28)
       Mesh   14
       Max CFL number:  0.84E+00 at (2,39,31)
       Max divergence:  0.97E+01 at (2,37,32)
       Min divergence: -0.93E+01 at (4,28,16)
       Max VN number :  0.11E+00 at (2,37,31)
       Mesh   15
       Max CFL number:  0.70E+00 at (48,1,13)
       Max divergence:  0.81E+01 at (29,1,27)
       Min divergence: -0.82E+01 at (29,3,30)
       Max VN number :  0.10E+00 at (48,1,16)
       Mesh   16
       Max CFL number:  0.74E+00 at (1,2,12)
       Max divergence:  0.39E+01 at (13,23,20)
       Min divergence: -0.38E+01 at (1,3,12)
       Max VN number :  0.98E-01 at (3,5,24)
 
       Time Step    10300   September 19, 2026  15:12:13
       Step Size:  0.119E-02 s, Total Time:   12.03709 s
       Pressure Iterations: 7
       Maximum Velocity Error:  0.14E-01 on Mesh 5 at (48,48,19)
       Maximum Pressure Error:  0.83E+04 on Mesh 3 at (40,14,1)
       Maximum CFL Number    :  0.94E+00 on Mesh 14 at (5,41,12)
       Maximum VN Number     :  0.17E+00 on Mesh 14 at (11,40,7)
       ---------------------------------------------------------------
       Mesh    1
       Max CFL number:  0.56E+00 at (46,43,32)
       Max divergence:  0.41E+02 at (35,40,1)
       Min divergence: -0.81E+01 at (40,46,15)
       Max VN number :  0.61E-01 at (45,41,32)
       Mesh    2
       Max CFL number:  0.59E+00 at (6,48,32)
       Max divergence:  0.47E+02 at (11,37,1)
       Min divergence: -0.65E+01 at (1,43,31)
       Max VN number :  0.86E-01 at (6,48,32)
       Mesh    3
       Max CFL number:  0.49E+00 at (48,2,32)
       Max divergence:  0.51E+02 at (37,11,1)
       Min divergence: -0.92E+01 at (46,13,8)
       Max VN number :  0.69E-01 at (45,6,19)
       Mesh    4
       Max CFL number:  0.57E+00 at (2,6,31)
       Max divergence:  0.48E+02 at (14,9,1)
       Min divergence: -0.99E+01 at (2,6,32)
       Max VN number :  0.12E+00 at (2,6,32)
       Mesh    5
       Max CFL number:  0.77E+00 at (47,39,19)
       Max divergence:  0.47E+02 at (45,46,10)
       Min divergence: -0.25E+02 at (46,46,10)
       Max VN number :  0.11E+00 at (43,39,27)
       Mesh    6
       Max CFL number:  0.68E+00 at (1,48,19)
       Max divergence:  0.43E+02 at (4,47,18)
       Min divergence: -0.79E+01 at (3,44,3)
       Max VN number :  0.13E+00 at (6,47,15)
       Mesh    7
       Max CFL number:  0.70E+00 at (47,1,22)
       Max divergence:  0.70E+02 at (42,8,29)
       Min divergence: -0.16E+02 at (41,4,31)
       Max VN number :  0.96E-01 at (42,6,28)
       Mesh    8
       Max CFL number:  0.72E+00 at (1,3,21)
       Max divergence:  0.78E+02 at (5,4,31)
       Min divergence: -0.13E+02 at (6,8,26)
       Max VN number :  0.11E+00 at (1,6,6)
       Mesh    9
       Max CFL number:  0.75E+00 at (48,46,20)
       Max divergence:  0.56E+02 at (44,47,15)
       Min divergence: -0.66E+01 at (40,42,9)
       Max VN number :  0.97E-01 at (35,41,2)
       Mesh   10
       Max CFL number:  0.76E+00 at (9,46,30)
       Max divergence:  0.44E+02 at (2,48,11)
       Min divergence: -0.11E+02 at (12,37,28)
       Max VN number :  0.11E+00 at (4,33,13)
       Mesh   11
       Max CFL number:  0.65E+00 at (48,1,20)
       Max divergence:  0.58E+02 at (44,8,4)
       Min divergence: -0.10E+02 at (48,2,10)
       Max VN number :  0.88E-01 at (39,12,1)
       Mesh   12
       Max CFL number:  0.73E+00 at (5,1,29)
       Max divergence:  0.53E+02 at (4,6,1)
       Min divergence: -0.15E+02 at (5,1,30)
       Max VN number :  0.13E+00 at (5,1,30)
       Mesh   13
       Max CFL number:  0.83E+00 at (48,39,25)
       Max divergence:  0.64E+01 at (48,40,12)
       Min divergence: -0.54E+01 at (45,40,2)
       Max VN number :  0.79E-01 at (29,48,30)
       Mesh   14
       Max CFL number:  0.94E+00 at (5,41,12)
       Max divergence:  0.14E+02 at (9,39,1)
       Min divergence: -0.24E+02 at (11,40,7)
       Max VN number :  0.17E+00 at (11,40,7)
       Mesh   15
       Max CFL number:  0.45E+00 at (43,8,3)
       Max divergence:  0.42E+01 at (28,1,30)
       Min divergence: -0.41E+01 at (29,5,26)
       Max VN number :  0.79E-01 at (29,1,29)
       Mesh   16
       Max CFL number:  0.75E+00 at (11,2,9)
       Max divergence:  0.68E+01 at (9,4,14)
       Min divergence: -0.79E+01 at (11,3,17)
       Max VN number :  0.11E+00 at (6,2,28)
 
       Time Step    10400   September 19, 2026  15:12:58
       Step Size:  0.107E-02 s, Total Time:   12.15531 s
       Pressure Iterations: 7
       Maximum Velocity Error:  0.11E-01 on Mesh 11 at (48,1,31)
       Maximum Pressure Error:  0.94E+04 on Mesh 9 at (39,44,32)
       Maximum CFL Number    :  0.91E+00 on Mesh 8 at (2,4,27)
       Maximum VN Number     :  0.14E+00 on Mesh 10 at (3,46,15)
       ---------------------------------------------------------------
       Mesh    1
       Max CFL number:  0.31E+00 at (43,48,22)
       Max divergence:  0.50E+02 at (48,46,26)
       Min divergence: -0.82E+01 at (48,37,16)
       Max VN number :  0.70E-01 at (42,43,13)
       Mesh    2
       Max CFL number:  0.36E+00 at (6,44,32)
       Max divergence:  0.44E+02 at (1,43,27)
       Min divergence: -0.85E+01 at (4,46,26)
       Max VN number :  0.59E-01 at (7,44,32)
       Mesh    3
       Max CFL number:  0.42E+00 at (47,5,32)
       Max divergence:  0.49E+02 at (37,11,1)
       Min divergence: -0.62E+01 at (47,4,28)
       Max VN number :  0.64E-01 at (45,7,32)
       Mesh    4
       Max CFL number:  0.36E+00 at (2,3,32)
       Max divergence:  0.49E+02 at (3,3,32)
       Min divergence: -0.91E+01 at (2,4,31)
       Max VN number :  0.58E-01 at (3,6,30)
       Mesh    5
       Max CFL number:  0.76E+00 at (47,46,32)
       Max divergence:  0.29E+02 at (48,48,31)
       Min divergence: -0.54E+01 at (48,45,31)
       Max VN number :  0.10E+00 at (47,46,32)
       Mesh    6
       Max CFL number:  0.75E+00 at (4,46,30)
       Max divergence:  0.56E+02 at (5,45,15)
       Min divergence: -0.14E+02 at (5,47,7)
       Max VN number :  0.12E+00 at (5,44,13)
       Mesh    7
       Max CFL number:  0.83E+00 at (48,6,31)
       Max divergence:  0.40E+02 at (48,1,14)
       Min divergence: -0.65E+01 at (47,1,3)
       Max VN number :  0.96E-01 at (48,7,32)
       Mesh    8
       Max CFL number:  0.91E+00 at (2,4,27)
       Max divergence:  0.50E+02 at (2,3,22)
       Min divergence: -0.12E+02 at (2,2,2)
       Max VN number :  0.11E+00 at (5,4,24)
       Mesh    9
       Max CFL number:  0.85E+00 at (47,40,6)
       Max divergence:  0.56E+02 at (43,41,23)
       Min divergence: -0.11E+02 at (38,40,23)
       Max VN number :  0.10E+00 at (47,46,1)
       Mesh   10
       Max CFL number:  0.75E+00 at (1,44,8)
       Max divergence:  0.73E+02 at (4,44,30)
       Min divergence: -0.69E+01 at (9,46,27)
       Max VN number :  0.14E+00 at (3,46,15)
       Mesh   11
       Max CFL number:  0.82E+00 at (47,2,3)
       Max divergence:  0.59E+02 at (37,3,30)
       Min divergence: -0.78E+01 at (29,1,28)
       Max VN number :  0.10E+00 at (48,7,1)
       Mesh   12
       Max CFL number:  0.81E+00 at (1,2,1)
       Max divergence:  0.50E+02 at (1,3,32)
       Min divergence: -0.96E+01 at (1,3,13)
       Max VN number :  0.13E+00 at (5,4,7)
       Mesh   13
       Max CFL number:  0.58E+00 at (48,44,21)
       Max divergence:  0.45E+02 at (45,46,3)
       Min divergence: -0.72E+01 at (46,48,2)
       Max VN number :  0.76E-01 at (48,44,22)
       Mesh   14
       Max CFL number:  0.75E+00 at (9,48,25)
       Max divergence:  0.36E+02 at (9,41,1)
       Min divergence: -0.13E+02 at (20,42,12)
       Max VN number :  0.13E+00 at (20,44,8)
       Mesh   15
       Max CFL number:  0.62E+00 at (40,8,7)
       Max divergence:  0.42E+02 at (45,1,3)
       Min divergence: -0.60E+01 at (46,4,7)
       Max VN number :  0.82E-01 at (46,4,7)
       Mesh   16
       Max CFL number:  0.64E+00 at (9,4,31)
       Max divergence:  0.48E+02 at (10,3,3)
       Min divergence: -0.11E+02 at (8,4,3)
       Max VN number :  0.98E-01 at (10,2,31)
 
       Time Step    10500   September 19, 2026  15:13:44
       Step Size:  0.960E-03 s, Total Time:   12.26076 s
       Pressure Iterations: 6
       Maximum Velocity Error:  0.14E-01 on Mesh 2 at (9,37,0)
       Maximum Pressure Error:  0.13E+05 on Mesh 4 at (2,4,22)
       Maximum CFL Number    :  0.88E+00 on Mesh 10 at (5,43,23)
       Maximum VN Number     :  0.12E+00 on Mesh 10 at (1,44,5)
       ---------------------------------------------------------------
       Mesh    1
       Max CFL number:  0.30E+00 at (43,46,32)
       Max divergence:  0.44E+02 at (42,34,1)
       Min divergence: -0.87E+01 at (43,45,29)
       Max VN number :  0.66E-01 at (48,43,30)
       Mesh    2
       Max CFL number:  0.26E+00 at (2,44,27)
       Max divergence:  0.71E+02 at (10,37,1)
       Min divergence: -0.75E+01 at (7,45,25)
       Max VN number :  0.55E-01 at (1,43,1)
       Mesh    3
       Max CFL number:  0.33E+00 at (45,5,29)
       Max divergence:  0.62E+02 at (38,11,1)
       Min divergence: -0.83E+01 at (40,5,29)
       Max VN number :  0.51E-01 at (42,7,1)
       Mesh    4
       Max CFL number:  0.35E+00 at (6,6,28)
       Max divergence:  0.55E+02 at (8,14,1)
       Min divergence: -0.68E+01 at (7,3,30)
       Max VN number :  0.65E-01 at (6,4,30)
       Mesh    5
       Max CFL number:  0.62E+00 at (47,47,30)
       Max divergence:  0.39E+02 at (45,44,3)
       Min divergence: -0.69E+01 at (46,46,31)
       Max VN number :  0.93E-01 at (46,47,32)
       Mesh    6
       Max CFL number:  0.64E+00 at (1,48,32)
       Max divergence:  0.40E+02 at (5,48,23)
       Min divergence: -0.11E+02 at (10,45,26)
       Max VN number :  0.11E+00 at (6,43,23)
       Mesh    7
       Max CFL number:  0.58E+00 at (47,1,32)
       Max divergence:  0.54E+02 at (47,3,19)
       Min divergence: -0.15E+02 at (47,5,21)
       Max VN number :  0.92E-01 at (47,5,20)
       Mesh    8
       Max CFL number:  0.60E+00 at (2,1,32)
       Max divergence:  0.42E+02 at (1,2,20)
       Min divergence: -0.70E+01 at (3,2,6)
       Max VN number :  0.78E-01 at (14,4,29)
       Mesh    9
       Max CFL number:  0.67E+00 at (48,48,32)
       Max divergence:  0.41E+02 at (48,48,1)
       Min divergence: -0.13E+02 at (46,47,1)
       Max VN number :  0.10E+00 at (46,47,1)
       Mesh   10
       Max CFL number:  0.88E+00 at (5,43,23)
       Max divergence:  0.33E+02 at (4,46,3)
       Min divergence: -0.13E+02 at (1,44,6)
       Max VN number :  0.12E+00 at (1,44,5)
       Mesh   11
       Max CFL number:  0.78E+00 at (48,9,23)
       Max divergence:  0.22E+02 at (48,1,2)
       Min divergence: -0.11E+02 at (46,2,10)
       Max VN number :  0.96E-01 at (47,2,10)
       Mesh   12
       Max CFL number:  0.79E+00 at (1,8,24)
       Max divergence:  0.35E+02 at (3,3,22)
       Min divergence: -0.65E+01 at (7,6,13)
       Max VN number :  0.12E+00 at (6,4,22)
       Mesh   13
       Max CFL number:  0.72E+00 at (48,46,10)
       Max divergence:  0.36E+02 at (48,43,11)
       Min divergence: -0.86E+01 at (43,38,7)
       Max VN number :  0.11E+00 at (48,43,11)
       Mesh   14
       Max CFL number:  0.75E+00 at (6,44,11)
       Max divergence:  0.44E+02 at (23,46,16)
       Min divergence: -0.12E+02 at (14,38,27)
       Max VN number :  0.10E+00 at (2,47,4)
       Mesh   15
       Max CFL number:  0.75E+00 at (41,5,17)
       Max divergence:  0.50E+02 at (42,6,13)
       Min divergence: -0.77E+01 at (40,3,9)
       Max VN number :  0.11E+00 at (42,1,14)
       Mesh   16
       Max CFL number:  0.79E+00 at (4,4,3)
       Max divergence:  0.51E+02 at (12,4,20)
       Min divergence: -0.97E+01 at (5,23,8)
       Max VN number :  0.84E-01 at (4,3,3)
 
       Time Step    10600   September 19, 2026  15:14:30
       Step Size:  0.960E-03 s, Total Time:   12.35674 s
       Pressure Iterations: 7
       Maximum Velocity Error:  0.11E-01 on Mesh 4 at (11,10,0)
       Maximum Pressure Error:  0.15E+05 on Mesh 4 at (11,11,1)
       Maximum CFL Number    :  0.83E+00 on Mesh 16 at (3,5,21)
       Maximum VN Number     :  0.12E+00 on Mesh 13 at (48,45,2)
       ---------------------------------------------------------------
       Mesh    1
       Max CFL number:  0.33E+00 at (43,43,23)
       Max divergence:  0.46E+02 at (37,38,1)
       Min divergence: -0.88E+01 at (44,48,12)
       Max VN number :  0.51E-01 at (39,48,23)
       Mesh    2
       Max CFL number:  0.30E+00 at (7,47,12)
       Max divergence:  0.47E+02 at (11,37,1)
       Min divergence: -0.81E+01 at (7,41,26)
       Max VN number :  0.66E-01 at (5,47,32)
       Mesh    3
       Max CFL number:  0.33E+00 at (41,6,29)
       Max divergence:  0.50E+02 at (38,11,1)
       Min divergence: -0.61E+01 at (40,8,32)
       Max VN number :  0.65E-01 at (44,12,1)
       Mesh    4
       Max CFL number:  0.34E+00 at (8,3,31)
       Max divergence:  0.48E+02 at (12,11,1)
       Min divergence: -0.91E+01 at (3,5,21)
       Max VN number :  0.60E-01 at (5,4,1)
       Mesh    5
       Max CFL number:  0.56E+00 at (47,48,32)
       Max divergence:  0.55E+02 at (46,44,12)
       Min divergence: -0.96E+01 at (46,48,13)
       Max VN number :  0.65E-01 at (46,40,14)
       Mesh    6
       Max CFL number:  0.58E+00 at (7,47,31)
       Max divergence:  0.36E+02 at (1,47,18)
       Min divergence: -0.10E+02 at (3,45,30)
       Max VN number :  0.89E-01 at (11,44,32)
       Mesh    7
       Max CFL number:  0.54E+00 at (48,1,32)
       Max divergence:  0.37E+02 at (47,5,24)
       Min divergence: -0.11E+02 at (45,8,19)
       Max VN number :  0.64E-01 at (46,4,23)
       Mesh    8
       Max CFL number:  0.58E+00 at (4,2,32)
       Max divergence:  0.41E+02 at (2,6,22)
       Min divergence: -0.77E+01 at (3,8,24)
       Max VN number :  0.91E-01 at (2,6,22)
       Mesh    9
       Max CFL number:  0.62E+00 at (48,48,29)
       Max divergence:  0.19E+02 at (47,48,4)
       Min divergence: -0.13E+02 at (45,46,19)
       Max VN number :  0.11E+00 at (45,46,19)
       Mesh   10
       Max CFL number:  0.76E+00 at (2,45,32)
       Max divergence:  0.49E+02 at (4,46,3)
       Min divergence: -0.84E+01 at (9,41,7)
       Max VN number :  0.12E+00 at (12,48,15)
       Mesh   11
       Max CFL number:  0.73E+00 at (48,2,26)
       Max divergence:  0.29E+02 at (48,1,1)
       Min divergence: -0.12E+02 at (45,3,1)
       Max VN number :  0.93E-01 at (46,1,29)
       Mesh   12
       Max CFL number:  0.70E+00 at (10,1,9)
       Max divergence:  0.32E+02 at (4,4,13)
       Min divergence: -0.10E+02 at (12,1,14)
       Max VN number :  0.10E+00 at (12,1,14)
       Mesh   13
       Max CFL number:  0.66E+00 at (48,45,1)
       Max divergence:  0.17E+02 at (47,36,17)
       Min divergence: -0.11E+02 at (42,46,31)
       Max VN number :  0.12E+00 at (48,45,2)
       Mesh   14
       Max CFL number:  0.82E+00 at (11,45,22)
       Max divergence:  0.32E+02 at (22,45,28)
       Min divergence: -0.13E+02 at (4,48,31)
       Max VN number :  0.12E+00 at (1,46,2)
       Mesh   15
       Max CFL number:  0.68E+00 at (48,4,13)
       Max divergence:  0.15E+02 at (46,3,32)
       Min divergence: -0.11E+02 at (43,15,17)
       Max VN number :  0.10E+00 at (43,12,5)
       Mesh   16
       Max CFL number:  0.83E+00 at (3,5,21)
       Max divergence:  0.22E+02 at (23,2,24)
       Min divergence: -0.12E+02 at (25,3,30)
       Max VN number :  0.11E+00 at (7,1,31)
 
       Time Step    10700   September 19, 2026  15:15:15
       Step Size:  0.949E-03 s, Total Time:   12.45780 s
       Pressure Iterations: 6
       Maximum Velocity Error:  0.11E-01 on Mesh 15 at (48,1,10)
       Maximum Pressure Error:  0.20E+05 on Mesh 3 at (37,10,1)
       Maximum CFL Number    :  0.89E+00 on Mesh 14 at (10,47,10)
       Maximum VN Number     :  0.11E+00 on Mesh 14 at (3,45,4)
       ---------------------------------------------------------------
       Mesh    1
       Max CFL number:  0.38E+00 at (37,43,32)
       Max divergence:  0.49E+02 at (37,38,1)
       Min divergence: -0.11E+02 at (46,45,19)
       Max VN number :  0.57E-01 at (45,38,29)
       Mesh    2
       Max CFL number:  0.39E+00 at (5,43,23)
       Max divergence:  0.49E+02 at (1,44,20)
       Min divergence: -0.13E+02 at (1,44,21)
       Max VN number :  0.79E-01 at (11,48,1)
       Mesh    3
       Max CFL number:  0.40E+00 at (44,5,24)
       Max divergence:  0.65E+02 at (40,13,1)
       Min divergence: -0.12E+02 at (44,1,26)
       Max VN number :  0.80E-01 at (48,8,24)
       Mesh    4
       Max CFL number:  0.36E+00 at (8,9,27)
       Max divergence:  0.54E+02 at (14,8,1)
       Min divergence: -0.17E+02 at (3,5,19)
       Max VN number :  0.69E-01 at (8,8,31)
       Mesh    5
       Max CFL number:  0.41E+00 at (47,48,31)
       Max divergence:  0.61E+02 at (47,45,1)
       Min divergence: -0.13E+02 at (47,39,28)
       Max VN number :  0.83E-01 at (48,42,31)
       Mesh    6
       Max CFL number:  0.43E+00 at (3,43,30)
       Max divergence:  0.39E+02 at (7,47,2)
       Min divergence: -0.90E+01 at (8,41,2)
       Max VN number :  0.69E-01 at (3,47,11)
       Mesh    7
       Max CFL number:  0.43E+00 at (41,7,14)
       Max divergence:  0.40E+02 at (42,1,19)
       Min divergence: -0.63E+01 at (44,8,27)
       Max VN number :  0.63E-01 at (39,6,13)
       Mesh    8
       Max CFL number:  0.43E+00 at (5,1,32)
       Max divergence:  0.38E+02 at (1,1,29)
       Min divergence: -0.78E+01 at (8,4,20)
       Max VN number :  0.76E-01 at (6,1,6)
       Mesh    9
       Max CFL number:  0.70E+00 at (48,46,22)
       Max divergence:  0.22E+02 at (47,46,25)
       Min divergence: -0.40E+01 at (44,43,29)
       Max VN number :  0.80E-01 at (47,45,25)
       Mesh   10
       Max CFL number:  0.74E+00 at (8,47,32)
       Max divergence:  0.31E+02 at (7,42,32)
       Min divergence: -0.90E+01 at (3,43,5)
       Max VN number :  0.11E+00 at (7,42,31)
       Mesh   11
       Max CFL number:  0.70E+00 at (48,1,27)
       Max divergence:  0.41E+02 at (47,6,1)
       Min divergence: -0.70E+01 at (48,5,12)
       Max VN number :  0.10E+00 at (48,1,27)
       Mesh   12
       Max CFL number:  0.71E+00 at (8,2,13)
       Max divergence:  0.32E+02 at (6,2,12)
       Min divergence: -0.84E+01 at (7,2,20)
       Max VN number :  0.10E+00 at (8,3,16)
       Mesh   13
       Max CFL number:  0.86E+00 at (48,46,5)
       Max divergence:  0.19E+02 at (48,45,4)
       Min divergence: -0.93E+01 at (27,47,31)
       Max VN number :  0.94E-01 at (48,47,10)
       Mesh   14
       Max CFL number:  0.89E+00 at (10,47,10)
       Max divergence:  0.40E+02 at (3,48,5)
       Min divergence: -0.95E+01 at (4,42,18)
       Max VN number :  0.11E+00 at (3,45,4)
       Mesh   15
       Max CFL number:  0.69E+00 at (48,3,12)
       Max divergence:  0.15E+02 at (48,2,1)
       Min divergence: -0.91E+01 at (29,4,31)
       Max VN number :  0.88E-01 at (48,3,11)
       Mesh   16
       Max CFL number:  0.77E+00 at (11,1,4)
       Max divergence:  0.23E+02 at (4,1,4)
       Min divergence: -0.83E+01 at (7,10,1)
       Max VN number :  0.97E-01 at (4,4,7)
 
       Time Step    10800   September 19, 2026  15:16:01
       Step Size:  0.901E-03 s, Total Time:   12.55598 s
       Pressure Iterations: 6
       Maximum Velocity Error:  0.13E-01 on Mesh 1 at (35,48,0)
       Maximum Pressure Error:  0.20E+05 on Mesh 7 at (40,4,25)
       Maximum CFL Number    :  0.85E+00 on Mesh 16 at (10,6,8)
       Maximum VN Number     :  0.12E+00 on Mesh 16 at (10,6,8)
       ---------------------------------------------------------------
       Mesh    1
       Max CFL number:  0.44E+00 at (45,46,29)
       Max divergence:  0.57E+02 at (35,40,1)
       Min divergence: -0.75E+01 at (47,41,16)
       Max VN number :  0.65E-01 at (45,46,30)
       Mesh    2
       Max CFL number:  0.40E+00 at (5,47,32)
       Max divergence:  0.45E+02 at (9,35,1)
       Min divergence: -0.10E+02 at (1,47,31)
       Max VN number :  0.63E-01 at (5,45,30)
       Mesh    3
       Max CFL number:  0.38E+00 at (48,5,32)
       Max divergence:  0.57E+02 at (35,8,1)
       Min divergence: -0.73E+01 at (41,10,31)
       Max VN number :  0.73E-01 at (43,1,23)
       Mesh    4
       Max CFL number:  0.47E+00 at (3,5,31)
       Max divergence:  0.48E+02 at (11,12,1)
       Min divergence: -0.76E+01 at (1,4,27)
       Max VN number :  0.76E-01 at (6,4,1)
       Mesh    5
       Max CFL number:  0.44E+00 at (44,47,3)
       Max divergence:  0.57E+02 at (42,43,11)
       Min divergence: -0.16E+02 at (47,47,3)
       Max VN number :  0.72E-01 at (45,46,7)
       Mesh    6
       Max CFL number:  0.48E+00 at (4,48,15)
       Max divergence:  0.48E+02 at (7,41,12)
       Min divergence: -0.11E+02 at (7,42,15)
       Max VN number :  0.65E-01 at (7,42,14)
       Mesh    7
       Max CFL number:  0.47E+00 at (41,9,26)
       Max divergence:  0.64E+02 at (41,2,23)
       Min divergence: -0.19E+02 at (45,3,2)
       Max VN number :  0.75E-01 at (38,9,20)
       Mesh    8
       Max CFL number:  0.46E+00 at (9,8,17)
       Max divergence:  0.65E+02 at (6,7,9)
       Min divergence: -0.12E+02 at (3,4,18)
       Max VN number :  0.72E-01 at (8,2,13)
       Mesh    9
       Max CFL number:  0.66E+00 at (48,47,32)
       Max divergence:  0.55E+02 at (46,47,2)
       Min divergence: -0.66E+01 at (46,47,1)
       Max VN number :  0.86E-01 at (46,47,2)
       Mesh   10
       Max CFL number:  0.75E+00 at (3,47,31)
       Max divergence:  0.27E+02 at (1,46,8)
       Min divergence: -0.74E+01 at (3,45,3)
       Max VN number :  0.96E-01 at (1,48,30)
       Mesh   11
       Max CFL number:  0.63E+00 at (48,1,25)
       Max divergence:  0.49E+02 at (48,6,18)
       Min divergence: -0.12E+02 at (44,18,2)
       Max VN number :  0.98E-01 at (48,1,30)
       Mesh   12
       Max CFL number:  0.76E+00 at (2,1,30)
       Max divergence:  0.64E+02 at (2,5,17)
       Min divergence: -0.79E+01 at (12,2,31)
       Max VN number :  0.85E-01 at (4,1,32)
       Mesh   13
       Max CFL number:  0.69E+00 at (48,40,20)
       Max divergence:  0.60E+01 at (21,45,27)
       Min divergence: -0.59E+01 at (29,40,24)
       Max VN number :  0.80E-01 at (30,47,31)
       Mesh   14
       Max CFL number:  0.75E+00 at (2,47,2)
       Max divergence:  0.12E+02 at (1,45,3)
       Min divergence: -0.12E+02 at (3,41,25)
       Max VN number :  0.11E+00 at (3,41,25)
       Mesh   15
       Max CFL number:  0.63E+00 at (46,1,29)
       Max divergence:  0.65E+01 at (48,1,1)
       Min divergence: -0.59E+01 at (23,8,28)
       Max VN number :  0.85E-01 at (47,3,1)
       Mesh   16
       Max CFL number:  0.85E+00 at (10,6,8)
       Max divergence:  0.12E+02 at (11,1,1)
       Min divergence: -0.11E+02 at (2,2,8)
       Max VN number :  0.12E+00 at (10,6,8)
 
       Time Step    10900   September 19, 2026  15:16:46
       Step Size:  0.120E-02 s, Total Time:   12.66672 s
       Pressure Iterations: 6
       Maximum Velocity Error:  0.13E-01 on Mesh 10 at (1,48,21)
       Maximum Pressure Error:  0.11E+05 on Mesh 9 at (48,47,22)
       Maximum CFL Number    :  0.94E+00 on Mesh 14 at (8,48,30)
       Maximum VN Number     :  0.14E+00 on Mesh 6 at (3,48,27)
       ---------------------------------------------------------------
       Mesh    1
       Max CFL number:  0.52E+00 at (48,45,30)
       Max divergence:  0.44E+02 at (40,35,1)
       Min divergence: -0.82E+01 at (46,39,17)
       Max VN number :  0.12E+00 at (44,42,1)
       Mesh    2
       Max CFL number:  0.53E+00 at (1,44,32)
       Max divergence:  0.45E+02 at (11,37,1)
       Min divergence: -0.66E+01 at (4,42,26)
       Max VN number :  0.87E-01 at (4,43,27)
       Mesh    3
       Max CFL number:  0.51E+00 at (47,1,30)
       Max divergence:  0.44E+02 at (36,10,1)
       Min divergence: -0.74E+01 at (45,2,25)
       Max VN number :  0.85E-01 at (44,5,25)
       Mesh    4
       Max CFL number:  0.48E+00 at (2,3,32)
       Max divergence:  0.47E+02 at (11,12,1)
       Min divergence: -0.71E+01 at (7,9,10)
       Max VN number :  0.85E-01 at (11,2,1)
       Mesh    5
       Max CFL number:  0.80E+00 at (44,46,14)
       Max divergence:  0.42E+02 at (35,47,31)
       Min divergence: -0.95E+01 at (48,46,11)
       Max VN number :  0.11E+00 at (44,43,22)
       Mesh    6
       Max CFL number:  0.67E+00 at (4,47,23)
       Max divergence:  0.40E+02 at (3,48,27)
       Min divergence: -0.13E+02 at (6,47,27)
       Max VN number :  0.14E+00 at (3,48,27)
       Mesh    7
       Max CFL number:  0.70E+00 at (48,6,25)
       Max divergence:  0.54E+02 at (36,1,30)
       Min divergence: -0.16E+02 at (48,6,26)
       Max VN number :  0.10E+00 at (46,4,2)
       Mesh    8
       Max CFL number:  0.76E+00 at (1,1,29)
       Max divergence:  0.40E+02 at (4,1,8)
       Min divergence: -0.12E+02 at (2,8,27)
       Max VN number :  0.13E+00 at (1,6,14)
       Mesh    9
       Max CFL number:  0.61E+00 at (42,42,2)
       Max divergence:  0.25E+02 at (43,48,4)
       Min divergence: -0.88E+01 at (40,41,11)
       Max VN number :  0.13E+00 at (48,47,21)
       Mesh   10
       Max CFL number:  0.81E+00 at (9,47,30)
       Max divergence:  0.25E+02 at (5,47,29)
       Min divergence: -0.10E+02 at (5,40,27)
       Max VN number :  0.96E-01 at (4,45,26)
       Mesh   11
       Max CFL number:  0.80E+00 at (43,17,7)
       Max divergence:  0.64E+02 at (43,17,7)
       Min divergence: -0.11E+02 at (43,2,1)
       Max VN number :  0.11E+00 at (47,13,31)
       Mesh   12
       Max CFL number:  0.85E+00 at (10,2,27)
       Max divergence:  0.63E+02 at (5,6,25)
       Min divergence: -0.12E+02 at (1,9,10)
       Max VN number :  0.99E-01 at (7,10,6)
       Mesh   13
       Max CFL number:  0.79E+00 at (47,48,20)
       Max divergence:  0.27E+02 at (48,48,9)
       Min divergence: -0.11E+02 at (47,48,20)
       Max VN number :  0.12E+00 at (47,48,20)
       Mesh   14
       Max CFL number:  0.94E+00 at (8,48,30)
       Max divergence:  0.25E+02 at (13,48,14)
       Min divergence: -0.88E+01 at (15,46,19)
       Max VN number :  0.11E+00 at (3,48,1)
       Mesh   15
       Max CFL number:  0.86E+00 at (47,2,11)
       Max divergence:  0.30E+02 at (48,3,5)
       Min divergence: -0.10E+02 at (46,3,20)
       Max VN number :  0.12E+00 at (47,2,10)
       Mesh   16
       Max CFL number:  0.91E+00 at (14,1,13)
       Max divergence:  0.55E+02 at (2,3,7)
       Min divergence: -0.83E+01 at (16,1,17)
       Max VN number :  0.13E+00 at (6,3,14)
 
       Time Step    11000   September 19, 2026  15:17:31
       Step Size:  0.949E-03 s, Total Time:   12.77058 s
       Pressure Iterations: 6
       Maximum Velocity Error:  0.13E-01 on Mesh 10 at (1,48,17)
       Maximum Pressure Error:  0.10E+05 on Mesh 6 at (2,44,19)
       Maximum CFL Number    :  0.89E+00 on Mesh 15 at (43,3,24)
       Maximum VN Number     :  0.16E+00 on Mesh 8 at (1,4,19)
       ---------------------------------------------------------------
       Mesh    1
       Max CFL number:  0.31E+00 at (46,47,31)
       Max divergence:  0.49E+02 at (39,37,2)
       Min divergence: -0.62E+01 at (46,41,14)
       Max VN number :  0.57E-01 at (43,47,25)
       Mesh    2
       Max CFL number:  0.35E+00 at (3,40,30)
       Max divergence:  0.54E+02 at (11,38,1)
       Min divergence: -0.65E+01 at (6,48,15)
       Max VN number :  0.61E-01 at (1,39,30)
       Mesh    3
       Max CFL number:  0.37E+00 at (44,6,28)
       Max divergence:  0.54E+02 at (38,11,1)
       Min divergence: -0.71E+01 at (48,4,25)
       Max VN number :  0.66E-01 at (44,6,31)
       Mesh    4
       Max CFL number:  0.34E+00 at (4,2,32)
       Max divergence:  0.59E+02 at (13,8,1)
       Min divergence: -0.76E+01 at (3,11,10)
       Max VN number :  0.72E-01 at (5,3,1)
       Mesh    5
       Max CFL number:  0.66E+00 at (48,45,27)
       Max divergence:  0.57E+02 at (45,47,15)
       Min divergence: -0.91E+01 at (45,48,14)
       Max VN number :  0.85E-01 at (45,46,22)
       Mesh    6
       Max CFL number:  0.62E+00 at (2,42,29)
       Max divergence:  0.34E+02 at (2,45,20)
       Min divergence: -0.70E+01 at (3,46,20)
       Max VN number :  0.92E-01 at (2,42,15)
       Mesh    7
       Max CFL number:  0.64E+00 at (46,3,31)
       Max divergence:  0.60E+02 at (47,1,16)
       Min divergence: -0.67E+01 at (42,4,4)
       Max VN number :  0.85E-01 at (47,4,28)
       Mesh    8
       Max CFL number:  0.57E+00 at (2,1,25)
       Max divergence:  0.58E+02 at (1,4,19)
       Min divergence: -0.61E+01 at (1,5,16)
       Max VN number :  0.16E+00 at (1,4,19)
       Mesh    9
       Max CFL number:  0.65E+00 at (47,43,3)
       Max divergence:  0.28E+02 at (47,46,24)
       Min divergence: -0.13E+02 at (40,44,20)
       Max VN number :  0.92E-01 at (47,42,5)
       Mesh   10
       Max CFL number:  0.62E+00 at (4,48,5)
       Max divergence:  0.49E+02 at (3,45,4)
       Min divergence: -0.11E+02 at (1,41,32)
       Max VN number :  0.85E-01 at (1,40,29)
       Mesh   11
       Max CFL number:  0.68E+00 at (47,4,2)
       Max divergence:  0.58E+02 at (38,19,9)
       Min divergence: -0.89E+01 at (42,1,22)
       Max VN number :  0.12E+00 at (39,2,14)
       Mesh   12
       Max CFL number:  0.65E+00 at (4,3,9)
       Max divergence:  0.42E+02 at (4,5,25)
       Min divergence: -0.91E+01 at (7,10,17)
       Max VN number :  0.11E+00 at (6,1,2)
       Mesh   13
       Max CFL number:  0.76E+00 at (44,48,25)
       Max divergence:  0.17E+02 at (47,45,32)
       Min divergence: -0.70E+01 at (48,39,29)
       Max VN number :  0.96E-01 at (48,48,21)
       Mesh   14
       Max CFL number:  0.76E+00 at (19,48,25)
       Max divergence:  0.23E+02 at (3,48,11)
       Min divergence: -0.10E+02 at (21,48,26)
       Max VN number :  0.95E-01 at (21,48,26)
       Mesh   15
       Max CFL number:  0.89E+00 at (43,3,24)
       Max divergence:  0.50E+02 at (48,6,20)
       Min divergence: -0.13E+02 at (44,10,20)
       Max VN number :  0.14E+00 at (48,6,20)
       Mesh   16
       Max CFL number:  0.64E+00 at (2,5,20)
       Max divergence:  0.46E+02 at (6,9,1)
       Min divergence: -0.12E+02 at (23,1,20)
       Max VN number :  0.12E+00 at (2,10,13)
 
       Time Step    11100   September 19, 2026  15:18:16
       Step Size:  0.104E-02 s, Total Time:   12.87301 s
       Pressure Iterations: 7
       Maximum Velocity Error:  0.10E-01 on Mesh 4 at (9,11,0)
       Maximum Pressure Error:  0.35E+04 on Mesh 4 at (10,12,1)
       Maximum CFL Number    :  0.89E+00 on Mesh 16 at (2,3,5)
       Maximum VN Number     :  0.13E+00 on Mesh 13 at (45,46,2)
       ---------------------------------------------------------------
       Mesh    1
       Max CFL number:  0.34E+00 at (43,47,24)
       Max divergence:  0.47E+02 at (34,42,1)
       Min divergence: -0.10E+02 at (45,40,31)
       Max VN number :  0.53E-01 at (45,40,31)
       Mesh    2
       Max CFL number:  0.34E+00 at (4,45,29)
       Max divergence:  0.52E+02 at (11,37,1)
       Min divergence: -0.10E+02 at (4,45,16)
       Max VN number :  0.86E-01 at (5,41,1)
       Mesh    3
       Max CFL number:  0.35E+00 at (45,11,29)
       Max divergence:  0.71E+02 at (36,10,1)
       Min divergence: -0.70E+01 at (48,4,21)
       Max VN number :  0.84E-01 at (45,5,1)
       Mesh    4
       Max CFL number:  0.34E+00 at (6,8,30)
       Max divergence:  0.49E+02 at (9,12,2)
       Min divergence: -0.13E+02 at (1,4,20)
       Max VN number :  0.62E-01 at (8,4,24)
       Mesh    5
       Max CFL number:  0.72E+00 at (44,48,25)
       Max divergence:  0.31E+02 at (46,46,11)
       Min divergence: -0.10E+02 at (41,47,32)
       Max VN number :  0.93E-01 at (42,46,31)
       Mesh    6
       Max CFL number:  0.65E+00 at (3,43,31)
       Max divergence:  0.29E+02 at (2,48,28)
       Min divergence: -0.14E+02 at (3,38,9)
       Max VN number :  0.97E-01 at (6,42,26)
       Mesh    7
       Max CFL number:  0.71E+00 at (48,3,32)
       Max divergence:  0.54E+02 at (44,2,19)
       Min divergence: -0.11E+02 at (43,8,9)
       Max VN number :  0.12E+00 at (47,9,16)
       Mesh    8
       Max CFL number:  0.72E+00 at (1,3,31)
       Max divergence:  0.47E+02 at (3,3,9)
       Min divergence: -0.96E+01 at (1,9,16)
       Max VN number :  0.10E+00 at (2,3,29)
       Mesh    9
       Max CFL number:  0.88E+00 at (48,45,32)
       Max divergence:  0.25E+02 at (46,46,32)
       Min divergence: -0.10E+02 at (41,48,15)
       Max VN number :  0.98E-01 at (41,48,15)
       Mesh   10
       Max CFL number:  0.84E+00 at (3,47,29)
       Max divergence:  0.31E+02 at (1,47,15)
       Min divergence: -0.58E+01 at (10,41,3)
       Max VN number :  0.13E+00 at (4,48,17)
       Mesh   11
       Max CFL number:  0.70E+00 at (48,4,1)
       Max divergence:  0.32E+02 at (48,3,7)
       Min divergence: -0.63E+01 at (34,2,11)
       Max VN number :  0.10E+00 at (44,2,10)
       Mesh   12
       Max CFL number:  0.83E+00 at (5,3,31)
       Max divergence:  0.28E+02 at (1,2,10)
       Min divergence: -0.88E+01 at (2,1,6)
       Max VN number :  0.12E+00 at (3,2,20)
       Mesh   13
       Max CFL number:  0.83E+00 at (48,48,6)
       Max divergence:  0.37E+02 at (48,48,11)
       Min divergence: -0.11E+02 at (42,45,3)
       Max VN number :  0.13E+00 at (45,46,2)
       Mesh   14
       Max CFL number:  0.76E+00 at (1,48,6)
       Max divergence:  0.46E+02 at (1,48,11)
       Min divergence: -0.91E+01 at (19,43,28)
       Max VN number :  0.12E+00 at (2,48,16)
       Mesh   15
       Max CFL number:  0.82E+00 at (40,5,28)
       Max divergence:  0.43E+02 at (46,15,18)
       Min divergence: -0.92E+01 at (44,20,13)
       Max VN number :  0.98E-01 at (46,1,8)
       Mesh   16
       Max CFL number:  0.89E+00 at (2,3,5)
       Max divergence:  0.34E+02 at (2,20,19)
       Min divergence: -0.98E+01 at (20,3,29)
       Max VN number :  0.10E+00 at (5,7,14)
 
       Time Step    11200   September 19, 2026  15:19:01
       Step Size:  0.102E-02 s, Total Time:   12.97455 s
       Pressure Iterations: 7
       Maximum Velocity Error:  0.11E-01 on Mesh 13 at (44,48,6)
       Maximum Pressure Error:  0.13E+05 on Mesh 14 at (3,46,20)
       Maximum CFL Number    :  0.93E+00 on Mesh 15 at (43,1,1)
       Maximum VN Number     :  0.13E+00 on Mesh 16 at (10,1,31)
       ---------------------------------------------------------------
       Mesh    1
       Max CFL number:  0.46E+00 at (43,42,32)
       Max divergence:  0.59E+02 at (46,34,1)
       Min divergence: -0.97E+01 at (45,45,25)
       Max VN number :  0.62E-01 at (38,44,27)
       Mesh    2
       Max CFL number:  0.36E+00 at (4,44,24)
       Max divergence:  0.49E+02 at (10,36,1)
       Min divergence: -0.86E+01 at (6,44,31)
       Max VN number :  0.62E-01 at (6,43,31)
       Mesh    3
       Max CFL number:  0.37E+00 at (42,6,22)
       Max divergence:  0.58E+02 at (36,10,1)
       Min divergence: -0.10E+02 at (48,5,21)
       Max VN number :  0.60E-01 at (38,4,31)
       Mesh    4
       Max CFL number:  0.40E+00 at (6,6,31)
       Max divergence:  0.47E+02 at (11,12,1)
       Min divergence: -0.74E+01 at (11,2,22)
       Max VN number :  0.66E-01 at (5,8,1)
       Mesh    5
       Max CFL number:  0.55E+00 at (45,48,32)
       Max divergence:  0.49E+02 at (46,44,9)
       Min divergence: -0.11E+02 at (47,43,8)
       Max VN number :  0.87E-01 at (46,40,10)
       Mesh    6
       Max CFL number:  0.51E+00 at (3,46,29)
       Max divergence:  0.41E+02 at (1,42,10)
       Min divergence: -0.13E+02 at (4,39,22)
       Max VN number :  0.85E-01 at (5,41,15)
       Mesh    7
       Max CFL number:  0.57E+00 at (47,4,32)
       Max divergence:  0.41E+02 at (47,1,1)
       Min divergence: -0.12E+02 at (42,5,25)
       Max VN number :  0.74E-01 at (46,11,29)
       Mesh    8
       Max CFL number:  0.59E+00 at (1,3,32)
       Max divergence:  0.39E+02 at (2,10,11)
       Min divergence: -0.88E+01 at (10,8,10)
       Max VN number :  0.10E+00 at (2,5,30)
       Mesh    9
       Max CFL number:  0.84E+00 at (46,48,32)
       Max divergence:  0.16E+02 at (48,47,20)
       Min divergence: -0.89E+01 at (48,46,29)
       Max VN number :  0.12E+00 at (48,46,29)
       Mesh   10
       Max CFL number:  0.71E+00 at (1,46,27)
       Max divergence:  0.29E+02 at (2,48,19)
       Min divergence: -0.16E+02 at (6,48,18)
       Max VN number :  0.12E+00 at (6,48,19)
       Mesh   11
       Max CFL number:  0.84E+00 at (45,1,30)
       Max divergence:  0.22E+02 at (43,1,5)
       Min divergence: -0.11E+02 at (44,7,7)
       Max VN number :  0.10E+00 at (44,2,4)
       Mesh   12
       Max CFL number:  0.83E+00 at (2,3,20)
       Max divergence:  0.19E+02 at (1,3,4)
       Min divergence: -0.88E+01 at (7,2,12)
       Max VN number :  0.10E+00 at (1,2,28)
       Mesh   13
       Max CFL number:  0.82E+00 at (44,48,5)
       Max divergence:  0.31E+02 at (48,47,16)
       Min divergence: -0.13E+02 at (42,46,14)
       Max VN number :  0.11E+00 at (42,47,14)
       Mesh   14
       Max CFL number:  0.89E+00 at (8,46,20)
       Max divergence:  0.39E+02 at (2,48,19)
       Min divergence: -0.12E+02 at (1,37,23)
       Max VN number :  0.12E+00 at (9,48,32)
       Mesh   15
       Max CFL number:  0.93E+00 at (43,1,1)
       Max divergence:  0.20E+02 at (46,1,17)
       Min divergence: -0.75E+01 at (47,2,28)
       Max VN number :  0.11E+00 at (45,5,3)
       Mesh   16
       Max CFL number:  0.84E+00 at (4,6,18)
       Max divergence:  0.37E+02 at (3,1,20)
       Min divergence: -0.10E+02 at (8,3,30)
       Max VN number :  0.13E+00 at (10,1,31)
 
       Time Step    11300   September 19, 2026  15:19:46
       Step Size:  0.112E-02 s, Total Time:   13.07828 s
       Pressure Iterations: 6
       Maximum Velocity Error:  0.15E-01 on Mesh 11 at (48,1,32)
       Maximum Pressure Error:  0.18E+05 on Mesh 11 at (41,4,26)
       Maximum CFL Number    :  0.93E+00 on Mesh 15 at (46,5,7)
       Maximum VN Number     :  0.15E+00 on Mesh 15 at (43,2,5)
       ---------------------------------------------------------------
       Mesh    1
       Max CFL number:  0.55E+00 at (43,45,30)
       Max divergence:  0.53E+02 at (47,45,25)
       Min divergence: -0.12E+02 at (47,46,25)
       Max VN number :  0.57E-01 at (46,42,21)
       Mesh    2
       Max CFL number:  0.53E+00 at (1,46,26)
       Max divergence:  0.53E+02 at (1,45,25)
       Min divergence: -0.11E+02 at (2,46,31)
       Max VN number :  0.77E-01 at (3,43,21)
       Mesh    3
       Max CFL number:  0.57E+00 at (42,7,32)
       Max divergence:  0.47E+02 at (37,11,1)
       Min divergence: -0.11E+02 at (44,4,26)
       Max VN number :  0.79E-01 at (47,5,1)
       Mesh    4
       Max CFL number:  0.49E+00 at (1,7,30)
       Max divergence:  0.53E+02 at (6,15,1)
       Min divergence: -0.13E+02 at (5,4,16)
       Max VN number :  0.11E+00 at (1,4,1)
       Mesh    5
       Max CFL number:  0.50E+00 at (47,39,12)
       Max divergence:  0.49E+02 at (36,45,3)
       Min divergence: -0.10E+02 at (48,47,8)
       Max VN number :  0.76E-01 at (46,43,25)
       Mesh    6
       Max CFL number:  0.57E+00 at (4,43,29)
       Max divergence:  0.62E+02 at (6,40,24)
       Min divergence: -0.11E+02 at (8,47,7)
       Max VN number :  0.92E-01 at (7,43,28)
       Mesh    7
       Max CFL number:  0.58E+00 at (44,7,1)
       Max divergence:  0.54E+02 at (41,6,11)
       Min divergence: -0.82E+01 at (39,7,8)
       Max VN number :  0.67E-01 at (39,4,7)
       Mesh    8
       Max CFL number:  0.56E+00 at (5,4,30)
       Max divergence:  0.33E+02 at (1,2,11)
       Min divergence: -0.12E+02 at (3,1,17)
       Max VN number :  0.96E-01 at (5,6,4)
       Mesh    9
       Max CFL number:  0.79E+00 at (48,48,32)
       Max divergence:  0.15E+02 at (44,48,1)
       Min divergence: -0.70E+01 at (48,43,16)
       Max VN number :  0.10E+00 at (47,48,28)
       Mesh   10
       Max CFL number:  0.79E+00 at (1,47,31)
       Max divergence:  0.19E+02 at (5,45,1)
       Min divergence: -0.10E+02 at (1,40,4)
       Max VN number :  0.11E+00 at (6,48,22)
       Mesh   11
       Max CFL number:  0.92E+00 at (46,6,30)
       Max divergence:  0.39E+02 at (44,5,25)
       Min divergence: -0.10E+02 at (42,9,9)
       Max VN number :  0.15E+00 at (46,6,30)
       Mesh   12
       Max CFL number:  0.86E+00 at (1,5,25)
       Max divergence:  0.22E+02 at (1,6,18)
       Min divergence: -0.91E+01 at (6,3,2)
       Max VN number :  0.12E+00 at (1,5,25)
       Mesh   13
       Max CFL number:  0.83E+00 at (42,44,29)
       Max divergence:  0.74E+01 at (40,40,32)
       Min divergence: -0.68E+01 at (43,42,3)
       Max VN number :  0.12E+00 at (44,48,6)
       Mesh   14
       Max CFL number:  0.78E+00 at (1,48,19)
       Max divergence:  0.81E+01 at (4,37,4)
       Min divergence: -0.57E+01 at (5,36,4)
       Max VN number :  0.12E+00 at (2,46,20)
       Mesh   15
       Max CFL number:  0.93E+00 at (46,5,7)
       Max divergence:  0.18E+02 at (42,2,2)
       Min divergence: -0.10E+02 at (35,28,15)
       Max VN number :  0.15E+00 at (43,2,5)
       Mesh   16
       Max CFL number:  0.84E+00 at (1,2,2)
       Max divergence:  0.13E+02 at (17,19,32)
       Min divergence: -0.11E+02 at (18,20,30)
       Max VN number :  0.11E+00 at (1,1,3)
 
       Time Step    11400   September 19, 2026  15:20:31
       Step Size:  0.110E-02 s, Total Time:   13.18160 s
       Pressure Iterations: 6
       Maximum Velocity Error:  0.15E-01 on Mesh 6 at (4,48,17)
       Maximum Pressure Error:  0.13E+05 on Mesh 7 at (39,11,22)
       Maximum CFL Number    :  0.89E+00 on Mesh 16 at (5,10,31)
       Maximum VN Number     :  0.14E+00 on Mesh 10 at (7,42,25)
       ---------------------------------------------------------------
       Mesh    1
       Max CFL number:  0.55E+00 at (46,48,32)
       Max divergence:  0.41E+02 at (33,45,1)
       Min divergence: -0.82E+01 at (48,46,31)
       Max VN number :  0.91E-01 at (44,46,25)
       Mesh    2
       Max CFL number:  0.55E+00 at (4,45,29)
       Max divergence:  0.48E+02 at (9,35,1)
       Min divergence: -0.12E+02 at (4,47,29)
       Max VN number :  0.65E-01 at (4,45,29)
       Mesh    3
       Max CFL number:  0.58E+00 at (47,7,32)
       Max divergence:  0.41E+02 at (37,11,1)
       Min divergence: -0.55E+01 at (48,3,13)
       Max VN number :  0.71E-01 at (42,1,22)
       Mesh    4
       Max CFL number:  0.56E+00 at (1,4,32)
       Max divergence:  0.40E+02 at (15,6,1)
       Min divergence: -0.18E+02 at (4,4,31)
       Max VN number :  0.74E-01 at (7,4,32)
       Mesh    5
       Max CFL number:  0.59E+00 at (47,45,3)
       Max divergence:  0.50E+02 at (48,48,3)
       Min divergence: -0.88E+01 at (48,48,9)
       Max VN number :  0.85E-01 at (48,43,13)
       Mesh    6
       Max CFL number:  0.64E+00 at (4,44,5)
       Max divergence:  0.92E+02 at (5,48,18)
       Min divergence: -0.11E+02 at (4,48,18)
       Max VN number :  0.11E+00 at (5,45,8)
       Mesh    7
       Max CFL number:  0.60E+00 at (48,5,1)
       Max divergence:  0.63E+02 at (48,1,2)
       Min divergence: -0.17E+02 at (48,1,1)
       Max VN number :  0.84E-01 at (47,11,32)
       Mesh    8
       Max CFL number:  0.62E+00 at (1,4,1)
       Max divergence:  0.64E+02 at (6,5,15)
       Min divergence: -0.14E+02 at (6,3,16)
       Max VN number :  0.83E-01 at (9,1,7)
       Mesh    9
       Max CFL number:  0.60E+00 at (43,48,29)
       Max divergence:  0.27E+02 at (48,36,5)
       Min divergence: -0.58E+01 at (43,48,30)
       Max VN number :  0.77E-01 at (45,48,27)
       Mesh   10
       Max CFL number:  0.69E+00 at (7,44,23)
       Max divergence:  0.46E+02 at (2,35,5)
       Min divergence: -0.11E+02 at (7,42,25)
       Max VN number :  0.14E+00 at (7,42,25)
       Mesh   11
       Max CFL number:  0.65E+00 at (45,6,31)
       Max divergence:  0.29E+02 at (48,6,6)
       Min divergence: -0.10E+02 at (39,9,15)
       Max VN number :  0.11E+00 at (47,11,1)
       Mesh   12
       Max CFL number:  0.67E+00 at (7,2,19)
       Max divergence:  0.24E+02 at (5,1,21)
       Min divergence: -0.20E+02 at (2,10,7)
       Max VN number :  0.97E-01 at (2,10,7)
       Mesh   13
       Max CFL number:  0.82E+00 at (44,46,24)
       Max divergence:  0.87E+01 at (40,48,18)
       Min divergence: -0.71E+01 at (48,43,9)
       Max VN number :  0.12E+00 at (44,46,22)
       Mesh   14
       Max CFL number:  0.68E+00 at (3,48,11)
       Max divergence:  0.67E+01 at (3,41,16)
       Min divergence: -0.74E+01 at (7,45,3)
       Max VN number :  0.97E-01 at (3,41,16)
       Mesh   15
       Max CFL number:  0.85E+00 at (47,8,20)
       Max divergence:  0.20E+02 at (42,8,10)
       Min divergence: -0.16E+02 at (42,3,20)
       Max VN number :  0.13E+00 at (41,8,8)
       Mesh   16
       Max CFL number:  0.89E+00 at (5,10,31)
       Max divergence:  0.11E+02 at (6,3,32)
       Min divergence: -0.64E+01 at (5,3,31)
       Max VN number :  0.13E+00 at (3,2,31)
 
       Time Step    11500   September 19, 2026  15:21:17
       Step Size:  0.108E-02 s, Total Time:   13.29814 s
       Pressure Iterations: 8
       Maximum Velocity Error:  0.13E-01 on Mesh 5 at (48,48,14)
       Maximum Pressure Error:  0.13E+05 on Mesh 12 at (5,15,16)
       Maximum CFL Number    :  0.89E+00 on Mesh 8 at (4,7,23)
       Maximum VN Number     :  0.14E+00 on Mesh 5 at (48,45,29)
       ---------------------------------------------------------------
       Mesh    1
       Max CFL number:  0.40E+00 at (46,47,32)
       Max divergence:  0.43E+02 at (38,37,1)
       Min divergence: -0.85E+01 at (44,43,26)
       Max VN number :  0.60E-01 at (46,46,29)
       Mesh    2
       Max CFL number:  0.37E+00 at (2,47,28)
       Max divergence:  0.44E+02 at (11,37,1)
       Min divergence: -0.68E+01 at (3,42,32)
       Max VN number :  0.64E-01 at (3,44,30)
       Mesh    3
       Max CFL number:  0.42E+00 at (46,5,31)
       Max divergence:  0.54E+02 at (46,2,30)
       Min divergence: -0.75E+01 at (41,1,30)
       Max VN number :  0.83E-01 at (46,2,31)
       Mesh    4
       Max CFL number:  0.36E+00 at (3,4,32)
       Max divergence:  0.42E+02 at (13,10,1)
       Min divergence: -0.78E+01 at (11,9,9)
       Max VN number :  0.60E-01 at (5,5,31)
       Mesh    5
       Max CFL number:  0.65E+00 at (47,44,30)
       Max divergence:  0.60E+02 at (48,47,13)
       Min divergence: -0.70E+01 at (48,47,31)
       Max VN number :  0.14E+00 at (48,45,29)
       Mesh    6
       Max CFL number:  0.76E+00 at (3,44,31)
       Max divergence:  0.48E+02 at (1,48,10)
       Min divergence: -0.95E+01 at (3,44,31)
       Max VN number :  0.99E-01 at (1,43,30)
       Mesh    7
       Max CFL number:  0.78E+00 at (48,1,26)
       Max divergence:  0.39E+02 at (43,10,31)
       Min divergence: -0.87E+01 at (48,9,31)
       Max VN number :  0.11E+00 at (48,1,25)
       Mesh    8
       Max CFL number:  0.89E+00 at (4,7,23)
       Max divergence:  0.41E+02 at (2,3,19)
       Min divergence: -0.13E+02 at (8,2,31)
       Max VN number :  0.13E+00 at (4,7,23)
       Mesh    9
       Max CFL number:  0.57E+00 at (48,34,17)
       Max divergence:  0.45E+02 at (46,38,5)
       Min divergence: -0.94E+01 at (48,36,32)
       Max VN number :  0.92E-01 at (47,36,29)
       Mesh   10
       Max CFL number:  0.74E+00 at (9,42,2)
       Max divergence:  0.45E+02 at (3,37,16)
       Min divergence: -0.85E+01 at (9,42,4)
       Max VN number :  0.11E+00 at (9,42,2)
       Mesh   11
       Max CFL number:  0.69E+00 at (43,2,29)
       Max divergence:  0.60E+02 at (42,13,6)
       Min divergence: -0.11E+02 at (46,14,13)
       Max VN number :  0.83E-01 at (48,11,20)
       Mesh   12
       Max CFL number:  0.73E+00 at (7,1,27)
       Max divergence:  0.49E+02 at (11,7,13)
       Min divergence: -0.16E+02 at (9,2,1)
       Max VN number :  0.12E+00 at (7,1,28)
       Mesh   13
       Max CFL number:  0.58E+00 at (47,48,31)
       Max divergence:  0.71E+01 at (47,38,1)
       Min divergence: -0.10E+02 at (48,36,1)
       Max VN number :  0.98E-01 at (48,40,13)
       Mesh   14
       Max CFL number:  0.61E+00 at (5,45,22)
       Max divergence:  0.20E+02 at (9,48,11)
       Min divergence: -0.15E+02 at (7,43,25)
       Max VN number :  0.13E+00 at (7,43,25)
       Mesh   15
       Max CFL number:  0.62E+00 at (39,3,2)
       Max divergence:  0.79E+01 at (37,1,2)
       Min divergence: -0.78E+01 at (38,1,2)
       Max VN number :  0.82E-01 at (40,9,7)
       Mesh   16
       Max CFL number:  0.77E+00 at (4,8,20)
       Max divergence:  0.11E+02 at (9,1,12)
       Min divergence: -0.79E+01 at (8,5,15)
       Max VN number :  0.95E-01 at (8,1,12)
 
       Time Step    11600   September 19, 2026  15:22:02
       Step Size:  0.106E-02 s, Total Time:   13.41158 s
       Pressure Iterations: 6
       Maximum Velocity Error:  0.14E-01 on Mesh 5 at (46,48,23)
       Maximum Pressure Error:  0.14E+05 on Mesh 11 at (46,2,2)
       Maximum CFL Number    :  0.85E+00 on Mesh 12 at (7,9,16)
       Maximum VN Number     :  0.14E+00 on Mesh 11 at (46,2,1)
       ---------------------------------------------------------------
       Mesh    1
       Max CFL number:  0.35E+00 at (43,44,27)
       Max divergence:  0.64E+02 at (43,34,1)
       Min divergence: -0.71E+01 at (43,36,25)
       Max VN number :  0.64E-01 at (42,42,30)
       Mesh    2
       Max CFL number:  0.33E+00 at (6,44,27)
       Max divergence:  0.45E+02 at (12,39,1)
       Min divergence: -0.91E+01 at (5,42,28)
       Max VN number :  0.94E-01 at (4,43,28)
       Mesh    3
       Max CFL number:  0.36E+00 at (43,6,30)
       Max divergence:  0.43E+02 at (35,8,1)
       Min divergence: -0.87E+01 at (41,2,29)
       Max VN number :  0.49E-01 at (42,4,32)
       Mesh    4
       Max CFL number:  0.30E+00 at (3,3,32)
       Max divergence:  0.38E+02 at (11,12,1)
       Min divergence: -0.12E+02 at (4,9,22)
       Max VN number :  0.54E-01 at (4,9,22)
       Mesh    5
       Max CFL number:  0.70E+00 at (47,47,32)
       Max divergence:  0.42E+02 at (46,47,14)
       Min divergence: -0.13E+02 at (44,29,32)
       Max VN number :  0.11E+00 at (44,48,22)
       Mesh    6
       Max CFL number:  0.72E+00 at (2,48,28)
       Max divergence:  0.24E+02 at (1,48,26)
       Min divergence: -0.79E+01 at (6,46,12)
       Max VN number :  0.91E-01 at (2,48,28)
       Mesh    7
       Max CFL number:  0.71E+00 at (46,2,32)
       Max divergence:  0.56E+02 at (48,8,9)
       Min divergence: -0.75E+01 at (45,5,4)
       Max VN number :  0.13E+00 at (48,8,10)
       Mesh    8
       Max CFL number:  0.66E+00 at (1,1,26)
       Max divergence:  0.25E+02 at (2,2,11)
       Min divergence: -0.83E+01 at (1,10,9)
       Max VN number :  0.84E-01 at (1,5,18)
       Mesh    9
       Max CFL number:  0.63E+00 at (48,47,17)
       Max divergence:  0.45E+02 at (48,39,30)
       Min divergence: -0.63E+01 at (44,33,12)
       Max VN number :  0.12E+00 at (42,48,10)
       Mesh   10
       Max CFL number:  0.69E+00 at (2,45,3)
       Max divergence:  0.53E+02 at (1,36,27)
       Min divergence: -0.76E+01 at (5,41,32)
       Max VN number :  0.10E+00 at (8,38,20)
       Mesh   11
       Max CFL number:  0.71E+00 at (46,6,5)
       Max divergence:  0.44E+02 at (40,15,22)
       Min divergence: -0.57E+01 at (35,1,2)
       Max VN number :  0.14E+00 at (46,2,1)
       Mesh   12
       Max CFL number:  0.85E+00 at (7,9,16)
       Max divergence:  0.32E+02 at (13,13,27)
       Min divergence: -0.67E+01 at (13,13,26)
       Max VN number :  0.97E-01 at (3,4,8)
       Mesh   13
       Max CFL number:  0.68E+00 at (46,39,8)
       Max divergence:  0.32E+02 at (47,40,1)
       Min divergence: -0.12E+02 at (46,33,2)
       Max VN number :  0.92E-01 at (46,38,29)
       Mesh   14
       Max CFL number:  0.65E+00 at (3,44,18)
       Max divergence:  0.54E+02 at (5,41,1)
       Min divergence: -0.12E+02 at (2,35,9)
       Max VN number :  0.99E-01 at (1,45,16)
       Mesh   15
       Max CFL number:  0.59E+00 at (44,3,14)
       Max divergence:  0.20E+02 at (47,10,1)
       Min divergence: -0.62E+01 at (32,8,31)
       Max VN number :  0.82E-01 at (48,9,13)
       Mesh   16
       Max CFL number:  0.68E+00 at (6,4,2)
       Max divergence:  0.22E+02 at (1,12,1)
       Min divergence: -0.97E+01 at (4,15,2)
       Max VN number :  0.83E-01 at (4,6,6)
 
       Time Step    11700   September 19, 2026  15:22:47
       Step Size:  0.104E-02 s, Total Time:   13.52070 s
       Pressure Iterations: 6
       Maximum Velocity Error:  0.15E-01 on Mesh 6 at (1,43,32)
       Maximum Pressure Error:  0.15E+05 on Mesh 13 at (43,45,24)
       Maximum CFL Number    :  0.97E+00 on Mesh 11 at (48,5,22)
       Maximum VN Number     :  0.15E+00 on Mesh 9 at (46,47,22)
       ---------------------------------------------------------------
       Mesh    1
       Max CFL number:  0.36E+00 at (46,41,19)
       Max divergence:  0.59E+02 at (46,43,32)
       Min divergence: -0.99E+01 at (43,47,17)
       Max VN number :  0.78E-01 at (44,47,1)
       Mesh    2
       Max CFL number:  0.37E+00 at (7,43,28)
       Max divergence:  0.58E+02 at (12,38,1)
       Min divergence: -0.99E+01 at (2,44,22)
       Max VN number :  0.64E-01 at (8,42,31)
       Mesh    3
       Max CFL number:  0.35E+00 at (41,1,26)
       Max divergence:  0.47E+02 at (35,8,1)
       Min divergence: -0.11E+02 at (43,1,14)
       Max VN number :  0.60E-01 at (41,6,21)
       Mesh    4
       Max CFL number:  0.35E+00 at (4,9,27)
       Max divergence:  0.50E+02 at (15,6,1)
       Min divergence: -0.88E+01 at (1,7,11)
       Max VN number :  0.96E-01 at (4,4,1)
       Mesh    5
       Max CFL number:  0.64E+00 at (48,44,31)
       Max divergence:  0.43E+02 at (46,48,16)
       Min divergence: -0.85E+01 at (38,48,11)
       Max VN number :  0.88E-01 at (45,46,22)
       Mesh    6
       Max CFL number:  0.71E+00 at (2,47,31)
       Max divergence:  0.50E+02 at (2,47,31)
       Min divergence: -0.99E+01 at (3,40,3)
       Max VN number :  0.12E+00 at (2,47,32)
       Mesh    7
       Max CFL number:  0.64E+00 at (48,2,32)
       Max divergence:  0.42E+02 at (47,3,30)
       Min divergence: -0.88E+01 at (47,4,28)
       Max VN number :  0.94E-01 at (45,10,20)
       Mesh    8
       Max CFL number:  0.60E+00 at (1,1,31)
       Max divergence:  0.45E+02 at (1,2,30)
       Min divergence: -0.10E+02 at (8,3,13)
       Max VN number :  0.83E-01 at (6,2,26)
       Mesh    9
       Max CFL number:  0.68E+00 at (48,48,18)
       Max divergence:  0.34E+02 at (48,44,6)
       Min divergence: -0.12E+02 at (47,42,4)
       Max VN number :  0.15E+00 at (46,47,22)
       Mesh   10
       Max CFL number:  0.74E+00 at (2,43,3)
       Max divergence:  0.33E+02 at (1,48,3)
       Min divergence: -0.58E+01 at (10,30,25)
       Max VN number :  0.11E+00 at (1,48,31)
       Mesh   11
       Max CFL number:  0.97E+00 at (48,5,22)
       Max divergence:  0.37E+02 at (48,3,10)
       Min divergence: -0.97E+01 at (45,1,18)
       Max VN number :  0.11E+00 at (43,7,19)
       Mesh   12
       Max CFL number:  0.88E+00 at (3,8,25)
       Max divergence:  0.29E+02 at (1,1,1)
       Min divergence: -0.64E+01 at (20,5,32)
       Max VN number :  0.11E+00 at (1,2,11)
       Mesh   13
       Max CFL number:  0.74E+00 at (41,48,30)
       Max divergence:  0.16E+02 at (43,48,23)
       Min divergence: -0.11E+02 at (47,32,19)
       Max VN number :  0.94E-01 at (44,39,31)
       Mesh   14
       Max CFL number:  0.75E+00 at (12,48,4)
       Max divergence:  0.16E+02 at (13,42,25)
       Min divergence: -0.16E+02 at (16,46,26)
       Max VN number :  0.12E+00 at (13,39,19)
       Mesh   15
       Max CFL number:  0.76E+00 at (41,1,30)
       Max divergence:  0.34E+02 at (43,14,2)
       Min divergence: -0.71E+01 at (44,17,4)
       Max VN number :  0.85E-01 at (48,1,20)
       Mesh   16
       Max CFL number:  0.74E+00 at (6,5,1)
       Max divergence:  0.24E+02 at (1,9,5)
       Min divergence: -0.10E+02 at (14,8,4)
       Max VN number :  0.10E+00 at (7,3,14)
 
       Time Step    11800   September 19, 2026  15:23:32
       Step Size:  0.104E-02 s, Total Time:   13.62482 s
       Pressure Iterations: 7
       Maximum Velocity Error:  0.15E-01 on Mesh 2 at (14,48,1)
       Maximum Pressure Error:  0.10E+05 on Mesh 10 at (4,47,27)
       Maximum CFL Number    :  0.97E+00 on Mesh 10 at (4,43,28)
       Maximum VN Number     :  0.13E+00 on Mesh 15 at (47,14,26)
       ---------------------------------------------------------------
       Mesh    1
       Max CFL number:  0.43E+00 at (45,43,23)
       Max divergence:  0.43E+02 at (45,33,1)
       Min divergence: -0.15E+02 at (45,47,24)
       Max VN number :  0.74E-01 at (47,39,32)
       Mesh    2
       Max CFL number:  0.41E+00 at (3,42,25)
       Max divergence:  0.50E+02 at (12,38,1)
       Min divergence: -0.15E+02 at (4,48,20)
       Max VN number :  0.63E-01 at (8,46,32)
       Mesh    3
       Max CFL number:  0.41E+00 at (46,5,22)
       Max divergence:  0.38E+02 at (42,15,1)
       Min divergence: -0.16E+02 at (45,1,26)
       Max VN number :  0.74E-01 at (44,7,31)
       Mesh    4
       Max CFL number:  0.41E+00 at (5,3,22)
       Max divergence:  0.46E+02 at (8,3,26)
       Min divergence: -0.19E+02 at (4,4,25)
       Max VN number :  0.85E-01 at (8,3,26)
       Mesh    5
       Max CFL number:  0.63E+00 at (43,48,28)
       Max divergence:  0.50E+02 at (43,42,11)
       Min divergence: -0.15E+02 at (42,48,32)
       Max VN number :  0.90E-01 at (43,48,29)
       Mesh    6
       Max CFL number:  0.55E+00 at (6,48,31)
       Max divergence:  0.39E+02 at (4,47,5)
       Min divergence: -0.93E+01 at (2,46,6)
       Max VN number :  0.73E-01 at (8,48,30)
       Mesh    7
       Max CFL number:  0.55E+00 at (43,9,30)
       Max divergence:  0.56E+02 at (44,4,21)
       Min divergence: -0.12E+02 at (37,1,21)
       Max VN number :  0.80E-01 at (46,11,25)
       Mesh    8
       Max CFL number:  0.61E+00 at (2,4,31)
       Max divergence:  0.44E+02 at (4,4,4)
       Min divergence: -0.11E+02 at (3,12,5)
       Max VN number :  0.83E-01 at (3,7,19)
       Mesh    9
       Max CFL number:  0.70E+00 at (48,46,28)
       Max divergence:  0.30E+02 at (48,48,13)
       Min divergence: -0.16E+02 at (46,44,5)
       Max VN number :  0.98E-01 at (46,44,5)
       Mesh   10
       Max CFL number:  0.97E+00 at (4,43,28)
       Max divergence:  0.27E+02 at (4,48,13)
       Min divergence: -0.11E+02 at (1,42,32)
       Max VN number :  0.12E+00 at (6,44,29)
       Mesh   11
       Max CFL number:  0.84E+00 at (41,7,18)
       Max divergence:  0.39E+02 at (45,3,18)
       Min divergence: -0.10E+02 at (44,1,30)
       Max VN number :  0.12E+00 at (45,3,19)
       Mesh   12
       Max CFL number:  0.83E+00 at (1,5,14)
       Max divergence:  0.30E+02 at (2,6,19)
       Min divergence: -0.12E+02 at (1,5,25)
       Max VN number :  0.11E+00 at (1,5,25)
       Mesh   13
       Max CFL number:  0.67E+00 at (47,48,4)
       Max divergence:  0.11E+02 at (39,44,22)
       Min divergence: -0.14E+02 at (45,48,8)
       Max VN number :  0.11E+00 at (48,45,4)
       Mesh   14
       Max CFL number:  0.86E+00 at (6,45,3)
       Max divergence:  0.15E+02 at (2,44,2)
       Min divergence: -0.95E+01 at (21,39,16)
       Max VN number :  0.10E+00 at (3,47,3)
       Mesh   15
       Max CFL number:  0.84E+00 at (45,10,2)
       Max divergence:  0.26E+02 at (42,7,1)
       Min divergence: -0.99E+01 at (47,15,21)
       Max VN number :  0.13E+00 at (47,14,26)
       Mesh   16
       Max CFL number:  0.83E+00 at (1,13,31)
       Max divergence:  0.28E+02 at (17,16,3)
       Min divergence: -0.13E+02 at (11,9,19)
       Max VN number :  0.12E+00 at (1,13,30)
 
       Time Step    11900   September 19, 2026  15:24:17
       Step Size:  0.101E-02 s, Total Time:   13.71989 s
       Pressure Iterations: 6
       Maximum Velocity Error:  0.13E-01 on Mesh 10 at (1,47,32)
       Maximum Pressure Error:  0.20E+05 on Mesh 9 at (45,44,15)
       Maximum CFL Number    :  0.90E+00 on Mesh 16 at (3,6,15)
       Maximum VN Number     :  0.16E+00 on Mesh 16 at (6,3,9)
       ---------------------------------------------------------------
       Mesh    1
       Max CFL number:  0.44E+00 at (48,48,32)
       Max divergence:  0.48E+02 at (35,40,1)
       Min divergence: -0.69E+01 at (48,47,31)
       Max VN number :  0.77E-01 at (43,46,1)
       Mesh    2
       Max CFL number:  0.45E+00 at (4,45,32)
       Max divergence:  0.51E+02 at (9,35,1)
       Min divergence: -0.10E+02 at (3,48,32)
       Max VN number :  0.61E-01 at (5,43,28)
       Mesh    3
       Max CFL number:  0.43E+00 at (47,1,32)
       Max divergence:  0.52E+02 at (41,14,1)
       Min divergence: -0.15E+02 at (48,4,29)
       Max VN number :  0.51E-01 at (44,10,30)
       Mesh    4
       Max CFL number:  0.45E+00 at (2,5,32)
       Max divergence:  0.35E+02 at (10,13,1)
       Min divergence: -0.88E+01 at (1,4,29)
       Max VN number :  0.73E-01 at (3,7,1)
       Mesh    5
       Max CFL number:  0.56E+00 at (44,41,9)
       Max divergence:  0.73E+02 at (46,40,8)
       Min divergence: -0.28E+02 at (45,44,10)
       Max VN number :  0.72E-01 at (45,44,9)
       Mesh    6
       Max CFL number:  0.52E+00 at (3,47,5)
       Max divergence:  0.48E+02 at (6,48,12)
       Min divergence: -0.17E+02 at (1,43,9)
       Max VN number :  0.97E-01 at (5,48,14)
       Mesh    7
       Max CFL number:  0.51E+00 at (45,6,8)
       Max divergence:  0.45E+02 at (46,7,25)
       Min divergence: -0.22E+02 at (46,3,8)
       Max VN number :  0.70E-01 at (46,7,25)
       Mesh    8
       Max CFL number:  0.49E+00 at (2,5,2)
       Max divergence:  0.57E+02 at (6,2,10)
       Min divergence: -0.21E+02 at (4,3,5)
       Max VN number :  0.77E-01 at (4,3,23)
       Mesh    9
       Max CFL number:  0.78E+00 at (47,46,28)
       Max divergence:  0.44E+02 at (38,46,1)
       Min divergence: -0.10E+02 at (42,40,5)
       Max VN number :  0.12E+00 at (43,45,11)
       Mesh   10
       Max CFL number:  0.84E+00 at (1,46,29)
       Max divergence:  0.21E+02 at (1,45,18)
       Min divergence: -0.72E+01 at (5,47,20)
       Max VN number :  0.10E+00 at (1,46,18)
       Mesh   11
       Max CFL number:  0.79E+00 at (42,7,25)
       Max divergence:  0.34E+02 at (45,4,1)
       Min divergence: -0.13E+02 at (46,8,27)
       Max VN number :  0.12E+00 at (41,1,19)
       Mesh   12
       Max CFL number:  0.84E+00 at (6,3,30)
       Max divergence:  0.24E+02 at (2,5,6)
       Min divergence: -0.12E+02 at (2,11,2)
       Max VN number :  0.81E-01 at (6,3,30)
       Mesh   13
       Max CFL number:  0.58E+00 at (48,47,2)
       Max divergence:  0.21E+02 at (47,47,2)
       Min divergence: -0.62E+01 at (36,38,8)
       Max VN number :  0.10E+00 at (48,47,1)
       Mesh   14
       Max CFL number:  0.76E+00 at (10,45,22)
       Max divergence:  0.32E+02 at (1,47,2)
       Min divergence: -0.92E+01 at (4,37,19)
       Max VN number :  0.12E+00 at (1,47,2)
       Mesh   15
       Max CFL number:  0.81E+00 at (47,14,22)
       Max divergence:  0.17E+02 at (45,5,19)
       Min divergence: -0.11E+02 at (42,18,19)
       Max VN number :  0.10E+00 at (45,12,25)
       Mesh   16
       Max CFL number:  0.90E+00 at (3,6,15)
       Max divergence:  0.16E+02 at (12,3,26)
       Min divergence: -0.10E+02 at (11,3,27)
       Max VN number :  0.16E+00 at (6,3,9)
 
       Time Step    12000   September 19, 2026  15:25:03
       Step Size:  0.101E-02 s, Total Time:   13.82076 s
       Pressure Iterations: 7
       Maximum Velocity Error:  0.15E-01 on Mesh 1 at (48,34,1)
       Maximum Pressure Error:  0.17E+05 on Mesh 3 at (37,10,1)
       Maximum CFL Number    :  0.93E+00 on Mesh 15 at (40,12,16)
       Maximum VN Number     :  0.11E+00 on Mesh 15 at (43,3,7)
       ---------------------------------------------------------------
       Mesh    1
       Max CFL number:  0.38E+00 at (43,48,32)
       Max divergence:  0.48E+02 at (37,38,1)
       Min divergence: -0.68E+01 at (39,47,23)
       Max VN number :  0.59E-01 at (44,45,24)
       Mesh    2
       Max CFL number:  0.38E+00 at (5,47,32)
       Max divergence:  0.41E+02 at (15,42,1)
       Min divergence: -0.82E+01 at (1,45,25)
       Max VN number :  0.59E-01 at (4,43,28)
       Mesh    3
       Max CFL number:  0.42E+00 at (43,2,32)
       Max divergence:  0.50E+02 at (34,7,1)
       Min divergence: -0.79E+01 at (48,2,25)
       Max VN number :  0.55E-01 at (41,1,27)
       Mesh    4
       Max CFL number:  0.36E+00 at (3,2,31)
       Max divergence:  0.39E+02 at (15,7,1)
       Min divergence: -0.10E+02 at (1,3,25)
       Max VN number :  0.53E-01 at (2,4,1)
       Mesh    5
       Max CFL number:  0.58E+00 at (45,47,25)
       Max divergence:  0.35E+02 at (35,41,30)
       Min divergence: -0.98E+01 at (33,45,29)
       Max VN number :  0.99E-01 at (44,46,3)
       Mesh    6
       Max CFL number:  0.60E+00 at (4,42,24)
       Max divergence:  0.30E+02 at (7,42,32)
       Min divergence: -0.79E+01 at (1,46,12)
       Max VN number :  0.97E-01 at (1,42,14)
       Mesh    7
       Max CFL number:  0.55E+00 at (46,7,24)
       Max divergence:  0.52E+02 at (42,7,32)
       Min divergence: -0.11E+02 at (46,7,25)
       Max VN number :  0.97E-01 at (47,11,32)
       Mesh    8
       Max CFL number:  0.60E+00 at (7,3,18)
       Max divergence:  0.43E+02 at (2,7,29)
       Min divergence: -0.15E+02 at (1,2,16)
       Max VN number :  0.83E-01 at (10,1,16)
       Mesh    9
       Max CFL number:  0.63E+00 at (41,37,20)
       Max divergence:  0.62E+02 at (48,46,4)
       Min divergence: -0.16E+02 at (45,41,19)
       Max VN number :  0.10E+00 at (45,41,19)
       Mesh   10
       Max CFL number:  0.68E+00 at (5,45,29)
       Max divergence:  0.59E+02 at (5,41,2)
       Min divergence: -0.10E+02 at (5,41,1)
       Max VN number :  0.86E-01 at (3,44,7)
       Mesh   11
       Max CFL number:  0.75E+00 at (43,3,25)
       Max divergence:  0.65E+02 at (43,3,17)
       Min divergence: -0.90E+01 at (36,7,4)
       Max VN number :  0.95E-01 at (44,5,24)
       Mesh   12
       Max CFL number:  0.57E+00 at (4,1,25)
       Max divergence:  0.42E+02 at (5,10,6)
       Min divergence: -0.94E+01 at (5,10,21)
       Max VN number :  0.82E-01 at (3,10,16)
       Mesh   13
       Max CFL number:  0.81E+00 at (48,43,10)
       Max divergence:  0.30E+02 at (47,48,9)
       Min divergence: -0.12E+02 at (48,44,20)
       Max VN number :  0.11E+00 at (42,45,6)
       Mesh   14
       Max CFL number:  0.88E+00 at (2,43,9)
       Max divergence:  0.25E+02 at (1,47,4)
       Min divergence: -0.12E+02 at (6,45,2)
       Max VN number :  0.11E+00 at (2,45,19)
       Mesh   15
       Max CFL number:  0.93E+00 at (40,12,16)
       Max divergence:  0.33E+02 at (43,3,7)
       Min divergence: -0.15E+02 at (46,1,16)
       Max VN number :  0.11E+00 at (43,3,7)
       Mesh   16
       Max CFL number:  0.86E+00 at (5,6,31)
       Max divergence:  0.22E+02 at (1,2,4)
       Min divergence: -0.73E+01 at (14,11,31)
       Max VN number :  0.10E+00 at (7,3,31)
 
       Time Step    12100   September 19, 2026  15:25:48
       Step Size:  0.990E-03 s, Total Time:   13.91599 s
       Pressure Iterations: 6
       Maximum Velocity Error:  0.14E-01 on Mesh 10 at (1,48,22)
       Maximum Pressure Error:  0.20E+05 on Mesh 15 at (44,2,14)
       Maximum CFL Number    :  0.89E+00 on Mesh 14 at (4,48,24)
       Maximum VN Number     :  0.14E+00 on Mesh 16 at (5,1,27)
       ---------------------------------------------------------------
       Mesh    1
       Max CFL number:  0.37E+00 at (47,47,27)
       Max divergence:  0.49E+02 at (36,39,1)
       Min divergence: -0.71E+01 at (46,47,31)
       Max VN number :  0.54E-01 at (45,45,23)
       Mesh    2
       Max CFL number:  0.33E+00 at (6,45,29)
       Max divergence:  0.51E+02 at (13,39,1)
       Min divergence: -0.94E+01 at (12,48,24)
       Max VN number :  0.66E-01 at (3,47,1)
       Mesh    3
       Max CFL number:  0.33E+00 at (47,4,31)
       Max divergence:  0.52E+02 at (43,15,1)
       Min divergence: -0.11E+02 at (45,3,21)
       Max VN number :  0.71E-01 at (44,1,22)
       Mesh    4
       Max CFL number:  0.34E+00 at (2,3,32)
       Max divergence:  0.44E+02 at (11,12,1)
       Min divergence: -0.62E+01 at (1,4,22)
       Max VN number :  0.58E-01 at (7,5,26)
       Mesh    5
       Max CFL number:  0.58E+00 at (47,46,31)
       Max divergence:  0.32E+02 at (47,46,27)
       Min divergence: -0.83E+01 at (45,46,3)
       Max VN number :  0.10E+00 at (44,48,28)
       Mesh    6
       Max CFL number:  0.78E+00 at (6,43,27)
       Max divergence:  0.34E+02 at (2,44,15)
       Min divergence: -0.62E+01 at (6,41,13)
       Max VN number :  0.10E+00 at (6,43,27)
       Mesh    7
       Max CFL number:  0.62E+00 at (45,2,24)
       Max divergence:  0.49E+02 at (48,1,11)
       Min divergence: -0.70E+01 at (46,2,2)
       Max VN number :  0.86E-01 at (44,1,26)
       Mesh    8
       Max CFL number:  0.56E+00 at (3,1,30)
       Max divergence:  0.43E+02 at (1,1,11)
       Min divergence: -0.13E+02 at (1,1,10)
       Max VN number :  0.95E-01 at (8,7,32)
       Mesh    9
       Max CFL number:  0.67E+00 at (43,36,29)
       Max divergence:  0.73E+02 at (34,47,24)
       Min divergence: -0.12E+02 at (47,38,26)
       Max VN number :  0.85E-01 at (40,39,29)
       Mesh   10
       Max CFL number:  0.70E+00 at (5,45,1)
       Max divergence:  0.48E+02 at (3,48,24)
       Min divergence: -0.13E+02 at (6,40,15)
       Max VN number :  0.12E+00 at (1,40,9)
       Mesh   11
       Max CFL number:  0.61E+00 at (39,2,32)
       Max divergence:  0.64E+02 at (44,4,30)
       Min divergence: -0.12E+02 at (48,4,14)
       Max VN number :  0.12E+00 at (44,4,30)
       Mesh   12
       Max CFL number:  0.65E+00 at (5,1,10)
       Max divergence:  0.60E+02 at (4,7,31)
       Min divergence: -0.10E+02 at (2,1,4)
       Max VN number :  0.11E+00 at (6,3,14)
       Mesh   13
       Max CFL number:  0.86E+00 at (46,41,17)
       Max divergence:  0.55E+02 at (42,46,12)
       Min divergence: -0.14E+02 at (42,46,11)
       Max VN number :  0.13E+00 at (40,44,14)
       Mesh   14
       Max CFL number:  0.89E+00 at (4,48,24)
       Max divergence:  0.25E+02 at (4,46,23)
       Min divergence: -0.90E+01 at (7,40,10)
       Max VN number :  0.94E-01 at (5,48,24)
       Mesh   15
       Max CFL number:  0.82E+00 at (38,5,13)
       Max divergence:  0.74E+02 at (45,2,1)
       Min divergence: -0.91E+01 at (42,1,10)
       Max VN number :  0.10E+00 at (44,2,13)
       Mesh   16
       Max CFL number:  0.88E+00 at (5,1,26)
       Max divergence:  0.42E+02 at (6,3,6)
       Min divergence: -0.11E+02 at (7,5,1)
       Max VN number :  0.14E+00 at (5,1,27)
 
       Time Step    12200   September 19, 2026  15:26:34
       Step Size:  0.107E-02 s, Total Time:   14.01585 s
       Pressure Iterations: 7
       Maximum Velocity Error:  0.12E-01 on Mesh 6 at (3,47,32)
       Maximum Pressure Error:  0.13E+05 on Mesh 1 at (37,39,1)
       Maximum CFL Number    :  0.87E+00 on Mesh 14 at (8,44,25)
       Maximum VN Number     :  0.15E+00 on Mesh 9 at (43,48,11)
       ---------------------------------------------------------------
       Mesh    1
       Max CFL number:  0.34E+00 at (45,43,29)
       Max divergence:  0.48E+02 at (44,44,28)
       Min divergence: -0.67E+01 at (45,44,22)
       Max VN number :  0.66E-01 at (44,42,27)
       Mesh    2
       Max CFL number:  0.41E+00 at (9,47,25)
       Max divergence:  0.52E+02 at (14,40,1)
       Min divergence: -0.97E+01 at (2,45,21)
       Max VN number :  0.74E-01 at (9,45,25)
       Mesh    3
       Max CFL number:  0.37E+00 at (42,2,31)
       Max divergence:  0.47E+02 at (36,10,1)
       Min divergence: -0.71E+01 at (45,1,31)
       Max VN number :  0.73E-01 at (43,6,16)
       Mesh    4
       Max CFL number:  0.43E+00 at (9,1,28)
       Max divergence:  0.53E+02 at (11,12,1)
       Min divergence: -0.77E+01 at (3,2,17)
       Max VN number :  0.57E-01 at (11,3,32)
       Mesh    5
       Max CFL number:  0.65E+00 at (41,47,27)
       Max divergence:  0.33E+02 at (48,44,7)
       Min divergence: -0.85E+01 at (48,48,12)
       Max VN number :  0.82E-01 at (42,48,29)
       Mesh    6
       Max CFL number:  0.68E+00 at (3,43,28)
       Max divergence:  0.50E+02 at (3,45,25)
       Min divergence: -0.81E+01 at (6,45,21)
       Max VN number :  0.11E+00 at (3,43,28)
       Mesh    7
       Max CFL number:  0.58E+00 at (47,3,23)
       Max divergence:  0.53E+02 at (47,3,12)
       Min divergence: -0.88E+01 at (42,3,25)
       Max VN number :  0.11E+00 at (43,1,26)
       Mesh    8
       Max CFL number:  0.64E+00 at (3,1,29)
       Max divergence:  0.67E+02 at (2,4,7)
       Min divergence: -0.77E+01 at (12,1,3)
       Max VN number :  0.12E+00 at (5,1,16)
       Mesh    9
       Max CFL number:  0.73E+00 at (44,46,15)
       Max divergence:  0.57E+02 at (47,47,7)
       Min divergence: -0.12E+02 at (43,48,12)
       Max VN number :  0.15E+00 at (43,48,11)
       Mesh   10
       Max CFL number:  0.85E+00 at (5,44,8)
       Max divergence:  0.57E+02 at (4,44,32)
       Min divergence: -0.19E+02 at (5,40,32)
       Max VN number :  0.14E+00 at (4,43,30)
       Mesh   11
       Max CFL number:  0.78E+00 at (43,3,20)
       Max divergence:  0.34E+02 at (35,2,31)
       Min divergence: -0.95E+01 at (48,1,4)
       Max VN number :  0.11E+00 at (44,5,8)
       Mesh   12
       Max CFL number:  0.67E+00 at (2,2,30)
       Max divergence:  0.36E+02 at (2,1,5)
       Min divergence: -0.12E+02 at (4,3,14)
       Max VN number :  0.11E+00 at (4,3,14)
       Mesh   13
       Max CFL number:  0.83E+00 at (48,44,4)
       Max divergence:  0.40E+02 at (48,46,17)
       Min divergence: -0.14E+02 at (47,41,6)
       Max VN number :  0.13E+00 at (40,46,27)
       Mesh   14
       Max CFL number:  0.87E+00 at (8,44,25)
       Max divergence:  0.41E+02 at (6,44,14)
       Min divergence: -0.16E+02 at (1,39,5)
       Max VN number :  0.11E+00 at (1,39,4)
       Mesh   15
       Max CFL number:  0.80E+00 at (34,4,20)
       Max divergence:  0.42E+02 at (48,7,8)
       Min divergence: -0.98E+01 at (40,7,14)
       Max VN number :  0.11E+00 at (40,1,24)
       Mesh   16
       Max CFL number:  0.80E+00 at (5,1,6)
       Max divergence:  0.30E+02 at (8,1,20)
       Min divergence: -0.88E+01 at (3,1,23)
       Max VN number :  0.12E+00 at (6,4,27)
 
       Time Step    12300   September 19, 2026  15:27:19
       Step Size:  0.948E-03 s, Total Time:   14.11040 s
       Pressure Iterations: 6
       Maximum Velocity Error:  0.12E-01 on Mesh 9 at (42,48,15)
       Maximum Pressure Error:  0.11E+05 on Mesh 14 at (11,45,14)
       Maximum CFL Number    :  0.95E+00 on Mesh 14 at (11,45,14)
       Maximum VN Number     :  0.15E+00 on Mesh 14 at (7,42,10)
       ---------------------------------------------------------------
       Mesh    1
       Max CFL number:  0.38E+00 at (41,46,31)
       Max divergence:  0.55E+02 at (37,38,1)
       Min divergence: -0.96E+01 at (43,46,30)
       Max VN number :  0.75E-01 at (43,43,1)
       Mesh    2
       Max CFL number:  0.36E+00 at (6,47,30)
       Max divergence:  0.52E+02 at (13,39,1)
       Min divergence: -0.10E+02 at (1,45,31)
       Max VN number :  0.62E-01 at (5,46,30)
       Mesh    3
       Max CFL number:  0.33E+00 at (48,8,28)
       Max divergence:  0.48E+02 at (40,14,1)
       Min divergence: -0.86E+01 at (44,4,23)
       Max VN number :  0.66E-01 at (45,5,25)
       Mesh    4
       Max CFL number:  0.38E+00 at (6,1,32)
       Max divergence:  0.57E+02 at (11,11,1)
       Min divergence: -0.63E+01 at (4,10,13)
       Max VN number :  0.70E-01 at (8,13,1)
       Mesh    5
       Max CFL number:  0.60E+00 at (45,48,32)
       Max divergence:  0.48E+02 at (44,46,8)
       Min divergence: -0.12E+02 at (47,46,6)
       Max VN number :  0.74E-01 at (42,44,11)
       Mesh    6
       Max CFL number:  0.56E+00 at (2,47,29)
       Max divergence:  0.46E+02 at (4,48,28)
       Min divergence: -0.75E+01 at (9,45,4)
       Max VN number :  0.76E-01 at (2,47,32)
       Mesh    7
       Max CFL number:  0.57E+00 at (45,1,32)
       Max divergence:  0.53E+02 at (46,1,11)
       Min divergence: -0.83E+01 at (40,3,14)
       Max VN number :  0.74E-01 at (44,1,31)
       Mesh    8
       Max CFL number:  0.50E+00 at (4,6,28)
       Max divergence:  0.58E+02 at (5,1,28)
       Min divergence: -0.11E+02 at (6,2,26)
       Max VN number :  0.71E-01 at (11,3,25)
       Mesh    9
       Max CFL number:  0.66E+00 at (45,45,13)
       Max divergence:  0.36E+02 at (48,47,1)
       Min divergence: -0.96E+01 at (27,39,15)
       Max VN number :  0.11E+00 at (48,40,20)
       Mesh   10
       Max CFL number:  0.79E+00 at (4,44,21)
       Max divergence:  0.36E+02 at (1,47,1)
       Min divergence: -0.18E+02 at (1,39,20)
       Max VN number :  0.13E+00 at (1,39,19)
       Mesh   11
       Max CFL number:  0.61E+00 at (41,3,8)
       Max divergence:  0.28E+02 at (41,1,16)
       Min divergence: -0.87E+01 at (35,8,24)
       Max VN number :  0.10E+00 at (41,1,17)
       Mesh   12
       Max CFL number:  0.61E+00 at (3,1,27)
       Max divergence:  0.24E+02 at (3,2,28)
       Min divergence: -0.90E+01 at (7,6,1)
       Max VN number :  0.81E-01 at (2,1,7)
       Mesh   13
       Max CFL number:  0.72E+00 at (48,44,31)
       Max divergence:  0.35E+02 at (46,46,32)
       Min divergence: -0.93E+01 at (48,41,26)
       Max VN number :  0.12E+00 at (46,46,31)
       Mesh   14
       Max CFL number:  0.95E+00 at (11,45,14)
       Max divergence:  0.32E+02 at (7,42,10)
       Min divergence: -0.14E+02 at (8,42,10)
       Max VN number :  0.15E+00 at (7,42,10)
       Mesh   15
       Max CFL number:  0.72E+00 at (42,3,23)
       Max divergence:  0.34E+02 at (48,2,5)
       Min divergence: -0.11E+02 at (46,5,29)
       Max VN number :  0.98E-01 at (46,1,31)
       Mesh   16
       Max CFL number:  0.68E+00 at (3,1,14)
       Max divergence:  0.32E+02 at (6,1,4)
       Min divergence: -0.13E+02 at (12,6,28)
       Max VN number :  0.94E-01 at (7,4,12)
 
       Time Step    12400   September 19, 2026  15:28:03
       Step Size:  0.115E-02 s, Total Time:   14.20611 s
       Pressure Iterations: 6
       Maximum Velocity Error:  0.15E-01 on Mesh 3 at (44,1,32)
       Maximum Pressure Error:  0.14E+05 on Mesh 12 at (4,9,17)
       Maximum CFL Number    :  0.88E+00 on Mesh 13 at (39,44,5)
       Maximum VN Number     :  0.14E+00 on Mesh 13 at (40,46,19)
       ---------------------------------------------------------------
       Mesh    1
       Max CFL number:  0.49E+00 at (41,47,32)
       Max divergence:  0.44E+02 at (39,36,1)
       Min divergence: -0.93E+01 at (44,48,21)
       Max VN number :  0.74E-01 at (43,45,24)
       Mesh    2
       Max CFL number:  0.50E+00 at (5,44,28)
       Max divergence:  0.52E+02 at (9,35,1)
       Min divergence: -0.81E+01 at (3,48,23)
       Max VN number :  0.73E-01 at (5,42,32)
       Mesh    3
       Max CFL number:  0.54E+00 at (46,8,32)
       Max divergence:  0.58E+02 at (44,6,32)
       Min divergence: -0.11E+02 at (44,4,26)
       Max VN number :  0.10E+00 at (43,8,30)
       Mesh    4
       Max CFL number:  0.49E+00 at (1,8,32)
       Max divergence:  0.51E+02 at (14,9,1)
       Min divergence: -0.11E+02 at (3,1,31)
       Max VN number :  0.91E-01 at (2,9,20)
       Mesh    5
       Max CFL number:  0.55E+00 at (39,45,10)
       Max divergence:  0.59E+02 at (42,47,22)
       Min divergence: -0.13E+02 at (47,44,17)
       Max VN number :  0.11E+00 at (46,42,18)
       Mesh    6
       Max CFL number:  0.54E+00 at (2,42,19)
       Max divergence:  0.47E+02 at (1,44,18)
       Min divergence: -0.10E+02 at (1,44,17)
       Max VN number :  0.98E-01 at (3,43,6)
       Mesh    7
       Max CFL number:  0.52E+00 at (46,5,7)
       Max divergence:  0.60E+02 at (48,8,4)
       Min divergence: -0.10E+02 at (45,1,1)
       Max VN number :  0.11E+00 at (48,8,5)
       Mesh    8
       Max CFL number:  0.61E+00 at (7,7,19)
       Max divergence:  0.71E+02 at (1,7,5)
       Min divergence: -0.10E+02 at (11,5,30)
       Max VN number :  0.83E-01 at (3,6,13)
       Mesh    9
       Max CFL number:  0.77E+00 at (39,43,31)
       Max divergence:  0.26E+02 at (48,47,11)
       Min divergence: -0.62E+01 at (45,44,29)
       Max VN number :  0.12E+00 at (46,33,25)
       Mesh   10
       Max CFL number:  0.73E+00 at (2,35,23)
       Max divergence:  0.50E+02 at (1,48,11)
       Min divergence: -0.95E+01 at (2,36,12)
       Max VN number :  0.10E+00 at (3,35,11)
       Mesh   11
       Max CFL number:  0.74E+00 at (47,12,19)
       Max divergence:  0.25E+02 at (48,1,13)
       Min divergence: -0.72E+01 at (47,8,27)
       Max VN number :  0.10E+00 at (47,8,26)
       Mesh   12
       Max CFL number:  0.81E+00 at (1,3,18)
       Max divergence:  0.67E+02 at (3,6,15)
       Min divergence: -0.91E+01 at (4,9,17)
       Max VN number :  0.14E+00 at (4,9,16)
       Mesh   13
       Max CFL number:  0.88E+00 at (39,44,5)
       Max divergence:  0.84E+01 at (47,44,32)
       Min divergence: -0.63E+01 at (32,35,3)
       Max VN number :  0.14E+00 at (40,46,19)
       Mesh   14
       Max CFL number:  0.85E+00 at (7,48,29)
       Max divergence:  0.15E+02 at (12,48,32)
       Min divergence: -0.89E+01 at (6,41,27)
       Max VN number :  0.11E+00 at (18,45,28)
       Mesh   15
       Max CFL number:  0.85E+00 at (41,3,10)
       Max divergence:  0.19E+02 at (36,3,16)
       Min divergence: -0.81E+01 at (36,5,11)
       Max VN number :  0.14E+00 at (39,3,11)
       Mesh   16
       Max CFL number:  0.82E+00 at (6,1,28)
       Max divergence:  0.17E+02 at (7,7,32)
       Min divergence: -0.72E+01 at (5,9,31)
       Max VN number :  0.99E-01 at (9,2,31)
 
       Time Step    12500   September 19, 2026  15:28:48
       Step Size:  0.122E-02 s, Total Time:   14.32081 s
       Pressure Iterations: 7
       Maximum Velocity Error:  0.12E-01 on Mesh 9 at (48,48,9)
       Maximum Pressure Error:  0.77E+04 on Mesh 9 at (43,48,7)
       Maximum CFL Number    :  0.91E+00 on Mesh 11 at (43,11,30)
       Maximum VN Number     :  0.13E+00 on Mesh 15 at (46,14,12)
       ---------------------------------------------------------------
       Mesh    1
       Max CFL number:  0.51E+00 at (46,42,32)
       Max divergence:  0.39E+02 at (47,33,1)
       Min divergence: -0.83E+01 at (46,48,30)
       Max VN number :  0.63E-01 at (42,45,16)
       Mesh    2
       Max CFL number:  0.49E+00 at (2,45,29)
       Max divergence:  0.52E+02 at (10,36,1)
       Min divergence: -0.98E+01 at (1,37,10)
       Max VN number :  0.62E-01 at (6,44,25)
       Mesh    3
       Max CFL number:  0.56E+00 at (43,3,32)
       Max divergence:  0.50E+02 at (36,10,1)
       Min divergence: -0.63E+01 at (48,3,21)
       Max VN number :  0.69E-01 at (40,1,1)
       Mesh    4
       Max CFL number:  0.50E+00 at (4,5,23)
       Max divergence:  0.61E+02 at (11,12,1)
       Min divergence: -0.92E+01 at (4,4,23)
       Max VN number :  0.93E-01 at (4,5,31)
       Mesh    5
       Max CFL number:  0.70E+00 at (37,43,16)
       Max divergence:  0.54E+02 at (44,43,25)
       Min divergence: -0.11E+02 at (47,42,24)
       Max VN number :  0.10E+00 at (44,43,25)
       Mesh    6
       Max CFL number:  0.86E+00 at (9,46,26)
       Max divergence:  0.50E+02 at (8,45,24)
       Min divergence: -0.16E+02 at (1,48,16)
       Max VN number :  0.12E+00 at (3,42,29)
       Mesh    7
       Max CFL number:  0.74E+00 at (48,1,23)
       Max divergence:  0.59E+02 at (45,2,17)
       Min divergence: -0.13E+02 at (48,7,12)
       Max VN number :  0.12E+00 at (47,5,22)
       Mesh    8
       Max CFL number:  0.88E+00 at (1,1,23)
       Max divergence:  0.64E+02 at (2,5,21)
       Min divergence: -0.18E+02 at (1,4,14)
       Max VN number :  0.87E-01 at (4,7,19)
       Mesh    9
       Max CFL number:  0.75E+00 at (44,40,27)
       Max divergence:  0.68E+02 at (46,48,10)
       Min divergence: -0.79E+01 at (38,48,2)
       Max VN number :  0.96E-01 at (43,48,6)
       Mesh   10
       Max CFL number:  0.75E+00 at (9,43,1)
       Max divergence:  0.32E+02 at (1,45,8)
       Min divergence: -0.93E+01 at (6,48,18)
       Max VN number :  0.92E-01 at (7,48,17)
       Mesh   11
       Max CFL number:  0.91E+00 at (43,11,30)
       Max divergence:  0.44E+02 at (47,1,10)
       Min divergence: -0.91E+01 at (42,8,26)
       Max VN number :  0.12E+00 at (45,4,25)
       Mesh   12
       Max CFL number:  0.69E+00 at (1,8,23)
       Max divergence:  0.64E+02 at (11,1,12)
       Min divergence: -0.16E+02 at (6,12,19)
       Max VN number :  0.12E+00 at (6,12,18)
       Mesh   13
       Max CFL number:  0.74E+00 at (44,48,18)
       Max divergence:  0.67E+01 at (42,47,21)
       Min divergence: -0.47E+01 at (43,48,21)
       Max VN number :  0.10E+00 at (35,40,27)
       Mesh   14
       Max CFL number:  0.61E+00 at (2,48,31)
       Max divergence:  0.53E+01 at (1,41,19)
       Min divergence: -0.42E+01 at (2,31,13)
       Max VN number :  0.96E-01 at (1,41,18)
       Mesh   15
       Max CFL number:  0.85E+00 at (44,10,2)
       Max divergence:  0.32E+02 at (47,13,12)
       Min divergence: -0.68E+01 at (47,13,11)
       Max VN number :  0.13E+00 at (46,14,12)
       Mesh   16
       Max CFL number:  0.74E+00 at (1,12,5)
       Max divergence:  0.26E+02 at (1,13,11)
       Min divergence: -0.86E+01 at (3,16,8)
       Max VN number :  0.10E+00 at (1,6,12)
 
       Time Step    12600   September 19, 2026  15:29:33
       Step Size:  0.108E-02 s, Total Time:   14.43108 s
       Pressure Iterations: 7
       Maximum Velocity Error:  0.13E-01 on Mesh 5 at (48,48,19)
       Maximum Pressure Error:  0.96E+04 on Mesh 10 at (12,48,29)
       Maximum CFL Number    :  0.90E+00 on Mesh 15 at (38,9,11)
       Maximum VN Number     :  0.15E+00 on Mesh 6 at (4,42,24)
       ---------------------------------------------------------------
       Mesh    1
       Max CFL number:  0.41E+00 at (44,48,28)
       Max divergence:  0.48E+02 at (46,33,1)
       Min divergence: -0.63E+01 at (41,39,11)
       Max VN number :  0.70E-01 at (43,46,1)
       Mesh    2
       Max CFL number:  0.37E+00 at (1,46,32)
       Max divergence:  0.47E+02 at (9,35,1)
       Min divergence: -0.68E+01 at (1,38,16)
       Max VN number :  0.56E-01 at (6,45,32)
       Mesh    3
       Max CFL number:  0.45E+00 at (44,4,30)
       Max divergence:  0.52E+02 at (36,10,1)
       Min divergence: -0.94E+01 at (47,3,24)
       Max VN number :  0.72E-01 at (44,3,1)
       Mesh    4
       Max CFL number:  0.46E+00 at (2,5,32)
       Max divergence:  0.56E+02 at (11,12,1)
       Min divergence: -0.80E+01 at (7,5,24)
       Max VN number :  0.62E-01 at (3,7,1)
       Mesh    5
       Max CFL number:  0.69E+00 at (46,47,19)
       Max divergence:  0.44E+02 at (46,47,19)
       Min divergence: -0.18E+02 at (46,47,20)
       Max VN number :  0.90E-01 at (44,48,6)
       Mesh    6
       Max CFL number:  0.68E+00 at (4,46,19)
       Max divergence:  0.58E+02 at (3,47,22)
       Min divergence: -0.97E+01 at (2,44,22)
       Max VN number :  0.15E+00 at (4,42,24)
       Mesh    7
       Max CFL number:  0.69E+00 at (47,6,20)
       Max divergence:  0.50E+02 at (41,3,29)
       Min divergence: -0.16E+02 at (45,1,20)
       Max VN number :  0.94E-01 at (45,3,12)
       Mesh    8
       Max CFL number:  0.70E+00 at (4,7,20)
       Max divergence:  0.48E+02 at (4,1,17)
       Min divergence: -0.11E+02 at (4,2,17)
       Max VN number :  0.11E+00 at (4,7,21)
       Mesh    9
       Max CFL number:  0.69E+00 at (44,46,15)
       Max divergence:  0.68E+02 at (43,48,3)
       Min divergence: -0.18E+02 at (44,47,3)
       Max VN number :  0.12E+00 at (41,46,12)
       Mesh   10
       Max CFL number:  0.71E+00 at (2,41,6)
       Max divergence:  0.74E+02 at (9,47,29)
       Min divergence: -0.92E+01 at (3,47,8)
       Max VN number :  0.13E+00 at (6,41,20)
       Mesh   11
       Max CFL number:  0.72E+00 at (47,5,18)
       Max divergence:  0.38E+02 at (43,1,2)
       Min divergence: -0.68E+01 at (43,7,4)
       Max VN number :  0.11E+00 at (37,2,5)
       Mesh   12
       Max CFL number:  0.69E+00 at (2,2,18)
       Max divergence:  0.48E+02 at (8,2,26)
       Min divergence: -0.86E+01 at (5,6,28)
       Max VN number :  0.80E-01 at (3,1,31)
       Mesh   13
       Max CFL number:  0.62E+00 at (46,48,6)
       Max divergence:  0.14E+02 at (48,47,1)
       Min divergence: -0.13E+02 at (44,48,13)
       Max VN number :  0.12E+00 at (46,39,28)
       Mesh   14
       Max CFL number:  0.43E+00 at (1,48,2)
       Max divergence:  0.15E+02 at (2,48,1)
       Min divergence: -0.42E+01 at (8,47,3)
       Max VN number :  0.98E-01 at (1,33,12)
       Mesh   15
       Max CFL number:  0.90E+00 at (38,9,11)
       Max divergence:  0.55E+02 at (48,6,1)
       Min divergence: -0.84E+01 at (44,17,20)
       Max VN number :  0.11E+00 at (48,15,29)
       Mesh   16
       Max CFL number:  0.58E+00 at (1,15,28)
       Max divergence:  0.51E+02 at (2,3,2)
       Min divergence: -0.55E+01 at (6,17,15)
       Max VN number :  0.99E-01 at (1,15,28)
 
       Time Step    12700   September 19, 2026  15:30:18
       Step Size:  0.108E-02 s, Total Time:   14.53907 s
       Pressure Iterations: 6
       Maximum Velocity Error:  0.14E-01 on Mesh 8 at (2,5,32)
       Maximum Pressure Error:  0.15E+05 on Mesh 11 at (45,4,16)
       Maximum CFL Number    :  0.97E+00 on Mesh 9 at (45,46,18)
       Maximum VN Number     :  0.19E+00 on Mesh 11 at (45,6,15)
       ---------------------------------------------------------------
       Mesh    1
       Max CFL number:  0.36E+00 at (43,47,32)
       Max divergence:  0.60E+02 at (46,35,1)
       Min divergence: -0.67E+01 at (48,39,20)
       Max VN number :  0.56E-01 at (42,45,29)
       Mesh    2
       Max CFL number:  0.32E+00 at (1,45,28)
       Max divergence:  0.55E+02 at (7,35,1)
       Min divergence: -0.79E+01 at (6,44,28)
       Max VN number :  0.56E-01 at (6,44,27)
       Mesh    3
       Max CFL number:  0.36E+00 at (44,2,32)
       Max divergence:  0.52E+02 at (38,12,1)
       Min divergence: -0.71E+01 at (43,3,21)
       Max VN number :  0.71E-01 at (43,7,1)
       Mesh    4
       Max CFL number:  0.37E+00 at (6,9,29)
       Max divergence:  0.52E+02 at (11,12,1)
       Min divergence: -0.73E+01 at (6,2,27)
       Max VN number :  0.55E-01 at (2,8,25)
       Mesh    5
       Max CFL number:  0.73E+00 at (48,48,32)
       Max divergence:  0.29E+02 at (46,47,12)
       Min divergence: -0.67E+01 at (45,44,16)
       Max VN number :  0.99E-01 at (46,48,30)
       Mesh    6
       Max CFL number:  0.65E+00 at (1,48,32)
       Max divergence:  0.21E+02 at (2,48,16)
       Min divergence: -0.15E+02 at (5,47,18)
       Max VN number :  0.96E-01 at (4,46,17)
       Mesh    7
       Max CFL number:  0.73E+00 at (45,5,27)
       Max divergence:  0.37E+02 at (44,3,22)
       Min divergence: -0.77E+01 at (48,4,6)
       Max VN number :  0.10E+00 at (44,7,28)
       Mesh    8
       Max CFL number:  0.66E+00 at (2,5,29)
       Max divergence:  0.40E+02 at (4,4,6)
       Min divergence: -0.90E+01 at (2,2,32)
       Max VN number :  0.81E-01 at (5,1,30)
       Mesh    9
       Max CFL number:  0.97E+00 at (45,46,18)
       Max divergence:  0.52E+02 at (48,38,28)
       Min divergence: -0.11E+02 at (37,38,26)
       Max VN number :  0.10E+00 at (48,46,15)
       Mesh   10
       Max CFL number:  0.77E+00 at (1,44,12)
       Max divergence:  0.69E+02 at (3,40,30)
       Min divergence: -0.16E+02 at (3,40,29)
       Max VN number :  0.12E+00 at (1,47,11)
       Mesh   11
       Max CFL number:  0.92E+00 at (45,4,14)
       Max divergence:  0.52E+02 at (46,6,17)
       Min divergence: -0.12E+02 at (43,7,15)
       Max VN number :  0.19E+00 at (45,6,15)
       Mesh   12
       Max CFL number:  0.81E+00 at (4,6,17)
       Max divergence:  0.64E+02 at (3,5,25)
       Min divergence: -0.10E+02 at (3,3,26)
       Max VN number :  0.14E+00 at (5,4,11)
       Mesh   13
       Max CFL number:  0.70E+00 at (46,45,8)
       Max divergence:  0.57E+02 at (44,45,2)
       Min divergence: -0.89E+01 at (47,44,4)
       Max VN number :  0.99E-01 at (45,48,20)
       Mesh   14
       Max CFL number:  0.79E+00 at (1,48,9)
       Max divergence:  0.41E+02 at (4,42,1)
       Min divergence: -0.13E+02 at (11,47,16)
       Max VN number :  0.83E-01 at (13,42,1)
       Mesh   15
       Max CFL number:  0.84E+00 at (35,8,28)
       Max divergence:  0.35E+02 at (36,9,20)
       Min divergence: -0.14E+02 at (47,1,25)
       Max VN number :  0.11E+00 at (47,1,24)
       Mesh   16
       Max CFL number:  0.82E+00 at (1,1,8)
       Max divergence:  0.61E+02 at (12,6,9)
       Min divergence: -0.82E+01 at (13,2,6)
       Max VN number :  0.86E-01 at (12,6,9)
 
       Time Step    12800   September 19, 2026  15:31:04
       Step Size:  0.862E-03 s, Total Time:   14.63729 s
       Pressure Iterations: 6
       Maximum Velocity Error:  0.14E-01 on Mesh 13 at (48,48,12)
       Maximum Pressure Error:  0.15E+05 on Mesh 4 at (11,11,1)
       Maximum CFL Number    :  0.98E+00 on Mesh 12 at (3,9,29)
       Maximum VN Number     :  0.15E+00 on Mesh 11 at (43,7,20)
       ---------------------------------------------------------------
       Mesh    1
       Max CFL number:  0.26E+00 at (48,44,23)
       Max divergence:  0.50E+02 at (35,41,1)
       Min divergence: -0.79E+01 at (42,45,11)
       Max VN number :  0.44E-01 at (46,42,21)
       Mesh    2
       Max CFL number:  0.31E+00 at (4,46,32)
       Max divergence:  0.55E+02 at (12,38,1)
       Min divergence: -0.89E+01 at (5,48,22)
       Max VN number :  0.46E-01 at (5,41,20)
       Mesh    3
       Max CFL number:  0.26E+00 at (46,3,30)
       Max divergence:  0.46E+02 at (38,12,1)
       Min divergence: -0.96E+01 at (45,10,22)
       Max VN number :  0.51E-01 at (43,1,28)
       Mesh    4
       Max CFL number:  0.33E+00 at (4,5,31)
       Max divergence:  0.54E+02 at (15,7,1)
       Min divergence: -0.77E+01 at (9,2,31)
       Max VN number :  0.72E-01 at (4,1,1)
       Mesh    5
       Max CFL number:  0.48E+00 at (46,47,31)
       Max divergence:  0.31E+02 at (47,47,28)
       Min divergence: -0.78E+01 at (44,46,6)
       Max VN number :  0.82E-01 at (47,44,26)
       Mesh    6
       Max CFL number:  0.38E+00 at (1,48,29)
       Max divergence:  0.31E+02 at (1,48,31)
       Min divergence: -0.68E+01 at (4,46,25)
       Max VN number :  0.64E-01 at (1,48,31)
       Mesh    7
       Max CFL number:  0.50E+00 at (41,7,29)
       Max divergence:  0.29E+02 at (48,6,24)
       Min divergence: -0.72E+01 at (41,2,20)
       Max VN number :  0.77E-01 at (45,3,31)
       Mesh    8
       Max CFL number:  0.38E+00 at (1,5,21)
       Max divergence:  0.60E+02 at (3,4,19)
       Min divergence: -0.91E+01 at (3,2,18)
       Max VN number :  0.60E-01 at (7,7,9)
       Mesh    9
       Max CFL number:  0.55E+00 at (46,47,3)
       Max divergence:  0.26E+02 at (48,48,5)
       Min divergence: -0.80E+01 at (33,42,31)
       Max VN number :  0.86E-01 at (46,47,4)
       Mesh   10
       Max CFL number:  0.42E+00 at (2,46,20)
       Max divergence:  0.16E+02 at (13,37,31)
       Min divergence: -0.15E+02 at (4,48,6)
       Max VN number :  0.77E-01 at (4,48,5)
       Mesh   11
       Max CFL number:  0.79E+00 at (48,8,32)
       Max divergence:  0.28E+02 at (46,1,7)
       Min divergence: -0.16E+02 at (43,5,20)
       Max VN number :  0.15E+00 at (43,7,20)
       Mesh   12
       Max CFL number:  0.98E+00 at (3,9,29)
       Max divergence:  0.36E+02 at (2,9,29)
       Min divergence: -0.65E+01 at (4,2,3)
       Max VN number :  0.11E+00 at (3,9,29)
       Mesh   13
       Max CFL number:  0.82E+00 at (44,47,19)
       Max divergence:  0.47E+02 at (38,39,18)
       Min divergence: -0.71E+01 at (37,34,13)
       Max VN number :  0.15E+00 at (47,45,17)
       Mesh   14
       Max CFL number:  0.68E+00 at (7,47,17)
       Max divergence:  0.76E+02 at (10,47,24)
       Min divergence: -0.11E+02 at (1,45,17)
       Max VN number :  0.11E+00 at (1,46,18)
       Mesh   15
       Max CFL number:  0.76E+00 at (46,11,30)
       Max divergence:  0.43E+02 at (42,1,25)
       Min divergence: -0.11E+02 at (45,6,2)
       Max VN number :  0.11E+00 at (47,7,1)
       Mesh   16
       Max CFL number:  0.78E+00 at (8,5,15)
       Max divergence:  0.49E+02 at (2,7,3)
       Min divergence: -0.78E+01 at (11,16,23)
       Max VN number :  0.14E+00 at (3,6,10)
 
       Time Step    12900   September 19, 2026  15:31:48
       Step Size:  0.948E-03 s, Total Time:   14.72427 s
       Pressure Iterations: 6
       Maximum Velocity Error:  0.83E-02 on Mesh 9 at (48,47,25)
       Maximum Pressure Error:  0.11E+05 on Mesh 14 at (21,44,27)
       Maximum CFL Number    :  0.86E+00 on Mesh 15 at (46,9,13)
       Maximum VN Number     :  0.13E+00 on Mesh 11 at (46,7,19)
       ---------------------------------------------------------------
       Mesh    1
       Max CFL number:  0.32E+00 at (47,43,18)
       Max divergence:  0.51E+02 at (35,40,1)
       Min divergence: -0.17E+02 at (43,48,18)
       Max VN number :  0.65E-01 at (43,44,1)
       Mesh    2
       Max CFL number:  0.36E+00 at (3,40,31)
       Max divergence:  0.55E+02 at (10,36,1)
       Min divergence: -0.83E+01 at (1,43,15)
       Max VN number :  0.70E-01 at (4,43,1)
       Mesh    3
       Max CFL number:  0.32E+00 at (45,6,21)
       Max divergence:  0.50E+02 at (37,10,1)
       Min divergence: -0.11E+02 at (46,4,18)
       Max VN number :  0.52E-01 at (38,2,29)
       Mesh    4
       Max CFL number:  0.40E+00 at (6,8,31)
       Max divergence:  0.50E+02 at (9,14,1)
       Min divergence: -0.89E+01 at (3,6,25)
       Max VN number :  0.63E-01 at (3,7,32)
       Mesh    5
       Max CFL number:  0.47E+00 at (48,46,16)
       Max divergence:  0.42E+02 at (45,48,5)
       Min divergence: -0.85E+01 at (42,48,12)
       Max VN number :  0.68E-01 at (48,43,13)
       Mesh    6
       Max CFL number:  0.44E+00 at (1,46,16)
       Max divergence:  0.44E+02 at (4,45,9)
       Min divergence: -0.77E+01 at (1,44,27)
       Max VN number :  0.70E-01 at (8,47,18)
       Mesh    7
       Max CFL number:  0.45E+00 at (45,8,31)
       Max divergence:  0.49E+02 at (45,1,3)
       Min divergence: -0.76E+01 at (47,2,2)
       Max VN number :  0.76E-01 at (40,1,1)
       Mesh    8
       Max CFL number:  0.47E+00 at (5,5,11)
       Max divergence:  0.58E+02 at (3,5,25)
       Min divergence: -0.88E+01 at (5,4,24)
       Max VN number :  0.72E-01 at (6,8,26)
       Mesh    9
       Max CFL number:  0.69E+00 at (48,47,23)
       Max divergence:  0.13E+02 at (46,48,5)
       Min divergence: -0.11E+02 at (44,48,9)
       Max VN number :  0.11E+00 at (48,47,29)
       Mesh   10
       Max CFL number:  0.59E+00 at (1,48,23)
       Max divergence:  0.13E+02 at (2,47,27)
       Min divergence: -0.60E+01 at (3,47,3)
       Max VN number :  0.75E-01 at (2,47,24)
       Mesh   11
       Max CFL number:  0.67E+00 at (48,1,22)
       Max divergence:  0.43E+02 at (46,6,20)
       Min divergence: -0.11E+02 at (47,12,15)
       Max VN number :  0.13E+00 at (46,7,19)
       Mesh   12
       Max CFL number:  0.64E+00 at (4,3,27)
       Max divergence:  0.32E+02 at (1,2,7)
       Min divergence: -0.83E+01 at (4,3,28)
       Max VN number :  0.82E-01 at (3,1,24)
       Mesh   13
       Max CFL number:  0.59E+00 at (39,47,30)
       Max divergence:  0.15E+02 at (28,36,25)
       Min divergence: -0.65E+01 at (46,33,19)
       Max VN number :  0.81E-01 at (40,44,29)
       Mesh   14
       Max CFL number:  0.54E+00 at (1,35,8)
       Max divergence:  0.21E+02 at (7,39,5)
       Min divergence: -0.84E+01 at (15,43,28)
       Max VN number :  0.82E-01 at (4,46,24)
       Mesh   15
       Max CFL number:  0.86E+00 at (46,9,13)
       Max divergence:  0.19E+02 at (43,10,29)
       Min divergence: -0.70E+01 at (46,3,2)
       Max VN number :  0.11E+00 at (46,8,24)
       Mesh   16
       Max CFL number:  0.81E+00 at (8,14,29)
       Max divergence:  0.18E+02 at (22,2,13)
       Min divergence: -0.11E+02 at (16,5,31)
       Max VN number :  0.11E+00 at (5,8,30)
 
       Time Step    13000   September 19, 2026  15:32:33
       Step Size:  0.123E-02 s, Total Time:   14.83547 s
       Pressure Iterations: 8
       Maximum Velocity Error:  0.10E-01 on Mesh 11 at (41,3,32)
       Maximum Pressure Error:  0.16E+05 on Mesh 4 at (10,12,1)
       Maximum CFL Number    :  0.89E+00 on Mesh 11 at (40,3,32)
       Maximum VN Number     :  0.16E+00 on Mesh 15 at (41,3,1)
       ---------------------------------------------------------------
       Mesh    1
       Max CFL number:  0.59E+00 at (45,44,32)
       Max divergence:  0.48E+02 at (46,34,1)
       Min divergence: -0.16E+02 at (46,46,31)
       Max VN number :  0.82E-01 at (44,47,21)
       Mesh    2
       Max CFL number:  0.59E+00 at (7,48,30)
       Max divergence:  0.53E+02 at (10,36,1)
       Min divergence: -0.20E+02 at (1,45,28)
       Max VN number :  0.80E-01 at (5,47,1)
       Mesh    3
       Max CFL number:  0.55E+00 at (45,2,27)
       Max divergence:  0.49E+02 at (36,10,1)
       Min divergence: -0.93E+01 at (48,4,26)
       Max VN number :  0.96E-01 at (48,3,1)
       Mesh    4
       Max CFL number:  0.58E+00 at (4,6,30)
       Max divergence:  0.89E+02 at (10,12,1)
       Min divergence: -0.92E+01 at (2,5,31)
       Max VN number :  0.87E-01 at (10,12,1)
       Mesh    5
       Max CFL number:  0.60E+00 at (46,48,21)
       Max divergence:  0.35E+02 at (42,48,10)
       Min divergence: -0.18E+02 at (44,45,2)
       Max VN number :  0.10E+00 at (40,45,20)
       Mesh    6
       Max CFL number:  0.62E+00 at (10,47,23)
       Max divergence:  0.55E+02 at (2,44,12)
       Min divergence: -0.10E+02 at (7,46,24)
       Max VN number :  0.92E-01 at (1,45,29)
       Mesh    7
       Max CFL number:  0.65E+00 at (44,1,24)
       Max divergence:  0.54E+02 at (48,9,6)
       Min divergence: -0.15E+02 at (42,2,4)
       Max VN number :  0.97E-01 at (48,9,6)
       Mesh    8
       Max CFL number:  0.68E+00 at (1,2,25)
       Max divergence:  0.43E+02 at (6,1,30)
       Min divergence: -0.86E+01 at (3,6,5)
       Max VN number :  0.12E+00 at (11,8,22)
       Mesh    9
       Max CFL number:  0.71E+00 at (43,48,27)
       Max divergence:  0.18E+02 at (47,48,21)
       Min divergence: -0.12E+02 at (47,46,29)
       Max VN number :  0.10E+00 at (47,46,29)
       Mesh   10
       Max CFL number:  0.67E+00 at (2,48,8)
       Max divergence:  0.19E+02 at (4,48,13)
       Min divergence: -0.64E+01 at (13,48,4)
       Max VN number :  0.10E+00 at (4,47,5)
       Mesh   11
       Max CFL number:  0.89E+00 at (40,3,32)
       Max divergence:  0.29E+02 at (48,3,20)
       Min divergence: -0.15E+02 at (46,9,31)
       Max VN number :  0.14E+00 at (44,8,28)
       Mesh   12
       Max CFL number:  0.77E+00 at (2,6,32)
       Max divergence:  0.46E+02 at (4,3,14)
       Min divergence: -0.12E+02 at (2,10,31)
       Max VN number :  0.13E+00 at (10,9,4)
       Mesh   13
       Max CFL number:  0.76E+00 at (40,46,12)
       Max divergence:  0.99E+01 at (47,48,5)
       Min divergence: -0.53E+01 at (43,48,4)
       Max VN number :  0.12E+00 at (40,46,11)
       Mesh   14
       Max CFL number:  0.66E+00 at (7,47,23)
       Max divergence:  0.96E+01 at (4,42,25)
       Min divergence: -0.72E+01 at (30,48,23)
       Max VN number :  0.10E+00 at (1,47,31)
       Mesh   15
       Max CFL number:  0.85E+00 at (41,3,1)
       Max divergence:  0.17E+02 at (48,7,1)
       Min divergence: -0.94E+01 at (40,3,1)
       Max VN number :  0.16E+00 at (41,3,1)
       Mesh   16
       Max CFL number:  0.83E+00 at (5,6,2)
       Max divergence:  0.11E+02 at (19,12,23)
       Min divergence: -0.53E+01 at (13,22,31)
       Max VN number :  0.12E+00 at (5,7,11)
 
       Time Step    13100   September 19, 2026  15:33:18
       Step Size:  0.973E-03 s, Total Time:   14.94204 s
       Pressure Iterations: 6
       Maximum Velocity Error:  0.12E-01 on Mesh 15 at (48,6,6)
       Maximum Pressure Error:  0.71E+04 on Mesh 2 at (11,38,1)
       Maximum CFL Number    :  0.82E+00 on Mesh 13 at (39,46,28)
       Maximum VN Number     :  0.11E+00 on Mesh 12 at (4,9,24)
       ---------------------------------------------------------------
       Mesh    1
       Max CFL number:  0.45E+00 at (48,47,32)
       Max divergence:  0.46E+02 at (38,37,1)
       Min divergence: -0.88E+01 at (44,43,22)
       Max VN number :  0.55E-01 at (46,46,31)
       Mesh    2
       Max CFL number:  0.39E+00 at (2,48,29)
       Max divergence:  0.49E+02 at (11,37,1)
       Min divergence: -0.54E+01 at (1,46,20)
       Max VN number :  0.85E-01 at (2,37,1)
       Mesh    3
       Max CFL number:  0.48E+00 at (46,4,31)
       Max divergence:  0.49E+02 at (35,9,1)
       Min divergence: -0.10E+02 at (46,3,31)
       Max VN number :  0.66E-01 at (42,1,24)
       Mesh    4
       Max CFL number:  0.49E+00 at (2,6,31)
       Max divergence:  0.50E+02 at (11,12,1)
       Min divergence: -0.68E+01 at (1,7,31)
       Max VN number :  0.72E-01 at (3,4,32)
       Mesh    5
       Max CFL number:  0.49E+00 at (45,47,30)
       Max divergence:  0.53E+02 at (47,43,17)
       Min divergence: -0.12E+02 at (45,47,18)
       Max VN number :  0.95E-01 at (47,38,24)
       Mesh    6
       Max CFL number:  0.51E+00 at (8,48,19)
       Max divergence:  0.54E+02 at (2,40,22)
       Min divergence: -0.13E+02 at (5,45,18)
       Max VN number :  0.72E-01 at (2,43,32)
       Mesh    7
       Max CFL number:  0.55E+00 at (48,7,19)
       Max divergence:  0.60E+02 at (48,8,26)
       Min divergence: -0.10E+02 at (46,2,16)
       Max VN number :  0.83E-01 at (44,7,11)
       Mesh    8
       Max CFL number:  0.60E+00 at (6,1,18)
       Max divergence:  0.49E+02 at (2,3,31)
       Min divergence: -0.13E+02 at (6,1,19)
       Max VN number :  0.72E-01 at (1,7,21)
       Mesh    9
       Max CFL number:  0.62E+00 at (48,48,24)
       Max divergence:  0.28E+02 at (48,48,8)
       Min divergence: -0.12E+02 at (48,43,5)
       Max VN number :  0.92E-01 at (46,45,3)
       Mesh   10
       Max CFL number:  0.61E+00 at (1,48,23)
       Max divergence:  0.62E+02 at (8,46,3)
       Min divergence: -0.11E+02 at (14,48,21)
       Max VN number :  0.89E-01 at (4,45,17)
       Mesh   11
       Max CFL number:  0.70E+00 at (43,10,30)
       Max divergence:  0.19E+02 at (47,3,10)
       Min divergence: -0.88E+01 at (43,2,7)
       Max VN number :  0.11E+00 at (47,8,29)
       Mesh   12
       Max CFL number:  0.68E+00 at (1,6,11)
       Max divergence:  0.38E+02 at (9,1,16)
       Min divergence: -0.12E+02 at (17,5,15)
       Max VN number :  0.11E+00 at (4,9,24)
       Mesh   13
       Max CFL number:  0.82E+00 at (39,46,28)
       Max divergence:  0.14E+02 at (47,48,7)
       Min divergence: -0.11E+02 at (44,46,13)
       Max VN number :  0.11E+00 at (42,45,26)
       Mesh   14
       Max CFL number:  0.57E+00 at (13,48,5)
       Max divergence:  0.27E+02 at (5,48,6)
       Min divergence: -0.84E+01 at (12,48,9)
       Max VN number :  0.97E-01 at (12,48,8)
       Mesh   15
       Max CFL number:  0.78E+00 at (48,6,10)
       Max divergence:  0.38E+02 at (44,9,14)
       Min divergence: -0.87E+01 at (46,4,21)
       Max VN number :  0.99E-01 at (43,5,17)
       Mesh   16
       Max CFL number:  0.81E+00 at (1,6,10)
       Max divergence:  0.60E+02 at (7,4,7)
       Min divergence: -0.12E+02 at (8,3,14)
       Max VN number :  0.10E+00 at (6,4,12)
 
       Time Step    13200   September 19, 2026  15:34:04
       Step Size:  0.919E-03 s, Total Time:   15.04455 s
       Pressure Iterations: 7
       Maximum Velocity Error:  0.15E-01 on Mesh 2 at (14,48,1)
       Maximum Pressure Error:  0.15E+05 on Mesh 4 at (9,13,1)
       Maximum CFL Number    :  0.89E+00 on Mesh 14 at (10,48,25)
       Maximum VN Number     :  0.14E+00 on Mesh 16 at (10,5,30)
       ---------------------------------------------------------------
       Mesh    1
       Max CFL number:  0.36E+00 at (43,45,32)
       Max divergence:  0.55E+02 at (37,38,1)
       Min divergence: -0.86E+01 at (48,46,29)
       Max VN number :  0.54E-01 at (42,47,26)
       Mesh    2
       Max CFL number:  0.30E+00 at (2,48,30)
       Max divergence:  0.51E+02 at (7,34,1)
       Min divergence: -0.52E+01 at (8,42,11)
       Max VN number :  0.82E-01 at (4,43,1)
       Mesh    3
       Max CFL number:  0.34E+00 at (44,4,32)
       Max divergence:  0.49E+02 at (38,12,1)
       Min divergence: -0.86E+01 at (41,3,31)
       Max VN number :  0.60E-01 at (41,3,30)
       Mesh    4
       Max CFL number:  0.31E+00 at (1,4,28)
       Max divergence:  0.53E+02 at (10,13,1)
       Min divergence: -0.62E+01 at (2,10,11)
       Max VN number :  0.46E-01 at (4,9,32)
       Mesh    5
       Max CFL number:  0.43E+00 at (45,48,9)
       Max divergence:  0.52E+02 at (46,48,11)
       Min divergence: -0.56E+01 at (38,43,19)
       Max VN number :  0.71E-01 at (40,46,22)
       Mesh    6
       Max CFL number:  0.50E+00 at (1,48,31)
       Max divergence:  0.28E+02 at (13,41,32)
       Min divergence: -0.53E+01 at (12,38,32)
       Max VN number :  0.58E-01 at (8,43,32)
       Mesh    7
       Max CFL number:  0.67E+00 at (45,9,21)
       Max divergence:  0.41E+02 at (46,1,12)
       Min divergence: -0.75E+01 at (48,9,26)
       Max VN number :  0.84E-01 at (41,7,20)
       Mesh    8
       Max CFL number:  0.67E+00 at (1,8,23)
       Max divergence:  0.39E+02 at (1,3,23)
       Min divergence: -0.93E+01 at (3,8,30)
       Max VN number :  0.66E-01 at (1,3,22)
       Mesh    9
       Max CFL number:  0.50E+00 at (46,47,16)
       Max divergence:  0.64E+02 at (46,45,15)
       Min divergence: -0.11E+02 at (45,47,10)
       Max VN number :  0.94E-01 at (46,40,8)
       Mesh   10
       Max CFL number:  0.55E+00 at (11,48,25)
       Max divergence:  0.87E+02 at (9,45,17)
       Min divergence: -0.12E+02 at (8,46,16)
       Max VN number :  0.97E-01 at (3,48,23)
       Mesh   11
       Max CFL number:  0.65E+00 at (46,4,23)
       Max divergence:  0.43E+02 at (48,5,16)
       Min divergence: -0.17E+02 at (42,6,9)
       Max VN number :  0.10E+00 at (47,12,32)
       Mesh   12
       Max CFL number:  0.68E+00 at (7,9,3)
       Max divergence:  0.65E+02 at (10,3,29)
       Min divergence: -0.13E+02 at (2,3,2)
       Max VN number :  0.11E+00 at (16,7,22)
       Mesh   13
       Max CFL number:  0.64E+00 at (46,48,31)
       Max divergence:  0.12E+02 at (36,41,30)
       Min divergence: -0.88E+01 at (37,41,29)
       Max VN number :  0.67E-01 at (38,38,26)
       Mesh   14
       Max CFL number:  0.89E+00 at (10,48,25)
       Max divergence:  0.19E+02 at (1,48,19)
       Min divergence: -0.96E+01 at (6,44,27)
       Max VN number :  0.95E-01 at (2,48,18)
       Mesh   15
       Max CFL number:  0.85E+00 at (42,10,13)
       Max divergence:  0.38E+02 at (48,6,13)
       Min divergence: -0.12E+02 at (46,9,27)
       Max VN number :  0.97E-01 at (46,5,25)
       Mesh   16
       Max CFL number:  0.87E+00 at (10,3,22)
       Max divergence:  0.52E+02 at (10,7,9)
       Min divergence: -0.10E+02 at (9,6,30)
       Max VN number :  0.14E+00 at (10,5,30)
 
       Time Step    13300   September 19, 2026  15:34:48
       Step Size:  0.906E-03 s, Total Time:   15.13733 s
       Pressure Iterations: 6
       Maximum Velocity Error:  0.10E-01 on Mesh 14 at (13,48,2)
       Maximum Pressure Error:  0.12E+05 on Mesh 16 at (17,14,19)
       Maximum CFL Number    :  0.86E+00 on Mesh 16 at (16,4,28)
       Maximum VN Number     :  0.14E+00 on Mesh 12 at (1,11,21)
       ---------------------------------------------------------------
       Mesh    1
       Max CFL number:  0.29E+00 at (45,42,31)
       Max divergence:  0.60E+02 at (37,38,1)
       Min divergence: -0.79E+01 at (38,42,14)
       Max VN number :  0.48E-01 at (45,39,1)
       Mesh    2
       Max CFL number:  0.28E+00 at (1,39,22)
       Max divergence:  0.38E+02 at (4,33,1)
       Min divergence: -0.64E+01 at (6,45,12)
       Max VN number :  0.54E-01 at (3,45,1)
       Mesh    3
       Max CFL number:  0.27E+00 at (48,4,27)
       Max divergence:  0.47E+02 at (39,13,1)
       Min divergence: -0.91E+01 at (42,4,23)
       Max VN number :  0.62E-01 at (41,1,1)
       Mesh    4
       Max CFL number:  0.29E+00 at (2,6,29)
       Max divergence:  0.49E+02 at (13,10,1)
       Min divergence: -0.11E+02 at (2,9,16)
       Max VN number :  0.51E-01 at (4,7,31)
       Mesh    5
       Max CFL number:  0.54E+00 at (44,46,27)
       Max divergence:  0.46E+02 at (45,45,13)
       Min divergence: -0.68E+01 at (43,48,5)
       Max VN number :  0.89E-01 at (41,45,30)
       Mesh    6
       Max CFL number:  0.35E+00 at (10,40,32)
       Max divergence:  0.29E+02 at (1,47,5)
       Min divergence: -0.41E+01 at (2,47,18)
       Max VN number :  0.61E-01 at (2,47,6)
       Mesh    7
       Max CFL number:  0.68E+00 at (45,10,32)
       Max divergence:  0.36E+02 at (42,2,25)
       Min divergence: -0.10E+02 at (43,4,20)
       Max VN number :  0.85E-01 at (44,8,26)
       Mesh    8
       Max CFL number:  0.45E+00 at (1,12,32)
       Max divergence:  0.25E+02 at (2,2,13)
       Min divergence: -0.81E+01 at (2,1,13)
       Max VN number :  0.11E+00 at (2,2,13)
       Mesh    9
       Max CFL number:  0.61E+00 at (44,47,3)
       Max divergence:  0.25E+02 at (44,48,3)
       Min divergence: -0.89E+01 at (37,38,8)
       Max VN number :  0.93E-01 at (42,47,23)
       Mesh   10
       Max CFL number:  0.48E+00 at (2,44,20)
       Max divergence:  0.30E+02 at (7,45,25)
       Min divergence: -0.77E+01 at (3,37,5)
       Max VN number :  0.61E-01 at (5,41,31)
       Mesh   11
       Max CFL number:  0.68E+00 at (44,10,1)
       Max divergence:  0.33E+02 at (47,12,16)
       Min divergence: -0.97E+01 at (45,13,13)
       Max VN number :  0.10E+00 at (43,1,30)
       Mesh   12
       Max CFL number:  0.80E+00 at (11,10,25)
       Max divergence:  0.42E+02 at (17,6,26)
       Min divergence: -0.30E+02 at (1,11,21)
       Max VN number :  0.14E+00 at (1,11,21)
       Mesh   13
       Max CFL number:  0.48E+00 at (47,48,18)
       Max divergence:  0.43E+02 at (47,47,2)
       Min divergence: -0.51E+01 at (48,48,20)
       Max VN number :  0.58E-01 at (48,48,19)
       Mesh   14
       Max CFL number:  0.71E+00 at (24,48,31)
       Max divergence:  0.43E+02 at (1,47,4)
       Min divergence: -0.11E+02 at (10,48,20)
       Max VN number :  0.87E-01 at (5,45,12)
       Mesh   15
       Max CFL number:  0.67E+00 at (48,7,28)
       Max divergence:  0.29E+02 at (47,2,6)
       Min divergence: -0.87E+01 at (48,10,13)
       Max VN number :  0.80E-01 at (48,8,30)
       Mesh   16
       Max CFL number:  0.86E+00 at (16,4,28)
       Max divergence:  0.60E+02 at (16,2,13)
       Min divergence: -0.14E+02 at (10,7,26)
       Max VN number :  0.11E+00 at (9,8,24)
 
       Time Step    13400   September 19, 2026  15:35:34
       Step Size:  0.967E-03 s, Total Time:   15.23765 s
       Pressure Iterations: 6
       Maximum Velocity Error:  0.12E-01 on Mesh 11 at (48,12,32)
       Maximum Pressure Error:  0.70E+04 on Mesh 2 at (8,36,1)
       Maximum CFL Number    :  0.90E+00 on Mesh 16 at (19,15,24)
       Maximum VN Number     :  0.15E+00 on Mesh 15 at (48,13,5)
       ---------------------------------------------------------------
       Mesh    1
       Max CFL number:  0.35E+00 at (46,38,28)
       Max divergence:  0.64E+02 at (37,38,1)
       Min divergence: -0.67E+01 at (43,45,18)
       Max VN number :  0.89E-01 at (44,46,1)
       Mesh    2
       Max CFL number:  0.34E+00 at (2,40,30)
       Max divergence:  0.44E+02 at (10,36,1)
       Min divergence: -0.11E+02 at (3,48,31)
       Max VN number :  0.49E-01 at (4,48,32)
       Mesh    3
       Max CFL number:  0.34E+00 at (46,3,27)
       Max divergence:  0.47E+02 at (36,10,1)
       Min divergence: -0.62E+01 at (45,7,11)
       Max VN number :  0.46E-01 at (44,5,31)
       Mesh    4
       Max CFL number:  0.35E+00 at (3,3,32)
       Max divergence:  0.52E+02 at (11,12,1)
       Min divergence: -0.88E+01 at (2,8,24)
       Max VN number :  0.51E-01 at (1,2,1)
       Mesh    5
       Max CFL number:  0.61E+00 at (42,45,30)
       Max divergence:  0.49E+02 at (41,41,4)
       Min divergence: -0.76E+01 at (48,39,12)
       Max VN number :  0.86E-01 at (38,44,26)
       Mesh    6
       Max CFL number:  0.42E+00 at (1,47,17)
       Max divergence:  0.35E+02 at (1,48,16)
       Min divergence: -0.91E+01 at (2,45,18)
       Max VN number :  0.72E-01 at (2,45,18)
       Mesh    7
       Max CFL number:  0.57E+00 at (43,3,30)
       Max divergence:  0.28E+02 at (45,1,29)
       Min divergence: -0.82E+01 at (48,1,28)
       Max VN number :  0.77E-01 at (47,1,32)
       Mesh    8
       Max CFL number:  0.41E+00 at (1,6,17)
       Max divergence:  0.32E+02 at (1,1,6)
       Min divergence: -0.11E+02 at (1,6,28)
       Max VN number :  0.77E-01 at (1,6,28)
       Mesh    9
       Max CFL number:  0.70E+00 at (39,45,4)
       Max divergence:  0.49E+02 at (41,47,16)
       Min divergence: -0.91E+01 at (42,40,18)
       Max VN number :  0.10E+00 at (42,42,27)
       Mesh   10
       Max CFL number:  0.62E+00 at (2,47,32)
       Max divergence:  0.96E+01 at (15,37,5)
       Min divergence: -0.12E+02 at (18,45,17)
       Max VN number :  0.86E-01 at (1,45,30)
       Mesh   11
       Max CFL number:  0.81E+00 at (47,8,27)
       Max divergence:  0.41E+02 at (41,1,15)
       Min divergence: -0.12E+02 at (48,14,32)
       Max VN number :  0.13E+00 at (42,5,18)
       Mesh   12
       Max CFL number:  0.82E+00 at (1,8,31)
       Max divergence:  0.13E+02 at (19,15,29)
       Min divergence: -0.13E+02 at (21,15,25)
       Max VN number :  0.89E-01 at (1,17,28)
       Mesh   13
       Max CFL number:  0.61E+00 at (48,48,4)
       Max divergence:  0.13E+02 at (41,43,4)
       Min divergence: -0.14E+02 at (40,42,4)
       Max VN number :  0.99E-01 at (48,48,4)
       Mesh   14
       Max CFL number:  0.68E+00 at (1,48,3)
       Max divergence:  0.23E+02 at (8,46,31)
       Min divergence: -0.10E+02 at (13,45,12)
       Max VN number :  0.82E-01 at (3,47,2)
       Mesh   15
       Max CFL number:  0.84E+00 at (48,12,1)
       Max divergence:  0.24E+02 at (47,10,20)
       Min divergence: -0.13E+02 at (46,13,24)
       Max VN number :  0.15E+00 at (48,13,5)
       Mesh   16
       Max CFL number:  0.90E+00 at (19,15,24)
       Max divergence:  0.22E+02 at (18,14,26)
       Min divergence: -0.21E+02 at (17,19,25)
       Max VN number :  0.11E+00 at (1,12,17)
 
       Time Step    13500   September 19, 2026  15:36:18
       Step Size:  0.955E-03 s, Total Time:   15.33731 s
       Pressure Iterations: 6
       Maximum Velocity Error:  0.13E-01 on Mesh 13 at (38,48,1)
       Maximum Pressure Error:  0.11E+05 on Mesh 5 at (40,37,15)
       Maximum CFL Number    :  0.82E+00 on Mesh 9 at (38,46,29)
       Maximum VN Number     :  0.13E+00 on Mesh 11 at (38,1,30)
       ---------------------------------------------------------------
       Mesh    1
       Max CFL number:  0.34E+00 at (45,41,32)
       Max divergence:  0.52E+02 at (36,39,1)
       Min divergence: -0.91E+01 at (47,42,19)
       Max VN number :  0.68E-01 at (45,45,1)
       Mesh    2
       Max CFL number:  0.35E+00 at (7,43,27)
       Max divergence:  0.54E+02 at (12,39,1)
       Min divergence: -0.95E+01 at (1,43,26)
       Max VN number :  0.68E-01 at (6,43,31)
       Mesh    3
       Max CFL number:  0.34E+00 at (45,7,18)
       Max divergence:  0.46E+02 at (40,14,1)
       Min divergence: -0.13E+02 at (45,5,18)
       Max VN number :  0.66E-01 at (45,4,1)
       Mesh    4
       Max CFL number:  0.35E+00 at (5,7,23)
       Max divergence:  0.56E+02 at (11,12,1)
       Min divergence: -0.11E+02 at (5,3,19)
       Max VN number :  0.65E-01 at (4,8,32)
       Mesh    5
       Max CFL number:  0.46E+00 at (43,40,7)
       Max divergence:  0.40E+02 at (46,40,20)
       Min divergence: -0.11E+02 at (46,41,5)
       Max VN number :  0.76E-01 at (38,48,28)
       Mesh    6
       Max CFL number:  0.41E+00 at (1,38,3)
       Max divergence:  0.57E+02 at (3,39,2)
       Min divergence: -0.16E+02 at (7,40,4)
       Max VN number :  0.78E-01 at (4,40,6)
       Mesh    7
       Max CFL number:  0.49E+00 at (45,6,32)
       Max divergence:  0.53E+02 at (48,1,31)
       Min divergence: -0.59E+01 at (47,4,27)
       Max VN number :  0.64E-01 at (45,6,32)
       Mesh    8
       Max CFL number:  0.50E+00 at (1,6,31)
       Max divergence:  0.42E+02 at (4,4,1)
       Min divergence: -0.73E+01 at (4,2,8)
       Max VN number :  0.63E-01 at (2,9,28)
       Mesh    9
       Max CFL number:  0.82E+00 at (38,46,29)
       Max divergence:  0.24E+02 at (39,46,27)
       Min divergence: -0.99E+01 at (39,46,6)
       Max VN number :  0.12E+00 at (38,46,29)
       Mesh   10
       Max CFL number:  0.38E+00 at (2,48,9)
       Max divergence:  0.52E+01 at (14,47,29)
       Min divergence: -0.72E+01 at (2,45,2)
       Max VN number :  0.59E-01 at (5,38,31)
       Mesh   11
       Max CFL number:  0.74E+00 at (43,3,19)
       Max divergence:  0.47E+02 at (46,6,1)
       Min divergence: -0.12E+02 at (47,4,17)
       Max VN number :  0.13E+00 at (38,1,30)
       Mesh   12
       Max CFL number:  0.55E+00 at (1,3,7)
       Max divergence:  0.16E+02 at (2,5,8)
       Min divergence: -0.14E+02 at (1,4,11)
       Max VN number :  0.12E+00 at (1,4,11)
       Mesh   13
       Max CFL number:  0.80E+00 at (37,41,1)
       Max divergence:  0.24E+02 at (38,45,5)
       Min divergence: -0.18E+02 at (38,48,8)
       Max VN number :  0.11E+00 at (42,45,12)
       Mesh   14
       Max CFL number:  0.51E+00 at (1,48,19)
       Max divergence:  0.72E+01 at (20,48,31)
       Min divergence: -0.62E+01 at (1,41,10)
       Max VN number :  0.66E-01 at (5,45,13)
       Mesh   15
       Max CFL number:  0.80E+00 at (45,3,12)
       Max divergence:  0.23E+02 at (38,1,1)
       Min divergence: -0.11E+02 at (39,3,2)
       Max VN number :  0.11E+00 at (40,2,5)
       Mesh   16
       Max CFL number:  0.75E+00 at (3,16,11)
       Max divergence:  0.16E+02 at (5,13,30)
       Min divergence: -0.98E+01 at (2,23,18)
       Max VN number :  0.11E+00 at (5,13,30)
 
       Time Step    13600   September 19, 2026  15:37:03
       Step Size:  0.120E-02 s, Total Time:   15.43704 s
       Pressure Iterations: 6
       Maximum Velocity Error:  0.13E-01 on Mesh 11 at (48,3,22)
       Maximum Pressure Error:  0.14E+05 on Mesh 11 at (36,1,6)
       Maximum CFL Number    :  0.90E+00 on Mesh 15 at (41,8,11)
       Maximum VN Number     :  0.16E+00 on Mesh 15 at (38,6,13)
       ---------------------------------------------------------------
       Mesh    1
       Max CFL number:  0.50E+00 at (44,48,27)
       Max divergence:  0.41E+02 at (42,34,1)
       Min divergence: -0.17E+02 at (48,44,22)
       Max VN number :  0.70E-01 at (40,47,31)
       Mesh    2
       Max CFL number:  0.58E+00 at (3,41,31)
       Max divergence:  0.51E+02 at (11,37,1)
       Min divergence: -0.14E+02 at (5,46,29)
       Max VN number :  0.69E-01 at (6,47,32)
       Mesh    3
       Max CFL number:  0.54E+00 at (45,1,27)
       Max divergence:  0.49E+02 at (42,15,1)
       Min divergence: -0.18E+02 at (47,2,31)
       Max VN number :  0.86E-01 at (47,7,32)
       Mesh    4
       Max CFL number:  0.60E+00 at (3,3,30)
       Max divergence:  0.49E+02 at (11,12,1)
       Min divergence: -0.75E+01 at (7,1,31)
       Max VN number :  0.11E+00 at (5,2,1)
       Mesh    5
       Max CFL number:  0.66E+00 at (39,48,30)
       Max divergence:  0.46E+02 at (43,47,31)
       Min divergence: -0.80E+01 at (47,46,9)
       Max VN number :  0.73E-01 at (39,45,28)
       Mesh    6
       Max CFL number:  0.57E+00 at (4,40,3)
       Max divergence:  0.51E+02 at (2,48,18)
       Min divergence: -0.74E+01 at (9,46,20)
       Max VN number :  0.93E-01 at (3,36,19)
       Mesh    7
       Max CFL number:  0.66E+00 at (40,1,31)
       Max divergence:  0.47E+02 at (46,4,6)
       Min divergence: -0.12E+02 at (45,10,28)
       Max VN number :  0.10E+00 at (45,10,28)
       Mesh    8
       Max CFL number:  0.57E+00 at (4,2,20)
       Max divergence:  0.43E+02 at (7,2,20)
       Min divergence: -0.11E+02 at (11,6,7)
       Max VN number :  0.84E-01 at (4,11,23)
       Mesh    9
       Max CFL number:  0.68E+00 at (48,48,17)
       Max divergence:  0.37E+02 at (47,48,15)
       Min divergence: -0.90E+01 at (34,47,3)
       Max VN number :  0.13E+00 at (38,47,12)
       Mesh   10
       Max CFL number:  0.70E+00 at (1,48,16)
       Max divergence:  0.31E+02 at (3,45,4)
       Min divergence: -0.90E+01 at (4,42,5)
       Max VN number :  0.97E-01 at (1,47,18)
       Mesh   11
       Max CFL number:  0.87E+00 at (43,5,30)
       Max divergence:  0.46E+02 at (39,2,9)
       Min divergence: -0.88E+01 at (46,6,28)
       Max VN number :  0.14E+00 at (48,8,13)
       Mesh   12
       Max CFL number:  0.89E+00 at (1,4,20)
       Max divergence:  0.24E+02 at (3,6,23)
       Min divergence: -0.92E+01 at (2,3,28)
       Max VN number :  0.12E+00 at (2,3,28)
       Mesh   13
       Max CFL number:  0.77E+00 at (38,48,5)
       Max divergence:  0.91E+01 at (34,42,18)
       Min divergence: -0.97E+01 at (34,43,18)
       Max VN number :  0.12E+00 at (34,44,14)
       Mesh   14
       Max CFL number:  0.63E+00 at (1,48,1)
       Max divergence:  0.33E+01 at (4,45,2)
       Min divergence: -0.57E+01 at (3,45,2)
       Max VN number :  0.98E-01 at (1,48,1)
       Mesh   15
       Max CFL number:  0.90E+00 at (41,8,11)
       Max divergence:  0.99E+01 at (40,8,19)
       Min divergence: -0.66E+01 at (41,8,19)
       Max VN number :  0.16E+00 at (38,6,13)
       Mesh   16
       Max CFL number:  0.77E+00 at (1,15,29)
       Max divergence:  0.91E+01 at (27,18,32)
       Min divergence: -0.92E+01 at (4,28,29)
       Max VN number :  0.11E+00 at (4,28,28)
 
       Time Step    13700   September 19, 2026  15:37:48
       Step Size:  0.117E-02 s, Total Time:   15.55301 s
       Pressure Iterations: 6
       Maximum Velocity Error:  0.12E-01 on Mesh 6 at (7,48,29)
       Maximum Pressure Error:  0.17E+05 on Mesh 9 at (42,33,14)
       Maximum CFL Number    :  0.83E+00 on Mesh 15 at (37,6,29)
       Maximum VN Number     :  0.14E+00 on Mesh 15 at (37,6,4)
       ---------------------------------------------------------------
       Mesh    1
       Max CFL number:  0.56E+00 at (45,48,32)
       Max divergence:  0.54E+02 at (38,38,1)
       Min divergence: -0.61E+01 at (48,45,16)
       Max VN number :  0.71E-01 at (47,44,1)
       Mesh    2
       Max CFL number:  0.46E+00 at (1,48,31)
       Max divergence:  0.46E+02 at (9,35,1)
       Min divergence: -0.69E+01 at (4,46,32)
       Max VN number :  0.71E-01 at (5,47,28)
       Mesh    3
       Max CFL number:  0.56E+00 at (45,6,32)
       Max divergence:  0.45E+02 at (42,15,1)
       Min divergence: -0.83E+01 at (45,6,32)
       Max VN number :  0.67E-01 at (47,10,1)
       Mesh    4
       Max CFL number:  0.50E+00 at (1,6,29)
       Max divergence:  0.48E+02 at (11,12,1)
       Min divergence: -0.90E+01 at (3,1,25)
       Max VN number :  0.83E-01 at (2,1,1)
       Mesh    5
       Max CFL number:  0.68E+00 at (46,45,15)
       Max divergence:  0.46E+02 at (44,44,22)
       Min divergence: -0.15E+02 at (46,37,19)
       Max VN number :  0.83E-01 at (45,48,19)
       Mesh    6
       Max CFL number:  0.61E+00 at (3,47,17)
       Max divergence:  0.52E+02 at (9,48,27)
       Min divergence: -0.16E+02 at (7,47,22)
       Max VN number :  0.95E-01 at (8,43,29)
       Mesh    7
       Max CFL number:  0.72E+00 at (47,4,18)
       Max divergence:  0.45E+02 at (47,4,18)
       Min divergence: -0.11E+02 at (41,6,15)
       Max VN number :  0.12E+00 at (47,5,18)
       Mesh    8
       Max CFL number:  0.62E+00 at (4,1,19)
       Max divergence:  0.77E+02 at (11,2,27)
       Min divergence: -0.15E+02 at (6,1,23)
       Max VN number :  0.88E-01 at (9,6,32)
       Mesh    9
       Max CFL number:  0.61E+00 at (44,48,23)
       Max divergence:  0.66E+02 at (43,36,14)
       Min divergence: -0.11E+02 at (42,35,14)
       Max VN number :  0.10E+00 at (41,39,17)
       Mesh   10
       Max CFL number:  0.64E+00 at (1,48,18)
       Max divergence:  0.36E+02 at (1,47,4)
       Min divergence: -0.12E+02 at (5,45,20)
       Max VN number :  0.86E-01 at (5,45,20)
       Mesh   11
       Max CFL number:  0.70E+00 at (36,7,23)
       Max divergence:  0.20E+02 at (48,10,7)
       Min divergence: -0.91E+01 at (33,6,15)
       Max VN number :  0.10E+00 at (35,6,30)
       Mesh   12
       Max CFL number:  0.72E+00 at (2,7,27)
       Max divergence:  0.24E+02 at (7,3,14)
       Min divergence: -0.72E+01 at (2,6,29)
       Max VN number :  0.96E-01 at (3,5,23)
       Mesh   13
       Max CFL number:  0.73E+00 at (42,48,13)
       Max divergence:  0.81E+01 at (41,46,11)
       Min divergence: -0.89E+01 at (41,47,11)
       Max VN number :  0.11E+00 at (41,47,10)
       Mesh   14
       Max CFL number:  0.83E+00 at (2,47,15)
       Max divergence:  0.46E+01 at (4,47,11)
       Min divergence: -0.61E+01 at (2,47,16)
       Max VN number :  0.11E+00 at (2,47,16)
       Mesh   15
       Max CFL number:  0.83E+00 at (37,6,29)
       Max divergence:  0.15E+02 at (47,2,10)
       Min divergence: -0.15E+02 at (46,2,10)
       Max VN number :  0.14E+00 at (37,6,4)
       Mesh   16
       Max CFL number:  0.63E+00 at (2,2,18)
       Max divergence:  0.64E+01 at (2,3,15)
       Min divergence: -0.87E+01 at (2,2,24)
       Max VN number :  0.13E+00 at (2,2,24)
 
       Time Step    13800   September 19, 2026  15:38:33
       Step Size:  0.116E-02 s, Total Time:   15.67376 s
       Pressure Iterations: 6
       Maximum Velocity Error:  0.15E-01 on Mesh 7 at (48,6,24)
       Maximum Pressure Error:  0.14E+05 on Mesh 1 at (38,38,1)
       Maximum CFL Number    :  0.84E+00 on Mesh 8 at (4,4,28)
       Maximum VN Number     :  0.17E+00 on Mesh 8 at (4,4,29)
       ---------------------------------------------------------------
       Mesh    1
       Max CFL number:  0.45E+00 at (46,44,31)
       Max divergence:  0.54E+02 at (37,38,1)
       Min divergence: -0.91E+01 at (43,45,22)
       Max VN number :  0.70E-01 at (46,43,32)
       Mesh    2
       Max CFL number:  0.47E+00 at (5,45,30)
       Max divergence:  0.58E+02 at (10,36,1)
       Min divergence: -0.66E+01 at (1,43,17)
       Max VN number :  0.73E-01 at (1,41,1)
       Mesh    3
       Max CFL number:  0.43E+00 at (48,3,32)
       Max divergence:  0.68E+02 at (35,8,1)
       Min divergence: -0.68E+01 at (47,9,25)
       Max VN number :  0.62E-01 at (40,13,1)
       Mesh    4
       Max CFL number:  0.39E+00 at (3,2,32)
       Max divergence:  0.53E+02 at (11,12,1)
       Min divergence: -0.86E+01 at (8,4,25)
       Max VN number :  0.12E+00 at (9,5,1)
       Mesh    5
       Max CFL number:  0.73E+00 at (44,46,32)
       Max divergence:  0.39E+02 at (48,46,5)
       Min divergence: -0.59E+01 at (48,45,11)
       Max VN number :  0.12E+00 at (46,47,7)
       Mesh    6
       Max CFL number:  0.74E+00 at (1,47,15)
       Max divergence:  0.28E+02 at (4,47,8)
       Min divergence: -0.65E+01 at (5,44,4)
       Max VN number :  0.11E+00 at (4,47,7)
       Mesh    7
       Max CFL number:  0.83E+00 at (46,9,31)
       Max divergence:  0.40E+02 at (46,9,26)
       Min divergence: -0.10E+02 at (48,5,12)
       Max VN number :  0.13E+00 at (41,5,31)
       Mesh    8
       Max CFL number:  0.84E+00 at (4,4,28)
       Max divergence:  0.47E+02 at (1,1,24)
       Min divergence: -0.10E+02 at (1,2,23)
       Max VN number :  0.17E+00 at (4,4,29)
       Mesh    9
       Max CFL number:  0.70E+00 at (44,46,1)
       Max divergence:  0.44E+02 at (39,28,18)
       Min divergence: -0.11E+02 at (38,29,18)
       Max VN number :  0.11E+00 at (39,38,29)
       Mesh   10
       Max CFL number:  0.70E+00 at (1,48,17)
       Max divergence:  0.36E+02 at (4,41,20)
       Min divergence: -0.88E+01 at (1,31,19)
       Max VN number :  0.95E-01 at (5,47,19)
       Mesh   11
       Max CFL number:  0.79E+00 at (47,8,17)
       Max divergence:  0.36E+02 at (44,6,6)
       Min divergence: -0.11E+02 at (48,4,5)
       Max VN number :  0.13E+00 at (41,6,1)
       Mesh   12
       Max CFL number:  0.83E+00 at (1,9,2)
       Max divergence:  0.41E+02 at (2,8,10)
       Min divergence: -0.78E+01 at (1,8,9)
       Max VN number :  0.11E+00 at (4,2,15)
       Mesh   13
       Max CFL number:  0.65E+00 at (45,46,6)
       Max divergence:  0.12E+02 at (45,37,2)
       Min divergence: -0.50E+01 at (40,38,1)
       Max VN number :  0.78E-01 at (44,43,11)
       Mesh   14
       Max CFL number:  0.60E+00 at (2,48,3)
       Max divergence:  0.77E+01 at (1,38,1)
       Min divergence: -0.31E+01 at (1,47,6)
       Max VN number :  0.63E-01 at (2,33,24)
       Mesh   15
       Max CFL number:  0.70E+00 at (41,5,10)
       Max divergence:  0.12E+02 at (40,8,1)
       Min divergence: -0.66E+01 at (44,4,14)
       Max VN number :  0.97E-01 at (34,11,22)
       Mesh   16
       Max CFL number:  0.70E+00 at (6,5,16)
       Max divergence:  0.18E+02 at (1,12,11)
       Min divergence: -0.10E+02 at (6,8,7)
       Max VN number :  0.12E+00 at (4,7,15)
 
       Time Step    13900   September 19, 2026  15:39:18
       Step Size:  0.104E-02 s, Total Time:   15.78425 s
       Pressure Iterations: 7
       Maximum Velocity Error:  0.12E-01 on Mesh 1 at (48,41,29)
       Maximum Pressure Error:  0.10E+05 on Mesh 8 at (7,1,32)
       Maximum CFL Number    :  0.85E+00 on Mesh 9 at (45,47,6)
       Maximum VN Number     :  0.15E+00 on Mesh 9 at (46,47,8)
       ---------------------------------------------------------------
       Mesh    1
       Max CFL number:  0.28E+00 at (42,44,32)
       Max divergence:  0.51E+02 at (37,38,1)
       Min divergence: -0.70E+01 at (40,43,28)
       Max VN number :  0.64E-01 at (43,39,1)
       Mesh    2
       Max CFL number:  0.30E+00 at (5,43,29)
       Max divergence:  0.68E+02 at (10,37,1)
       Min divergence: -0.11E+02 at (8,45,24)
       Max VN number :  0.65E-01 at (5,43,1)
       Mesh    3
       Max CFL number:  0.34E+00 at (46,5,30)
       Max divergence:  0.59E+02 at (36,10,1)
       Min divergence: -0.68E+01 at (42,1,9)
       Max VN number :  0.58E-01 at (36,9,1)
       Mesh    4
       Max CFL number:  0.33E+00 at (7,8,26)
       Max divergence:  0.50E+02 at (11,12,1)
       Min divergence: -0.69E+01 at (3,4,21)
       Max VN number :  0.71E-01 at (2,6,1)
       Mesh    5
       Max CFL number:  0.80E+00 at (44,48,31)
       Max divergence:  0.60E+02 at (47,47,26)
       Min divergence: -0.67E+01 at (44,48,27)
       Max VN number :  0.10E+00 at (44,47,29)
       Mesh    6
       Max CFL number:  0.67E+00 at (3,47,25)
       Max divergence:  0.51E+02 at (1,47,26)
       Min divergence: -0.11E+02 at (5,45,20)
       Max VN number :  0.11E+00 at (6,48,31)
       Mesh    7
       Max CFL number:  0.78E+00 at (42,1,32)
       Max divergence:  0.43E+02 at (48,1,31)
       Min divergence: -0.81E+01 at (46,1,25)
       Max VN number :  0.76E-01 at (46,3,29)
       Mesh    8
       Max CFL number:  0.78E+00 at (7,1,31)
       Max divergence:  0.37E+02 at (3,1,28)
       Min divergence: -0.11E+02 at (7,1,32)
       Max VN number :  0.12E+00 at (7,1,31)
       Mesh    9
       Max CFL number:  0.85E+00 at (45,47,6)
       Max divergence:  0.29E+02 at (45,48,9)
       Min divergence: -0.94E+01 at (32,47,31)
       Max VN number :  0.15E+00 at (46,47,8)
       Mesh   10
       Max CFL number:  0.52E+00 at (6,47,19)
       Max divergence:  0.21E+02 at (9,47,4)
       Min divergence: -0.10E+02 at (13,40,31)
       Max VN number :  0.90E-01 at (1,26,17)
       Mesh   11
       Max CFL number:  0.83E+00 at (48,3,3)
       Max divergence:  0.35E+02 at (45,2,1)
       Min divergence: -0.90E+01 at (45,5,24)
       Max VN number :  0.11E+00 at (48,3,2)
       Mesh   12
       Max CFL number:  0.83E+00 at (3,7,15)
       Max divergence:  0.18E+02 at (7,1,2)
       Min divergence: -0.74E+01 at (13,6,17)
       Max VN number :  0.10E+00 at (1,2,11)
       Mesh   13
       Max CFL number:  0.60E+00 at (45,31,17)
       Max divergence:  0.44E+02 at (43,42,17)
       Min divergence: -0.99E+01 at (38,43,12)
       Max VN number :  0.86E-01 at (43,42,17)
       Mesh   14
       Max CFL number:  0.74E+00 at (3,48,14)
       Max divergence:  0.23E+02 at (2,35,15)
       Min divergence: -0.74E+01 at (1,41,24)
       Max VN number :  0.11E+00 at (1,41,14)
       Mesh   15
       Max CFL number:  0.83E+00 at (46,11,13)
       Max divergence:  0.32E+02 at (43,3,8)
       Min divergence: -0.12E+02 at (45,11,22)
       Max VN number :  0.11E+00 at (45,11,22)
       Mesh   16
       Max CFL number:  0.75E+00 at (7,8,28)
       Max divergence:  0.25E+02 at (2,11,5)
       Min divergence: -0.11E+02 at (3,15,5)
       Max VN number :  0.94E-01 at (3,11,3)
 
       Time Step    14000   September 19, 2026  15:40:03
       Step Size:  0.104E-02 s, Total Time:   15.88785 s
       Pressure Iterations: 6
       Maximum Velocity Error:  0.13E-01 on Mesh 15 at (48,10,22)
       Maximum Pressure Error:  0.15E+05 on Mesh 16 at (6,12,23)
       Maximum CFL Number    :  0.86E+00 on Mesh 15 at (47,10,25)
       Maximum VN Number     :  0.14E+00 on Mesh 16 at (5,8,30)
       ---------------------------------------------------------------
       Mesh    1
       Max CFL number:  0.36E+00 at (41,45,20)
       Max divergence:  0.46E+02 at (36,39,1)
       Min divergence: -0.15E+02 at (40,48,23)
       Max VN number :  0.76E-01 at (47,45,1)
       Mesh    2
       Max CFL number:  0.39E+00 at (5,39,29)
       Max divergence:  0.66E+02 at (10,37,1)
       Min divergence: -0.15E+02 at (5,48,18)
       Max VN number :  0.60E-01 at (5,47,25)
       Mesh    3
       Max CFL number:  0.36E+00 at (42,3,18)
       Max divergence:  0.49E+02 at (35,8,1)
       Min divergence: -0.95E+01 at (41,2,22)
       Max VN number :  0.76E-01 at (48,6,31)
       Mesh    4
       Max CFL number:  0.40E+00 at (3,6,22)
       Max divergence:  0.49E+02 at (11,12,1)
       Min divergence: -0.94E+01 at (8,1,26)
       Max VN number :  0.57E-01 at (9,1,25)
       Mesh    5
       Max CFL number:  0.60E+00 at (45,47,32)
       Max divergence:  0.40E+02 at (48,46,23)
       Min divergence: -0.76E+01 at (47,37,4)
       Max VN number :  0.72E-01 at (40,41,3)
       Mesh    6
       Max CFL number:  0.57E+00 at (1,47,31)
       Max divergence:  0.37E+02 at (1,46,24)
       Min divergence: -0.84E+01 at (6,36,11)
       Max VN number :  0.71E-01 at (5,46,28)
       Mesh    7
       Max CFL number:  0.58E+00 at (44,3,32)
       Max divergence:  0.29E+02 at (47,4,2)
       Min divergence: -0.58E+01 at (44,6,15)
       Max VN number :  0.78E-01 at (48,4,28)
       Mesh    8
       Max CFL number:  0.48E+00 at (4,3,20)
       Max divergence:  0.46E+02 at (4,2,21)
       Min divergence: -0.70E+01 at (2,3,22)
       Max VN number :  0.57E-01 at (7,10,1)
       Mesh    9
       Max CFL number:  0.82E+00 at (43,48,18)
       Max divergence:  0.32E+02 at (45,48,1)
       Min divergence: -0.10E+02 at (44,47,24)
       Max VN number :  0.14E+00 at (48,46,5)
       Mesh   10
       Max CFL number:  0.70E+00 at (4,46,8)
       Max divergence:  0.20E+02 at (1,47,6)
       Min divergence: -0.12E+02 at (2,47,14)
       Max VN number :  0.12E+00 at (3,45,9)
       Mesh   11
       Max CFL number:  0.84E+00 at (45,3,25)
       Max divergence:  0.21E+02 at (47,1,5)
       Min divergence: -0.13E+02 at (43,1,20)
       Max VN number :  0.11E+00 at (48,3,29)
       Mesh   12
       Max CFL number:  0.72E+00 at (1,1,25)
       Max divergence:  0.23E+02 at (4,1,6)
       Min divergence: -0.10E+02 at (15,2,15)
       Max VN number :  0.13E+00 at (9,7,28)
       Mesh   13
       Max CFL number:  0.67E+00 at (39,48,1)
       Max divergence:  0.25E+02 at (47,27,14)
       Min divergence: -0.15E+02 at (40,25,17)
       Max VN number :  0.97E-01 at (44,31,31)
       Mesh   14
       Max CFL number:  0.69E+00 at (5,30,23)
       Max divergence:  0.21E+02 at (4,33,22)
       Min divergence: -0.10E+02 at (2,38,24)
       Max VN number :  0.10E+00 at (6,47,25)
       Mesh   15
       Max CFL number:  0.86E+00 at (47,10,25)
       Max divergence:  0.31E+02 at (41,10,31)
       Min divergence: -0.12E+02 at (40,1,24)
       Max VN number :  0.13E+00 at (44,6,28)
       Mesh   16
       Max CFL number:  0.84E+00 at (3,10,18)
       Max divergence:  0.26E+02 at (7,12,23)
       Min divergence: -0.16E+02 at (6,12,23)
       Max VN number :  0.14E+00 at (5,8,30)
 
       Time Step    14100   September 19, 2026  15:40:48
       Step Size:  0.101E-02 s, Total Time:   15.99653 s
       Pressure Iterations: 7
       Maximum Velocity Error:  0.12E-01 on Mesh 9 at (41,47,32)
       Maximum Pressure Error:  0.16E+05 on Mesh 11 at (44,2,21)
       Maximum CFL Number    :  0.89E+00 on Mesh 11 at (42,3,20)
       Maximum VN Number     :  0.14E+00 on Mesh 15 at (43,5,4)
       ---------------------------------------------------------------
       Mesh    1
       Max CFL number:  0.48E+00 at (43,43,31)
       Max divergence:  0.45E+02 at (36,39,1)
       Min divergence: -0.13E+02 at (48,42,27)
       Max VN number :  0.74E-01 at (47,46,1)
       Mesh    2
       Max CFL number:  0.55E+00 at (6,47,28)
       Max divergence:  0.55E+02 at (8,35,1)
       Min divergence: -0.11E+02 at (2,44,27)
       Max VN number :  0.68E-01 at (6,47,27)
       Mesh    3
       Max CFL number:  0.49E+00 at (46,4,32)
       Max divergence:  0.44E+02 at (37,11,1)
       Min divergence: -0.22E+02 at (45,2,31)
       Max VN number :  0.69E-01 at (47,6,25)
       Mesh    4
       Max CFL number:  0.47E+00 at (8,1,29)
       Max divergence:  0.48E+02 at (11,12,1)
       Min divergence: -0.93E+01 at (2,2,29)
       Max VN number :  0.68E-01 at (8,1,28)
       Mesh    5
       Max CFL number:  0.44E+00 at (41,45,4)
       Max divergence:  0.51E+02 at (47,38,17)
       Min divergence: -0.13E+02 at (46,39,3)
       Max VN number :  0.59E-01 at (42,47,4)
       Mesh    6
       Max CFL number:  0.46E+00 at (6,46,1)
       Max divergence:  0.34E+02 at (2,32,6)
       Min divergence: -0.88E+01 at (15,43,6)
       Max VN number :  0.77E-01 at (1,46,30)
       Mesh    7
       Max CFL number:  0.51E+00 at (41,2,2)
       Max divergence:  0.58E+02 at (44,4,11)
       Min divergence: -0.10E+02 at (47,7,2)
       Max VN number :  0.70E-01 at (42,4,4)
       Mesh    8
       Max CFL number:  0.50E+00 at (9,11,9)
       Max divergence:  0.41E+02 at (2,5,8)
       Min divergence: -0.89E+01 at (4,4,2)
       Max VN number :  0.66E-01 at (7,1,27)
       Mesh    9
       Max CFL number:  0.83E+00 at (46,46,21)
       Max divergence:  0.24E+02 at (46,48,21)
       Min divergence: -0.52E+01 at (47,46,26)
       Max VN number :  0.92E-01 at (45,45,32)
       Mesh   10
       Max CFL number:  0.61E+00 at (2,48,19)
       Max divergence:  0.23E+02 at (3,48,7)
       Min divergence: -0.10E+02 at (1,48,23)
       Max VN number :  0.87E-01 at (1,48,23)
       Mesh   11
       Max CFL number:  0.89E+00 at (42,3,20)
       Max divergence:  0.43E+02 at (48,4,14)
       Min divergence: -0.11E+02 at (41,5,29)
       Max VN number :  0.13E+00 at (44,4,22)
       Mesh   12
       Max CFL number:  0.67E+00 at (4,2,16)
       Max divergence:  0.64E+02 at (3,3,6)
       Min divergence: -0.60E+01 at (1,6,13)
       Max VN number :  0.12E+00 at (4,2,17)
       Mesh   13
       Max CFL number:  0.66E+00 at (41,46,1)
       Max divergence:  0.18E+02 at (36,24,13)
       Min divergence: -0.13E+02 at (42,24,27)
       Max VN number :  0.89E-01 at (48,48,18)
       Mesh   14
       Max CFL number:  0.58E+00 at (1,47,1)
       Max divergence:  0.79E+01 at (3,21,19)
       Min divergence: -0.56E+01 at (3,22,21)
       Max VN number :  0.89E-01 at (4,46,3)
       Mesh   15
       Max CFL number:  0.77E+00 at (43,5,5)
       Max divergence:  0.16E+02 at (35,4,24)
       Min divergence: -0.77E+01 at (34,1,24)
       Max VN number :  0.14E+00 at (43,5,4)
       Mesh   16
       Max CFL number:  0.60E+00 at (3,13,20)
       Max divergence:  0.81E+01 at (2,17,31)
       Min divergence: -0.70E+01 at (1,18,31)
       Max VN number :  0.94E-01 at (1,18,31)
 
       Time Step    14200   September 19, 2026  15:41:34
       Step Size:  0.111E-02 s, Total Time:   16.09971 s
       Pressure Iterations: 6
       Maximum Velocity Error:  0.13E-01 on Mesh 13 at (48,47,19)
       Maximum Pressure Error:  0.97E+04 on Mesh 16 at (5,3,11)
       Maximum CFL Number    :  0.85E+00 on Mesh 13 at (43,45,23)
       Maximum VN Number     :  0.17E+00 on Mesh 16 at (4,3,13)
       ---------------------------------------------------------------
       Mesh    1
       Max CFL number:  0.45E+00 at (48,48,32)
       Max divergence:  0.44E+02 at (37,38,1)
       Min divergence: -0.93E+01 at (47,44,18)
       Max VN number :  0.85E-01 at (44,41,1)
       Mesh    2
       Max CFL number:  0.46E+00 at (4,48,32)
       Max divergence:  0.46E+02 at (7,34,1)
       Min divergence: -0.78E+01 at (12,45,10)
       Max VN number :  0.66E-01 at (5,46,29)
       Mesh    3
       Max CFL number:  0.49E+00 at (47,3,32)
       Max divergence:  0.50E+02 at (41,14,1)
       Min divergence: -0.64E+01 at (45,3,11)
       Max VN number :  0.78E-01 at (45,3,29)
       Mesh    4
       Max CFL number:  0.51E+00 at (4,3,32)
       Max divergence:  0.52E+02 at (12,11,1)
       Min divergence: -0.62E+01 at (4,5,27)
       Max VN number :  0.80E-01 at (4,4,30)
       Mesh    5
       Max CFL number:  0.74E+00 at (42,41,15)
       Max divergence:  0.49E+02 at (46,44,17)
       Min divergence: -0.15E+02 at (48,41,15)
       Max VN number :  0.96E-01 at (42,46,19)
       Mesh    6
       Max CFL number:  0.60E+00 at (4,43,12)
       Max divergence:  0.34E+02 at (1,42,14)
       Min divergence: -0.13E+02 at (1,43,15)
       Max VN number :  0.10E+00 at (4,43,12)
       Mesh    7
       Max CFL number:  0.56E+00 at (46,5,16)
       Max divergence:  0.52E+02 at (45,1,19)
       Min divergence: -0.12E+02 at (44,8,29)
       Max VN number :  0.95E-01 at (40,3,12)
       Mesh    8
       Max CFL number:  0.59E+00 at (3,4,16)
       Max divergence:  0.32E+02 at (5,6,21)
       Min divergence: -0.11E+02 at (2,4,16)
       Max VN number :  0.76E-01 at (11,1,14)
       Mesh    9
       Max CFL number:  0.55E+00 at (39,48,32)
       Max divergence:  0.29E+02 at (46,43,8)
       Min divergence: -0.68E+01 at (39,48,8)
       Max VN number :  0.68E-01 at (48,45,14)
       Mesh   10
       Max CFL number:  0.58E+00 at (11,48,32)
       Max divergence:  0.31E+02 at (5,42,8)
       Min divergence: -0.82E+01 at (1,42,17)
       Max VN number :  0.73E-01 at (2,40,12)
       Mesh   11
       Max CFL number:  0.59E+00 at (41,2,26)
       Max divergence:  0.27E+02 at (45,2,19)
       Min divergence: -0.70E+01 at (42,8,8)
       Max VN number :  0.85E-01 at (48,5,29)
       Mesh   12
       Max CFL number:  0.68E+00 at (8,2,26)
       Max divergence:  0.25E+02 at (3,3,19)
       Min divergence: -0.68E+01 at (6,6,1)
       Max VN number :  0.90E-01 at (5,4,32)
       Mesh   13
       Max CFL number:  0.85E+00 at (43,45,23)
       Max divergence:  0.80E+01 at (46,46,23)
       Min divergence: -0.55E+01 at (48,44,23)
       Max VN number :  0.11E+00 at (45,45,21)
       Mesh   14
       Max CFL number:  0.80E+00 at (3,46,13)
       Max divergence:  0.63E+01 at (6,19,27)
       Min divergence: -0.11E+02 at (6,48,6)
       Max VN number :  0.11E+00 at (1,45,25)
       Mesh   15
       Max CFL number:  0.71E+00 at (48,3,11)
       Max divergence:  0.61E+01 at (29,3,25)
       Min divergence: -0.81E+01 at (48,3,12)
       Max VN number :  0.10E+00 at (48,3,12)
       Mesh   16
       Max CFL number:  0.81E+00 at (4,4,4)
       Max divergence:  0.17E+02 at (5,4,11)
       Min divergence: -0.23E+02 at (4,3,13)
       Max VN number :  0.17E+00 at (4,3,13)
 
       Time Step    14300   September 19, 2026  15:42:19
       Step Size:  0.123E-02 s, Total Time:   16.22034 s
       Pressure Iterations: 7
       Maximum Velocity Error:  0.11E-01 on Mesh 8 at (4,1,32)
       Maximum Pressure Error:  0.20E+05 on Mesh 14 at (7,44,10)
       Maximum CFL Number    :  0.97E+00 on Mesh 14 at (5,47,5)
       Maximum VN Number     :  0.15E+00 on Mesh 16 at (1,3,20)
       ---------------------------------------------------------------
       Mesh    1
       Max CFL number:  0.37E+00 at (47,48,32)
       Max divergence:  0.49E+02 at (39,36,1)
       Min divergence: -0.60E+01 at (42,44,19)
       Max VN number :  0.84E-01 at (45,42,1)
       Mesh    2
       Max CFL number:  0.41E+00 at (4,48,32)
       Max divergence:  0.51E+02 at (4,35,1)
       Min divergence: -0.87E+01 at (1,42,28)
       Max VN number :  0.97E-01 at (1,43,1)
       Mesh    3
       Max CFL number:  0.45E+00 at (46,3,32)
       Max divergence:  0.46E+02 at (38,11,1)
       Min divergence: -0.79E+01 at (45,13,7)
       Max VN number :  0.70E-01 at (44,2,20)
       Mesh    4
       Max CFL number:  0.47E+00 at (5,2,32)
       Max divergence:  0.54E+02 at (12,11,1)
       Min divergence: -0.56E+01 at (13,1,11)
       Max VN number :  0.60E-01 at (5,2,32)
       Mesh    5
       Max CFL number:  0.77E+00 at (45,48,25)
       Max divergence:  0.38E+02 at (48,42,32)
       Min divergence: -0.11E+02 at (47,43,6)
       Max VN number :  0.11E+00 at (46,42,29)
       Mesh    6
       Max CFL number:  0.74E+00 at (3,43,15)
       Max divergence:  0.33E+02 at (3,48,7)
       Min divergence: -0.11E+02 at (6,43,8)
       Max VN number :  0.12E+00 at (6,43,7)
       Mesh    7
       Max CFL number:  0.68E+00 at (45,6,11)
       Max divergence:  0.41E+02 at (46,2,19)
       Min divergence: -0.97E+01 at (48,5,10)
       Max VN number :  0.10E+00 at (45,2,27)
       Mesh    8
       Max CFL number:  0.78E+00 at (3,1,25)
       Max divergence:  0.41E+02 at (5,1,1)
       Min divergence: -0.64E+01 at (3,5,19)
       Max VN number :  0.13E+00 at (3,5,18)
       Mesh    9
       Max CFL number:  0.69E+00 at (44,46,2)
       Max divergence:  0.29E+02 at (45,45,10)
       Min divergence: -0.10E+02 at (42,40,6)
       Max VN number :  0.10E+00 at (41,48,3)
       Mesh   10
       Max CFL number:  0.72E+00 at (5,48,1)
       Max divergence:  0.47E+02 at (8,47,16)
       Min divergence: -0.10E+02 at (6,38,18)
       Max VN number :  0.11E+00 at (4,41,30)
       Mesh   11
       Max CFL number:  0.74E+00 at (46,4,25)
       Max divergence:  0.32E+02 at (47,6,15)
       Min divergence: -0.74E+01 at (46,10,30)
       Max VN number :  0.90E-01 at (48,5,31)
       Mesh   12
       Max CFL number:  0.74E+00 at (4,1,2)
       Max divergence:  0.29E+02 at (8,5,9)
       Min divergence: -0.81E+01 at (6,5,21)
       Max VN number :  0.93E-01 at (12,3,2)
       Mesh   13
       Max CFL number:  0.77E+00 at (32,43,22)
       Max divergence:  0.12E+02 at (47,48,16)
       Min divergence: -0.11E+02 at (48,46,7)
       Max VN number :  0.10E+00 at (48,46,7)
       Mesh   14
       Max CFL number:  0.97E+00 at (5,47,5)
       Max divergence:  0.17E+02 at (2,47,3)
       Min divergence: -0.13E+02 at (6,44,11)
       Max VN number :  0.15E+00 at (6,44,11)
       Mesh   15
       Max CFL number:  0.78E+00 at (47,3,13)
       Max divergence:  0.21E+02 at (43,6,4)
       Min divergence: -0.18E+02 at (45,1,11)
       Max VN number :  0.13E+00 at (44,4,5)
       Mesh   16
       Max CFL number:  0.94E+00 at (4,4,13)
       Max divergence:  0.15E+02 at (3,5,16)
       Min divergence: -0.14E+02 at (1,3,20)
       Max VN number :  0.15E+00 at (1,3,20)
 
       Time Step    14400   September 19, 2026  15:43:05
       Step Size:  0.107E-02 s, Total Time:   16.32964 s
       Pressure Iterations: 6
       Maximum Velocity Error:  0.14E-01 on Mesh 15 at (48,1,30)
       Maximum Pressure Error:  0.19E+05 on Mesh 3 at (38,10,1)
       Maximum CFL Number    :  0.89E+00 on Mesh 16 at (1,6,31)
       Maximum VN Number     :  0.14E+00 on Mesh 15 at (47,2,17)
       ---------------------------------------------------------------
       Mesh    1
       Max CFL number:  0.32E+00 at (48,42,27)
       Max divergence:  0.53E+02 at (39,36,1)
       Min divergence: -0.60E+01 at (47,41,4)
       Max VN number :  0.13E+00 at (43,45,1)
       Mesh    2
       Max CFL number:  0.34E+00 at (7,44,27)
       Max divergence:  0.48E+02 at (15,42,1)
       Min divergence: -0.85E+01 at (5,39,22)
       Max VN number :  0.89E-01 at (7,38,1)
       Mesh    3
       Max CFL number:  0.30E+00 at (42,1,24)
       Max divergence:  0.62E+02 at (38,11,1)
       Min divergence: -0.69E+01 at (40,3,26)
       Max VN number :  0.49E-01 at (40,1,20)
       Mesh    4
       Max CFL number:  0.35E+00 at (7,5,31)
       Max divergence:  0.49E+02 at (11,12,1)
       Min divergence: -0.11E+02 at (5,3,30)
       Max VN number :  0.60E-01 at (7,5,30)
       Mesh    5
       Max CFL number:  0.69E+00 at (48,44,30)
       Max divergence:  0.33E+02 at (48,44,25)
       Min divergence: -0.10E+02 at (33,48,22)
       Max VN number :  0.10E+00 at (48,43,32)
       Mesh    6
       Max CFL number:  0.65E+00 at (3,47,21)
       Max divergence:  0.43E+02 at (2,43,23)
       Min divergence: -0.90E+01 at (5,45,5)
       Max VN number :  0.86E-01 at (6,42,17)
       Mesh    7
       Max CFL number:  0.68E+00 at (47,5,31)
       Max divergence:  0.45E+02 at (46,4,31)
       Min divergence: -0.10E+02 at (47,1,29)
       Max VN number :  0.80E-01 at (47,4,23)
       Mesh    8
       Max CFL number:  0.68E+00 at (1,6,29)
       Max divergence:  0.57E+02 at (4,2,17)
       Min divergence: -0.75E+01 at (9,2,8)
       Max VN number :  0.92E-01 at (2,9,30)
       Mesh    9
       Max CFL number:  0.69E+00 at (46,45,26)
       Max divergence:  0.45E+02 at (48,44,1)
       Min divergence: -0.13E+02 at (42,43,29)
       Max VN number :  0.11E+00 at (44,42,28)
       Mesh   10
       Max CFL number:  0.70E+00 at (2,39,30)
       Max divergence:  0.36E+02 at (1,46,3)
       Min divergence: -0.11E+02 at (13,34,31)
       Max VN number :  0.97E-01 at (1,40,31)
       Mesh   11
       Max CFL number:  0.72E+00 at (46,9,3)
       Max divergence:  0.57E+02 at (45,5,2)
       Min divergence: -0.80E+01 at (44,5,16)
       Max VN number :  0.10E+00 at (47,7,21)
       Mesh   12
       Max CFL number:  0.73E+00 at (2,1,6)
       Max divergence:  0.45E+02 at (1,5,32)
       Min divergence: -0.91E+01 at (4,12,8)
       Max VN number :  0.10E+00 at (1,5,32)
       Mesh   13
       Max CFL number:  0.69E+00 at (47,48,14)
       Max divergence:  0.36E+02 at (48,48,15)
       Min divergence: -0.98E+01 at (37,46,2)
       Max VN number :  0.12E+00 at (48,44,18)
       Mesh   14
       Max CFL number:  0.81E+00 at (7,40,23)
       Max divergence:  0.57E+02 at (1,48,15)
       Min divergence: -0.12E+02 at (3,47,24)
       Max VN number :  0.13E+00 at (10,46,22)
       Mesh   15
       Max CFL number:  0.78E+00 at (48,5,28)
       Max divergence:  0.72E+02 at (48,1,15)
       Min divergence: -0.14E+02 at (47,2,17)
       Max VN number :  0.14E+00 at (47,2,17)
       Mesh   16
       Max CFL number:  0.89E+00 at (1,6,31)
       Max divergence:  0.53E+02 at (4,2,8)
       Min divergence: -0.74E+01 at (4,7,30)
       Max VN number :  0.13E+00 at (1,5,31)
 
       Time Step    14500   September 19, 2026  15:43:51
       Step Size:  0.107E-02 s, Total Time:   16.43693 s
       Pressure Iterations: 6
       Maximum Velocity Error:  0.15E-01 on Mesh 8 at (4,1,32)
       Maximum Pressure Error:  0.14E+05 on Mesh 12 at (5,4,10)
       Maximum CFL Number    :  0.90E+00 on Mesh 14 at (7,42,27)
       Maximum VN Number     :  0.13E+00 on Mesh 12 at (4,4,9)
       ---------------------------------------------------------------
       Mesh    1
       Max CFL number:  0.41E+00 at (41,45,32)
       Max divergence:  0.51E+02 at (39,36,1)
       Min divergence: -0.13E+02 at (42,48,14)
       Max VN number :  0.92E-01 at (46,47,1)
       Mesh    2
       Max CFL number:  0.36E+00 at (8,45,29)
       Max divergence:  0.43E+02 at (13,39,1)
       Min divergence: -0.14E+02 at (5,37,28)
       Max VN number :  0.83E-01 at (3,45,1)
       Mesh    3
       Max CFL number:  0.35E+00 at (47,8,27)
       Max divergence:  0.57E+02 at (37,11,1)
       Min divergence: -0.95E+01 at (43,2,16)
       Max VN number :  0.78E-01 at (45,8,29)
       Mesh    4
       Max CFL number:  0.35E+00 at (8,5,30)
       Max divergence:  0.52E+02 at (11,12,1)
       Min divergence: -0.69E+01 at (4,1,9)
       Max VN number :  0.76E-01 at (5,6,1)
       Mesh    5
       Max CFL number:  0.63E+00 at (47,46,28)
       Max divergence:  0.46E+02 at (48,45,26)
       Min divergence: -0.82E+01 at (48,37,9)
       Max VN number :  0.87E-01 at (47,46,27)
       Mesh    6
       Max CFL number:  0.61E+00 at (3,45,28)
       Max divergence:  0.53E+02 at (6,48,16)
       Min divergence: -0.15E+02 at (8,43,31)
       Max VN number :  0.10E+00 at (8,43,30)
       Mesh    7
       Max CFL number:  0.64E+00 at (48,2,31)
       Max divergence:  0.19E+02 at (48,3,1)
       Min divergence: -0.48E+01 at (46,5,27)
       Max VN number :  0.60E-01 at (46,5,32)
       Mesh    8
       Max CFL number:  0.69E+00 at (1,3,31)
       Max divergence:  0.32E+02 at (6,4,14)
       Min divergence: -0.13E+02 at (1,4,22)
       Max VN number :  0.92E-01 at (8,3,32)
       Mesh    9
       Max CFL number:  0.87E+00 at (44,46,22)
       Max divergence:  0.29E+02 at (48,48,14)
       Min divergence: -0.77E+01 at (47,46,1)
       Max VN number :  0.10E+00 at (48,42,14)
       Mesh   10
       Max CFL number:  0.83E+00 at (6,42,15)
       Max divergence:  0.50E+02 at (3,47,1)
       Min divergence: -0.92E+01 at (4,48,7)
       Max VN number :  0.13E+00 at (7,48,14)
       Mesh   11
       Max CFL number:  0.78E+00 at (45,1,27)
       Max divergence:  0.21E+02 at (48,1,10)
       Min divergence: -0.99E+01 at (44,4,10)
       Max VN number :  0.11E+00 at (46,2,6)
       Mesh   12
       Max CFL number:  0.86E+00 at (7,2,10)
       Max divergence:  0.64E+02 at (2,2,8)
       Min divergence: -0.74E+01 at (1,14,27)
       Max VN number :  0.13E+00 at (4,4,9)
       Mesh   13
       Max CFL number:  0.74E+00 at (43,48,17)
       Max divergence:  0.35E+02 at (46,48,26)
       Min divergence: -0.19E+02 at (48,46,26)
       Max VN number :  0.13E+00 at (46,48,26)
       Mesh   14
       Max CFL number:  0.90E+00 at (7,42,27)
       Max divergence:  0.23E+02 at (2,36,8)
       Min divergence: -0.12E+02 at (2,34,20)
       Max VN number :  0.10E+00 at (1,45,25)
       Mesh   15
       Max CFL number:  0.88E+00 at (42,6,14)
       Max divergence:  0.34E+02 at (41,1,24)
       Min divergence: -0.10E+02 at (40,11,1)
       Max VN number :  0.12E+00 at (42,9,7)
       Mesh   16
       Max CFL number:  0.85E+00 at (5,2,17)
       Max divergence:  0.33E+02 at (1,9,9)
       Min divergence: -0.13E+02 at (2,6,17)
       Max VN number :  0.13E+00 at (2,2,31)
 
       Time Step    14600   September 19, 2026  15:44:36
       Step Size:  0.939E-03 s, Total Time:   16.53856 s
       Pressure Iterations: 6
       Maximum Velocity Error:  0.13E-01 on Mesh 10 at (2,48,27)
       Maximum Pressure Error:  0.16E+05 on Mesh 10 at (3,43,5)
       Maximum CFL Number    :  0.89E+00 on Mesh 15 at (37,5,29)
       Maximum VN Number     :  0.11E+00 on Mesh 15 at (38,8,31)
       ---------------------------------------------------------------
       Mesh    1
       Max CFL number:  0.49E+00 at (44,45,30)
       Max divergence:  0.48E+02 at (42,34,1)
       Min divergence: -0.15E+02 at (44,46,29)
       Max VN number :  0.57E-01 at (47,46,31)
       Mesh    2
       Max CFL number:  0.47E+00 at (3,45,30)
       Max divergence:  0.41E+02 at (4,33,1)
       Min divergence: -0.19E+02 at (4,47,30)
       Max VN number :  0.88E-01 at (3,44,1)
       Mesh    3
       Max CFL number:  0.47E+00 at (47,8,30)
       Max divergence:  0.46E+02 at (40,14,1)
       Min divergence: -0.14E+02 at (45,5,31)
       Max VN number :  0.55E-01 at (48,8,24)
       Mesh    4
       Max CFL number:  0.43E+00 at (4,2,29)
       Max divergence:  0.48E+02 at (10,13,1)
       Min divergence: -0.14E+02 at (3,4,27)
       Max VN number :  0.53E-01 at (1,9,31)
       Mesh    5
       Max CFL number:  0.50E+00 at (46,47,30)
       Max divergence:  0.52E+02 at (41,47,9)
       Min divergence: -0.14E+02 at (47,44,1)
       Max VN number :  0.62E-01 at (47,43,30)
       Mesh    6
       Max CFL number:  0.47E+00 at (9,43,32)
       Max divergence:  0.54E+02 at (7,46,23)
       Min divergence: -0.17E+02 at (5,44,2)
       Max VN number :  0.66E-01 at (1,44,1)
       Mesh    7
       Max CFL number:  0.42E+00 at (45,9,4)
       Max divergence:  0.54E+02 at (40,1,8)
       Min divergence: -0.14E+02 at (44,4,5)
       Max VN number :  0.65E-01 at (45,9,3)
       Mesh    8
       Max CFL number:  0.47E+00 at (3,5,29)
       Max divergence:  0.55E+02 at (1,8,5)
       Min divergence: -0.90E+01 at (1,7,4)
       Max VN number :  0.83E-01 at (11,4,23)
       Mesh    9
       Max CFL number:  0.69E+00 at (47,46,31)
       Max divergence:  0.35E+02 at (48,48,14)
       Min divergence: -0.70E+01 at (46,46,7)
       Max VN number :  0.97E-01 at (47,46,32)
       Mesh   10
       Max CFL number:  0.71E+00 at (10,42,14)
       Max divergence:  0.51E+02 at (5,43,3)
       Min divergence: -0.11E+02 at (11,42,16)
       Max VN number :  0.11E+00 at (11,42,16)
       Mesh   11
       Max CFL number:  0.64E+00 at (48,1,29)
       Max divergence:  0.28E+02 at (47,2,13)
       Min divergence: -0.48E+01 at (37,14,26)
       Max VN number :  0.87E-01 at (45,1,11)
       Mesh   12
       Max CFL number:  0.73E+00 at (1,1,32)
       Max divergence:  0.46E+02 at (6,3,1)
       Min divergence: -0.12E+02 at (9,2,6)
       Max VN number :  0.97E-01 at (6,9,20)
       Mesh   13
       Max CFL number:  0.74E+00 at (45,48,6)
       Max divergence:  0.16E+02 at (47,33,18)
       Min divergence: -0.12E+02 at (38,47,25)
       Max VN number :  0.11E+00 at (46,47,12)
       Mesh   14
       Max CFL number:  0.67E+00 at (3,42,14)
       Max divergence:  0.30E+02 at (19,42,3)
       Min divergence: -0.83E+01 at (6,38,20)
       Max VN number :  0.10E+00 at (3,42,14)
       Mesh   15
       Max CFL number:  0.89E+00 at (37,5,29)
       Max divergence:  0.13E+02 at (48,3,4)
       Min divergence: -0.10E+02 at (43,11,23)
       Max VN number :  0.11E+00 at (38,8,31)
       Mesh   16
       Max CFL number:  0.70E+00 at (2,2,6)
       Max divergence:  0.11E+02 at (6,11,16)
       Min divergence: -0.97E+01 at (3,15,4)
       Max VN number :  0.11E+00 at (5,4,1)
 
       Time Step    14700   September 19, 2026  15:45:21
       Step Size:  0.114E-02 s, Total Time:   16.64111 s
       Pressure Iterations: 6
       Maximum Velocity Error:  0.15E-01 on Mesh 12 at (2,5,32)
       Maximum Pressure Error:  0.94E+04 on Mesh 2 at (13,42,1)
       Maximum CFL Number    :  0.92E+00 on Mesh 14 at (6,48,31)
       Maximum VN Number     :  0.15E+00 on Mesh 10 at (7,41,23)
       ---------------------------------------------------------------
       Mesh    1
       Max CFL number:  0.50E+00 at (47,44,31)
       Max divergence:  0.46E+02 at (37,38,1)
       Min divergence: -0.55E+01 at (41,41,11)
       Max VN number :  0.77E-01 at (47,44,32)
       Mesh    2
       Max CFL number:  0.49E+00 at (3,47,31)
       Max divergence:  0.41E+02 at (11,37,1)
       Min divergence: -0.72E+01 at (3,48,17)
       Max VN number :  0.68E-01 at (4,47,31)
       Mesh    3
       Max CFL number:  0.52E+00 at (43,1,32)
       Max divergence:  0.42E+02 at (35,8,1)
       Min divergence: -0.14E+02 at (47,2,30)
       Max VN number :  0.60E-01 at (47,8,31)
       Mesh    4
       Max CFL number:  0.46E+00 at (2,2,31)
       Max divergence:  0.41E+02 at (15,5,1)
       Min divergence: -0.77E+01 at (5,2,19)
       Max VN number :  0.77E-01 at (2,3,32)
       Mesh    5
       Max CFL number:  0.75E+00 at (45,44,8)
       Max divergence:  0.60E+02 at (48,44,24)
       Min divergence: -0.97E+01 at (46,47,2)
       Max VN number :  0.98E-01 at (46,44,4)
       Mesh    6
       Max CFL number:  0.64E+00 at (3,46,20)
       Max divergence:  0.64E+02 at (6,38,26)
       Min divergence: -0.12E+02 at (6,35,22)
       Max VN number :  0.11E+00 at (6,38,26)
       Mesh    7
       Max CFL number:  0.62E+00 at (43,2,2)
       Max divergence:  0.70E+02 at (47,2,20)
       Min divergence: -0.10E+02 at (48,4,21)
       Max VN number :  0.10E+00 at (44,2,16)
       Mesh    8
       Max CFL number:  0.66E+00 at (3,9,12)
       Max divergence:  0.92E+02 at (3,7,19)
       Min divergence: -0.15E+02 at (3,7,18)
       Max VN number :  0.11E+00 at (1,10,13)
       Mesh    9
       Max CFL number:  0.79E+00 at (47,47,27)
       Max divergence:  0.48E+02 at (45,45,6)
       Min divergence: -0.10E+02 at (43,40,10)
       Max VN number :  0.11E+00 at (45,45,6)
       Mesh   10
       Max CFL number:  0.85E+00 at (2,44,32)
       Max divergence:  0.58E+02 at (5,48,26)
       Min divergence: -0.14E+02 at (7,41,23)
       Max VN number :  0.15E+00 at (7,41,23)
       Mesh   11
       Max CFL number:  0.73E+00 at (48,5,20)
       Max divergence:  0.21E+02 at (44,1,9)
       Min divergence: -0.67E+01 at (42,1,19)
       Max VN number :  0.11E+00 at (47,5,29)
       Mesh   12
       Max CFL number:  0.83E+00 at (1,3,23)
       Max divergence:  0.67E+02 at (4,5,12)
       Min divergence: -0.13E+02 at (9,8,4)
       Max VN number :  0.11E+00 at (3,4,20)
       Mesh   13
       Max CFL number:  0.81E+00 at (48,46,8)
       Max divergence:  0.12E+02 at (48,44,5)
       Min divergence: -0.64E+01 at (42,47,5)
       Max VN number :  0.13E+00 at (48,46,8)
       Mesh   14
       Max CFL number:  0.92E+00 at (6,48,31)
       Max divergence:  0.28E+02 at (3,48,7)
       Min divergence: -0.11E+02 at (9,27,24)
       Max VN number :  0.12E+00 at (9,45,24)
       Mesh   15
       Max CFL number:  0.79E+00 at (47,2,2)
       Max divergence:  0.14E+02 at (48,3,3)
       Min divergence: -0.63E+01 at (44,14,30)
       Max VN number :  0.90E-01 at (47,4,7)
       Mesh   16
       Max CFL number:  0.86E+00 at (6,1,26)
       Max divergence:  0.36E+02 at (3,2,6)
       Min divergence: -0.52E+01 at (16,7,9)
       Max VN number :  0.14E+00 at (2,4,31)
 
       Time Step    14800   September 19, 2026  15:46:07
       Step Size:  0.100E-02 s, Total Time:   16.75052 s
       Pressure Iterations: 7
       Maximum Velocity Error:  0.14E-01 on Mesh 5 at (48,48,32)
       Maximum Pressure Error:  0.16E+05 on Mesh 14 at (10,44,8)
       Maximum CFL Number    :  0.92E+00 on Mesh 14 at (10,44,8)
       Maximum VN Number     :  0.13E+00 on Mesh 9 at (48,46,32)
       ---------------------------------------------------------------
       Mesh    1
       Max CFL number:  0.34E+00 at (47,46,32)
       Max divergence:  0.50E+02 at (37,38,1)
       Min divergence: -0.65E+01 at (46,41,19)
       Max VN number :  0.47E-01 at (45,45,31)
       Mesh    2
       Max CFL number:  0.35E+00 at (3,47,30)
       Max divergence:  0.52E+02 at (11,37,1)
       Min divergence: -0.76E+01 at (9,41,15)
       Max VN number :  0.57E-01 at (11,38,1)
       Mesh    3
       Max CFL number:  0.35E+00 at (48,3,32)
       Max divergence:  0.56E+02 at (35,9,1)
       Min divergence: -0.78E+01 at (39,7,22)
       Max VN number :  0.65E-01 at (41,10,1)
       Mesh    4
       Max CFL number:  0.39E+00 at (7,4,31)
       Max divergence:  0.43E+02 at (11,12,1)
       Min divergence: -0.57E+01 at (3,11,14)
       Max VN number :  0.69E-01 at (7,4,31)
       Mesh    5
       Max CFL number:  0.60E+00 at (44,46,18)
       Max divergence:  0.38E+02 at (44,48,32)
       Min divergence: -0.56E+01 at (43,45,31)
       Max VN number :  0.85E-01 at (44,48,31)
       Mesh    6
       Max CFL number:  0.61E+00 at (3,46,31)
       Max divergence:  0.34E+02 at (2,46,30)
       Min divergence: -0.72E+01 at (2,48,28)
       Max VN number :  0.71E-01 at (1,45,20)
       Mesh    7
       Max CFL number:  0.62E+00 at (43,1,21)
       Max divergence:  0.51E+02 at (46,1,32)
       Min divergence: -0.69E+01 at (45,1,31)
       Max VN number :  0.83E-01 at (44,4,31)
       Mesh    8
       Max CFL number:  0.57E+00 at (6,4,28)
       Max divergence:  0.35E+02 at (2,4,1)
       Min divergence: -0.97E+01 at (8,2,2)
       Max VN number :  0.79E-01 at (3,1,25)
       Mesh    9
       Max CFL number:  0.70E+00 at (48,46,31)
       Max divergence:  0.56E+02 at (48,40,19)
       Min divergence: -0.14E+02 at (44,42,29)
       Max VN number :  0.13E+00 at (48,46,32)
       Mesh   10
       Max CFL number:  0.74E+00 at (4,47,28)
       Max divergence:  0.52E+02 at (2,41,19)
       Min divergence: -0.13E+02 at (17,40,29)
       Max VN number :  0.12E+00 at (17,39,27)
       Mesh   11
       Max CFL number:  0.65E+00 at (42,4,26)
       Max divergence:  0.42E+02 at (48,4,3)
       Min divergence: -0.48E+01 at (43,5,18)
       Max VN number :  0.81E-01 at (42,3,4)
       Mesh   12
       Max CFL number:  0.70E+00 at (11,2,27)
       Max divergence:  0.49E+02 at (6,1,23)
       Min divergence: -0.11E+02 at (4,10,32)
       Max VN number :  0.11E+00 at (7,6,26)
       Mesh   13
       Max CFL number:  0.70E+00 at (48,46,1)
       Max divergence:  0.71E+01 at (48,48,17)
       Min divergence: -0.76E+01 at (45,46,7)
       Max VN number :  0.98E-01 at (48,46,1)
       Mesh   14
       Max CFL number:  0.92E+00 at (10,44,8)
       Max divergence:  0.50E+02 at (8,46,8)
       Min divergence: -0.93E+01 at (10,46,26)
       Max VN number :  0.12E+00 at (16,37,18)
       Mesh   15
       Max CFL number:  0.68E+00 at (47,10,7)
       Max divergence:  0.10E+02 at (47,3,9)
       Min divergence: -0.71E+01 at (48,3,9)
       Max VN number :  0.94E-01 at (44,5,20)
       Mesh   16
       Max CFL number:  0.77E+00 at (11,3,10)
       Max divergence:  0.42E+02 at (10,3,8)
       Min divergence: -0.88E+01 at (6,2,12)
       Max VN number :  0.96E-01 at (11,3,9)
 
       Time Step    14900   September 19, 2026  15:46:52
       Step Size:  0.100E-02 s, Total Time:   16.85062 s
       Pressure Iterations: 7
       Maximum Velocity Error:  0.14E-01 on Mesh 4 at (11,11,0)
       Maximum Pressure Error:  0.12E+05 on Mesh 4 at (11,11,1)
       Maximum CFL Number    :  0.89E+00 on Mesh 15 at (46,5,17)
       Maximum VN Number     :  0.17E+00 on Mesh 16 at (3,6,25)
       ---------------------------------------------------------------
       Mesh    1
       Max CFL number:  0.36E+00 at (48,41,31)
       Max divergence:  0.54E+02 at (37,38,1)
       Min divergence: -0.70E+01 at (42,43,17)
       Max VN number :  0.54E-01 at (47,40,30)
       Mesh    2
       Max CFL number:  0.32E+00 at (3,42,32)
       Max divergence:  0.50E+02 at (9,35,1)
       Min divergence: -0.84E+01 at (8,41,22)
       Max VN number :  0.70E-01 at (7,42,1)
       Mesh    3
       Max CFL number:  0.33E+00 at (39,6,26)
       Max divergence:  0.61E+02 at (39,13,1)
       Min divergence: -0.67E+01 at (40,8,31)
       Max VN number :  0.63E-01 at (44,2,24)
       Mesh    4
       Max CFL number:  0.31E+00 at (2,3,32)
       Max divergence:  0.44E+02 at (11,12,1)
       Min divergence: -0.63E+01 at (4,9,22)
       Max VN number :  0.52E-01 at (4,4,1)
       Mesh    5
       Max CFL number:  0.66E+00 at (47,48,27)
       Max divergence:  0.32E+02 at (47,48,8)
       Min divergence: -0.85E+01 at (40,27,32)
       Max VN number :  0.87E-01 at (47,48,29)
       Mesh    6
       Max CFL number:  0.64E+00 at (1,45,25)
       Max divergence:  0.44E+02 at (2,47,20)
       Min divergence: -0.68E+01 at (2,47,2)
       Max VN number :  0.85E-01 at (5,44,14)
       Mesh    7
       Max CFL number:  0.67E+00 at (48,2,23)
       Max divergence:  0.24E+02 at (46,1,4)
       Min divergence: -0.60E+01 at (48,5,7)
       Max VN number :  0.72E-01 at (46,5,30)
       Mesh    8
       Max CFL number:  0.70E+00 at (1,5,22)
       Max divergence:  0.38E+02 at (4,3,18)
       Min divergence: -0.11E+02 at (7,3,17)
       Max VN number :  0.14E+00 at (4,3,18)
       Mesh    9
       Max CFL number:  0.70E+00 at (48,47,20)
       Max divergence:  0.31E+02 at (46,47,23)
       Min divergence: -0.12E+02 at (48,45,2)
       Max VN number :  0.10E+00 at (48,45,2)
       Mesh   10
       Max CFL number:  0.73E+00 at (1,48,19)
       Max divergence:  0.33E+02 at (14,48,31)
       Min divergence: -0.13E+02 at (18,40,32)
       Max VN number :  0.11E+00 at (14,48,32)
       Mesh   11
       Max CFL number:  0.62E+00 at (48,1,18)
       Max divergence:  0.29E+02 at (43,2,18)
       Min divergence: -0.12E+02 at (45,6,18)
       Max VN number :  0.11E+00 at (47,3,18)
       Mesh   12
       Max CFL number:  0.71E+00 at (1,1,19)
       Max divergence:  0.19E+02 at (7,3,3)
       Min divergence: -0.91E+01 at (13,6,28)
       Max VN number :  0.94E-01 at (3,7,2)
       Mesh   13
       Max CFL number:  0.79E+00 at (48,46,14)
       Max divergence:  0.14E+02 at (48,44,13)
       Min divergence: -0.72E+01 at (46,48,9)
       Max VN number :  0.96E-01 at (45,46,14)
       Mesh   14
       Max CFL number:  0.84E+00 at (15,47,27)
       Max divergence:  0.21E+02 at (1,44,13)
       Min divergence: -0.15E+02 at (17,43,1)
       Max VN number :  0.11E+00 at (10,46,16)
       Mesh   15
       Max CFL number:  0.89E+00 at (46,5,17)
       Max divergence:  0.25E+02 at (48,7,27)
       Min divergence: -0.92E+01 at (46,12,31)
       Max VN number :  0.11E+00 at (46,13,28)
       Mesh   16
       Max CFL number:  0.83E+00 at (14,1,22)
       Max divergence:  0.55E+02 at (2,7,26)
       Min divergence: -0.12E+02 at (4,12,27)
       Max VN number :  0.17E+00 at (3,6,25)
 
       Time Step    15000   September 19, 2026  15:47:37
       Step Size:  0.110E-02 s, Total Time:   16.95392 s
       Pressure Iterations: 7
       Maximum Velocity Error:  0.94E-02 on Mesh 14 at (1,48,8)
       Maximum Pressure Error:  0.17E+05 on Mesh 13 at (47,45,14)
       Maximum CFL Number    :  0.88E+00 on Mesh 13 at (47,45,14)
       Maximum VN Number     :  0.13E+00 on Mesh 11 at (44,4,32)
       ---------------------------------------------------------------
       Mesh    1
       Max CFL number:  0.37E+00 at (45,41,26)
       Max divergence:  0.50E+02 at (38,38,1)
       Min divergence: -0.12E+02 at (42,46,14)
       Max VN number :  0.50E-01 at (38,48,22)
       Mesh    2
       Max CFL number:  0.38E+00 at (1,42,31)
       Max divergence:  0.56E+02 at (11,38,1)
       Min divergence: -0.81E+01 at (2,41,26)
       Max VN number :  0.83E-01 at (4,46,1)
       Mesh    3
       Max CFL number:  0.43E+00 at (40,8,30)
       Max divergence:  0.54E+02 at (41,14,1)
       Min divergence: -0.10E+02 at (43,2,13)
       Max VN number :  0.66E-01 at (42,3,31)
       Mesh    4
       Max CFL number:  0.39E+00 at (7,4,16)
       Max divergence:  0.47E+02 at (9,14,1)
       Min divergence: -0.94E+01 at (4,5,14)
       Max VN number :  0.63E-01 at (3,9,28)
       Mesh    5
       Max CFL number:  0.60E+00 at (46,48,32)
       Max divergence:  0.57E+02 at (40,44,2)
       Min divergence: -0.16E+02 at (46,40,15)
       Max VN number :  0.95E-01 at (46,48,32)
       Mesh    6
       Max CFL number:  0.66E+00 at (3,42,30)
       Max divergence:  0.25E+02 at (5,43,28)
       Min divergence: -0.13E+02 at (7,47,31)
       Max VN number :  0.12E+00 at (7,47,30)
       Mesh    7
       Max CFL number:  0.61E+00 at (48,1,32)
       Max divergence:  0.21E+02 at (46,1,10)
       Min divergence: -0.91E+01 at (43,8,10)
       Max VN number :  0.78E-01 at (47,1,30)
       Mesh    8
       Max CFL number:  0.62E+00 at (1,3,31)
       Max divergence:  0.18E+02 at (2,1,15)
       Min divergence: -0.11E+02 at (10,6,24)
       Max VN number :  0.10E+00 at (7,1,21)
       Mesh    9
       Max CFL number:  0.80E+00 at (47,44,23)
       Max divergence:  0.31E+02 at (46,33,26)
       Min divergence: -0.11E+02 at (43,25,19)
       Max VN number :  0.13E+00 at (46,47,23)
       Mesh   10
       Max CFL number:  0.75E+00 at (5,45,3)
       Max divergence:  0.26E+02 at (2,45,8)
       Min divergence: -0.12E+02 at (6,46,5)
       Max VN number :  0.12E+00 at (2,45,8)
       Mesh   11
       Max CFL number:  0.71E+00 at (48,2,32)
       Max divergence:  0.31E+02 at (47,1,1)
       Min divergence: -0.16E+02 at (48,8,24)
       Max VN number :  0.13E+00 at (44,4,32)
       Mesh   12
       Max CFL number:  0.68E+00 at (1,2,11)
       Max divergence:  0.20E+02 at (1,1,3)
       Min divergence: -0.10E+02 at (3,4,10)
       Max VN number :  0.12E+00 at (3,1,7)
       Mesh   13
       Max CFL number:  0.88E+00 at (47,45,14)
       Max divergence:  0.30E+02 at (46,40,1)
       Min divergence: -0.12E+02 at (46,46,1)
       Max VN number :  0.12E+00 at (47,45,13)
       Mesh   14
       Max CFL number:  0.87E+00 at (6,43,24)
       Max divergence:  0.33E+02 at (7,41,17)
       Min divergence: -0.13E+02 at (6,40,27)
       Max VN number :  0.13E+00 at (9,41,24)
       Mesh   15
       Max CFL number:  0.76E+00 at (47,1,31)
       Max divergence:  0.15E+02 at (45,3,1)
       Min divergence: -0.14E+02 at (46,5,9)
       Max VN number :  0.12E+00 at (48,4,7)
       Mesh   16
       Max CFL number:  0.85E+00 at (11,2,20)
       Max divergence:  0.14E+02 at (1,5,3)
       Min divergence: -0.12E+02 at (18,1,8)
       Max VN number :  0.11E+00 at (11,8,28)
 
       Time Step    15100   September 19, 2026  15:48:22
       Step Size:  0.121E-02 s, Total Time:   17.06942 s
       Pressure Iterations: 7
       Maximum Velocity Error:  0.15E-01 on Mesh 2 at (1,48,32)
       Maximum Pressure Error:  0.13E+05 on Mesh 11 at (47,2,7)
       Maximum CFL Number    :  0.86E+00 on Mesh 10 at (2,44,26)
       Maximum VN Number     :  0.13E+00 on Mesh 11 at (47,2,6)
       ---------------------------------------------------------------
       Mesh    1
       Max CFL number:  0.55E+00 at (46,37,32)
       Max divergence:  0.58E+02 at (48,45,29)
       Min divergence: -0.13E+02 at (48,41,25)
       Max VN number :  0.96E-01 at (44,48,1)
       Mesh    2
       Max CFL number:  0.58E+00 at (4,41,25)
       Max divergence:  0.77E+02 at (4,48,32)
       Min divergence: -0.13E+02 at (2,45,21)
       Max VN number :  0.95E-01 at (8,47,29)
       Mesh    3
       Max CFL number:  0.58E+00 at (42,1,29)
       Max divergence:  0.52E+02 at (36,1,32)
       Min divergence: -0.17E+02 at (48,4,21)
       Max VN number :  0.10E+00 at (46,4,1)
       Mesh    4
       Max CFL number:  0.50E+00 at (4,3,32)
       Max divergence:  0.67E+02 at (4,1,32)
       Min divergence: -0.10E+02 at (1,7,26)
       Max VN number :  0.89E-01 at (4,1,32)
       Mesh    5
       Max CFL number:  0.54E+00 at (46,37,1)
       Max divergence:  0.44E+02 at (35,47,2)
       Min divergence: -0.12E+02 at (38,47,4)
       Max VN number :  0.92E-01 at (41,45,24)
       Mesh    6
       Max CFL number:  0.60E+00 at (10,44,26)
       Max divergence:  0.38E+02 at (3,48,1)
       Min divergence: -0.17E+02 at (11,42,32)
       Max VN number :  0.96E-01 at (12,44,29)
       Mesh    7
       Max CFL number:  0.61E+00 at (36,8,7)
       Max divergence:  0.53E+02 at (42,6,4)
       Min divergence: -0.14E+02 at (37,1,1)
       Max VN number :  0.96E-01 at (38,6,8)
       Mesh    8
       Max CFL number:  0.55E+00 at (2,2,29)
       Max divergence:  0.50E+02 at (6,6,4)
       Min divergence: -0.76E+01 at (1,5,1)
       Max VN number :  0.85E-01 at (6,6,6)
       Mesh    9
       Max CFL number:  0.78E+00 at (48,48,28)
       Max divergence:  0.97E+01 at (45,43,2)
       Min divergence: -0.72E+01 at (46,41,1)
       Max VN number :  0.93E-01 at (48,48,29)
       Mesh   10
       Max CFL number:  0.86E+00 at (2,44,26)
       Max divergence:  0.20E+02 at (2,47,5)
       Min divergence: -0.15E+02 at (10,42,2)
       Max VN number :  0.12E+00 at (6,42,18)
       Mesh   11
       Max CFL number:  0.66E+00 at (47,2,5)
       Max divergence:  0.19E+02 at (48,1,6)
       Min divergence: -0.70E+01 at (47,2,7)
       Max VN number :  0.13E+00 at (47,2,6)
       Mesh   12
       Max CFL number:  0.82E+00 at (4,1,30)
       Max divergence:  0.19E+02 at (2,2,6)
       Min divergence: -0.79E+01 at (20,8,25)
       Max VN number :  0.12E+00 at (6,2,25)
       Mesh   13
       Max CFL number:  0.86E+00 at (43,40,31)
       Max divergence:  0.14E+02 at (47,36,31)
       Min divergence: -0.11E+02 at (38,33,16)
       Max VN number :  0.12E+00 at (40,32,15)
       Mesh   14
       Max CFL number:  0.81E+00 at (11,41,25)
       Max divergence:  0.27E+02 at (3,38,31)
       Min divergence: -0.93E+01 at (19,48,31)
       Max VN number :  0.13E+00 at (1,46,10)
       Mesh   15
       Max CFL number:  0.75E+00 at (47,3,16)
       Max divergence:  0.65E+01 at (47,7,16)
       Min divergence: -0.57E+01 at (40,4,11)
       Max VN number :  0.95E-01 at (45,2,20)
       Mesh   16
       Max CFL number:  0.77E+00 at (4,1,30)
       Max divergence:  0.14E+02 at (17,4,27)
       Min divergence: -0.84E+01 at (20,4,14)
       Max VN number :  0.13E+00 at (2,1,4)
 
       Time Step    15200   September 19, 2026  15:49:07
       Step Size:  0.928E-03 s, Total Time:   17.18561 s
       Pressure Iterations: 6
       Maximum Velocity Error:  0.13E-01 on Mesh 6 at (1,48,32)
       Maximum Pressure Error:  0.12E+05 on Mesh 3 at (45,16,1)
       Maximum CFL Number    :  0.89E+00 on Mesh 16 at (8,4,2)
       Maximum VN Number     :  0.11E+00 on Mesh 10 at (9,47,22)
       ---------------------------------------------------------------
       Mesh    1
       Max CFL number:  0.39E+00 at (48,47,30)
       Max divergence:  0.50E+02 at (37,38,1)
       Min divergence: -0.61E+01 at (47,43,26)
       Max VN number :  0.50E-01 at (47,43,26)
       Mesh    2
       Max CFL number:  0.38E+00 at (4,45,29)
       Max divergence:  0.57E+02 at (10,37,1)
       Min divergence: -0.89E+01 at (2,44,15)
       Max VN number :  0.60E-01 at (6,46,20)
       Mesh    3
       Max CFL number:  0.37E+00 at (48,3,31)
       Max divergence:  0.45E+02 at (42,15,1)
       Min divergence: -0.65E+01 at (46,7,25)
       Max VN number :  0.59E-01 at (46,7,24)
       Mesh    4
       Max CFL number:  0.44E+00 at (7,3,31)
       Max divergence:  0.50E+02 at (14,9,1)
       Min divergence: -0.12E+02 at (6,3,30)
       Max VN number :  0.61E-01 at (5,7,26)
       Mesh    5
       Max CFL number:  0.51E+00 at (44,46,9)
       Max divergence:  0.65E+02 at (40,39,21)
       Min divergence: -0.14E+02 at (46,48,7)
       Max VN number :  0.64E-01 at (40,33,19)
       Mesh    6
       Max CFL number:  0.43E+00 at (2,42,9)
       Max divergence:  0.54E+02 at (1,38,10)
       Min divergence: -0.13E+02 at (5,47,7)
       Max VN number :  0.59E-01 at (4,47,8)
       Mesh    7
       Max CFL number:  0.47E+00 at (43,4,10)
       Max divergence:  0.46E+02 at (37,4,23)
       Min divergence: -0.16E+02 at (45,2,8)
       Max VN number :  0.57E-01 at (44,2,10)
       Mesh    8
       Max CFL number:  0.48E+00 at (11,4,3)
       Max divergence:  0.61E+02 at (5,2,12)
       Min divergence: -0.22E+02 at (3,5,2)
       Max VN number :  0.73E-01 at (9,2,7)
       Mesh    9
       Max CFL number:  0.57E+00 at (46,47,25)
       Max divergence:  0.35E+02 at (47,48,5)
       Min divergence: -0.10E+02 at (44,46,14)
       Max VN number :  0.75E-01 at (46,46,28)
       Mesh   10
       Max CFL number:  0.67E+00 at (9,42,25)
       Max divergence:  0.23E+02 at (1,39,1)
       Min divergence: -0.99E+01 at (4,45,25)
       Max VN number :  0.11E+00 at (9,47,22)
       Mesh   11
       Max CFL number:  0.50E+00 at (47,2,31)
       Max divergence:  0.37E+02 at (47,1,4)
       Min divergence: -0.93E+01 at (45,8,4)
       Max VN number :  0.59E-01 at (36,12,24)
       Mesh   12
       Max CFL number:  0.69E+00 at (8,2,32)
       Max divergence:  0.38E+02 at (1,8,1)
       Min divergence: -0.61E+01 at (7,1,11)
       Max VN number :  0.95E-01 at (5,1,29)
       Mesh   13
       Max CFL number:  0.54E+00 at (48,40,20)
       Max divergence:  0.10E+02 at (39,32,28)
       Min divergence: -0.99E+01 at (32,31,25)
       Max VN number :  0.80E-01 at (44,43,26)
       Mesh   14
       Max CFL number:  0.62E+00 at (6,48,1)
       Max divergence:  0.82E+01 at (4,36,22)
       Min divergence: -0.90E+01 at (18,37,26)
       Max VN number :  0.85E-01 at (16,40,31)
       Mesh   15
       Max CFL number:  0.49E+00 at (47,3,4)
       Max divergence:  0.45E+01 at (47,15,10)
       Min divergence: -0.45E+01 at (48,15,10)
       Max VN number :  0.64E-01 at (48,6,29)
       Mesh   16
       Max CFL number:  0.89E+00 at (8,4,2)
       Max divergence:  0.18E+02 at (8,4,8)
       Min divergence: -0.80E+01 at (7,2,10)
       Max VN number :  0.10E+00 at (2,8,16)
 
       Time Step    15300   September 19, 2026  15:49:51
       Step Size:  0.112E-02 s, Total Time:   17.29369 s
       Pressure Iterations: 6
       Maximum Velocity Error:  0.13E-01 on Mesh 12 at (8,3,32)
       Maximum Pressure Error:  0.14E+05 on Mesh 8 at (5,3,22)
       Maximum CFL Number    :  0.80E+00 on Mesh 9 at (43,47,31)
       Maximum VN Number     :  0.14E+00 on Mesh 9 at (43,47,31)
       ---------------------------------------------------------------
       Mesh    1
       Max CFL number:  0.34E+00 at (48,48,32)
       Max divergence:  0.44E+02 at (42,34,1)
       Min divergence: -0.58E+01 at (46,48,18)
       Max VN number :  0.59E-01 at (47,43,1)
       Mesh    2
       Max CFL number:  0.55E+00 at (5,46,32)
       Max divergence:  0.56E+02 at (10,36,1)
       Min divergence: -0.81E+01 at (6,48,32)
       Max VN number :  0.83E-01 at (8,43,1)
       Mesh    3
       Max CFL number:  0.46E+00 at (47,4,31)
       Max divergence:  0.50E+02 at (37,11,1)
       Min divergence: -0.67E+01 at (45,5,31)
       Max VN number :  0.78E-01 at (45,5,31)
       Mesh    4
       Max CFL number:  0.51E+00 at (2,6,32)
       Max divergence:  0.44E+02 at (7,15,1)
       Min divergence: -0.92E+01 at (4,12,17)
       Max VN number :  0.53E-01 at (3,9,13)
       Mesh    5
       Max CFL number:  0.67E+00 at (47,45,25)
       Max divergence:  0.35E+02 at (29,46,27)
       Min divergence: -0.73E+01 at (45,47,27)
       Max VN number :  0.74E-01 at (43,43,20)
       Mesh    6
       Max CFL number:  0.69E+00 at (7,48,9)
       Max divergence:  0.40E+02 at (4,46,1)
       Min divergence: -0.11E+02 at (4,48,20)
       Max VN number :  0.11E+00 at (8,41,25)
       Mesh    7
       Max CFL number:  0.73E+00 at (47,8,21)
       Max divergence:  0.41E+02 at (48,5,13)
       Min divergence: -0.11E+02 at (47,1,22)
       Max VN number :  0.11E+00 at (47,3,9)
       Mesh    8
       Max CFL number:  0.67E+00 at (6,6,9)
       Max divergence:  0.61E+02 at (2,2,21)
       Min divergence: -0.15E+02 at (3,3,20)
       Max VN number :  0.11E+00 at (8,1,17)
       Mesh    9
       Max CFL number:  0.80E+00 at (43,47,31)
       Max divergence:  0.59E+02 at (43,47,16)
       Min divergence: -0.10E+02 at (45,38,13)
       Max VN number :  0.14E+00 at (43,47,31)
       Mesh   10
       Max CFL number:  0.63E+00 at (1,48,29)
       Max divergence:  0.23E+02 at (12,48,19)
       Min divergence: -0.13E+02 at (13,46,31)
       Max VN number :  0.10E+00 at (13,46,30)
       Mesh   11
       Max CFL number:  0.63E+00 at (48,1,31)
       Max divergence:  0.52E+02 at (42,1,14)
       Min divergence: -0.10E+02 at (46,7,19)
       Max VN number :  0.61E-01 at (46,9,15)
       Mesh   12
       Max CFL number:  0.71E+00 at (1,1,31)
       Max divergence:  0.37E+02 at (9,3,29)
       Min divergence: -0.98E+01 at (9,5,31)
       Max VN number :  0.11E+00 at (1,1,31)
       Mesh   13
       Max CFL number:  0.79E+00 at (44,48,3)
       Max divergence:  0.13E+02 at (48,48,7)
       Min divergence: -0.13E+02 at (46,46,6)
       Max VN number :  0.14E+00 at (46,46,6)
       Mesh   14
       Max CFL number:  0.79E+00 at (9,40,20)
       Max divergence:  0.11E+02 at (12,38,24)
       Min divergence: -0.95E+01 at (12,40,5)
       Max VN number :  0.11E+00 at (12,40,5)
       Mesh   15
       Max CFL number:  0.67E+00 at (44,1,2)
       Max divergence:  0.81E+01 at (46,1,1)
       Min divergence: -0.71E+01 at (41,1,13)
       Max VN number :  0.95E-01 at (46,2,10)
       Mesh   16
       Max CFL number:  0.75E+00 at (12,4,29)
       Max divergence:  0.16E+02 at (9,5,1)
       Min divergence: -0.83E+01 at (7,1,13)
       Max VN number :  0.11E+00 at (8,1,9)
 
       Time Step    15400   September 19, 2026  15:50:36
       Step Size:  0.120E-02 s, Total Time:   17.41177 s
       Pressure Iterations: 7
       Maximum Velocity Error:  0.12E-01 on Mesh 7 at (48,2,16)
       Maximum Pressure Error:  0.20E+05 on Mesh 2 at (7,35,1)
       Maximum CFL Number    :  0.90E+00 on Mesh 11 at (45,6,7)
       Maximum VN Number     :  0.14E+00 on Mesh 14 at (4,47,30)
       ---------------------------------------------------------------
       Mesh    1
       Max CFL number:  0.40E+00 at (47,45,29)
       Max divergence:  0.43E+02 at (39,36,1)
       Min divergence: -0.80E+01 at (47,47,29)
       Max VN number :  0.80E-01 at (48,46,32)
       Mesh    2
       Max CFL number:  0.45E+00 at (7,45,32)
       Max divergence:  0.67E+02 at (12,39,1)
       Min divergence: -0.89E+01 at (10,47,23)
       Max VN number :  0.10E+00 at (1,42,1)
       Mesh    3
       Max CFL number:  0.44E+00 at (43,7,31)
       Max divergence:  0.51E+02 at (46,1,32)
       Min divergence: -0.66E+01 at (45,5,29)
       Max VN number :  0.91E-01 at (40,5,31)
       Mesh    4
       Max CFL number:  0.39E+00 at (1,3,32)
       Max divergence:  0.44E+02 at (11,12,1)
       Min divergence: -0.80E+01 at (8,6,25)
       Max VN number :  0.80E-01 at (1,6,1)
       Mesh    5
       Max CFL number:  0.59E+00 at (47,48,18)
       Max divergence:  0.39E+02 at (47,48,4)
       Min divergence: -0.11E+02 at (48,47,22)
       Max VN number :  0.10E+00 at (48,47,22)
       Mesh    6
       Max CFL number:  0.78E+00 at (9,46,30)
       Max divergence:  0.50E+02 at (3,48,21)
       Min divergence: -0.11E+02 at (10,46,32)
       Max VN number :  0.12E+00 at (6,43,23)
       Mesh    7
       Max CFL number:  0.87E+00 at (45,10,30)
       Max divergence:  0.45E+02 at (48,2,17)
       Min divergence: -0.11E+02 at (48,3,16)
       Max VN number :  0.12E+00 at (48,2,17)
       Mesh    8
       Max CFL number:  0.78E+00 at (1,8,32)
       Max divergence:  0.81E+02 at (4,1,20)
       Min divergence: -0.13E+02 at (7,8,30)
       Max VN number :  0.11E+00 at (2,10,28)
       Mesh    9
       Max CFL number:  0.77E+00 at (47,45,8)
       Max divergence:  0.42E+02 at (45,42,22)
       Min divergence: -0.85E+01 at (39,45,30)
       Max VN number :  0.10E+00 at (45,35,17)
       Mesh   10
       Max CFL number:  0.81E+00 at (3,48,6)
       Max divergence:  0.51E+02 at (7,38,24)
       Min divergence: -0.69E+01 at (15,34,14)
       Max VN number :  0.99E-01 at (7,46,13)
       Mesh   11
       Max CFL number:  0.90E+00 at (45,6,7)
       Max divergence:  0.36E+02 at (40,7,12)
       Min divergence: -0.14E+02 at (42,12,19)
       Max VN number :  0.13E+00 at (40,7,12)
       Mesh   12
       Max CFL number:  0.87E+00 at (3,1,5)
       Max divergence:  0.25E+02 at (2,5,10)
       Min divergence: -0.11E+02 at (8,1,4)
       Max VN number :  0.11E+00 at (2,7,7)
       Mesh   13
       Max CFL number:  0.66E+00 at (41,48,31)
       Max divergence:  0.14E+02 at (46,47,2)
       Min divergence: -0.86E+01 at (46,48,2)
       Max VN number :  0.11E+00 at (48,47,24)
       Mesh   14
       Max CFL number:  0.83E+00 at (4,47,31)
       Max divergence:  0.10E+02 at (2,45,8)
       Min divergence: -0.96E+01 at (3,46,7)
       Max VN number :  0.14E+00 at (4,47,30)
       Mesh   15
       Max CFL number:  0.72E+00 at (48,4,29)
       Max divergence:  0.21E+02 at (42,2,5)
       Min divergence: -0.68E+01 at (41,4,2)
       Max VN number :  0.10E+00 at (47,2,20)
       Mesh   16
       Max CFL number:  0.83E+00 at (7,3,8)
       Max divergence:  0.16E+02 at (8,7,17)
       Min divergence: -0.10E+02 at (1,1,17)
       Max VN number :  0.11E+00 at (5,1,15)
 
       Time Step    15500   September 19, 2026  15:51:21
       Step Size:  0.107E-02 s, Total Time:   17.52258 s
       Pressure Iterations: 7
       Maximum Velocity Error:  0.11E-01 on Mesh 10 at (1,48,11)
       Maximum Pressure Error:  0.13E+05 on Mesh 12 at (9,1,1)
       Maximum CFL Number    :  0.84E+00 on Mesh 12 at (2,11,17)
       Maximum VN Number     :  0.15E+00 on Mesh 11 at (48,2,15)
       ---------------------------------------------------------------
       Mesh    1
       Max CFL number:  0.37E+00 at (43,47,23)
       Max divergence:  0.45E+02 at (37,38,1)
       Min divergence: -0.90E+01 at (44,47,14)
       Max VN number :  0.65E-01 at (45,40,32)
       Mesh    2
       Max CFL number:  0.33E+00 at (3,43,16)
       Max divergence:  0.48E+02 at (14,40,1)
       Min divergence: -0.12E+02 at (6,45,19)
       Max VN number :  0.73E-01 at (8,39,1)
       Mesh    3
       Max CFL number:  0.39E+00 at (43,2,20)
       Max divergence:  0.46E+02 at (41,14,1)
       Min divergence: -0.80E+01 at (44,3,25)
       Max VN number :  0.61E-01 at (47,1,1)
       Mesh    4
       Max CFL number:  0.35E+00 at (9,8,31)
       Max divergence:  0.47E+02 at (11,12,1)
       Min divergence: -0.13E+02 at (7,1,16)
       Max VN number :  0.71E-01 at (4,5,1)
       Mesh    5
       Max CFL number:  0.58E+00 at (46,48,25)
       Max divergence:  0.51E+02 at (47,45,13)
       Min divergence: -0.11E+02 at (43,48,6)
       Max VN number :  0.84E-01 at (47,47,20)
       Mesh    6
       Max CFL number:  0.73E+00 at (7,46,24)
       Max divergence:  0.33E+02 at (5,46,22)
       Min divergence: -0.13E+02 at (8,42,9)
       Max VN number :  0.80E-01 at (10,47,28)
       Mesh    7
       Max CFL number:  0.71E+00 at (48,5,24)
       Max divergence:  0.39E+02 at (46,5,23)
       Min divergence: -0.15E+02 at (41,7,14)
       Max VN number :  0.11E+00 at (45,3,24)
       Mesh    8
       Max CFL number:  0.77E+00 at (9,1,31)
       Max divergence:  0.27E+02 at (3,1,15)
       Min divergence: -0.93E+01 at (14,9,31)
       Max VN number :  0.15E+00 at (9,1,32)
       Mesh    9
       Max CFL number:  0.74E+00 at (48,48,12)
       Max divergence:  0.25E+02 at (28,39,13)
       Min divergence: -0.89E+01 at (48,47,17)
       Max VN number :  0.10E+00 at (48,47,16)
       Mesh   10
       Max CFL number:  0.77E+00 at (1,46,14)
       Max divergence:  0.16E+02 at (4,32,23)
       Min divergence: -0.11E+02 at (3,30,23)
       Max VN number :  0.12E+00 at (1,48,16)
       Mesh   11
       Max CFL number:  0.80E+00 at (48,11,11)
       Max divergence:  0.29E+02 at (48,5,1)
       Min divergence: -0.15E+02 at (48,2,15)
       Max VN number :  0.15E+00 at (48,2,15)
       Mesh   12
       Max CFL number:  0.84E+00 at (2,11,17)
       Max divergence:  0.27E+02 at (8,1,1)
       Min divergence: -0.12E+02 at (1,4,7)
       Max VN number :  0.15E+00 at (2,11,17)
       Mesh   13
       Max CFL number:  0.57E+00 at (45,48,18)
       Max divergence:  0.14E+02 at (48,48,12)
       Min divergence: -0.12E+02 at (45,37,14)
       Max VN number :  0.91E-01 at (44,40,3)
       Mesh   14
       Max CFL number:  0.72E+00 at (13,37,16)
       Max divergence:  0.25E+02 at (17,44,9)
       Min divergence: -0.13E+02 at (15,43,24)
       Max VN number :  0.84E-01 at (15,41,17)
       Mesh   15
       Max CFL number:  0.67E+00 at (43,2,19)
       Max divergence:  0.18E+02 at (46,6,6)
       Min divergence: -0.12E+02 at (44,1,26)
       Max VN number :  0.13E+00 at (46,6,5)
       Mesh   16
       Max CFL number:  0.77E+00 at (2,7,27)
       Max divergence:  0.18E+02 at (4,4,32)
       Min divergence: -0.16E+02 at (5,9,11)
       Max VN number :  0.13E+00 at (5,9,11)
 
       Time Step    15600   September 19, 2026  15:52:06
       Step Size:  0.107E-02 s, Total Time:   17.62927 s
       Pressure Iterations: 6
       Maximum Velocity Error:  0.11E-01 on Mesh 11 at (48,7,8)
       Maximum Pressure Error:  0.19E+05 on Mesh 11 at (44,5,15)
       Maximum CFL Number    :  0.89E+00 on Mesh 12 at (5,8,11)
       Maximum VN Number     :  0.18E+00 on Mesh 11 at (44,5,14)
       ---------------------------------------------------------------
       Mesh    1
       Max CFL number:  0.45E+00 at (44,47,30)
       Max divergence:  0.55E+02 at (35,41,1)
       Min divergence: -0.11E+02 at (44,47,31)
       Max VN number :  0.56E-01 at (47,43,24)
       Mesh    2
       Max CFL number:  0.48E+00 at (1,44,30)
       Max divergence:  0.56E+02 at (15,43,1)
       Min divergence: -0.13E+02 at (7,46,29)
       Max VN number :  0.68E-01 at (1,44,29)
       Mesh    3
       Max CFL number:  0.45E+00 at (44,3,30)
       Max divergence:  0.51E+02 at (42,15,1)
       Min divergence: -0.23E+02 at (48,5,31)
       Max VN number :  0.49E-01 at (46,5,23)
       Mesh    4
       Max CFL number:  0.46E+00 at (3,5,29)
       Max divergence:  0.55E+02 at (11,12,1)
       Min divergence: -0.28E+02 at (1,5,30)
       Max VN number :  0.67E-01 at (1,5,29)
       Mesh    5
       Max CFL number:  0.64E+00 at (46,48,30)
       Max divergence:  0.44E+02 at (42,40,20)
       Min divergence: -0.11E+02 at (48,44,3)
       Max VN number :  0.85E-01 at (42,42,25)
       Mesh    6
       Max CFL number:  0.55E+00 at (9,46,25)
       Max divergence:  0.39E+02 at (5,43,11)
       Min divergence: -0.94E+01 at (1,44,2)
       Max VN number :  0.87E-01 at (3,42,7)
       Mesh    7
       Max CFL number:  0.71E+00 at (48,8,32)
       Max divergence:  0.52E+02 at (41,7,25)
       Min divergence: -0.11E+02 at (37,5,25)
       Max VN number :  0.93E-01 at (42,5,29)
       Mesh    8
       Max CFL number:  0.66E+00 at (1,8,28)
       Max divergence:  0.48E+02 at (9,1,5)
       Min divergence: -0.13E+02 at (8,1,5)
       Max VN number :  0.69E-01 at (3,9,30)
       Mesh    9
       Max CFL number:  0.64E+00 at (44,45,3)
       Max divergence:  0.31E+02 at (46,48,1)
       Min divergence: -0.65E+01 at (42,43,1)
       Max VN number :  0.10E+00 at (44,45,2)
       Mesh   10
       Max CFL number:  0.70E+00 at (4,48,21)
       Max divergence:  0.14E+02 at (2,48,25)
       Min divergence: -0.88E+01 at (1,29,31)
       Max VN number :  0.89E-01 at (1,46,2)
       Mesh   11
       Max CFL number:  0.87E+00 at (48,8,8)
       Max divergence:  0.28E+02 at (42,6,6)
       Min divergence: -0.19E+02 at (44,5,15)
       Max VN number :  0.18E+00 at (44,5,14)
       Mesh   12
       Max CFL number:  0.89E+00 at (5,8,11)
       Max divergence:  0.24E+02 at (1,9,5)
       Min divergence: -0.99E+01 at (4,2,28)
       Max VN number :  0.12E+00 at (4,2,27)
       Mesh   13
       Max CFL number:  0.61E+00 at (48,45,10)
       Max divergence:  0.17E+02 at (48,44,30)
       Min divergence: -0.87E+01 at (44,35,27)
       Max VN number :  0.77E-01 at (45,47,30)
       Mesh   14
       Max CFL number:  0.76E+00 at (8,48,15)
       Max divergence:  0.11E+02 at (6,34,16)
       Min divergence: -0.13E+02 at (1,43,31)
       Max VN number :  0.11E+00 at (10,46,8)
       Mesh   15
       Max CFL number:  0.73E+00 at (48,16,2)
       Max divergence:  0.14E+02 at (41,19,7)
       Min divergence: -0.97E+01 at (45,12,18)
       Max VN number :  0.11E+00 at (48,18,7)
       Mesh   16
       Max CFL number:  0.81E+00 at (1,16,2)
       Max divergence:  0.14E+02 at (21,3,31)
       Min divergence: -0.15E+02 at (4,15,19)
       Max VN number :  0.10E+00 at (4,15,19)
 
       Time Step    15700   September 19, 2026  15:52:51
       Step Size:  0.107E-02 s, Total Time:   17.73597 s
       Pressure Iterations: 8
       Maximum Velocity Error:  0.13E-01 on Mesh 1 at (48,33,1)
       Maximum Pressure Error:  0.18E+05 on Mesh 9 at (38,46,7)
       Maximum CFL Number    :  0.87E+00 on Mesh 11 at (48,12,26)
       Maximum VN Number     :  0.13E+00 on Mesh 11 at (39,7,23)
       ---------------------------------------------------------------
       Mesh    1
       Max CFL number:  0.46E+00 at (48,48,30)
       Max divergence:  0.66E+02 at (47,47,26)
       Min divergence: -0.77E+01 at (47,48,23)
       Max VN number :  0.60E-01 at (47,45,27)
       Mesh    2
       Max CFL number:  0.48E+00 at (2,42,32)
       Max divergence:  0.46E+02 at (8,35,1)
       Min divergence: -0.14E+02 at (2,47,27)
       Max VN number :  0.56E-01 at (2,41,32)
       Mesh    3
       Max CFL number:  0.50E+00 at (45,6,30)
       Max divergence:  0.44E+02 at (37,11,1)
       Min divergence: -0.87E+01 at (40,1,21)
       Max VN number :  0.83E-01 at (45,6,30)
       Mesh    4
       Max CFL number:  0.45E+00 at (3,3,32)
       Max divergence:  0.61E+02 at (10,12,1)
       Min divergence: -0.60E+01 at (5,2,11)
       Max VN number :  0.63E-01 at (2,1,1)
       Mesh    5
       Max CFL number:  0.62E+00 at (44,42,26)
       Max divergence:  0.57E+02 at (48,41,23)
       Min divergence: -0.13E+02 at (48,41,22)
       Max VN number :  0.82E-01 at (48,42,5)
       Mesh    6
       Max CFL number:  0.62E+00 at (5,41,16)
       Max divergence:  0.62E+02 at (7,41,22)
       Min divergence: -0.14E+02 at (5,43,19)
       Max VN number :  0.89E-01 at (5,45,8)
       Mesh    7
       Max CFL number:  0.61E+00 at (43,3,17)
       Max divergence:  0.48E+02 at (43,6,23)
       Min divergence: -0.16E+02 at (43,3,19)
       Max VN number :  0.97E-01 at (48,6,17)
       Mesh    8
       Max CFL number:  0.61E+00 at (11,2,32)
       Max divergence:  0.68E+02 at (1,6,18)
       Min divergence: -0.14E+02 at (5,2,11)
       Max VN number :  0.84E-01 at (11,2,32)
       Mesh    9
       Max CFL number:  0.80E+00 at (46,47,24)
       Max divergence:  0.36E+02 at (39,48,6)
       Min divergence: -0.16E+02 at (39,41,18)
       Max VN number :  0.12E+00 at (39,41,18)
       Mesh   10
       Max CFL number:  0.63E+00 at (2,45,29)
       Max divergence:  0.30E+02 at (5,48,1)
       Min divergence: -0.96E+01 at (12,43,6)
       Max VN number :  0.87E-01 at (13,45,16)
       Mesh   11
       Max CFL number:  0.87E+00 at (48,12,26)
       Max divergence:  0.35E+02 at (40,1,6)
       Min divergence: -0.20E+02 at (39,7,23)
       Max VN number :  0.13E+00 at (39,7,23)
       Mesh   12
       Max CFL number:  0.82E+00 at (3,11,23)
       Max divergence:  0.23E+02 at (5,1,1)
       Min divergence: -0.80E+01 at (9,3,7)
       Max VN number :  0.88E-01 at (4,24,32)
       Mesh   13
       Max CFL number:  0.60E+00 at (47,48,1)
       Max divergence:  0.24E+02 at (28,48,9)
       Min divergence: -0.57E+01 at (28,43,7)
       Max VN number :  0.77E-01 at (48,35,31)
       Mesh   14
       Max CFL number:  0.68E+00 at (12,42,27)
       Max divergence:  0.73E+01 at (20,36,7)
       Min divergence: -0.62E+01 at (13,31,24)
       Max VN number :  0.86E-01 at (16,42,19)
       Mesh   15
       Max CFL number:  0.74E+00 at (48,2,6)
       Max divergence:  0.21E+02 at (30,3,12)
       Min divergence: -0.74E+01 at (36,1,23)
       Max VN number :  0.10E+00 at (45,7,14)
       Mesh   16
       Max CFL number:  0.85E+00 at (9,6,31)
       Max divergence:  0.10E+02 at (9,18,21)
       Min divergence: -0.92E+01 at (13,8,7)
       Max VN number :  0.10E+00 at (8,9,4)
 
       Time Step    15800   September 19, 2026  15:53:36
       Step Size:  0.107E-02 s, Total Time:   17.84267 s
       Pressure Iterations: 7
       Maximum Velocity Error:  0.13E-01 on Mesh 9 at (35,48,16)
       Maximum Pressure Error:  0.85E+04 on Mesh 2 at (12,39,1)
       Maximum CFL Number    :  0.91E+00 on Mesh 15 at (47,6,13)
       Maximum VN Number     :  0.15E+00 on Mesh 15 at (39,2,11)
       ---------------------------------------------------------------
       Mesh    1
       Max CFL number:  0.35E+00 at (45,47,32)
       Max divergence:  0.53E+02 at (45,45,31)
       Min divergence: -0.69E+01 at (43,44,32)
       Max VN number :  0.59E-01 at (45,44,32)
       Mesh    2
       Max CFL number:  0.34E+00 at (5,47,29)
       Max divergence:  0.51E+02 at (10,36,1)
       Min divergence: -0.90E+01 at (3,48,19)
       Max VN number :  0.67E-01 at (6,46,32)
       Mesh    3
       Max CFL number:  0.37E+00 at (44,4,32)
       Max divergence:  0.55E+02 at (44,2,31)
       Min divergence: -0.75E+01 at (44,2,30)
       Max VN number :  0.63E-01 at (48,3,1)
       Mesh    4
       Max CFL number:  0.36E+00 at (1,5,26)
       Max divergence:  0.49E+02 at (14,8,1)
       Min divergence: -0.71E+01 at (3,1,19)
       Max VN number :  0.48E-01 at (1,5,31)
       Mesh    5
       Max CFL number:  0.61E+00 at (45,48,24)
       Max divergence:  0.35E+02 at (47,47,10)
       Min divergence: -0.58E+01 at (47,41,5)
       Max VN number :  0.92E-01 at (48,42,21)
       Mesh    6
       Max CFL number:  0.71E+00 at (4,41,25)
       Max divergence:  0.41E+02 at (5,48,32)
       Min divergence: -0.96E+01 at (6,46,1)
       Max VN number :  0.11E+00 at (3,41,28)
       Mesh    7
       Max CFL number:  0.70E+00 at (45,3,23)
       Max divergence:  0.50E+02 at (47,2,9)
       Min divergence: -0.64E+01 at (44,6,19)
       Max VN number :  0.97E-01 at (44,6,19)
       Mesh    8
       Max CFL number:  0.60E+00 at (4,3,21)
       Max divergence:  0.41E+02 at (2,5,13)
       Min divergence: -0.56E+01 at (1,6,5)
       Max VN number :  0.88E-01 at (1,8,27)
       Mesh    9
       Max CFL number:  0.75E+00 at (40,39,27)
       Max divergence:  0.71E+02 at (47,45,10)
       Min divergence: -0.16E+02 at (48,44,10)
       Max VN number :  0.11E+00 at (35,38,26)
       Mesh   10
       Max CFL number:  0.75E+00 at (8,43,28)
       Max divergence:  0.56E+02 at (2,48,9)
       Min divergence: -0.14E+02 at (13,44,24)
       Max VN number :  0.13E+00 at (13,43,24)
       Mesh   11
       Max CFL number:  0.71E+00 at (40,5,29)
       Max divergence:  0.74E+02 at (36,4,14)
       Min divergence: -0.13E+02 at (37,1,23)
       Max VN number :  0.12E+00 at (34,1,20)
       Mesh   12
       Max CFL number:  0.71E+00 at (3,8,32)
       Max divergence:  0.47E+02 at (3,2,5)
       Min divergence: -0.84E+01 at (13,4,26)
       Max VN number :  0.91E-01 at (10,5,16)
       Mesh   13
       Max CFL number:  0.76E+00 at (42,46,9)
       Max divergence:  0.36E+02 at (45,48,4)
       Min divergence: -0.18E+02 at (40,45,13)
       Max VN number :  0.13E+00 at (37,44,6)
       Mesh   14
       Max CFL number:  0.69E+00 at (6,48,31)
       Max divergence:  0.62E+01 at (12,27,31)
       Min divergence: -0.74E+01 at (5,48,8)
       Max VN number :  0.82E-01 at (5,48,7)
       Mesh   15
       Max CFL number:  0.91E+00 at (47,6,13)
       Max divergence:  0.37E+02 at (43,1,6)
       Min divergence: -0.16E+02 at (39,2,12)
       Max VN number :  0.15E+00 at (39,2,11)
       Mesh   16
       Max CFL number:  0.81E+00 at (2,3,12)
       Max divergence:  0.15E+02 at (1,2,1)
       Min divergence: -0.79E+01 at (8,15,14)
       Max VN number :  0.11E+00 at (6,16,16)
 
       Time Step    15900   September 19, 2026  15:54:23
       Step Size:  0.942E-03 s, Total Time:   17.94849 s
       Pressure Iterations: 7
       Maximum Velocity Error:  0.13E-01 on Mesh 1 at (37,39,0)
       Maximum Pressure Error:  0.14E+05 on Mesh 1 at (37,39,1)
       Maximum CFL Number    :  0.86E+00 on Mesh 15 at (33,2,13)
       Maximum VN Number     :  0.13E+00 on Mesh 12 at (1,8,3)
       ---------------------------------------------------------------
       Mesh    1
       Max CFL number:  0.32E+00 at (45,42,26)
       Max divergence:  0.60E+02 at (37,38,1)
       Min divergence: -0.66E+01 at (43,46,27)
       Max VN number :  0.59E-01 at (42,44,17)
       Mesh    2
       Max CFL number:  0.30E+00 at (8,48,18)
       Max divergence:  0.61E+02 at (12,38,1)
       Min divergence: -0.99E+01 at (5,46,25)
       Max VN number :  0.65E-01 at (4,45,1)
       Mesh    3
       Max CFL number:  0.34E+00 at (47,6,32)
       Max divergence:  0.51E+02 at (40,13,1)
       Min divergence: -0.89E+01 at (41,4,18)
       Max VN number :  0.80E-01 at (42,2,30)
       Mesh    4
       Max CFL number:  0.37E+00 at (3,4,28)
       Max divergence:  0.52E+02 at (10,12,1)
       Min divergence: -0.83E+01 at (4,7,32)
       Max VN number :  0.56E-01 at (2,5,32)
       Mesh    5
       Max CFL number:  0.46E+00 at (48,45,17)
       Max divergence:  0.45E+02 at (47,48,13)
       Min divergence: -0.91E+01 at (47,45,3)
       Max VN number :  0.82E-01 at (48,48,29)
       Mesh    6
       Max CFL number:  0.53E+00 at (3,48,23)
       Max divergence:  0.30E+02 at (3,45,17)
       Min divergence: -0.68E+01 at (9,44,2)
       Max VN number :  0.77E-01 at (3,48,23)
       Mesh    7
       Max CFL number:  0.64E+00 at (48,5,27)
       Max divergence:  0.56E+02 at (47,1,13)
       Min divergence: -0.12E+02 at (46,1,12)
       Max VN number :  0.76E-01 at (44,7,13)
       Mesh    8
       Max CFL number:  0.64E+00 at (4,8,23)
       Max divergence:  0.38E+02 at (1,5,17)
       Min divergence: -0.91E+01 at (1,12,32)
       Max VN number :  0.99E-01 at (3,9,32)
       Mesh    9
       Max CFL number:  0.67E+00 at (43,48,21)
       Max divergence:  0.30E+02 at (40,44,31)
       Min divergence: -0.13E+02 at (47,39,28)
       Max VN number :  0.87E-01 at (38,38,30)
       Mesh   10
       Max CFL number:  0.62E+00 at (2,47,25)
       Max divergence:  0.46E+02 at (1,48,31)
       Min divergence: -0.13E+02 at (4,38,21)
       Max VN number :  0.80E-01 at (4,42,22)
       Mesh   11
       Max CFL number:  0.77E+00 at (43,3,20)
       Max divergence:  0.33E+02 at (47,10,1)
       Min divergence: -0.11E+02 at (45,6,16)
       Max VN number :  0.12E+00 at (48,8,5)
       Mesh   12
       Max CFL number:  0.70E+00 at (2,3,15)
       Max divergence:  0.65E+02 at (1,8,3)
       Min divergence: -0.27E+02 at (1,9,3)
       Max VN number :  0.13E+00 at (1,8,3)
       Mesh   13
       Max CFL number:  0.73E+00 at (35,35,3)
       Max divergence:  0.51E+02 at (40,46,21)
       Min divergence: -0.11E+02 at (30,42,30)
       Max VN number :  0.11E+00 at (47,45,7)
       Mesh   14
       Max CFL number:  0.61E+00 at (5,43,5)
       Max divergence:  0.38E+02 at (14,47,3)
       Min divergence: -0.94E+01 at (14,43,9)
       Max VN number :  0.11E+00 at (15,41,2)
       Mesh   15
       Max CFL number:  0.86E+00 at (33,2,13)
       Max divergence:  0.49E+02 at (38,5,25)
       Min divergence: -0.14E+02 at (48,12,28)
       Max VN number :  0.13E+00 at (48,12,27)
       Mesh   16
       Max CFL number:  0.85E+00 at (13,12,4)
       Max divergence:  0.42E+02 at (12,5,4)
       Min divergence: -0.11E+02 at (15,2,5)
       Max VN number :  0.95E-01 at (13,12,4)
 
       Time Step    16000   September 19, 2026  15:55:09
       Step Size:  0.102E-02 s, Total Time:   18.04518 s
       Pressure Iterations: 7
       Maximum Velocity Error:  0.12E-01 on Mesh 13 at (44,48,18)
       Maximum Pressure Error:  0.16E+05 on Mesh 13 at (44,48,18)
       Maximum CFL Number    :  0.87E+00 on Mesh 15 at (42,3,22)
       Maximum VN Number     :  0.16E+00 on Mesh 13 at (44,48,17)
       ---------------------------------------------------------------
       Mesh    1
       Max CFL number:  0.38E+00 at (44,46,28)
       Max divergence:  0.62E+02 at (37,38,1)
       Min divergence: -0.81E+01 at (45,45,25)
       Max VN number :  0.67E-01 at (47,40,1)
       Mesh    2
       Max CFL number:  0.40E+00 at (7,46,25)
       Max divergence:  0.57E+02 at (12,38,1)
       Min divergence: -0.13E+02 at (6,45,30)
       Max VN number :  0.58E-01 at (7,46,25)
       Mesh    3
       Max CFL number:  0.41E+00 at (46,7,31)
       Max divergence:  0.50E+02 at (39,13,1)
       Min divergence: -0.60E+01 at (41,3,28)
       Max VN number :  0.66E-01 at (42,3,26)
       Mesh    4
       Max CFL number:  0.39E+00 at (4,6,32)
       Max divergence:  0.61E+02 at (10,12,1)
       Min divergence: -0.58E+01 at (5,4,24)
       Max VN number :  0.60E-01 at (4,3,32)
       Mesh    5
       Max CFL number:  0.56E+00 at (48,46,29)
       Max divergence:  0.48E+02 at (41,46,7)
       Min divergence: -0.92E+01 at (43,44,23)
       Max VN number :  0.87E-01 at (43,44,22)
       Mesh    6
       Max CFL number:  0.58E+00 at (3,46,22)
       Max divergence:  0.38E+02 at (8,46,2)
       Min divergence: -0.11E+02 at (6,47,3)
       Max VN number :  0.65E-01 at (5,40,8)
       Mesh    7
       Max CFL number:  0.57E+00 at (41,5,30)
       Max divergence:  0.45E+02 at (47,6,28)
       Min divergence: -0.10E+02 at (47,5,24)
       Max VN number :  0.75E-01 at (41,5,29)
       Mesh    8
       Max CFL number:  0.61E+00 at (5,8,32)
       Max divergence:  0.39E+02 at (1,6,29)
       Min divergence: -0.81E+01 at (1,4,26)
       Max VN number :  0.79E-01 at (3,3,1)
       Mesh    9
       Max CFL number:  0.72E+00 at (42,47,22)
       Max divergence:  0.10E+02 at (47,48,10)
       Min divergence: -0.96E+01 at (35,42,29)
       Max VN number :  0.85E-01 at (36,41,28)
       Mesh   10
       Max CFL number:  0.71E+00 at (4,44,10)
       Max divergence:  0.28E+02 at (2,48,1)
       Min divergence: -0.98E+01 at (7,36,19)
       Max VN number :  0.11E+00 at (4,44,9)
       Mesh   11
       Max CFL number:  0.64E+00 at (45,3,20)
       Max divergence:  0.35E+02 at (46,3,4)
       Min divergence: -0.83E+01 at (34,8,26)
       Max VN number :  0.10E+00 at (45,3,19)
       Mesh   12
       Max CFL number:  0.71E+00 at (3,7,5)
       Max divergence:  0.67E+02 at (2,6,5)
       Min divergence: -0.91E+01 at (3,8,19)
       Max VN number :  0.12E+00 at (4,6,17)
       Mesh   13
       Max CFL number:  0.85E+00 at (45,48,19)
       Max divergence:  0.14E+02 at (44,48,20)
       Min divergence: -0.12E+02 at (45,48,20)
       Max VN number :  0.16E+00 at (44,48,17)
       Mesh   14
       Max CFL number:  0.82E+00 at (4,48,19)
       Max divergence:  0.12E+02 at (7,43,8)
       Min divergence: -0.90E+01 at (5,39,2)
       Max VN number :  0.10E+00 at (10,46,4)
       Mesh   15
       Max CFL number:  0.87E+00 at (42,3,22)
       Max divergence:  0.90E+01 at (34,1,6)
       Min divergence: -0.80E+01 at (48,3,17)
       Max VN number :  0.11E+00 at (48,3,16)
       Mesh   16
       Max CFL number:  0.80E+00 at (3,5,22)
       Max divergence:  0.20E+02 at (13,12,28)
       Min divergence: -0.14E+02 at (18,2,19)
       Max VN number :  0.13E+00 at (13,12,28)
 
       Time Step    16100   September 19, 2026  15:55:54
       Step Size:  0.113E-02 s, Total Time:   18.15395 s
       Pressure Iterations: 6
       Maximum Velocity Error:  0.13E-01 on Mesh 9 at (48,48,23)
       Maximum Pressure Error:  0.20E+05 on Mesh 4 at (10,12,1)
       Maximum CFL Number    :  0.83E+00 on Mesh 11 at (46,8,16)
       Maximum VN Number     :  0.14E+00 on Mesh 12 at (5,9,28)
       ---------------------------------------------------------------
       Mesh    1
       Max CFL number:  0.53E+00 at (48,47,32)
       Max divergence:  0.60E+02 at (37,38,1)
       Min divergence: -0.62E+01 at (46,48,27)
       Max VN number :  0.79E-01 at (44,45,23)
       Mesh    2
       Max CFL number:  0.51E+00 at (2,43,30)
       Max divergence:  0.50E+02 at (8,35,1)
       Min divergence: -0.66E+01 at (7,48,13)
       Max VN number :  0.80E-01 at (3,42,32)
       Mesh    3
       Max CFL number:  0.47E+00 at (45,3,31)
       Max divergence:  0.51E+02 at (35,7,1)
       Min divergence: -0.12E+02 at (47,7,18)
       Max VN number :  0.77E-01 at (44,6,28)
       Mesh    4
       Max CFL number:  0.46E+00 at (1,7,32)
       Max divergence:  0.53E+02 at (10,13,1)
       Min divergence: -0.74E+01 at (5,1,27)
       Max VN number :  0.77E-01 at (1,7,32)
       Mesh    5
       Max CFL number:  0.59E+00 at (43,48,7)
       Max divergence:  0.48E+02 at (45,41,26)
       Min divergence: -0.10E+02 at (42,41,29)
       Max VN number :  0.86E-01 at (41,41,28)
       Mesh    6
       Max CFL number:  0.59E+00 at (10,45,10)
       Max divergence:  0.48E+02 at (6,46,17)
       Min divergence: -0.10E+02 at (1,45,17)
       Max VN number :  0.11E+00 at (1,47,32)
       Mesh    7
       Max CFL number:  0.56E+00 at (42,1,4)
       Max divergence:  0.50E+02 at (44,1,29)
       Min divergence: -0.79E+01 at (44,3,11)
       Max VN number :  0.69E-01 at (45,9,32)
       Mesh    8
       Max CFL number:  0.52E+00 at (2,11,32)
       Max divergence:  0.48E+02 at (8,1,9)
       Min divergence: -0.71E+01 at (2,1,14)
       Max VN number :  0.96E-01 at (5,6,10)
       Mesh    9
       Max CFL number:  0.58E+00 at (48,48,25)
       Max divergence:  0.31E+02 at (45,48,1)
       Min divergence: -0.83E+01 at (41,44,7)
       Max VN number :  0.82E-01 at (48,48,26)
       Mesh   10
       Max CFL number:  0.77E+00 at (6,48,22)
       Max divergence:  0.15E+02 at (12,43,29)
       Min divergence: -0.13E+02 at (11,43,29)
       Max VN number :  0.11E+00 at (11,44,30)
       Mesh   11
       Max CFL number:  0.83E+00 at (46,8,16)
       Max divergence:  0.31E+02 at (45,1,1)
       Min divergence: -0.13E+02 at (43,6,16)
       Max VN number :  0.13E+00 at (45,7,17)
       Mesh   12
       Max CFL number:  0.81E+00 at (2,3,17)
       Max divergence:  0.23E+02 at (1,5,1)
       Min divergence: -0.13E+02 at (11,1,32)
       Max VN number :  0.14E+00 at (5,9,28)
       Mesh   13
       Max CFL number:  0.82E+00 at (42,48,10)
       Max divergence:  0.14E+02 at (47,48,10)
       Min divergence: -0.11E+02 at (46,45,15)
       Max VN number :  0.10E+00 at (46,45,15)
       Mesh   14
       Max CFL number:  0.80E+00 at (2,47,13)
       Max divergence:  0.16E+02 at (5,47,3)
       Min divergence: -0.15E+02 at (2,48,17)
       Max VN number :  0.13E+00 at (2,48,17)
       Mesh   15
       Max CFL number:  0.73E+00 at (42,1,9)
       Max divergence:  0.30E+02 at (48,3,10)
       Min divergence: -0.98E+01 at (47,6,9)
       Max VN number :  0.12E+00 at (47,2,9)
       Mesh   16
       Max CFL number:  0.74E+00 at (1,3,11)
       Max divergence:  0.22E+02 at (5,6,1)
       Min divergence: -0.12E+02 at (7,6,1)
       Max VN number :  0.11E+00 at (1,3,11)
 
       Time Step    16200   September 19, 2026  15:56:39
       Step Size:  0.113E-02 s, Total Time:   18.26662 s
       Pressure Iterations: 7
       Maximum Velocity Error:  0.13E-01 on Mesh 6 at (1,48,23)
       Maximum Pressure Error:  0.13E+05 on Mesh 9 at (42,40,9)
       Maximum CFL Number    :  0.95E+00 on Mesh 14 at (2,46,26)
       Maximum VN Number     :  0.14E+00 on Mesh 8 at (8,4,19)
       ---------------------------------------------------------------
       Mesh    1
       Max CFL number:  0.51E+00 at (48,43,28)
       Max divergence:  0.54E+02 at (39,36,1)
       Min divergence: -0.82E+01 at (41,42,29)
       Max VN number :  0.69E-01 at (44,45,31)
       Mesh    2
       Max CFL number:  0.47E+00 at (1,43,28)
       Max divergence:  0.43E+02 at (15,43,1)
       Min divergence: -0.78E+01 at (11,46,10)
       Max VN number :  0.55E-01 at (2,45,1)
       Mesh    3
       Max CFL number:  0.46E+00 at (47,4,30)
       Max divergence:  0.49E+02 at (35,8,1)
       Min divergence: -0.11E+02 at (44,1,26)
       Max VN number :  0.79E-01 at (47,4,1)
       Mesh    4
       Max CFL number:  0.52E+00 at (2,4,31)
       Max divergence:  0.43E+02 at (8,14,1)
       Min divergence: -0.70E+01 at (1,4,31)
       Max VN number :  0.83E-01 at (8,4,28)
       Mesh    5
       Max CFL number:  0.65E+00 at (47,40,31)
       Max divergence:  0.37E+02 at (48,39,29)
       Min divergence: -0.14E+02 at (47,44,6)
       Max VN number :  0.85E-01 at (38,48,24)
       Mesh    6
       Max CFL number:  0.72E+00 at (6,40,22)
       Max divergence:  0.10E+03 at (7,44,29)
       Min divergence: -0.15E+02 at (1,46,11)
       Max VN number :  0.10E+00 at (8,41,24)
       Mesh    7
       Max CFL number:  0.69E+00 at (48,5,23)
       Max divergence:  0.54E+02 at (47,2,11)
       Min divergence: -0.17E+02 at (47,2,27)
       Max VN number :  0.84E-01 at (48,7,6)
       Mesh    8
       Max CFL number:  0.71E+00 at (6,6,13)
       Max divergence:  0.59E+02 at (8,4,19)
       Min divergence: -0.20E+02 at (1,2,24)
       Max VN number :  0.14E+00 at (8,4,19)
       Mesh    9
       Max CFL number:  0.56E+00 at (48,43,1)
       Max divergence:  0.58E+02 at (41,41,10)
       Min divergence: -0.11E+02 at (48,48,16)
       Max VN number :  0.79E-01 at (47,40,9)
       Mesh   10
       Max CFL number:  0.55E+00 at (1,45,8)
       Max divergence:  0.82E+02 at (1,48,16)
       Min divergence: -0.81E+01 at (1,48,15)
       Max VN number :  0.10E+00 at (1,48,16)
       Mesh   11
       Max CFL number:  0.72E+00 at (40,4,24)
       Max divergence:  0.36E+02 at (41,7,3)
       Min divergence: -0.11E+02 at (42,6,31)
       Max VN number :  0.12E+00 at (40,8,20)
       Mesh   12
       Max CFL number:  0.87E+00 at (9,4,21)
       Max divergence:  0.52E+02 at (1,1,17)
       Min divergence: -0.92E+01 at (1,2,31)
       Max VN number :  0.10E+00 at (1,2,30)
       Mesh   13
       Max CFL number:  0.75E+00 at (46,45,31)
       Max divergence:  0.59E+01 at (38,44,23)
       Min divergence: -0.43E+01 at (42,48,32)
       Max VN number :  0.93E-01 at (46,46,31)
       Mesh   14
       Max CFL number:  0.95E+00 at (2,46,26)
       Max divergence:  0.91E+01 at (12,41,31)
       Min divergence: -0.74E+01 at (11,39,25)
       Max VN number :  0.13E+00 at (11,40,30)
       Mesh   15
       Max CFL number:  0.74E+00 at (48,6,4)
       Max divergence:  0.82E+01 at (48,4,4)
       Min divergence: -0.99E+01 at (47,5,2)
       Max VN number :  0.10E+00 at (46,5,1)
       Mesh   16
       Max CFL number:  0.79E+00 at (1,4,2)
       Max divergence:  0.11E+02 at (5,7,17)
       Min divergence: -0.10E+02 at (1,5,5)
       Max VN number :  0.13E+00 at (5,7,16)
 
       Time Step    16300   September 19, 2026  15:57:23
       Step Size:  0.111E-02 s, Total Time:   18.37621 s
       Pressure Iterations: 6
       Maximum Velocity Error:  0.11E-01 on Mesh 9 at (41,48,1)
       Maximum Pressure Error:  0.10E+05 on Mesh 4 at (8,14,1)
       Maximum CFL Number    :  0.83E+00 on Mesh 16 at (4,8,15)
       Maximum VN Number     :  0.16E+00 on Mesh 15 at (44,8,7)
       ---------------------------------------------------------------
       Mesh    1
       Max CFL number:  0.43E+00 at (46,44,32)
       Max divergence:  0.51E+02 at (39,36,1)
       Min divergence: -0.61E+01 at (47,46,31)
       Max VN number :  0.77E-01 at (44,45,1)
       Mesh    2
       Max CFL number:  0.38E+00 at (1,44,30)
       Max divergence:  0.47E+02 at (11,38,1)
       Min divergence: -0.71E+01 at (2,40,14)
       Max VN number :  0.61E-01 at (3,46,32)
       Mesh    3
       Max CFL number:  0.38E+00 at (47,1,32)
       Max divergence:  0.50E+02 at (36,10,1)
       Min divergence: -0.56E+01 at (43,6,18)
       Max VN number :  0.49E-01 at (46,1,27)
       Mesh    4
       Max CFL number:  0.50E+00 at (5,3,32)
       Max divergence:  0.43E+02 at (13,10,1)
       Min divergence: -0.75E+01 at (5,2,17)
       Max VN number :  0.80E-01 at (6,4,1)
       Mesh    5
       Max CFL number:  0.70E+00 at (48,41,25)
       Max divergence:  0.32E+02 at (45,44,3)
       Min divergence: -0.12E+02 at (46,48,6)
       Max VN number :  0.10E+00 at (45,45,17)
       Mesh    6
       Max CFL number:  0.73E+00 at (1,43,22)
       Max divergence:  0.33E+02 at (4,48,20)
       Min divergence: -0.10E+02 at (2,47,22)
       Max VN number :  0.11E+00 at (5,48,10)
       Mesh    7
       Max CFL number:  0.68E+00 at (43,4,22)
       Max divergence:  0.45E+02 at (47,1,11)
       Min divergence: -0.84E+01 at (43,2,23)
       Max VN number :  0.93E-01 at (43,7,23)
       Mesh    8
       Max CFL number:  0.79E+00 at (6,4,17)
       Max divergence:  0.41E+02 at (4,1,12)
       Min divergence: -0.11E+02 at (6,2,30)
       Max VN number :  0.13E+00 at (3,5,23)
       Mesh    9
       Max CFL number:  0.70E+00 at (47,46,19)
       Max divergence:  0.49E+02 at (41,42,23)
       Min divergence: -0.80E+01 at (47,48,3)
       Max VN number :  0.87E-01 at (45,46,32)
       Mesh   10
       Max CFL number:  0.66E+00 at (1,46,19)
       Max divergence:  0.69E+02 at (6,44,10)
       Min divergence: -0.12E+02 at (7,45,9)
       Max VN number :  0.11E+00 at (2,41,15)
       Mesh   11
       Max CFL number:  0.75E+00 at (47,12,12)
       Max divergence:  0.53E+02 at (47,11,31)
       Min divergence: -0.98E+01 at (45,2,3)
       Max VN number :  0.11E+00 at (40,10,31)
       Mesh   12
       Max CFL number:  0.72E+00 at (1,11,8)
       Max divergence:  0.58E+02 at (7,1,13)
       Min divergence: -0.11E+02 at (11,3,1)
       Max VN number :  0.11E+00 at (7,4,5)
       Mesh   13
       Max CFL number:  0.67E+00 at (45,47,11)
       Max divergence:  0.28E+02 at (45,46,1)
       Min divergence: -0.89E+01 at (40,43,2)
       Max VN number :  0.10E+00 at (38,43,3)
       Mesh   14
       Max CFL number:  0.66E+00 at (1,48,13)
       Max divergence:  0.11E+02 at (6,46,6)
       Min divergence: -0.53E+01 at (7,48,7)
       Max VN number :  0.76E-01 at (7,48,8)
       Mesh   15
       Max CFL number:  0.79E+00 at (48,9,11)
       Max divergence:  0.50E+02 at (46,4,2)
       Min divergence: -0.12E+02 at (44,7,7)
       Max VN number :  0.16E+00 at (44,8,7)
       Mesh   16
       Max CFL number:  0.83E+00 at (4,8,15)
       Max divergence:  0.39E+02 at (1,5,3)
       Min divergence: -0.11E+02 at (1,9,11)
       Max VN number :  0.12E+00 at (1,9,10)
 
       Time Step    16400   September 19, 2026  15:58:09
       Step Size:  0.983E-03 s, Total Time:   18.47932 s
       Pressure Iterations: 8
       Maximum Velocity Error:  0.12E-01 on Mesh 4 at (8,12,0)
       Maximum Pressure Error:  0.88E+04 on Mesh 4 at (9,13,1)
       Maximum CFL Number    :  0.83E+00 on Mesh 16 at (9,11,27)
       Maximum VN Number     :  0.14E+00 on Mesh 11 at (46,2,8)
       ---------------------------------------------------------------
       Mesh    1
       Max CFL number:  0.34E+00 at (44,43,27)
       Max divergence:  0.49E+02 at (37,38,1)
       Min divergence: -0.13E+02 at (42,44,26)
       Max VN number :  0.61E-01 at (42,44,26)
       Mesh    2
       Max CFL number:  0.32E+00 at (3,42,32)
       Max divergence:  0.47E+02 at (6,47,20)
       Min divergence: -0.79E+01 at (1,41,23)
       Max VN number :  0.73E-01 at (2,44,1)
       Mesh    3
       Max CFL number:  0.28E+00 at (48,5,25)
       Max divergence:  0.50E+02 at (37,11,1)
       Min divergence: -0.83E+01 at (44,5,27)
       Max VN number :  0.48E-01 at (37,5,1)
       Mesh    4
       Max CFL number:  0.33E+00 at (8,7,23)
       Max divergence:  0.67E+02 at (12,11,1)
       Min divergence: -0.91E+01 at (12,7,27)
       Max VN number :  0.55E-01 at (8,11,1)
       Mesh    5
       Max CFL number:  0.74E+00 at (45,43,27)
       Max divergence:  0.36E+02 at (48,46,10)
       Min divergence: -0.75E+01 at (47,42,32)
       Max VN number :  0.11E+00 at (45,43,28)
       Mesh    6
       Max CFL number:  0.57E+00 at (1,48,32)
       Max divergence:  0.58E+02 at (2,47,8)
       Min divergence: -0.64E+01 at (6,44,5)
       Max VN number :  0.69E-01 at (3,44,10)
       Mesh    7
       Max CFL number:  0.62E+00 at (48,2,29)
       Max divergence:  0.36E+02 at (48,3,28)
       Min divergence: -0.81E+01 at (47,1,10)
       Max VN number :  0.10E+00 at (48,4,28)
       Mesh    8
       Max CFL number:  0.73E+00 at (3,2,32)
       Max divergence:  0.48E+02 at (3,2,12)
       Min divergence: -0.15E+02 at (1,5,30)
       Max VN number :  0.10E+00 at (1,5,30)
       Mesh    9
       Max CFL number:  0.76E+00 at (46,47,22)
       Max divergence:  0.44E+02 at (46,48,9)
       Min divergence: -0.17E+02 at (44,48,24)
       Max VN number :  0.13E+00 at (45,44,15)
       Mesh   10
       Max CFL number:  0.70E+00 at (3,47,9)
       Max divergence:  0.73E+02 at (5,44,27)
       Min divergence: -0.13E+02 at (2,48,31)
       Max VN number :  0.10E+00 at (4,48,4)
       Mesh   11
       Max CFL number:  0.80E+00 at (46,2,7)
       Max divergence:  0.44E+02 at (46,2,7)
       Min divergence: -0.13E+02 at (37,8,17)
       Max VN number :  0.14E+00 at (46,2,8)
       Mesh   12
       Max CFL number:  0.81E+00 at (1,6,16)
       Max divergence:  0.34E+02 at (5,2,29)
       Min divergence: -0.87E+01 at (3,1,30)
       Max VN number :  0.12E+00 at (5,3,10)
       Mesh   13
       Max CFL number:  0.71E+00 at (47,47,1)
       Max divergence:  0.31E+02 at (48,47,1)
       Min divergence: -0.11E+02 at (42,46,13)
       Max VN number :  0.87E-01 at (42,46,13)
       Mesh   14
       Max CFL number:  0.70E+00 at (1,45,25)
       Max divergence:  0.28E+02 at (1,48,1)
       Min divergence: -0.85E+01 at (1,46,7)
       Max VN number :  0.80E-01 at (8,46,1)
       Mesh   15
       Max CFL number:  0.64E+00 at (47,6,17)
       Max divergence:  0.53E+02 at (47,4,27)
       Min divergence: -0.96E+01 at (42,7,29)
       Max VN number :  0.11E+00 at (45,1,7)
       Mesh   16
       Max CFL number:  0.83E+00 at (9,11,27)
       Max divergence:  0.41E+02 at (6,12,26)
       Min divergence: -0.80E+01 at (23,7,28)
       Max VN number :  0.11E+00 at (16,11,28)
 
       Time Step    16500   September 19, 2026  15:58:54
       Step Size:  0.108E-02 s, Total Time:   18.57836 s
       Pressure Iterations: 7
       Maximum Velocity Error:  0.95E-02 on Mesh 15 at (48,1,23)
       Maximum Pressure Error:  0.11E+05 on Mesh 9 at (48,48,16)
       Maximum CFL Number    :  0.90E+00 on Mesh 11 at (48,2,13)
       Maximum VN Number     :  0.14E+00 on Mesh 16 at (1,1,14)
       ---------------------------------------------------------------
       Mesh    1
       Max CFL number:  0.34E+00 at (44,44,32)
       Max divergence:  0.64E+02 at (42,35,1)
       Min divergence: -0.79E+01 at (42,42,23)
       Max VN number :  0.98E-01 at (48,43,1)
       Mesh    2
       Max CFL number:  0.42E+00 at (9,48,25)
       Max divergence:  0.64E+02 at (10,36,1)
       Min divergence: -0.91E+01 at (8,46,12)
       Max VN number :  0.72E-01 at (8,48,26)
       Mesh    3
       Max CFL number:  0.33E+00 at (41,5,22)
       Max divergence:  0.52E+02 at (37,11,1)
       Min divergence: -0.78E+01 at (40,9,28)
       Max VN number :  0.66E-01 at (43,5,23)
       Mesh    4
       Max CFL number:  0.44E+00 at (5,9,32)
       Max divergence:  0.40E+02 at (11,11,1)
       Min divergence: -0.74E+01 at (1,6,25)
       Max VN number :  0.63E-01 at (5,9,32)
       Mesh    5
       Max CFL number:  0.62E+00 at (48,42,31)
       Max divergence:  0.50E+02 at (47,47,26)
       Min divergence: -0.80E+01 at (42,45,27)
       Max VN number :  0.97E-01 at (48,42,31)
       Mesh    6
       Max CFL number:  0.67E+00 at (1,44,32)
       Max divergence:  0.28E+02 at (3,42,16)
       Min divergence: -0.49E+01 at (5,48,24)
       Max VN number :  0.86E-01 at (2,42,31)
       Mesh    7
       Max CFL number:  0.65E+00 at (47,5,32)
       Max divergence:  0.28E+02 at (48,4,24)
       Min divergence: -0.81E+01 at (48,3,4)
       Max VN number :  0.66E-01 at (47,8,31)
       Mesh    8
       Max CFL number:  0.54E+00 at (1,5,20)
       Max divergence:  0.33E+02 at (6,6,11)
       Min divergence: -0.11E+02 at (9,4,13)
       Max VN number :  0.80E-01 at (2,5,24)
       Mesh    9
       Max CFL number:  0.72E+00 at (46,43,32)
       Max divergence:  0.20E+02 at (45,45,1)
       Min divergence: -0.85E+01 at (40,28,27)
       Max VN number :  0.13E+00 at (46,43,31)
       Mesh   10
       Max CFL number:  0.77E+00 at (1,45,3)
       Max divergence:  0.29E+02 at (23,44,29)
       Min divergence: -0.14E+02 at (3,45,8)
       Max VN number :  0.13E+00 at (3,45,7)
       Mesh   11
       Max CFL number:  0.90E+00 at (48,2,13)
       Max divergence:  0.26E+02 at (47,6,6)
       Min divergence: -0.11E+02 at (48,7,6)
       Max VN number :  0.14E+00 at (46,3,24)
       Mesh   12
       Max CFL number:  0.76E+00 at (1,5,32)
       Max divergence:  0.26E+02 at (11,2,28)
       Min divergence: -0.91E+01 at (1,1,15)
       Max VN number :  0.14E+00 at (1,1,15)
       Mesh   13
       Max CFL number:  0.80E+00 at (45,48,13)
       Max divergence:  0.61E+02 at (43,47,29)
       Min divergence: -0.79E+01 at (41,47,28)
       Max VN number :  0.11E+00 at (45,48,13)
       Mesh   14
       Max CFL number:  0.78E+00 at (1,48,10)
       Max divergence:  0.37E+02 at (1,47,31)
       Min divergence: -0.10E+02 at (1,39,3)
       Max VN number :  0.13E+00 at (1,48,13)
       Mesh   15
       Max CFL number:  0.79E+00 at (46,11,11)
       Max divergence:  0.51E+02 at (48,2,32)
       Min divergence: -0.12E+02 at (39,11,31)
       Max VN number :  0.12E+00 at (48,13,13)
       Mesh   16
       Max CFL number:  0.80E+00 at (6,7,25)
       Max divergence:  0.41E+02 at (15,4,9)
       Min divergence: -0.10E+02 at (1,12,26)
       Max VN number :  0.14E+00 at (1,1,14)
 
       Time Step    16600   September 19, 2026  15:59:39
       Step Size:  0.115E-02 s, Total Time:   18.68492 s
       Pressure Iterations: 7
       Maximum Velocity Error:  0.14E-01 on Mesh 10 at (2,42,32)
       Maximum Pressure Error:  0.11E+05 on Mesh 2 at (7,34,1)
       Maximum CFL Number    :  0.89E+00 on Mesh 10 at (1,42,25)
       Maximum VN Number     :  0.14E+00 on Mesh 9 at (46,43,23)
       ---------------------------------------------------------------
       Mesh    1
       Max CFL number:  0.47E+00 at (45,45,19)
       Max divergence:  0.54E+02 at (33,45,1)
       Min divergence: -0.13E+02 at (45,45,19)
       Max VN number :  0.64E-01 at (41,47,30)
       Mesh    2
       Max CFL number:  0.46E+00 at (1,43,19)
       Max divergence:  0.58E+02 at (2,40,28)
       Min divergence: -0.14E+02 at (2,44,20)
       Max VN number :  0.80E-01 at (4,44,1)
       Mesh    3
       Max CFL number:  0.46E+00 at (46,5,21)
       Max divergence:  0.52E+02 at (35,8,1)
       Min divergence: -0.14E+02 at (45,3,24)
       Max VN number :  0.72E-01 at (39,1,1)
       Mesh    4
       Max CFL number:  0.45E+00 at (5,4,20)
       Max divergence:  0.43E+02 at (6,15,1)
       Min divergence: -0.92E+01 at (4,11,24)
       Max VN number :  0.68E-01 at (6,6,15)
       Mesh    5
       Max CFL number:  0.58E+00 at (48,44,32)
       Max divergence:  0.38E+02 at (47,48,3)
       Min divergence: -0.10E+02 at (46,41,20)
       Max VN number :  0.80E-01 at (45,41,18)
       Mesh    6
       Max CFL number:  0.52E+00 at (1,44,30)
       Max divergence:  0.55E+02 at (4,46,2)
       Min divergence: -0.93E+01 at (5,43,28)
       Max VN number :  0.75E-01 at (1,46,32)
       Mesh    7
       Max CFL number:  0.57E+00 at (48,5,32)
       Max divergence:  0.38E+02 at (47,8,9)
       Min divergence: -0.10E+02 at (48,6,9)
       Max VN number :  0.84E-01 at (48,8,32)
       Mesh    8
       Max CFL number:  0.58E+00 at (1,5,30)
       Max divergence:  0.76E+02 at (9,2,26)
       Min divergence: -0.13E+02 at (9,2,25)
       Max VN number :  0.80E-01 at (5,8,18)
       Mesh    9
       Max CFL number:  0.86E+00 at (46,43,23)
       Max divergence:  0.53E+02 at (47,45,21)
       Min divergence: -0.12E+02 at (44,43,8)
       Max VN number :  0.14E+00 at (46,43,23)
       Mesh   10
       Max CFL number:  0.89E+00 at (1,42,25)
       Max divergence:  0.34E+02 at (1,45,20)
       Min divergence: -0.96E+01 at (2,42,32)
       Max VN number :  0.13E+00 at (1,41,32)
       Mesh   11
       Max CFL number:  0.78E+00 at (45,6,18)
       Max divergence:  0.45E+02 at (44,3,6)
       Min divergence: -0.81E+01 at (44,6,29)
       Max VN number :  0.13E+00 at (46,2,18)
       Mesh   12
       Max CFL number:  0.65E+00 at (1,4,32)
       Max divergence:  0.35E+02 at (1,3,4)
       Min divergence: -0.13E+02 at (2,4,3)
       Max VN number :  0.12E+00 at (1,3,4)
       Mesh   13
       Max CFL number:  0.76E+00 at (47,41,2)
       Max divergence:  0.11E+02 at (35,42,20)
       Min divergence: -0.79E+01 at (28,38,4)
       Max VN number :  0.12E+00 at (47,41,1)
       Mesh   14
       Max CFL number:  0.84E+00 at (5,44,1)
       Max divergence:  0.30E+02 at (21,48,14)
       Min divergence: -0.13E+02 at (23,45,12)
       Max VN number :  0.11E+00 at (4,44,1)
       Mesh   15
       Max CFL number:  0.88E+00 at (45,3,30)
       Max divergence:  0.12E+02 at (48,3,29)
       Min divergence: -0.68E+01 at (39,19,14)
       Max VN number :  0.11E+00 at (42,4,17)
       Mesh   16
       Max CFL number:  0.80E+00 at (1,6,30)
       Max divergence:  0.20E+02 at (21,1,14)
       Min divergence: -0.13E+02 at (1,4,29)
       Max VN number :  0.13E+00 at (1,4,29)
 
       Time Step    16700   September 19, 2026  16:00:24
       Step Size:  0.115E-02 s, Total Time:   18.79974 s
       Pressure Iterations: 8
       Maximum Velocity Error:  0.13E-01 on Mesh 3 at (48,1,32)
       Maximum Pressure Error:  0.19E+05 on Mesh 10 at (4,47,24)
       Maximum CFL Number    :  0.89E+00 on Mesh 13 at (43,47,14)
       Maximum VN Number     :  0.16E+00 on Mesh 13 at (43,47,15)
       ---------------------------------------------------------------
       Mesh    1
       Max CFL number:  0.51E+00 at (47,48,29)
       Max divergence:  0.46E+02 at (39,36,1)
       Min divergence: -0.77E+01 at (44,45,29)
       Max VN number :  0.81E-01 at (46,46,32)
       Mesh    2
       Max CFL number:  0.50E+00 at (5,46,29)
       Max divergence:  0.53E+02 at (11,38,1)
       Min divergence: -0.11E+02 at (6,47,25)
       Max VN number :  0.89E-01 at (5,46,29)
       Mesh    3
       Max CFL number:  0.49E+00 at (46,4,30)
       Max divergence:  0.49E+02 at (37,11,1)
       Min divergence: -0.59E+01 at (47,3,13)
       Max VN number :  0.85E-01 at (44,1,1)
       Mesh    4
       Max CFL number:  0.52E+00 at (2,5,32)
       Max divergence:  0.53E+02 at (14,9,1)
       Min divergence: -0.13E+02 at (4,2,16)
       Max VN number :  0.77E-01 at (5,7,30)
       Mesh    5
       Max CFL number:  0.57E+00 at (46,46,1)
       Max divergence:  0.58E+02 at (44,47,12)
       Min divergence: -0.13E+02 at (45,45,8)
       Max VN number :  0.11E+00 at (44,39,17)
       Mesh    6
       Max CFL number:  0.58E+00 at (5,47,4)
       Max divergence:  0.52E+02 at (8,48,12)
       Min divergence: -0.16E+02 at (7,48,5)
       Max VN number :  0.91E-01 at (3,45,32)
       Mesh    7
       Max CFL number:  0.57E+00 at (43,6,8)
       Max divergence:  0.61E+02 at (46,9,18)
       Min divergence: -0.15E+02 at (46,5,7)
       Max VN number :  0.88E-01 at (42,4,7)
       Mesh    8
       Max CFL number:  0.75E+00 at (8,4,8)
       Max divergence:  0.67E+02 at (3,12,20)
       Min divergence: -0.15E+02 at (1,7,9)
       Max VN number :  0.13E+00 at (5,7,30)
       Mesh    9
       Max CFL number:  0.69E+00 at (39,47,22)
       Max divergence:  0.21E+02 at (42,45,22)
       Min divergence: -0.92E+01 at (44,43,23)
       Max VN number :  0.87E-01 at (42,45,21)
       Mesh   10
       Max CFL number:  0.73E+00 at (4,47,22)
       Max divergence:  0.50E+02 at (8,47,7)
       Min divergence: -0.99E+01 at (4,48,25)
       Max VN number :  0.11E+00 at (4,47,23)
       Mesh   11
       Max CFL number:  0.75E+00 at (43,12,28)
       Max divergence:  0.66E+02 at (46,5,13)
       Min divergence: -0.12E+02 at (43,12,28)
       Max VN number :  0.11E+00 at (45,4,22)
       Mesh   12
       Max CFL number:  0.61E+00 at (3,1,21)
       Max divergence:  0.64E+02 at (3,4,14)
       Min divergence: -0.15E+02 at (3,4,13)
       Max VN number :  0.88E-01 at (2,8,1)
       Mesh   13
       Max CFL number:  0.89E+00 at (43,47,14)
       Max divergence:  0.11E+02 at (48,44,28)
       Min divergence: -0.10E+02 at (47,37,21)
       Max VN number :  0.16E+00 at (43,47,15)
       Mesh   14
       Max CFL number:  0.67E+00 at (6,41,25)
       Max divergence:  0.17E+02 at (2,42,26)
       Min divergence: -0.12E+02 at (1,43,28)
       Max VN number :  0.13E+00 at (1,43,28)
       Mesh   15
       Max CFL number:  0.86E+00 at (44,12,13)
       Max divergence:  0.73E+01 at (41,6,1)
       Min divergence: -0.91E+01 at (42,1,9)
       Max VN number :  0.12E+00 at (45,11,17)
       Mesh   16
       Max CFL number:  0.75E+00 at (5,2,30)
       Max divergence:  0.67E+01 at (25,3,17)
       Min divergence: -0.63E+01 at (25,2,17)
       Max VN number :  0.89E-01 at (1,3,22)
 
       Time Step    16800   September 19, 2026  16:01:09
       Step Size:  0.112E-02 s, Total Time:   18.91728 s
       Pressure Iterations: 7
       Maximum Velocity Error:  0.13E-01 on Mesh 11 at (48,10,1)
       Maximum Pressure Error:  0.15E+05 on Mesh 15 at (40,6,7)
       Maximum CFL Number    :  0.90E+00 on Mesh 13 at (42,44,14)
       Maximum VN Number     :  0.14E+00 on Mesh 15 at (40,6,6)
       ---------------------------------------------------------------
       Mesh    1
       Max CFL number:  0.48E+00 at (45,45,32)
       Max divergence:  0.47E+02 at (37,38,1)
       Min divergence: -0.62E+01 at (47,41,12)
       Max VN number :  0.60E-01 at (44,44,31)
       Mesh    2
       Max CFL number:  0.46E+00 at (2,44,32)
       Max divergence:  0.45E+02 at (5,34,1)
       Min divergence: -0.83E+01 at (6,39,15)
       Max VN number :  0.84E-01 at (1,44,29)
       Mesh    3
       Max CFL number:  0.46E+00 at (47,2,28)
       Max divergence:  0.51E+02 at (47,2,28)
       Min divergence: -0.92E+01 at (43,9,18)
       Max VN number :  0.66E-01 at (47,5,32)
       Mesh    4
       Max CFL number:  0.43E+00 at (2,2,32)
       Max divergence:  0.56E+02 at (15,3,1)
       Min divergence: -0.69E+01 at (4,1,28)
       Max VN number :  0.96E-01 at (5,7,1)
       Mesh    5
       Max CFL number:  0.62E+00 at (47,48,9)
       Max divergence:  0.22E+02 at (46,46,4)
       Min divergence: -0.74E+01 at (43,36,14)
       Max VN number :  0.11E+00 at (45,46,24)
       Mesh    6
       Max CFL number:  0.70E+00 at (7,47,9)
       Max divergence:  0.40E+02 at (7,48,27)
       Min divergence: -0.61E+01 at (6,41,24)
       Max VN number :  0.11E+00 at (7,48,26)
       Mesh    7
       Max CFL number:  0.64E+00 at (48,5,20)
       Max divergence:  0.47E+02 at (46,11,31)
       Min divergence: -0.14E+02 at (44,5,28)
       Max VN number :  0.10E+00 at (47,1,19)
       Mesh    8
       Max CFL number:  0.73E+00 at (8,2,19)
       Max divergence:  0.43E+02 at (15,8,29)
       Min divergence: -0.11E+02 at (7,2,27)
       Max VN number :  0.11E+00 at (1,6,30)
       Mesh    9
       Max CFL number:  0.66E+00 at (45,48,29)
       Max divergence:  0.45E+02 at (38,48,9)
       Min divergence: -0.11E+02 at (40,44,24)
       Max VN number :  0.10E+00 at (40,45,21)
       Mesh   10
       Max CFL number:  0.61E+00 at (2,41,32)
       Max divergence:  0.38E+02 at (4,44,3)
       Min divergence: -0.75E+01 at (12,42,17)
       Max VN number :  0.87E-01 at (4,42,1)
       Mesh   11
       Max CFL number:  0.73E+00 at (45,1,29)
       Max divergence:  0.71E+02 at (38,1,9)
       Min divergence: -0.13E+02 at (45,7,3)
       Max VN number :  0.90E-01 at (47,9,7)
       Mesh   12
       Max CFL number:  0.60E+00 at (7,7,11)
       Max divergence:  0.63E+02 at (5,13,3)
       Min divergence: -0.13E+02 at (1,6,4)
       Max VN number :  0.10E+00 at (10,11,5)
       Mesh   13
       Max CFL number:  0.90E+00 at (42,44,14)
       Max divergence:  0.14E+02 at (47,48,4)
       Min divergence: -0.11E+02 at (40,46,20)
       Max VN number :  0.14E+00 at (42,44,15)
       Mesh   14
       Max CFL number:  0.62E+00 at (1,47,4)
       Max divergence:  0.12E+02 at (1,48,2)
       Min divergence: -0.61E+01 at (3,42,7)
       Max VN number :  0.98E-01 at (3,48,28)
       Mesh   15
       Max CFL number:  0.75E+00 at (42,2,4)
       Max divergence:  0.33E+02 at (39,7,5)
       Min divergence: -0.16E+02 at (41,2,8)
       Max VN number :  0.14E+00 at (40,6,6)
       Mesh   16
       Max CFL number:  0.50E+00 at (1,1,2)
       Max divergence:  0.13E+02 at (1,2,1)
       Min divergence: -0.86E+01 at (4,1,3)
       Max VN number :  0.73E-01 at (4,1,2)
 
       Time Step    16900   September 19, 2026  16:01:53
       Step Size:  0.119E-02 s, Total Time:   19.02680 s
       Pressure Iterations: 7
       Maximum Velocity Error:  0.15E-01 on Mesh 10 at (14,48,32)
       Maximum Pressure Error:  0.17E+05 on Mesh 4 at (9,13,1)
       Maximum CFL Number    :  0.91E+00 on Mesh 15 at (37,7,30)
       Maximum VN Number     :  0.13E+00 on Mesh 12 at (9,1,17)
       ---------------------------------------------------------------
       Mesh    1
       Max CFL number:  0.35E+00 at (46,48,32)
       Max divergence:  0.51E+02 at (37,39,1)
       Min divergence: -0.72E+01 at (44,48,22)
       Max VN number :  0.56E-01 at (44,43,28)
       Mesh    2
       Max CFL number:  0.36E+00 at (2,44,31)
       Max divergence:  0.48E+02 at (10,36,1)
       Min divergence: -0.90E+01 at (6,41,22)
       Max VN number :  0.84E-01 at (6,44,1)
       Mesh    3
       Max CFL number:  0.42E+00 at (47,1,32)
       Max divergence:  0.53E+02 at (37,11,1)
       Min divergence: -0.14E+02 at (40,4,29)
       Max VN number :  0.92E-01 at (40,4,28)
       Mesh    4
       Max CFL number:  0.38E+00 at (3,6,32)
       Max divergence:  0.56E+02 at (10,13,1)
       Min divergence: -0.51E+01 at (1,7,7)
       Max VN number :  0.76E-01 at (2,5,1)
       Mesh    5
       Max CFL number:  0.82E+00 at (48,48,26)
       Max divergence:  0.43E+02 at (43,48,8)
       Min divergence: -0.54E+01 at (46,43,14)
       Max VN number :  0.11E+00 at (48,44,25)
       Mesh    6
       Max CFL number:  0.87E+00 at (4,44,17)
       Max divergence:  0.76E+02 at (2,48,15)
       Min divergence: -0.88E+01 at (4,44,17)
       Max VN number :  0.12E+00 at (4,44,24)
       Mesh    7
       Max CFL number:  0.65E+00 at (48,3,10)
       Max divergence:  0.49E+02 at (48,3,11)
       Min divergence: -0.75E+01 at (46,1,2)
       Max VN number :  0.11E+00 at (46,3,32)
       Mesh    8
       Max CFL number:  0.72E+00 at (3,1,21)
       Max divergence:  0.46E+02 at (1,3,13)
       Min divergence: -0.11E+02 at (1,1,14)
       Max VN number :  0.99E-01 at (5,1,27)
       Mesh    9
       Max CFL number:  0.75E+00 at (46,47,13)
       Max divergence:  0.23E+02 at (43,44,26)
       Min divergence: -0.13E+02 at (46,40,25)
       Max VN number :  0.91E-01 at (48,44,6)
       Mesh   10
       Max CFL number:  0.77E+00 at (4,44,4)
       Max divergence:  0.27E+02 at (8,48,28)
       Min divergence: -0.84E+01 at (3,43,25)
       Max VN number :  0.11E+00 at (4,44,4)
       Mesh   11
       Max CFL number:  0.70E+00 at (47,1,4)
       Max divergence:  0.44E+02 at (39,2,22)
       Min divergence: -0.77E+01 at (47,7,25)
       Max VN number :  0.11E+00 at (46,3,1)
       Mesh   12
       Max CFL number:  0.78E+00 at (9,2,20)
       Max divergence:  0.38E+02 at (3,3,30)
       Min divergence: -0.98E+01 at (3,6,31)
       Max VN number :  0.13E+00 at (9,1,17)
       Mesh   13
       Max CFL number:  0.81E+00 at (40,47,31)
       Max divergence:  0.22E+02 at (43,46,7)
       Min divergence: -0.11E+02 at (39,43,18)
       Max VN number :  0.10E+00 at (48,46,5)
       Mesh   14
       Max CFL number:  0.72E+00 at (3,44,17)
       Max divergence:  0.22E+02 at (6,47,5)
       Min divergence: -0.80E+01 at (1,47,23)
       Max VN number :  0.90E-01 at (7,46,5)
       Mesh   15
       Max CFL number:  0.91E+00 at (37,7,30)
       Max divergence:  0.27E+02 at (44,4,6)
       Min divergence: -0.11E+02 at (47,3,18)
       Max VN number :  0.11E+00 at (43,4,21)
       Mesh   16
       Max CFL number:  0.70E+00 at (5,1,17)
       Max divergence:  0.41E+02 at (14,5,5)
       Min divergence: -0.11E+02 at (12,5,9)
       Max VN number :  0.11E+00 at (11,6,8)
 
       Time Step    17000   September 19, 2026  16:02:39
       Step Size:  0.105E-02 s, Total Time:   19.14286 s
       Pressure Iterations: 7
       Maximum Velocity Error:  0.11E-01 on Mesh 14 at (1,48,15)
       Maximum Pressure Error:  0.17E+05 on Mesh 16 at (8,5,31)
       Maximum CFL Number    :  0.86E+00 on Mesh 13 at (44,48,11)
       Maximum VN Number     :  0.14E+00 on Mesh 13 at (47,47,10)
       ---------------------------------------------------------------
       Mesh    1
       Max CFL number:  0.35E+00 at (44,47,31)
       Max divergence:  0.51E+02 at (39,36,1)
       Min divergence: -0.80E+01 at (40,45,21)
       Max VN number :  0.67E-01 at (38,42,1)
       Mesh    2
       Max CFL number:  0.33E+00 at (1,42,26)
       Max divergence:  0.54E+02 at (10,36,1)
       Min divergence: -0.98E+01 at (1,42,17)
       Max VN number :  0.87E-01 at (4,44,1)
       Mesh    3
       Max CFL number:  0.35E+00 at (47,9,32)
       Max divergence:  0.50E+02 at (37,11,1)
       Min divergence: -0.76E+01 at (44,6,30)
       Max VN number :  0.71E-01 at (47,8,18)
       Mesh    4
       Max CFL number:  0.35E+00 at (2,7,27)
       Max divergence:  0.56E+02 at (10,12,1)
       Min divergence: -0.88E+01 at (8,2,26)
       Max VN number :  0.80E-01 at (6,5,1)
       Mesh    5
       Max CFL number:  0.72E+00 at (44,47,29)
       Max divergence:  0.37E+02 at (44,46,20)
       Min divergence: -0.61E+01 at (42,43,6)
       Max VN number :  0.10E+00 at (43,47,32)
       Mesh    6
       Max CFL number:  0.53E+00 at (1,44,30)
       Max divergence:  0.27E+02 at (4,47,2)
       Min divergence: -0.94E+01 at (6,41,2)
       Max VN number :  0.67E-01 at (6,47,5)
       Mesh    7
       Max CFL number:  0.67E+00 at (43,1,32)
       Max divergence:  0.46E+02 at (45,7,6)
       Min divergence: -0.12E+02 at (38,4,9)
       Max VN number :  0.13E+00 at (42,2,30)
       Mesh    8
       Max CFL number:  0.45E+00 at (6,3,29)
       Max divergence:  0.31E+02 at (4,2,7)
       Min divergence: -0.95E+01 at (5,6,14)
       Max VN number :  0.73E-01 at (1,3,15)
       Mesh    9
       Max CFL number:  0.80E+00 at (45,47,16)
       Max divergence:  0.35E+02 at (45,46,6)
       Min divergence: -0.16E+02 at (26,45,32)
       Max VN number :  0.12E+00 at (47,47,14)
       Mesh   10
       Max CFL number:  0.83E+00 at (2,44,10)
       Max divergence:  0.29E+02 at (3,47,23)
       Min divergence: -0.76E+01 at (4,40,26)
       Max VN number :  0.97E-01 at (4,43,29)
       Mesh   11
       Max CFL number:  0.80E+00 at (46,2,4)
       Max divergence:  0.41E+02 at (45,1,5)
       Min divergence: -0.81E+01 at (34,3,31)
       Max VN number :  0.12E+00 at (47,4,5)
       Mesh   12
       Max CFL number:  0.77E+00 at (1,2,8)
       Max divergence:  0.30E+02 at (13,14,17)
       Min divergence: -0.82E+01 at (1,16,9)
       Max VN number :  0.11E+00 at (1,2,13)
       Mesh   13
       Max CFL number:  0.86E+00 at (44,48,11)
       Max divergence:  0.18E+02 at (48,46,10)
       Min divergence: -0.13E+02 at (32,45,19)
       Max VN number :  0.14E+00 at (47,47,10)
       Mesh   14
       Max CFL number:  0.81E+00 at (1,47,30)
       Max divergence:  0.28E+02 at (9,46,23)
       Min divergence: -0.77E+01 at (18,47,2)
       Max VN number :  0.10E+00 at (5,43,6)
       Mesh   15
       Max CFL number:  0.79E+00 at (47,11,27)
       Max divergence:  0.40E+02 at (47,11,27)
       Min divergence: -0.96E+01 at (45,11,5)
       Max VN number :  0.89E-01 at (43,3,16)
       Mesh   16
       Max CFL number:  0.83E+00 at (2,5,31)
       Max divergence:  0.62E+02 at (5,6,27)
       Min divergence: -0.15E+02 at (13,8,30)
       Max VN number :  0.13E+00 at (9,5,31)
 
       Time Step    17100   September 19, 2026  16:03:24
       Step Size:  0.984E-03 s, Total Time:   19.24565 s
       Pressure Iterations: 8
       Maximum Velocity Error:  0.95E-02 on Mesh 11 at (44,2,32)
       Maximum Pressure Error:  0.12E+05 on Mesh 15 at (46,2,8)
       Maximum CFL Number    :  0.84E+00 on Mesh 11 at (42,2,30)
       Maximum VN Number     :  0.15E+00 on Mesh 14 at (2,41,11)
       ---------------------------------------------------------------
       Mesh    1
       Max CFL number:  0.38E+00 at (46,42,21)
       Max divergence:  0.47E+02 at (37,38,1)
       Min divergence: -0.12E+02 at (43,47,22)
       Max VN number :  0.76E-01 at (46,41,28)
       Mesh    2
       Max CFL number:  0.39E+00 at (5,47,18)
       Max divergence:  0.45E+02 at (12,38,1)
       Min divergence: -0.17E+02 at (5,48,19)
       Max VN number :  0.71E-01 at (1,41,31)
       Mesh    3
       Max CFL number:  0.39E+00 at (46,4,18)
       Max divergence:  0.45E+02 at (36,10,1)
       Min divergence: -0.12E+02 at (45,5,25)
       Max VN number :  0.57E-01 at (44,7,13)
       Mesh    4
       Max CFL number:  0.37E+00 at (3,8,31)
       Max divergence:  0.53E+02 at (12,11,1)
       Min divergence: -0.16E+02 at (5,4,20)
       Max VN number :  0.77E-01 at (7,3,28)
       Mesh    5
       Max CFL number:  0.52E+00 at (44,46,31)
       Max divergence:  0.48E+02 at (44,46,32)
       Min divergence: -0.88E+01 at (40,46,29)
       Max VN number :  0.93E-01 at (42,46,30)
       Mesh    6
       Max CFL number:  0.46E+00 at (1,45,32)
       Max divergence:  0.36E+02 at (3,47,11)
       Min divergence: -0.10E+02 at (11,45,11)
       Max VN number :  0.68E-01 at (3,42,11)
       Mesh    7
       Max CFL number:  0.42E+00 at (46,10,5)
       Max divergence:  0.47E+02 at (42,7,14)
       Min divergence: -0.14E+02 at (41,1,3)
       Max VN number :  0.74E-01 at (39,2,21)
       Mesh    8
       Max CFL number:  0.39E+00 at (1,4,28)
       Max divergence:  0.38E+02 at (3,2,22)
       Min divergence: -0.12E+02 at (1,4,28)
       Max VN number :  0.76E-01 at (2,10,4)
       Mesh    9
       Max CFL number:  0.73E+00 at (41,48,31)
       Max divergence:  0.36E+02 at (44,47,1)
       Min divergence: -0.11E+02 at (45,48,11)
       Max VN number :  0.13E+00 at (44,48,12)
       Mesh   10
       Max CFL number:  0.59E+00 at (13,48,30)
       Max divergence:  0.23E+02 at (1,48,12)
       Min divergence: -0.65E+01 at (1,48,7)
       Max VN number :  0.90E-01 at (1,48,11)
       Mesh   11
       Max CFL number:  0.84E+00 at (42,2,30)
       Max divergence:  0.17E+02 at (45,1,1)
       Min divergence: -0.12E+02 at (48,1,16)
       Max VN number :  0.12E+00 at (46,2,23)
       Mesh   12
       Max CFL number:  0.70E+00 at (1,3,12)
       Max divergence:  0.22E+02 at (9,15,23)
       Min divergence: -0.13E+02 at (3,18,22)
       Max VN number :  0.11E+00 at (1,3,12)
       Mesh   13
       Max CFL number:  0.79E+00 at (47,46,18)
       Max divergence:  0.15E+02 at (48,45,25)
       Min divergence: -0.12E+02 at (27,47,22)
       Max VN number :  0.12E+00 at (48,44,17)
       Mesh   14
       Max CFL number:  0.73E+00 at (4,48,19)
       Max divergence:  0.16E+02 at (1,42,12)
       Min divergence: -0.13E+02 at (2,41,12)
       Max VN number :  0.15E+00 at (2,41,11)
       Mesh   15
       Max CFL number:  0.67E+00 at (41,1,1)
       Max divergence:  0.17E+02 at (25,4,9)
       Min divergence: -0.17E+02 at (46,2,8)
       Max VN number :  0.13E+00 at (46,2,8)
       Mesh   16
       Max CFL number:  0.73E+00 at (4,1,29)
       Max divergence:  0.17E+02 at (8,9,1)
       Min divergence: -0.13E+02 at (19,6,25)
       Max VN number :  0.94E-01 at (19,6,24)
 
       Time Step    17200   September 19, 2026  16:04:09
       Step Size:  0.119E-02 s, Total Time:   19.35567 s
       Pressure Iterations: 8
       Maximum Velocity Error:  0.12E-01 on Mesh 6 at (5,48,3)
       Maximum Pressure Error:  0.18E+05 on Mesh 10 at (3,45,13)
       Maximum CFL Number    :  0.88E+00 on Mesh 14 at (5,45,2)
       Maximum VN Number     :  0.16E+00 on Mesh 9 at (47,44,25)
       ---------------------------------------------------------------
       Mesh    1
       Max CFL number:  0.60E+00 at (47,44,32)
       Max divergence:  0.53E+02 at (37,38,1)
       Min divergence: -0.86E+01 at (45,47,15)
       Max VN number :  0.76E-01 at (45,48,30)
       Mesh    2
       Max CFL number:  0.52E+00 at (1,48,32)
       Max divergence:  0.45E+02 at (12,38,1)
       Min divergence: -0.79E+01 at (3,47,17)
       Max VN number :  0.73E-01 at (1,43,31)
       Mesh    3
       Max CFL number:  0.56E+00 at (47,3,32)
       Max divergence:  0.84E+02 at (39,12,1)
       Min divergence: -0.79E+01 at (45,3,20)
       Max VN number :  0.78E-01 at (47,1,1)
       Mesh    4
       Max CFL number:  0.62E+00 at (4,3,31)
       Max divergence:  0.40E+02 at (6,15,1)
       Min divergence: -0.57E+01 at (2,14,8)
       Max VN number :  0.84E-01 at (4,5,27)
       Mesh    5
       Max CFL number:  0.71E+00 at (45,48,6)
       Max divergence:  0.56E+02 at (40,46,13)
       Min divergence: -0.16E+02 at (43,48,10)
       Max VN number :  0.11E+00 at (47,43,10)
       Mesh    6
       Max CFL number:  0.71E+00 at (3,43,6)
       Max divergence:  0.67E+02 at (8,48,5)
       Min divergence: -0.23E+02 at (3,47,7)
       Max VN number :  0.94E-01 at (6,41,12)
       Mesh    7
       Max CFL number:  0.73E+00 at (47,5,8)
       Max divergence:  0.60E+02 at (38,3,31)
       Min divergence: -0.23E+02 at (47,5,8)
       Max VN number :  0.87E-01 at (47,5,7)
       Mesh    8
       Max CFL number:  0.68E+00 at (3,5,8)
       Max divergence:  0.77E+02 at (2,7,10)
       Min divergence: -0.15E+02 at (4,2,5)
       Max VN number :  0.12E+00 at (2,7,10)
       Mesh    9
       Max CFL number:  0.78E+00 at (48,45,21)
       Max divergence:  0.34E+02 at (45,42,8)
       Min divergence: -0.11E+02 at (44,46,17)
       Max VN number :  0.16E+00 at (47,44,25)
       Mesh   10
       Max CFL number:  0.86E+00 at (1,45,22)
       Max divergence:  0.27E+02 at (1,46,10)
       Min divergence: -0.11E+02 at (1,45,28)
       Max VN number :  0.11E+00 at (1,46,30)
       Mesh   11
       Max CFL number:  0.70E+00 at (48,1,26)
       Max divergence:  0.34E+02 at (40,1,1)
       Min divergence: -0.89E+01 at (48,1,28)
       Max VN number :  0.12E+00 at (46,5,31)
       Mesh   12
       Max CFL number:  0.63E+00 at (1,1,15)
       Max divergence:  0.35E+02 at (3,2,2)
       Min divergence: -0.93E+01 at (1,1,15)
       Max VN number :  0.12E+00 at (1,1,14)
       Mesh   13
       Max CFL number:  0.84E+00 at (48,46,2)
       Max divergence:  0.71E+01 at (39,39,8)
       Min divergence: -0.10E+02 at (48,46,1)
       Max VN number :  0.14E+00 at (48,46,1)
       Mesh   14
       Max CFL number:  0.88E+00 at (5,45,2)
       Max divergence:  0.97E+01 at (15,44,20)
       Min divergence: -0.79E+01 at (5,45,7)
       Max VN number :  0.14E+00 at (5,45,6)
       Mesh   15
       Max CFL number:  0.84E+00 at (36,3,31)
       Max divergence:  0.68E+01 at (39,2,31)
       Min divergence: -0.50E+01 at (36,2,29)
       Max VN number :  0.12E+00 at (45,1,24)
       Mesh   16
       Max CFL number:  0.71E+00 at (17,1,11)
       Max divergence:  0.77E+01 at (16,17,2)
       Min divergence: -0.12E+02 at (21,16,31)
       Max VN number :  0.92E-01 at (18,9,31)
 
       Time Step    17300   September 19, 2026  16:04:54
       Step Size:  0.119E-02 s, Total Time:   19.47474 s
       Pressure Iterations: 7
       Maximum Velocity Error:  0.12E-01 on Mesh 9 at (47,43,32)
       Maximum Pressure Error:  0.16E+05 on Mesh 4 at (12,9,1)
       Maximum CFL Number    :  0.90E+00 on Mesh 14 at (15,43,31)
       Maximum VN Number     :  0.15E+00 on Mesh 14 at (2,42,1)
       ---------------------------------------------------------------
       Mesh    1
       Max CFL number:  0.43E+00 at (46,46,29)
       Max divergence:  0.43E+02 at (35,40,1)
       Min divergence: -0.63E+01 at (48,45,10)
       Max VN number :  0.62E-01 at (45,47,30)
       Mesh    2
       Max CFL number:  0.48E+00 at (5,47,32)
       Max divergence:  0.45E+02 at (13,39,1)
       Min divergence: -0.85E+01 at (9,47,31)
       Max VN number :  0.77E-01 at (9,47,31)
       Mesh    3
       Max CFL number:  0.43E+00 at (47,3,32)
       Max divergence:  0.48E+02 at (37,11,1)
       Min divergence: -0.70E+01 at (42,1,31)
       Max VN number :  0.65E-01 at (45,7,17)
       Mesh    4
       Max CFL number:  0.47E+00 at (4,4,32)
       Max divergence:  0.48E+02 at (11,12,1)
       Min divergence: -0.70E+01 at (6,1,23)
       Max VN number :  0.74E-01 at (6,7,1)
       Mesh    5
       Max CFL number:  0.73E+00 at (41,44,29)
       Max divergence:  0.36E+02 at (47,47,2)
       Min divergence: -0.98E+01 at (48,47,15)
       Max VN number :  0.10E+00 at (41,42,20)
       Mesh    6
       Max CFL number:  0.77E+00 at (8,47,12)
       Max divergence:  0.41E+02 at (2,48,16)
       Min divergence: -0.88E+01 at (10,41,24)
       Max VN number :  0.11E+00 at (8,47,12)
       Mesh    7
       Max CFL number:  0.79E+00 at (46,4,19)
       Max divergence:  0.44E+02 at (46,1,6)
       Min divergence: -0.82E+01 at (40,4,31)
       Max VN number :  0.12E+00 at (46,4,19)
       Mesh    8
       Max CFL number:  0.71E+00 at (3,5,20)
       Max divergence:  0.39E+02 at (7,4,29)
       Min divergence: -0.79E+01 at (12,6,5)
       Max VN number :  0.13E+00 at (4,8,22)
       Mesh    9
       Max CFL number:  0.72E+00 at (48,48,31)
       Max divergence:  0.52E+02 at (43,46,17)
       Min divergence: -0.15E+02 at (47,40,25)
       Max VN number :  0.10E+00 at (44,45,28)
       Mesh   10
       Max CFL number:  0.82E+00 at (4,47,30)
       Max divergence:  0.61E+02 at (3,47,8)
       Min divergence: -0.69E+01 at (3,47,17)
       Max VN number :  0.12E+00 at (2,42,32)
       Mesh   11
       Max CFL number:  0.71E+00 at (48,5,27)
       Max divergence:  0.52E+02 at (45,15,7)
       Min divergence: -0.84E+01 at (46,5,2)
       Max VN number :  0.12E+00 at (48,2,28)
       Mesh   12
       Max CFL number:  0.78E+00 at (6,5,30)
       Max divergence:  0.59E+02 at (6,1,5)
       Min divergence: -0.54E+01 at (4,1,17)
       Max VN number :  0.14E+00 at (6,5,30)
       Mesh   13
       Max CFL number:  0.89E+00 at (44,45,6)
       Max divergence:  0.36E+02 at (48,44,5)
       Min divergence: -0.10E+02 at (48,39,2)
       Max VN number :  0.12E+00 at (44,47,12)
       Mesh   14
       Max CFL number:  0.90E+00 at (15,43,31)
       Max divergence:  0.32E+02 at (2,43,3)
       Min divergence: -0.91E+01 at (4,45,4)
       Max VN number :  0.15E+00 at (2,42,1)
       Mesh   15
       Max CFL number:  0.75E+00 at (44,2,2)
       Max divergence:  0.18E+02 at (44,1,11)
       Min divergence: -0.65E+01 at (40,1,2)
       Max VN number :  0.92E-01 at (48,2,5)
       Mesh   16
       Max CFL number:  0.78E+00 at (3,1,8)
       Max divergence:  0.12E+02 at (3,1,1)
       Min divergence: -0.88E+01 at (5,1,18)
       Max VN number :  0.12E+00 at (6,8,1)
 
       Time Step    17400   September 19, 2026  16:05:39
       Step Size:  0.115E-02 s, Total Time:   19.58767 s
       Pressure Iterations: 8
       Maximum Velocity Error:  0.10E-01 on Mesh 5 at (48,48,24)
       Maximum Pressure Error:  0.15E+05 on Mesh 3 at (38,11,1)
       Maximum CFL Number    :  0.89E+00 on Mesh 15 at (48,5,4)
       Maximum VN Number     :  0.13E+00 on Mesh 14 at (2,48,28)
       ---------------------------------------------------------------
       Mesh    1
       Max CFL number:  0.36E+00 at (45,44,32)
       Max divergence:  0.48E+02 at (35,40,1)
       Min divergence: -0.80E+01 at (48,45,18)
       Max VN number :  0.76E-01 at (45,46,32)
       Mesh    2
       Max CFL number:  0.36E+00 at (4,42,20)
       Max divergence:  0.46E+02 at (10,36,1)
       Min divergence: -0.71E+01 at (3,42,28)
       Max VN number :  0.62E-01 at (1,43,1)
       Mesh    3
       Max CFL number:  0.34E+00 at (47,6,23)
       Max divergence:  0.55E+02 at (38,11,1)
       Min divergence: -0.64E+01 at (41,3,22)
       Max VN number :  0.67E-01 at (45,5,28)
       Mesh    4
       Max CFL number:  0.32E+00 at (2,6,30)
       Max divergence:  0.49E+02 at (7,15,1)
       Min divergence: -0.71E+01 at (6,10,16)
       Max VN number :  0.58E-01 at (6,5,1)
       Mesh    5
       Max CFL number:  0.67E+00 at (46,47,32)
       Max divergence:  0.40E+02 at (47,47,13)
       Min divergence: -0.74E+01 at (45,45,1)
       Max VN number :  0.10E+00 at (45,46,1)
       Mesh    6
       Max CFL number:  0.76E+00 at (8,45,22)
       Max divergence:  0.50E+02 at (8,47,29)
       Min divergence: -0.78E+01 at (10,48,4)
       Max VN number :  0.11E+00 at (8,45,22)
       Mesh    7
       Max CFL number:  0.72E+00 at (48,2,24)
       Max divergence:  0.49E+02 at (47,1,18)
       Min divergence: -0.70E+01 at (46,9,4)
       Max VN number :  0.93E-01 at (45,2,15)
       Mesh    8
       Max CFL number:  0.78E+00 at (9,2,24)
       Max divergence:  0.44E+02 at (5,3,4)
       Min divergence: -0.97E+01 at (5,3,3)
       Max VN number :  0.10E+00 at (11,3,30)
       Mesh    9
       Max CFL number:  0.75E+00 at (47,47,32)
       Max divergence:  0.64E+02 at (41,41,27)
       Min divergence: -0.80E+01 at (45,48,29)
       Max VN number :  0.92E-01 at (45,47,7)
       Mesh   10
       Max CFL number:  0.80E+00 at (3,47,8)
       Max divergence:  0.26E+02 at (2,47,2)
       Min divergence: -0.93E+01 at (9,48,23)
       Max VN number :  0.12E+00 at (11,47,15)
       Mesh   11
       Max CFL number:  0.80E+00 at (44,6,16)
       Max divergence:  0.56E+02 at (42,2,31)
       Min divergence: -0.76E+01 at (44,1,28)
       Max VN number :  0.12E+00 at (44,1,29)
       Mesh   12
       Max CFL number:  0.74E+00 at (1,4,12)
       Max divergence:  0.36E+02 at (1,7,26)
       Min divergence: -0.90E+01 at (5,3,18)
       Max VN number :  0.98E-01 at (7,3,8)
       Mesh   13
       Max CFL number:  0.87E+00 at (43,45,31)
       Max divergence:  0.34E+02 at (47,47,1)
       Min divergence: -0.12E+02 at (43,36,8)
       Max VN number :  0.13E+00 at (43,36,7)
       Mesh   14
       Max CFL number:  0.81E+00 at (4,47,24)
       Max divergence:  0.40E+02 at (4,42,15)
       Min divergence: -0.84E+01 at (3,41,31)
       Max VN number :  0.13E+00 at (2,48,28)
       Mesh   15
       Max CFL number:  0.89E+00 at (48,5,4)
       Max divergence:  0.35E+02 at (46,2,1)
       Min divergence: -0.11E+02 at (45,4,17)
       Max VN number :  0.13E+00 at (48,1,30)
       Mesh   16
       Max CFL number:  0.86E+00 at (6,4,21)
       Max divergence:  0.24E+02 at (6,7,29)
       Min divergence: -0.92E+01 at (5,8,28)
       Max VN number :  0.11E+00 at (9,2,28)
 
       Time Step    17500   September 19, 2026  16:06:24
       Step Size:  0.917E-03 s, Total Time:   19.69143 s
       Pressure Iterations: 7
       Maximum Velocity Error:  0.12E-01 on Mesh 2 at (7,36,0)
       Maximum Pressure Error:  0.20E+05 on Mesh 2 at (7,35,1)
       Maximum CFL Number    :  0.94E+00 on Mesh 14 at (4,45,22)
       Maximum VN Number     :  0.16E+00 on Mesh 10 at (12,48,25)
       ---------------------------------------------------------------
       Mesh    1
       Max CFL number:  0.31E+00 at (43,44,31)
       Max divergence:  0.47E+02 at (39,36,1)
       Min divergence: -0.85E+01 at (48,47,29)
       Max VN number :  0.58E-01 at (48,38,8)
       Mesh    2
       Max CFL number:  0.36E+00 at (8,47,30)
       Max divergence:  0.55E+02 at (9,35,1)
       Min divergence: -0.80E+01 at (1,39,32)
       Max VN number :  0.76E-01 at (7,42,31)
       Mesh    3
       Max CFL number:  0.34E+00 at (47,7,30)
       Max divergence:  0.54E+02 at (37,11,1)
       Min divergence: -0.61E+01 at (45,6,24)
       Max VN number :  0.54E-01 at (40,2,19)
       Mesh    4
       Max CFL number:  0.31E+00 at (2,7,28)
       Max divergence:  0.62E+02 at (12,10,1)
       Min divergence: -0.74E+01 at (3,2,32)
       Max VN number :  0.65E-01 at (4,4,1)
       Mesh    5
       Max CFL number:  0.59E+00 at (46,47,28)
       Max divergence:  0.29E+02 at (48,48,24)
       Min divergence: -0.92E+01 at (42,45,5)
       Max VN number :  0.81E-01 at (46,47,29)
       Mesh    6
       Max CFL number:  0.53E+00 at (5,47,31)
       Max divergence:  0.39E+02 at (5,46,7)
       Min divergence: -0.77E+01 at (1,47,21)
       Max VN number :  0.64E-01 at (5,47,32)
       Mesh    7
       Max CFL number:  0.52E+00 at (48,1,32)
       Max divergence:  0.49E+02 at (47,3,18)
       Min divergence: -0.14E+02 at (48,6,23)
       Max VN number :  0.89E-01 at (48,3,20)
       Mesh    8
       Max CFL number:  0.60E+00 at (3,4,31)
       Max divergence:  0.53E+02 at (2,5,12)
       Min divergence: -0.76E+01 at (5,1,25)
       Max VN number :  0.93E-01 at (4,4,32)
       Mesh    9
       Max CFL number:  0.64E+00 at (48,47,30)
       Max divergence:  0.29E+02 at (48,48,13)
       Min divergence: -0.97E+01 at (45,48,3)
       Max VN number :  0.11E+00 at (48,45,20)
       Mesh   10
       Max CFL number:  0.70E+00 at (12,48,24)
       Max divergence:  0.59E+02 at (12,48,25)
       Min divergence: -0.19E+02 at (10,42,29)
       Max VN number :  0.16E+00 at (12,48,25)
       Mesh   11
       Max CFL number:  0.61E+00 at (47,3,32)
       Max divergence:  0.23E+02 at (48,1,12)
       Min divergence: -0.12E+02 at (46,2,8)
       Max VN number :  0.90E-01 at (46,2,8)
       Mesh   12
       Max CFL number:  0.74E+00 at (6,2,30)
       Max divergence:  0.50E+02 at (3,3,7)
       Min divergence: -0.10E+02 at (5,5,22)
       Max VN number :  0.13E+00 at (10,3,18)
       Mesh   13
       Max CFL number:  0.78E+00 at (47,36,25)
       Max divergence:  0.27E+02 at (45,35,28)
       Min divergence: -0.13E+02 at (44,35,27)
       Max VN number :  0.11E+00 at (45,35,27)
       Mesh   14
       Max CFL number:  0.94E+00 at (4,45,22)
       Max divergence:  0.33E+02 at (1,48,11)
       Min divergence: -0.13E+02 at (2,46,22)
       Max VN number :  0.13E+00 at (4,44,22)
       Mesh   15
       Max CFL number:  0.63E+00 at (48,2,1)
       Max divergence:  0.23E+02 at (44,7,9)
       Min divergence: -0.94E+01 at (41,2,19)
       Max VN number :  0.11E+00 at (48,1,14)
       Mesh   16
       Max CFL number:  0.75E+00 at (5,5,23)
       Max divergence:  0.26E+02 at (2,2,18)
       Min divergence: -0.89E+01 at (1,3,17)
       Max VN number :  0.90E-01 at (3,3,29)
 
       Time Step    17600   September 19, 2026  16:07:08
       Step Size:  0.917E-03 s, Total Time:   19.78315 s
       Pressure Iterations: 6
       Maximum Velocity Error:  0.16E-01 on Mesh 12 at (6,6,32)
       Maximum Pressure Error:  0.17E+05 on Mesh 12 at (5,5,21)
       Maximum CFL Number    :  0.85E+00 on Mesh 13 at (47,38,30)
       Maximum VN Number     :  0.13E+00 on Mesh 12 at (5,5,20)
       ---------------------------------------------------------------
       Mesh    1
       Max CFL number:  0.37E+00 at (44,42,31)
       Max divergence:  0.48E+02 at (42,34,1)
       Min divergence: -0.11E+02 at (42,48,14)
       Max VN number :  0.67E-01 at (44,46,1)
       Mesh    2
       Max CFL number:  0.34E+00 at (7,41,31)
       Max divergence:  0.70E+02 at (12,39,1)
       Min divergence: -0.70E+01 at (2,44,23)
       Max VN number :  0.59E-01 at (1,43,1)
       Mesh    3
       Max CFL number:  0.35E+00 at (47,7,30)
       Max divergence:  0.52E+02 at (37,11,1)
       Min divergence: -0.70E+01 at (45,6,18)
       Max VN number :  0.61E-01 at (47,5,1)
       Mesh    4
       Max CFL number:  0.35E+00 at (3,4,30)
       Max divergence:  0.61E+02 at (14,8,1)
       Min divergence: -0.14E+02 at (4,4,19)
       Max VN number :  0.55E-01 at (4,5,31)
       Mesh    5
       Max CFL number:  0.42E+00 at (45,48,31)
       Max divergence:  0.28E+02 at (42,48,7)
       Min divergence: -0.11E+02 at (42,46,19)
       Max VN number :  0.71E-01 at (48,44,23)
       Mesh    6
       Max CFL number:  0.41E+00 at (7,48,10)
       Max divergence:  0.48E+02 at (2,47,24)
       Min divergence: -0.82E+01 at (11,46,24)
       Max VN number :  0.88E-01 at (4,44,11)
       Mesh    7
       Max CFL number:  0.42E+00 at (47,5,32)
       Max divergence:  0.40E+02 at (45,2,32)
       Min divergence: -0.13E+02 at (40,5,15)
       Max VN number :  0.79E-01 at (43,5,22)
       Mesh    8
       Max CFL number:  0.43E+00 at (2,2,32)
       Max divergence:  0.48E+02 at (8,2,26)
       Min divergence: -0.82E+01 at (3,2,4)
       Max VN number :  0.64E-01 at (1,9,10)
       Mesh    9
       Max CFL number:  0.73E+00 at (47,48,25)
       Max divergence:  0.36E+02 at (48,48,5)
       Min divergence: -0.75E+01 at (44,46,28)
       Max VN number :  0.12E+00 at (44,46,27)
       Mesh   10
       Max CFL number:  0.63E+00 at (1,48,22)
       Max divergence:  0.30E+02 at (1,47,9)
       Min divergence: -0.90E+01 at (20,47,20)
       Max VN number :  0.10E+00 at (3,47,20)
       Mesh   11
       Max CFL number:  0.66E+00 at (48,1,22)
       Max divergence:  0.98E+02 at (48,2,3)
       Min divergence: -0.10E+02 at (47,8,2)
       Max VN number :  0.85E-01 at (48,1,21)
       Mesh   12
       Max CFL number:  0.72E+00 at (5,5,19)
       Max divergence:  0.41E+02 at (3,3,8)
       Min divergence: -0.15E+02 at (5,5,21)
       Max VN number :  0.13E+00 at (5,5,20)
       Mesh   13
       Max CFL number:  0.85E+00 at (47,38,30)
       Max divergence:  0.17E+02 at (38,48,26)
       Min divergence: -0.79E+01 at (34,27,5)
       Max VN number :  0.91E-01 at (47,46,32)
       Mesh   14
       Max CFL number:  0.70E+00 at (1,36,30)
       Max divergence:  0.36E+02 at (6,48,9)
       Min divergence: -0.11E+02 at (9,47,9)
       Max VN number :  0.10E+00 at (8,48,7)
       Mesh   15
       Max CFL number:  0.60E+00 at (48,2,25)
       Max divergence:  0.18E+02 at (45,4,27)
       Min divergence: -0.14E+02 at (45,3,28)
       Max VN number :  0.80E-01 at (47,2,29)
       Mesh   16
       Max CFL number:  0.74E+00 at (2,2,31)
       Max divergence:  0.50E+02 at (6,1,10)
       Min divergence: -0.11E+02 at (13,1,7)
       Max VN number :  0.11E+00 at (7,5,3)
 
       Time Step    17700   September 19, 2026  16:07:53
       Step Size:  0.101E-02 s, Total Time:   19.88303 s
       Pressure Iterations: 7
       Maximum Velocity Error:  0.11E-01 on Mesh 10 at (6,47,32)
       Maximum Pressure Error:  0.18E+05 on Mesh 16 at (2,4,2)
       Maximum CFL Number    :  0.85E+00 on Mesh 16 at (6,4,5)
       Maximum VN Number     :  0.15E+00 on Mesh 16 at (11,7,29)
       ---------------------------------------------------------------
       Mesh    1
       Max CFL number:  0.47E+00 at (44,43,28)
       Max divergence:  0.44E+02 at (35,41,1)
       Min divergence: -0.12E+02 at (46,44,23)
       Max VN number :  0.59E-01 at (42,47,27)
       Mesh    2
       Max CFL number:  0.43E+00 at (3,47,26)
       Max divergence:  0.58E+02 at (13,39,1)
       Min divergence: -0.85E+01 at (1,44,21)
       Max VN number :  0.95E-01 at (6,48,25)
       Mesh    3
       Max CFL number:  0.41E+00 at (43,2,27)
       Max divergence:  0.58E+02 at (37,11,1)
       Min divergence: -0.10E+02 at (46,4,31)
       Max VN number :  0.59E-01 at (40,3,28)
       Mesh    4
       Max CFL number:  0.48E+00 at (1,6,31)
       Max divergence:  0.43E+02 at (15,7,1)
       Min divergence: -0.98E+01 at (1,6,32)
       Max VN number :  0.70E-01 at (3,3,1)
       Mesh    5
       Max CFL number:  0.43E+00 at (47,41,2)
       Max divergence:  0.33E+02 at (45,43,18)
       Min divergence: -0.94E+01 at (40,44,28)
       Max VN number :  0.79E-01 at (40,48,19)
       Mesh    6
       Max CFL number:  0.54E+00 at (8,46,17)
       Max divergence:  0.42E+02 at (2,48,24)
       Min divergence: -0.88E+01 at (7,37,13)
       Max VN number :  0.84E-01 at (4,42,21)
       Mesh    7
       Max CFL number:  0.49E+00 at (40,2,19)
       Max divergence:  0.46E+02 at (45,4,10)
       Min divergence: -0.88E+01 at (37,5,9)
       Max VN number :  0.89E-01 at (40,2,19)
       Mesh    8
       Max CFL number:  0.49E+00 at (7,2,22)
       Max divergence:  0.80E+02 at (4,4,6)
       Min divergence: -0.13E+02 at (1,2,15)
       Max VN number :  0.81E-01 at (11,1,32)
       Mesh    9
       Max CFL number:  0.71E+00 at (42,42,32)
       Max divergence:  0.24E+02 at (48,48,18)
       Min divergence: -0.10E+02 at (40,48,18)
       Max VN number :  0.83E-01 at (40,48,18)
       Mesh   10
       Max CFL number:  0.73E+00 at (7,48,32)
       Max divergence:  0.30E+02 at (6,46,3)
       Min divergence: -0.74E+01 at (1,44,32)
       Max VN number :  0.87E-01 at (2,46,15)
       Mesh   11
       Max CFL number:  0.65E+00 at (45,2,23)
       Max divergence:  0.45E+02 at (48,4,15)
       Min divergence: -0.11E+02 at (46,12,5)
       Max VN number :  0.13E+00 at (45,2,23)
       Mesh   12
       Max CFL number:  0.69E+00 at (8,2,32)
       Max divergence:  0.55E+02 at (8,5,14)
       Min divergence: -0.65E+01 at (6,2,19)
       Max VN number :  0.12E+00 at (8,5,14)
       Mesh   13
       Max CFL number:  0.73E+00 at (37,44,8)
       Max divergence:  0.18E+02 at (32,47,21)
       Min divergence: -0.10E+02 at (32,46,21)
       Max VN number :  0.11E+00 at (41,46,17)
       Mesh   14
       Max CFL number:  0.79E+00 at (6,47,2)
       Max divergence:  0.10E+02 at (7,46,1)
       Min divergence: -0.10E+02 at (6,48,8)
       Max VN number :  0.13E+00 at (6,47,2)
       Mesh   15
       Max CFL number:  0.67E+00 at (46,5,30)
       Max divergence:  0.19E+02 at (24,10,4)
       Min divergence: -0.10E+02 at (29,1,18)
       Max VN number :  0.11E+00 at (47,11,31)
       Mesh   16
       Max CFL number:  0.85E+00 at (6,4,5)
       Max divergence:  0.22E+02 at (9,7,15)
       Min divergence: -0.11E+02 at (8,7,15)
       Max VN number :  0.15E+00 at (11,7,29)
 
       Time Step    17800   September 19, 2026  16:08:38
       Step Size:  0.107E-02 s, Total Time:   19.98730 s
       Pressure Iterations: 6
       Maximum Velocity Error:  0.14E-01 on Mesh 15 at (48,1,23)
       Maximum Pressure Error:  0.11E+05 on Mesh 11 at (43,12,24)
       Maximum CFL Number    :  0.89E+00 on Mesh 13 at (46,46,25)
       Maximum VN Number     :  0.12E+00 on Mesh 11 at (43,12,23)
       ---------------------------------------------------------------
       Mesh    1
       Max CFL number:  0.40E+00 at (47,46,32)
       Max divergence:  0.52E+02 at (35,40,1)
       Min divergence: -0.73E+01 at (36,46,8)
       Max VN number :  0.57E-01 at (43,42,1)
       Mesh    2
       Max CFL number:  0.39E+00 at (3,47,32)
       Max divergence:  0.56E+02 at (15,42,1)
       Min divergence: -0.59E+01 at (9,36,6)
       Max VN number :  0.75E-01 at (9,36,1)
       Mesh    3
       Max CFL number:  0.46E+00 at (48,4,32)
       Max divergence:  0.50E+02 at (37,11,1)
       Min divergence: -0.59E+01 at (47,5,24)
       Max VN number :  0.62E-01 at (47,6,27)
       Mesh    4
       Max CFL number:  0.43E+00 at (3,4,32)
       Max divergence:  0.39E+02 at (12,11,1)
       Min divergence: -0.57E+01 at (4,3,19)
       Max VN number :  0.57E-01 at (2,5,31)
       Mesh    5
       Max CFL number:  0.66E+00 at (45,47,10)
       Max divergence:  0.45E+02 at (46,39,26)
       Min divergence: -0.13E+02 at (46,44,14)
       Max VN number :  0.11E+00 at (48,39,21)
       Mesh    6
       Max CFL number:  0.63E+00 at (4,47,14)
       Max divergence:  0.67E+02 at (5,45,29)
       Min divergence: -0.16E+02 at (2,44,11)
       Max VN number :  0.98E-01 at (3,43,14)
       Mesh    7
       Max CFL number:  0.64E+00 at (41,1,10)
       Max divergence:  0.42E+02 at (38,1,22)
       Min divergence: -0.15E+02 at (47,2,16)
       Max VN number :  0.73E-01 at (42,11,31)
       Mesh    8
       Max CFL number:  0.60E+00 at (3,3,7)
       Max divergence:  0.40E+02 at (2,4,2)
       Min divergence: -0.15E+02 at (4,4,19)
       Max VN number :  0.81E-01 at (5,3,10)
       Mesh    9
       Max CFL number:  0.68E+00 at (45,48,30)
       Max divergence:  0.49E+02 at (48,43,2)
       Min divergence: -0.98E+01 at (48,43,1)
       Max VN number :  0.88E-01 at (44,45,20)
       Mesh   10
       Max CFL number:  0.81E+00 at (6,48,30)
       Max divergence:  0.63E+02 at (4,47,16)
       Min divergence: -0.11E+02 at (1,41,3)
       Max VN number :  0.93E-01 at (1,41,2)
       Mesh   11
       Max CFL number:  0.72E+00 at (42,9,25)
       Max divergence:  0.76E+02 at (43,7,30)
       Min divergence: -0.11E+02 at (39,4,4)
       Max VN number :  0.12E+00 at (43,12,23)
       Mesh   12
       Max CFL number:  0.68E+00 at (5,1,30)
       Max divergence:  0.40E+02 at (5,1,17)
       Min divergence: -0.11E+02 at (11,11,18)
       Max VN number :  0.11E+00 at (6,6,29)
       Mesh   13
       Max CFL number:  0.89E+00 at (46,46,25)
       Max divergence:  0.32E+02 at (48,48,11)
       Min divergence: -0.98E+01 at (27,44,27)
       Max VN number :  0.12E+00 at (42,44,19)
       Mesh   14
       Max CFL number:  0.81E+00 at (7,48,29)
       Max divergence:  0.21E+02 at (1,48,9)
       Min divergence: -0.89E+01 at (5,47,2)
       Max VN number :  0.11E+00 at (8,48,7)
       Mesh   15
       Max CFL number:  0.83E+00 at (42,2,6)
       Max divergence:  0.76E+02 at (45,2,11)
       Min divergence: -0.18E+02 at (43,2,9)
       Max VN number :  0.12E+00 at (46,2,27)
       Mesh   16
       Max CFL number:  0.89E+00 at (9,4,26)
       Max divergence:  0.40E+02 at (1,3,9)
       Min divergence: -0.12E+02 at (7,2,6)
       Max VN number :  0.12E+00 at (7,3,30)
 
       Time Step    17812   September 19, 2026  16:08:43
       Step Size:  0.956E-03 s, Total Time:   20.00000 s
       Pressure Iterations: 9
       Maximum Velocity Error:  0.13E-01 on Mesh 2 at (15,48,1)
       Maximum Pressure Error:  0.20E+05 on Mesh 11 at (42,12,28)
       Maximum CFL Number    :  0.91E+00 on Mesh 14 at (1,48,27)
       Maximum VN Number     :  0.13E+00 on Mesh 14 at (5,47,5)
       ---------------------------------------------------------------
       Mesh    1
       Max CFL number:  0.37E+00 at (47,46,32)
       Max divergence:  0.57E+02 at (35,40,1)
       Min divergence: -0.75E+01 at (42,44,18)
       Max VN number :  0.58E-01 at (36,40,1)
       Mesh    2
       Max CFL number:  0.36E+00 at (2,47,31)
       Max divergence:  0.55E+02 at (9,35,1)
       Min divergence: -0.52E+01 at (5,39,18)
       Max VN number :  0.61E-01 at (8,42,1)
       Mesh    3
       Max CFL number:  0.42E+00 at (45,3,32)
       Max divergence:  0.49E+02 at (37,11,1)
       Min divergence: -0.60E+01 at (42,5,17)
       Max VN number :  0.52E-01 at (44,4,30)
       Mesh    4
       Max CFL number:  0.37E+00 at (1,7,24)
       Max divergence:  0.43E+02 at (4,4,23)
       Min divergence: -0.63E+01 at (4,3,21)
       Max VN number :  0.54E-01 at (1,9,1)
       Mesh    5
       Max CFL number:  0.64E+00 at (45,46,14)
       Max divergence:  0.42E+02 at (48,39,26)
       Min divergence: -0.13E+02 at (44,44,19)
       Max VN number :  0.84E-01 at (43,38,32)
       Mesh    6
       Max CFL number:  0.55E+00 at (3,47,9)
       Max divergence:  0.46E+02 at (5,43,29)
       Min divergence: -0.13E+02 at (2,44,14)
       Max VN number :  0.11E+00 at (3,43,18)
       Mesh    7
       Max CFL number:  0.57E+00 at (40,1,14)
       Max divergence:  0.41E+02 at (45,11,31)
       Min divergence: -0.16E+02 at (47,2,19)
       Max VN number :  0.79E-01 at (43,12,27)
       Mesh    8
       Max CFL number:  0.57E+00 at (3,2,20)
       Max divergence:  0.45E+02 at (2,4,5)
       Min divergence: -0.17E+02 at (3,2,20)
       Max VN number :  0.75E-01 at (4,3,12)
       Mesh    9
       Max CFL number:  0.52E+00 at (44,47,32)
       Max divergence:  0.49E+02 at (47,43,4)
       Min divergence: -0.11E+02 at (43,47,21)
       Max VN number :  0.81E-01 at (43,38,1)
       Mesh   10
       Max CFL number:  0.68E+00 at (5,48,32)
       Max divergence:  0.73E+02 at (6,47,17)
       Min divergence: -0.11E+02 at (1,41,5)
       Max VN number :  0.81E-01 at (4,47,19)
       Mesh   11
       Max CFL number:  0.69E+00 at (42,12,26)
       Max divergence:  0.61E+02 at (41,9,31)
       Min divergence: -0.14E+02 at (38,3,5)
       Max VN number :  0.11E+00 at (42,12,26)
       Mesh   12
       Max CFL number:  0.64E+00 at (4,1,31)
       Max divergence:  0.49E+02 at (6,1,20)
       Min divergence: -0.14E+02 at (5,7,31)
       Max VN number :  0.90E-01 at (6,6,30)
       Mesh   13
       Max CFL number:  0.85E+00 at (48,48,27)
       Max divergence:  0.38E+02 at (44,48,16)
       Min divergence: -0.96E+01 at (41,45,22)
       Max VN number :  0.11E+00 at (45,43,17)
       Mesh   14
       Max CFL number:  0.91E+00 at (1,48,27)
       Max divergence:  0.28E+02 at (1,48,8)
       Min divergence: -0.11E+02 at (5,47,6)
       Max VN number :  0.13E+00 at (5,47,5)
       Mesh   15
       Max CFL number:  0.70E+00 at (42,2,10)
       Max divergence:  0.90E+02 at (44,2,14)
       Min divergence: -0.14E+02 at (44,5,12)
       Max VN number :  0.11E+00 at (46,2,15)
       Mesh   16
       Max CFL number:  0.77E+00 at (1,2,27)
       Max divergence:  0.38E+02 at (1,2,6)
       Min divergence: -0.15E+02 at (7,2,10)
       Max VN number :  0.11E+00 at (7,2,10)
 


 Time Stepping Wall Clock Time (s):     8048.475
 Total Elapsed Wall Clock Time (s):     8054.087

STOP: FDS completed successfully (CHID: Example_4_FFT)
