Time,Time Step,Iteration,Total,Mesh,I,J,K,Velocity Error,Mesh,I,J,K,Pressure Error
  0.28673254E+02,   2462,      1,5413652,      3,     80,      9,      5,  0.85369395E+01,      3,     54,     14,      3,  0.39861192E+04
  0.28673254E+02,   2462,      2,5413653,      3,     80,      9,      3,  0.20649744E+01,      3,     63,     10,      3,  0.13117164E+04
  0.28673254E+02,   2462,      3,5413654,      3,     80,     10,      4,  0.12422232E+01,      3,     71,      9,      1,  0.78895257E+03
  0.28673254E+02,   2462,      4,5413655,      3,     80,     10,      3,  0.65573940E+00,      3,     55,      6,      1,  0.53191080E+03
  0.28673254E+02,   2462,      5,5413656,      3,     80,     10,      2,  0.44720261E+00,      3,     55,      6,      1,  0.25525010E+03
  0.28673254E+02,   2462,      6,5413657,      3,     80,     11,      2,  0.22699079E+00,      3,     55,      6,      1,  0.25525010E+03
  0.28673254E+02,   2462,      7,5413658,      3,     80,     10,      2,  0.13222755E+00,      3,     55,      6,      1,  0.25525010E+03
  0.28673254E+02,   2462,      8,5413659,      3,     80,     11,      2,  0.79000440E-01,      3,     55,      6,      1,  0.25525010E+03
  0.28673254E+02,   2462,      9,5413660,      3,     80,     10,      2,  0.46992884E-01,      3,     55,      6,      1,  0.25525010E+03
  0.28673254E+02,   2462,     10,5413661,      3,     80,     11,      2,  0.28592952E-01,      3,     55,      6,      1,  0.25525010E+03
  0.28673254E+02,   2462,     11,5413662,      3,     80,     10,      2,  0.17777959E-01,      3,     55,      6,      1,  0.25525010E+03
  0.28673254E+02,   2462,     12,5413663,      3,     80,      6,      2,  0.11484870E-01,      3,     55,      6,      1,  0.25525010E+03
  0.28673254E+02,   2462,     13,5413664,      3,     80,      3,      2,  0.84233821E-02,      3,     55,      6,      1,  0.25525010E+03
  0.28673254E+02,   2462,     14,5413665,      3,     80,      1,      1,  0.64839969E-02,      3,     55,      6,      1,  0.25525010E+03
  0.28673254E+02,   2462,     15,5413666,      3,     80,     20,      7,  0.49365223E-02,      3,     55,      6,      1,  0.25525010E+03
  0.28673254E+02,   2462,     16,5413667,      3,     80,     20,      8,  0.43881585E-02,      3,     55,      6,      1,  0.25525010E+03
  0.28673254E+02,   2462,     17,5413668,      3,     80,     20,      9,  0.39620297E-02,      3,     55,      6,      1,  0.25525010E+03
  0.28673254E+02,   2462,     18,5413669,      3,     80,     20,     10,  0.36304050E-02,      3,     55,      6,      1,  0.25525010E+03
  0.28673254E+02,   2462,     19,5413670,      1,     80,      1,      1,  0.34344298E-02,      3,     55,      6,      1,  0.25525010E+03
  0.28673254E+02,   2462,     20,5413671,      1,     80,      1,      1,  0.34279400E-02,      3,     55,      6,      1,  0.25525010E+03
  0.28673254E+02,   2462,     21,5413672,      1,     80,      1,      1,  0.34216459E-02,      3,     55,      6,      1,  0.25525010E+03
  0.28673254E+02,   2462,     22,5413673,      1,     80,      1,      1,  0.34155258E-02,      3,     55,      6,      1,  0.25525010E+03
  0.28673254E+02,   2462,     23,5413674,      1,     80,      1,      1,  0.34095508E-02,      3,     55,      6,      1,  0.25525010E+03
  0.28673254E+02,   2462,     24,5413675,      1,     80,      1,      1,  0.34037051E-02,      3,     55,      6,      1,  0.25525010E+03
  0.28673254E+02,   2462,     25,5413676,      1,     80,      1,      1,  0.33979716E-02,      3,     55,      6,      1,  0.25525010E+03
  0.28673254E+02,   2462,     26,5413677,      1,     80,      1,      1,  0.33923391E-02,      3,     55,      6,      1,  0.25525010E+03
  0.28673254E+02,   2462,     27,5413678,      1,     80,      1,      1,  0.33867968E-02,      3,     55,      6,      1,  0.25525010E+03
  0.28673254E+02,   2462,     28,5413679,      1,     80,      1,      1,  0.33813369E-02,      3,     55,      6,      1,  0.25525010E+03
  0.28673254E+02,   2462,     29,5413680,      1,     80,      1,      1,  0.33759524E-02,      3,     55,      6,      1,  0.25525010E+03
  0.28673254E+02,   2462,     30,5413681,      1,     80,      1,      1,  0.33706378E-02,      3,     55,      6,      1,  0.25525010E+03
  0.28673254E+02,   2462,     31,5413682,      1,     80,      1,      1,  0.33653883E-02,      3,     55,      6,      1,  0.25525010E+03
  0.28673254E+02,   2462,     32,5413683,      1,     80,      1,      1,  0.33601999E-02,      3,     55,      6,      1,  0.25525010E+03
  0.28673254E+02,   2462,     33,5413684,      1,     80,      1,      1,  0.33550693E-02,      3,     55,      6,      1,  0.25525010E+03
  0.28673254E+02,   2462,     34,5413685,      1,     80,      1,      1,  0.33499935E-02,      3,     55,      6,      1,  0.25525010E+03
  0.28673254E+02,   2462,     35,5413686,      1,     80,      1,      1,  0.33449702E-02,      3,     55,      6,      1,  0.25525010E+03
  0.28673254E+02,   2462,     36,5413687,      1,     80,      1,      1,  0.33399971E-02,      3,     55,      6,      1,  0.25525010E+03
  0.28673254E+02,   2462,     37,5413688,      1,     80,      1,      1,  0.33350723E-02,      3,     55,      6,      1,  0.25525010E+03
  0.28673254E+02,   2462,     38,5413689,      1,     80,      1,      1,  0.33301943E-02,      3,     55,      6,      1,  0.25525010E+03
  0.28673254E+02,   2462,     39,5413690,      1,     80,      1,      1,  0.33253615E-02,      3,     55,      6,      1,  0.25525010E+03
  0.28673254E+02,   2462,     40,5413691,      1,     80,      1,      1,  0.33205726E-02,      3,     55,      6,      1,  0.25525010E+03
  0.28673254E+02,   2462,     41,5413692,      1,     80,      1,      1,  0.33158265E-02,      3,     55,      6,      1,  0.25525010E+03
  0.28673254E+02,   2462,     42,5413693,      1,     80,      1,      1,  0.33111220E-02,      3,     55,      6,      1,  0.25525010E+03
  0.28673254E+02,   2462,     43,5413694,      1,     80,      1,      1,  0.33064583E-02,      3,     55,      6,      1,  0.25525010E+03
  0.28673254E+02,   2462,     44,5413695,      1,     80,      1,      1,  0.33018344E-02,      3,     55,      6,      1,  0.25525010E+03
  0.28673254E+02,   2462,     45,5413696,      1,     80,      1,      1,  0.32972494E-02,      3,     55,      6,      1,  0.25525010E+03
  0.28673254E+02,   2462,     46,5413697,      1,     80,      1,      1,  0.32927027E-02,      3,     55,      6,      1,  0.25525010E+03
  0.28673254E+02,   2462,     47,5413698,      1,     80,      1,      1,  0.32881935E-02,      3,     55,      6,      1,  0.25525010E+03
  0.28673254E+02,   2462,     48,5413699,      1,     80,      1,      1,  0.32837210E-02,      3,     55,      6,      1,  0.25525010E+03
  0.28673254E+02,   2462,     49,5413700,      1,     80,      1,      1,  0.32792848E-02,      3,     55,      6,      1,  0.25525010E+03
  0.28673254E+02,   2462,     50,5413701,      1,     80,      1,      1,  0.32748841E-02,      3,     55,      6,      1,  0.25525010E+03
  0.28673254E+02,   2462,     51,5413702,      1,     80,      1,      1,  0.32705183E-02,      3,     55,      6,      1,  0.25525010E+03
  0.28673254E+02,   2462,     52,5413703,      1,     80,      1,      1,  0.32661870E-02,      3,     55,      6,      1,  0.25525010E+03
  0.28673254E+02,   2462,     53,5413704,      1,     80,      1,      1,  0.32618896E-02,      3,     55,      6,      1,  0.25525010E+03
  0.28673254E+02,   2462,     54,5413705,      1,     80,      1,      1,  0.32576255E-02,      3,     55,      6,      1,  0.25525010E+03
  0.28673254E+02,   2462,     55,5413706,      1,     80,      1,      1,  0.32533943E-02,      3,     55,      6,      1,  0.25525010E+03
  0.28673254E+02,   2462,     56,5413707,      1,     80,      1,      1,  0.32491956E-02,      3,     55,      6,      1,  0.25525010E+03
  0.28673254E+02,   2462,     57,5413708,      1,     80,      1,      1,  0.32450287E-02,      3,     55,      6,      1,  0.25525010E+03
  0.28673254E+02,   2462,     58,5413709,      1,     80,      1,      1,  0.32408933E-02,      3,     55,      6,      1,  0.25525010E+03
  0.28673254E+02,   2462,     59,5413710,      1,     80,      1,      1,  0.32367889E-02,      3,     55,      6,      1,  0.25525010E+03
  0.28673254E+02,   2462,     60,5413711,      1,     80,      1,      1,  0.32327152E-02,      3,     55,      6,      1,  0.25525010E+03
  0.28673254E+02,   2462,     61,5413712,      1,     80,      1,      1,  0.32286716E-02,      3,     55,      6,      1,  0.25525010E+03
  0.28673254E+02,   2462,     62,5413713,      1,     80,      1,      1,  0.32246578E-02,      3,     55,      6,      1,  0.25525010E+03
  0.28673254E+02,   2462,     63,5413714,      1,     80,      1,      1,  0.32206734E-02,      3,     55,      6,      1,  0.25525010E+03
  0.28673254E+02,   2462,     64,5413715,      1,     80,      1,      1,  0.32167179E-02,      3,     55,      6,      1,  0.25525010E+03
  0.28673254E+02,   2462,     65,5413716,      1,     80,      1,      1,  0.32127911E-02,      3,     55,      6,      1,  0.25525010E+03
  0.28673254E+02,   2462,     66,5413717,      1,     80,      1,      1,  0.32088925E-02,      3,     55,      6,      1,  0.25525010E+03
  0.28673254E+02,   2462,     67,5413718,      1,     80,      1,      1,  0.32050217E-02,      3,     55,      6,      1,  0.25525010E+03
  0.28673254E+02,   2462,     68,5413719,      1,     80,      1,      1,  0.32011784E-02,      3,     55,      6,      1,  0.25525010E+03
  0.28673254E+02,   2462,     69,5413720,      1,     80,      1,      1,  0.31973623E-02,      3,     55,      6,      1,  0.25525010E+03
  0.28673254E+02,   2462,     70,5413721,      1,     80,      1,      1,  0.31935730E-02,      3,     55,      6,      1,  0.25525010E+03
  0.28673254E+02,   2462,     71,5413722,      1,     80,      1,      1,  0.31898102E-02,      3,     55,      6,      1,  0.25525010E+03
  0.28673254E+02,   2462,     72,5413723,      1,     80,      1,      1,  0.31860734E-02,      3,     55,      6,      1,  0.25525010E+03
  0.28673254E+02,   2462,     73,5413724,      1,     80,      1,      1,  0.31823625E-02,      3,     55,      6,      1,  0.25525010E+03
  0.28673254E+02,   2462,     74,5413725,      1,     80,      1,      1,  0.31786771E-02,      3,     55,      6,      1,  0.25525010E+03
  0.28673254E+02,   2462,     75,5413726,      1,     80,      1,      1,  0.31750168E-02,      3,     55,      6,      1,  0.25525010E+03
  0.28673254E+02,   2462,     76,5413727,      1,     80,      1,      1,  0.31713813E-02,      3,     55,      6,      1,  0.25525010E+03
  0.28673254E+02,   2462,     77,5413728,      1,     80,      1,      1,  0.31677704E-02,      3,     55,      6,      1,  0.25525010E+03
  0.28673254E+02,   2462,     78,5413729,      1,     80,      1,      1,  0.31641837E-02,      3,     55,      6,      1,  0.25525010E+03
  0.28673254E+02,   2462,     79,5413730,      1,     80,      1,      1,  0.31606210E-02,      3,     55,      6,      1,  0.25525010E+03
  0.28673254E+02,   2462,     80,5413731,      1,     80,      1,      1,  0.31570820E-02,      3,     55,      6,      1,  0.25525010E+03
  0.28673254E+02,   2462,     81,5413732,      1,     80,      1,      1,  0.31535663E-02,      3,     55,      6,      1,  0.25525010E+03
  0.28673254E+02,   2462,     82,5413733,      1,     80,      1,      1,  0.31500737E-02,      3,     55,      6,      1,  0.25525010E+03
  0.28673254E+02,   2462,     83,5413734,      1,     80,      1,      1,  0.31466040E-02,      3,     55,      6,      1,  0.25525010E+03
  0.28673254E+02,   2462,     84,5413735,      1,     80,      1,      1,  0.31431567E-02,      3,     55,      6,      1,  0.25525010E+03
  0.28673254E+02,   2462,     85,5413736,      1,     80,      1,      1,  0.31397318E-02,      3,     55,      6,      1,  0.25525010E+03
  0.28673254E+02,   2462,     86,5413737,      1,     80,      1,      1,  0.31363289E-02,      3,     55,      6,      1,  0.25525010E+03
  0.28673254E+02,   2462,     87,5413738,      1,     80,      1,      1,  0.31329477E-02,      3,     55,      6,      1,  0.25525010E+03
  0.28673254E+02,   2462,     88,5413739,      1,     80,      1,      1,  0.31295881E-02,      3,     55,      6,      1,  0.25525010E+03
  0.28673254E+02,   2462,     89,5413740,      1,     80,      1,      1,  0.31262497E-02,      3,     55,      6,      1,  0.25525010E+03
  0.28673254E+02,   2462,     90,5413741,      1,     80,      1,      1,  0.31229323E-02,      3,     55,      6,      1,  0.25525010E+03
  0.28673254E+02,   2462,     91,5413742,      1,     80,      1,      1,  0.31196357E-02,      3,     55,      6,      1,  0.25525010E+03
  0.28673254E+02,   2462,     92,5413743,      1,     80,      1,      1,  0.31163596E-02,      3,     55,      6,      1,  0.25525010E+03
  0.28673254E+02,   2462,     93,5413744,      1,     80,      1,      1,  0.31131038E-02,      3,     55,      6,      1,  0.25525010E+03
  0.28673254E+02,   2462,     94,5413745,      1,     80,      1,      1,  0.31098681E-02,      3,     55,      6,      1,  0.25525010E+03
  0.28673254E+02,   2462,     95,5413746,      1,     80,      1,      1,  0.31066522E-02,      3,     55,      6,      1,  0.25525010E+03
  0.28673254E+02,   2462,     96,5413747,      1,     80,      1,      1,  0.31034559E-02,      3,     55,      6,      1,  0.25525010E+03
  0.28673254E+02,   2462,     97,5413748,      1,     80,      1,      1,  0.31002791E-02,      3,     55,      6,      1,  0.25525010E+03
  0.28673254E+02,   2462,     98,5413749,      1,     80,      1,      1,  0.30971214E-02,      3,     55,      6,      1,  0.25525010E+03
  0.28673254E+02,   2462,     99,5413750,      1,     80,      1,      1,  0.30939827E-02,      3,     55,      6,      1,  0.25525010E+03
  0.28673254E+02,   2462,    100,5413751,      1,     80,      1,      1,  0.30908627E-02,      3,     55,      6,      1,  0.25525010E+03
  0.28673254E+02,   2462,    101,5413752,      1,     80,      1,      1,  0.30877613E-02,      3,     55,      6,      1,  0.25525010E+03
  0.28673254E+02,   2462,    102,5413753,      1,     80,      1,      1,  0.30846782E-02,      3,     55,      6,      1,  0.25525010E+03
  0.28673254E+02,   2462,    103,5413754,      1,     80,      2,      1,  0.30816133E-02,      3,     55,      6,      1,  0.25525010E+03
  0.28673254E+02,   2462,    104,5413755,      1,     80,      1,      1,  0.30785664E-02,      3,     55,      6,      1,  0.25525010E+03
  0.28673254E+02,   2462,    105,5413756,      1,     80,      1,      1,  0.30755372E-02,      3,     55,      6,      1,  0.25525010E+03
  0.28673254E+02,   2462,    106,5413757,      1,     80,      1,      1,  0.30725255E-02,      3,     55,      6,      1,  0.25525010E+03
  0.28673254E+02,   2462,    107,5413758,      1,     80,      1,      1,  0.30695313E-02,      3,     55,      6,      1,  0.25525010E+03
  0.28673254E+02,   2462,    108,5413759,      1,     80,      2,      1,  0.30665542E-02,      3,     55,      6,      1,  0.25525010E+03
  0.28673254E+02,   2462,    109,5413760,      1,     80,      1,      1,  0.30635942E-02,      3,     55,      6,      1,  0.25525010E+03
  0.28673254E+02,   2462,    110,5413761,      1,     80,      1,      1,  0.30606510E-02,      3,     55,      6,      1,  0.25525010E+03
  0.28673254E+02,   2462,    111,5413762,      1,     80,      2,      1,  0.30577244E-02,      3,     55,      6,      1,  0.25525010E+03
  0.28673254E+02,   2462,    112,5413763,      1,     80,      3,      1,  0.30548143E-02,      3,     55,      6,      1,  0.25525010E+03
  0.28673254E+02,   2462,    113,5413764,      1,     80,      1,      1,  0.30519205E-02,      3,     55,      6,      1,  0.25525010E+03
  0.28673254E+02,   2462,    114,5413765,      1,     80,      2,      1,  0.30490429E-02,      3,     55,      6,      1,  0.25525010E+03
  0.28673254E+02,   2462,    115,5413766,      1,     80,      1,      1,  0.30461812E-02,      3,     55,      6,      1,  0.25525010E+03
  0.28673254E+02,   2462,    116,5413767,      1,     80,      2,      2,  0.30433354E-02,      3,     55,      6,      1,  0.25525010E+03
  0.28673254E+02,   2462,    117,5413768,      1,     80,      2,      1,  0.30405051E-02,      3,     55,      6,      1,  0.25525010E+03
  0.28673254E+02,   2462,    118,5413769,      1,     80,      1,      1,  0.30376904E-02,      3,     55,      6,      1,  0.25525010E+03
  0.28673254E+02,   2462,    119,5413770,      1,     80,      2,      1,  0.30348910E-02,      3,     55,      6,      1,  0.25525010E+03
  0.28673254E+02,   2462,    120,5413771,      1,     80,      1,      1,  0.30321068E-02,      3,     55,      6,      1,  0.25525010E+03
  0.28673254E+02,   2462,    121,5413772,      1,     80,      8,      1,  0.30293375E-02,      3,     55,      6,      1,  0.25525010E+03
  0.28673254E+02,   2462,    122,5413773,      1,     80,      3,      1,  0.30265832E-02,      3,     55,      6,      1,  0.25525010E+03
  0.28673254E+02,   2462,    123,5413774,      1,     80,      5,      1,  0.30238435E-02,      3,     55,      6,      1,  0.25525010E+03
  0.28673254E+02,   2462,    124,5413775,      1,     80,      1,      3,  0.30211185E-02,      3,     55,      6,      1,  0.25525010E+03
  0.28673254E+02,   2462,    125,5413776,      1,     80,      3,      3,  0.30184078E-02,      3,     55,      6,      1,  0.25525010E+03
  0.28673254E+02,   2462,    126,5413777,      1,     80,     17,      3,  0.30157114E-02,      3,     55,      6,      1,  0.25525010E+03
  0.28673254E+02,   2462,    127,5413778,      1,     80,     10,      3,  0.30130292E-02,      3,     55,      6,      1,  0.25525010E+03
  0.28673254E+02,   2462,    128,5413779,      1,     80,      8,      1,  0.30103610E-02,      3,     55,      6,      1,  0.25525010E+03
  0.28673254E+02,   2462,    129,5413780,      1,     80,     11,      2,  0.30077067E-02,      3,     55,      6,      1,  0.25525010E+03
  0.28673254E+02,   2462,    130,5413781,      1,     80,      7,      2,  0.30050660E-02,      3,     55,      6,      1,  0.25525010E+03
  0.28673254E+02,   2462,    131,5413782,      1,     80,      7,      1,  0.30024390E-02,      3,     55,      6,      1,  0.25525010E+03
  0.28673254E+02,   2462,    132,5413783,      2,      0,     12,      2,  0.29998255E-02,      3,     55,      6,      1,  0.25525010E+03
  0.28673254E+02,   2462,    133,5413784,      1,     80,     18,      4,  0.29972253E-02,      3,     55,      6,      1,  0.25525010E+03
  0.28673254E+02,   2462,    134,5413785,      1,     80,      8,      7,  0.29946383E-02,      3,     55,      6,      1,  0.25525010E+03
  0.28673254E+02,   2462,    135,5413786,      1,     80,     14,      1,  0.29920643E-02,      3,     55,      6,      1,  0.25525010E+03
  0.28673254E+02,   2462,    136,5413787,      1,     80,     16,      5,  0.29895034E-02,      3,     55,      6,      1,  0.25525010E+03
  0.28673254E+02,   2462,    137,5413788,      1,     80,      2,      3,  0.29869553E-02,      3,     55,      6,      1,  0.25525010E+03
  0.28673254E+02,   2462,    138,5413789,      1,     80,      3,      2,  0.29844199E-02,      3,     55,      6,      1,  0.25525010E+03
  0.28673254E+02,   2462,    139,5413790,      1,     80,      5,      6,  0.29818971E-02,      3,     55,      6,      1,  0.25525010E+03
  0.28673254E+02,   2462,    140,5413791,      2,      0,     13,      6,  0.29793868E-02,      3,     55,      6,      1,  0.25525010E+03
  0.28673254E+02,   2462,    141,5413792,      1,     80,     17,      2,  0.29768888E-02,      3,     55,      6,      1,  0.25525010E+03
  0.28673254E+02,   2462,    142,5413793,      1,     80,      1,      3,  0.29744031E-02,      3,     55,      6,      1,  0.25525010E+03
  0.28673254E+02,   2462,    143,5413794,      1,     80,     16,     15,  0.29719295E-02,      3,     55,      6,      1,  0.25525010E+03
  0.28673254E+02,   2462,    144,5413795,      1,     80,     10,      2,  0.29694680E-02,      3,     55,      6,      1,  0.25525010E+03
  0.28673254E+02,   2462,    145,5413796,      1,     80,     20,     10,  0.29670183E-02,      3,     55,      6,      1,  0.25525010E+03
  0.28673254E+02,   2462,    146,5413797,      2,      0,      5,      5,  0.29645805E-02,      3,     55,      6,      1,  0.25525010E+03
  0.28673254E+02,   2462,    147,5413798,      1,     80,      4,     17,  0.29621544E-02,      3,     55,      6,      1,  0.25525010E+03
  0.28673254E+02,   2462,    148,5413799,      2,      0,     15,     11,  0.29597398E-02,      3,     55,      6,      1,  0.25525010E+03
  0.28673254E+02,   2462,    149,5413800,      1,     80,      7,     19,  0.29573368E-02,      3,     55,      6,      1,  0.25525010E+03
  0.28673254E+02,   2462,    150,5413801,      1,     80,     20,      6,  0.29549451E-02,      3,     55,      6,      1,  0.25525010E+03
  0.28673254E+02,   2462,    151,5413802,      1,     80,     17,      2,  0.29525647E-02,      3,     55,      6,      1,  0.25525010E+03
  0.28673254E+02,   2462,    152,5413803,      2,      0,     18,     17,  0.29501955E-02,      3,     55,      6,      1,  0.25525010E+03
  0.28673254E+02,   2462,    153,5413804,      1,     80,      2,      2,  0.29478374E-02,      3,     55,      6,      1,  0.25525010E+03
  0.28673254E+02,   2462,    154,5413805,      1,     80,      6,      3,  0.29454902E-02,      3,     55,      6,      1,  0.25525010E+03
  0.28673254E+02,   2462,    155,5413806,      1,     80,      2,     12,  0.29431539E-02,      3,     55,      6,      1,  0.25525010E+03
  0.28673254E+02,   2462,    156,5413807,      2,      0,      3,     11,  0.29408285E-02,      3,     55,      6,      1,  0.25525010E+03
  0.28673254E+02,   2462,    157,5413808,      1,     80,     10,      4,  0.29385137E-02,      3,     55,      6,      1,  0.25525010E+03
  0.28673254E+02,   2462,    158,5413809,      1,     80,     11,      7,  0.29362095E-02,      3,     55,      6,      1,  0.25525010E+03
  0.28673254E+02,   2462,    159,5413810,      1,     80,      2,      6,  0.29339158E-02,      3,     55,      6,      1,  0.25525010E+03
  0.28673254E+02,   2462,    160,5413811,      1,     80,     13,      1,  0.29316326E-02,      3,     55,      6,      1,  0.25525010E+03
  0.28673254E+02,   2462,    161,5413812,      1,     80,      7,      2,  0.29293597E-02,      3,     55,      6,      1,  0.25525010E+03
  0.28673254E+02,   2462,    162,5413813,      1,     80,      3,     16,  0.29270970E-02,      3,     55,      6,      1,  0.25525010E+03
  0.28673254E+02,   2462,    163,5413814,      2,      0,      7,      4,  0.29248444E-02,      3,     55,      6,      1,  0.25525010E+03
  0.28673254E+02,   2462,    164,5413815,      1,     80,      2,      2,  0.29226020E-02,      3,     55,      6,      1,  0.25525010E+03
  0.28673254E+02,   2462,    165,5413816,      1,     80,     14,      4,  0.29203695E-02,      3,     55,      6,      1,  0.25525010E+03
  0.28673254E+02,   2462,    166,5413817,      1,     80,      2,      2,  0.29181469E-02,      3,     55,      6,      1,  0.25525010E+03
  0.28673254E+02,   2462,    167,5413818,      2,      0,     11,     17,  0.29159341E-02,      3,     55,      6,      1,  0.25525010E+03
  0.28673254E+02,   2462,    168,5413819,      2,      0,      2,      5,  0.29137310E-02,      3,     55,      6,      1,  0.25525010E+03
  0.28673254E+02,   2462,    169,5413820,      1,     80,     10,      4,  0.29115376E-02,      3,     55,      6,      1,  0.25525010E+03
  0.28673254E+02,   2462,    170,5413821,      1,     80,      9,      3,  0.29093538E-02,      3,     55,      6,      1,  0.25525010E+03
  0.28673254E+02,   2462,    171,5413822,      2,      0,      3,      6,  0.29071794E-02,      3,     55,      6,      1,  0.25525010E+03
  0.28673254E+02,   2462,    172,5413823,      2,      0,      9,      4,  0.29050144E-02,      3,     55,      6,      1,  0.25525010E+03
  0.28673254E+02,   2462,    173,5413824,      1,     80,     12,     10,  0.29028588E-02,      3,     55,      6,      1,  0.25525010E+03
  0.28673254E+02,   2462,    174,5413825,      1,     80,      4,     11,  0.29007124E-02,      3,     55,      6,      1,  0.25525010E+03
  0.28673254E+02,   2462,    175,5413826,      1,     80,      9,      2,  0.28985752E-02,      3,     55,      6,      1,  0.25525010E+03
  0.28673254E+02,   2462,    176,5413827,      1,     80,     14,     10,  0.28964470E-02,      3,     55,      6,      1,  0.25525010E+03
  0.28673254E+02,   2462,    177,5413828,      2,      0,      9,     17,  0.28943279E-02,      3,     55,      6,      1,  0.25525010E+03
  0.28673254E+02,   2462,    178,5413829,      2,      0,     10,      8,  0.28922178E-02,      3,     55,      6,      1,  0.25525010E+03
  0.28673254E+02,   2462,    179,5413830,      1,     80,     11,     10,  0.28901165E-02,      3,     55,      6,      1,  0.25525010E+03
  0.28673254E+02,   2462,    180,5413831,      2,      0,     17,     13,  0.28880240E-02,      3,     55,      6,      1,  0.25525010E+03
  0.28673254E+02,   2462,    181,5413832,      2,      0,      9,      9,  0.28859403E-02,      3,     55,      6,      1,  0.25525010E+03
  0.28673254E+02,   2462,    182,5413833,      1,     80,     12,      4,  0.28838652E-02,      3,     55,      6,      1,  0.25525010E+03
  0.28673254E+02,   2462,    183,5413834,      1,     80,     10,     14,  0.28817987E-02,      3,     55,      6,      1,  0.25525010E+03
  0.28673254E+02,   2462,    184,5413835,      2,      0,      3,     17,  0.28797408E-02,      3,     55,      6,      1,  0.25525010E+03
  0.28673254E+02,   2462,    185,5413836,      1,     80,      4,     15,  0.28776913E-02,      3,     55,      6,      1,  0.25525010E+03
  0.28673254E+02,   2462,    186,5413837,      1,     80,     14,      5,  0.28756502E-02,      3,     55,      6,      1,  0.25525010E+03
  0.28673254E+02,   2462,    187,5413838,      1,     80,      2,      2,  0.28736174E-02,      3,     55,      6,      1,  0.25525010E+03
  0.28673254E+02,   2462,    188,5413839,      1,     80,      9,      1,  0.28715928E-02,      3,     55,      6,      1,  0.25525010E+03
  0.28673254E+02,   2462,    189,5413840,      2,      0,     17,     13,  0.28695765E-02,      3,     55,      6,      1,  0.25525010E+03
  0.28673254E+02,   2462,    190,5413841,      2,      0,      5,     10,  0.28675683E-02,      3,     55,      6,      1,  0.25525010E+03
  0.28673254E+02,   2462,    191,5413842,      1,     80,      1,     15,  0.28655681E-02,      3,     55,      6,      1,  0.25525010E+03
  0.28673254E+02,   2462,    192,5413843,      1,     80,     14,      5,  0.28635759E-02,      3,     55,      6,      1,  0.25525010E+03
  0.28673254E+02,   2462,    193,5413844,      1,     80,     16,     10,  0.28615917E-02,      3,     55,      6,      1,  0.25525010E+03
  0.28673254E+02,   2462,    194,5413845,      1,     80,      9,     15,  0.28596154E-02,      3,     55,      6,      1,  0.25525010E+03
  0.28673254E+02,   2462,    195,5413846,      2,      0,     10,      8,  0.28576468E-02,      3,     55,      6,      1,  0.25525010E+03
  0.28673254E+02,   2462,    196,5413847,      1,     80,      3,      9,  0.28556861E-02,      3,     55,      6,      1,  0.25525010E+03
  0.28673254E+02,   2462,    197,5413848,      2,      0,      6,      2,  0.28537330E-02,      3,     55,      6,      1,  0.25525010E+03
  0.28673254E+02,   2462,    198,5413849,      1,     80,      5,      2,  0.28517875E-02,      3,     55,      6,      1,  0.25525010E+03
  0.28673254E+02,   2462,    199,5413850,      2,      0,      1,      5,  0.28498496E-02,      3,     55,      6,      1,  0.25525010E+03
  0.28673254E+02,   2462,    200,5413851,      1,     80,     16,     12,  0.28479193E-02,      3,     55,      6,      1,  0.25525010E+03
  0.28673254E+02,   2462,    201,5413852,      1,     80,      6,     20,  0.28459964E-02,      3,     55,      6,      1,  0.25525010E+03
  0.28673254E+02,   2462,    202,5413853,      2,      0,      8,     10,  0.28440809E-02,      3,     55,      6,      1,  0.25525010E+03
  0.28673254E+02,   2462,    203,5413854,      1,     80,     20,      1,  0.28421727E-02,      3,     55,      6,      1,  0.25525010E+03
  0.28673254E+02,   2462,    204,5413855,      1,     80,     17,      5,  0.28402719E-02,      3,     55,      6,      1,  0.25525010E+03
  0.28673254E+02,   2462,    205,5413856,      1,     80,     19,      4,  0.28383783E-02,      3,     55,      6,      1,  0.25525010E+03
  0.28673254E+02,   2462,    206,5413857,      1,     80,     17,      2,  0.28364918E-02,      3,     55,      6,      1,  0.25525010E+03
  0.28673254E+02,   2462,    207,5413858,      1,     80,     11,      6,  0.28346125E-02,      3,     55,      6,      1,  0.25525010E+03
  0.28673254E+02,   2462,    208,5413859,      1,     80,     17,      3,  0.28327403E-02,      3,     55,      6,      1,  0.25525010E+03
  0.28673254E+02,   2462,    209,5413860,      1,     80,     16,      1,  0.28308751E-02,      3,     55,      6,      1,  0.25525010E+03
  0.28673254E+02,   2462,    210,5413861,      1,     80,      9,      1,  0.28290168E-02,      3,     55,      6,      1,  0.25525010E+03
  0.28673254E+02,   2462,    211,5413862,      2,      0,     14,     11,  0.28271655E-02,      3,     55,      6,      1,  0.25525010E+03
  0.28673254E+02,   2462,    212,5413863,      2,      0,      1,      5,  0.28253210E-02,      3,     55,      6,      1,  0.25525010E+03
  0.28673254E+02,   2462,    213,5413864,      1,     80,     18,     16,  0.28234834E-02,      3,     55,      6,      1,  0.25525010E+03
  0.28673254E+02,   2462,    214,5413865,      2,      0,     15,     11,  0.28216525E-02,      3,     55,      6,      1,  0.25525010E+03
  0.28673254E+02,   2462,    215,5413866,      1,     80,      2,      1,  0.28198284E-02,      3,     55,      6,      1,  0.25525010E+03
  0.28673254E+02,   2462,    216,5413867,      1,     80,      1,      8,  0.28180109E-02,      3,     55,      6,      1,  0.25525010E+03
  0.28673254E+02,   2462,    217,5413868,      1,     80,     19,     14,  0.28162000E-02,      3,     55,      6,      1,  0.25525010E+03
  0.28673254E+02,   2462,    218,5413869,      2,      0,     14,     11,  0.28143957E-02,      3,     55,      6,      1,  0.25525010E+03
  0.28673254E+02,   2462,    219,5413870,      1,     80,     13,     13,  0.28125979E-02,      3,     55,      6,      1,  0.25525010E+03
  0.28673254E+02,   2462,    220,5413871,      1,     80,      7,      3,  0.28108066E-02,      3,     55,      6,      1,  0.25525010E+03
  0.28673254E+02,   2462,    221,5413872,      1,     80,     15,      2,  0.28090217E-02,      3,     55,      6,      1,  0.25525010E+03
  0.28673254E+02,   2462,    222,5413873,      1,     80,     13,      1,  0.28072433E-02,      3,     55,      6,      1,  0.25525010E+03
  0.28673254E+02,   2462,    223,5413874,      2,      0,     11,     11,  0.28054711E-02,      3,     55,      6,      1,  0.25525010E+03
  0.28673254E+02,   2462,    224,5413875,      2,      0,      5,     10,  0.28037052E-02,      3,     55,      6,      1,  0.25525010E+03
  0.28673254E+02,   2462,    225,5413876,      1,     80,     18,     20,  0.28019456E-02,      3,     55,      6,      1,  0.25525010E+03
  0.28673254E+02,   2462,    226,5413877,      2,      0,     11,     20,  0.28001922E-02,      3,     55,      6,      1,  0.25525010E+03
  0.28673254E+02,   2462,    227,5413878,      2,      0,     19,     11,  0.27984449E-02,      3,     55,      6,      1,  0.25525010E+03
  0.28673254E+02,   2462,    228,5413879,      1,     80,      9,     15,  0.27967038E-02,      3,     55,      6,      1,  0.25525010E+03
  0.28673254E+02,   2462,    229,5413880,      1,     80,     10,      4,  0.27949687E-02,      3,     55,      6,      1,  0.25525010E+03
  0.28673254E+02,   2462,    230,5413881,      1,     80,     13,     19,  0.27932396E-02,      3,     55,      6,      1,  0.25525010E+03
  0.28673254E+02,   2462,    231,5413882,      2,      0,     12,     19,  0.27915166E-02,      3,     55,      6,      1,  0.25525010E+03
  0.28673254E+02,   2462,    232,5413883,      2,      0,     11,     11,  0.27897994E-02,      3,     55,      6,      1,  0.25525010E+03
  0.28673254E+02,   2462,    233,5413884,      1,     80,     18,      7,  0.27880882E-02,      3,     55,      6,      1,  0.25525010E+03
  0.28673254E+02,   2462,    234,5413885,      2,      0,     11,     11,  0.27863828E-02,      3,     55,      6,      1,  0.25525010E+03
  0.28673254E+02,   2462,    235,5413886,      1,     80,      1,     12,  0.27846833E-02,      3,     55,      6,      1,  0.25525010E+03
  0.28673254E+02,   2462,    236,5413887,      1,     80,      6,     16,  0.27829895E-02,      3,     55,      6,      1,  0.25525010E+03
  0.28673254E+02,   2462,    237,5413888,      1,     80,      8,      4,  0.27813015E-02,      3,     55,      6,      1,  0.25525010E+03
  0.28673254E+02,   2462,    238,5413889,      1,     80,     16,      3,  0.27796191E-02,      3,     55,      6,      1,  0.25525010E+03
  0.28673254E+02,   2462,    239,5413890,      1,     80,     20,     10,  0.27779424E-02,      3,     55,      6,      1,  0.25525010E+03
  0.28673254E+02,   2462,    240,5413891,      1,     80,      4,      9,  0.27762714E-02,      3,     55,      6,      1,  0.25525010E+03
  0.28673254E+02,   2462,    241,5413892,      1,     80,      3,      4,  0.27746059E-02,      3,     55,      6,      1,  0.25525010E+03
  0.28673254E+02,   2462,    242,5413893,      1,     80,     13,     19,  0.27729459E-02,      3,     55,      6,      1,  0.25525010E+03
  0.28673254E+02,   2462,    243,5413894,      2,      0,     18,     17,  0.27712915E-02,      3,     55,      6,      1,  0.25525010E+03
  0.28673254E+02,   2462,    244,5413895,      2,      0,     14,     15,  0.27696425E-02,      3,     55,      6,      1,  0.25525010E+03
  0.28673254E+02,   2462,    245,5413896,      1,     80,     19,     10,  0.27679989E-02,      3,     55,      6,      1,  0.25525010E+03
  0.28673254E+02,   2462,    246,5413897,      1,     80,     10,      5,  0.27663608E-02,      3,     55,      6,      1,  0.25525010E+03
  0.28673254E+02,   2462,    247,5413898,      2,      0,      9,      9,  0.27647280E-02,      3,     55,      6,      1,  0.25525010E+03
  0.28673254E+02,   2462,    248,5413899,      1,     80,     15,     18,  0.27631005E-02,      3,     55,      6,      1,  0.25525010E+03
  0.28673254E+02,   2462,    249,5413900,      2,      0,     11,     17,  0.27614783E-02,      3,     55,      6,      1,  0.25525010E+03
  0.28673254E+02,   2462,    250,5413901,      1,     80,      9,     13,  0.27598613E-02,      3,     55,      6,      1,  0.25525010E+03
  0.28673254E+02,   2462,    251,5413902,      2,      0,      4,     10,  0.27582496E-02,      3,     55,      6,      1,  0.25525010E+03
  0.28673254E+02,   2462,    252,5413903,      2,      0,     12,     19,  0.27566430E-02,      3,     55,      6,      1,  0.25525010E+03
  0.28673254E+02,   2462,    253,5413904,      1,     80,     14,     19,  0.27550416E-02,      3,     55,      6,      1,  0.25525010E+03
  0.28673254E+02,   2462,    254,5413905,      1,     80,     14,      4,  0.27534452E-02,      3,     55,      6,      1,  0.25525010E+03
  0.28673254E+02,   2462,    255,5413906,      1,     80,      4,      3,  0.27518540E-02,      3,     55,      6,      1,  0.25525010E+03
  0.28673254E+02,   2462,    256,5413907,      1,     80,     13,     17,  0.27502678E-02,      3,     55,      6,      1,  0.25525010E+03
  0.28673254E+02,   2462,    257,5413908,      1,     80,      9,     15,  0.27486865E-02,      3,     55,      6,      1,  0.25525010E+03
  0.28673254E+02,   2462,    258,5413909,      1,     80,     19,     20,  0.27471103E-02,      3,     55,      6,      1,  0.25525010E+03
  0.28673254E+02,   2462,    259,5413910,      2,      0,     18,     17,  0.27455390E-02,      3,     55,      6,      1,  0.25525010E+03
  0.28673254E+02,   2462,    260,5413911,      2,      0,     18,      3,  0.27439726E-02,      3,     55,      6,      1,  0.25525010E+03
  0.28673254E+02,   2462,    261,5413912,      2,      0,     14,     13,  0.27424111E-02,      3,     55,      6,      1,  0.25525010E+03
  0.28673254E+02,   2462,    262,5413913,      1,     80,      4,      5,  0.27408544E-02,      3,     55,      6,      1,  0.25525010E+03
  0.28673254E+02,   2462,    263,5413914,      2,      0,      6,     12,  0.27393025E-02,      3,     55,      6,      1,  0.25525010E+03
  0.28673254E+02,   2462,    264,5413915,      1,     80,      4,     12,  0.27377554E-02,      3,     55,      6,      1,  0.25525010E+03
  0.28673254E+02,   2462,    265,5413916,      2,      0,     12,      1,  0.27362131E-02,      3,     55,      6,      1,  0.25525010E+03
  0.28673254E+02,   2462,    266,5413917,      1,     80,     17,      8,  0.27346754E-02,      3,     55,      6,      1,  0.25525010E+03
  0.28673254E+02,   2462,    267,5413918,      1,     80,     14,      2,  0.27331425E-02,      3,     55,      6,      1,  0.25525010E+03
  0.28673254E+02,   2462,    268,5413919,      1,     80,     15,      2,  0.27316142E-02,      3,     55,      6,      1,  0.25525010E+03
  0.28673254E+02,   2462,    269,5413920,      1,     80,      9,     15,  0.27300905E-02,      3,     55,      6,      1,  0.25525010E+03
  0.28673254E+02,   2462,    270,5413921,      1,     80,     18,      1,  0.27285714E-02,      3,     55,      6,      1,  0.25525010E+03
  0.28673254E+02,   2462,    271,5413922,      1,     80,     18,      2,  0.27270569E-02,      3,     55,      6,      1,  0.25525010E+03
  0.28673254E+02,   2462,    272,5413923,      2,      0,      9,      4,  0.27255469E-02,      3,     55,      6,      1,  0.25525010E+03
  0.28673254E+02,   2462,    273,5413924,      2,      0,     10,      7,  0.27240414E-02,      3,     55,      6,      1,  0.25525010E+03
  0.28673254E+02,   2462,    274,5413925,      1,     80,     18,      2,  0.27225404E-02,      3,     55,      6,      1,  0.25525010E+03
  0.28673254E+02,   2462,    275,5413926,      1,     80,      7,     13,  0.27210438E-02,      3,     55,      6,      1,  0.25525010E+03
  0.28673254E+02,   2462,    276,5413927,      1,     80,     12,      4,  0.27195517E-02,      3,     55,      6,      1,  0.25525010E+03
  0.28673254E+02,   2462,    277,5413928,      1,     80,     10,      9,  0.27180640E-02,      3,     55,      6,      1,  0.25525010E+03
  0.28673254E+02,   2462,    278,5413929,      1,     80,     14,      2,  0.27165806E-02,      3,     55,      6,      1,  0.25525010E+03
  0.28673254E+02,   2462,    279,5413930,      1,     80,     10,      3,  0.27151015E-02,      3,     55,      6,      1,  0.25525010E+03
  0.28673254E+02,   2462,    280,5413931,      1,     80,      6,      4,  0.27136268E-02,      3,     55,      6,      1,  0.25525010E+03
  0.28673254E+02,   2462,    281,5413932,      1,     80,     10,      3,  0.27121563E-02,      3,     55,      6,      1,  0.25525010E+03
  0.28673254E+02,   2462,    282,5413933,      2,      0,      3,     11,  0.27106901E-02,      3,     55,      6,      1,  0.25525010E+03
  0.28673254E+02,   2462,    283,5413934,      1,     80,      2,     10,  0.27092281E-02,      3,     55,      6,      1,  0.25525010E+03
  0.28673254E+02,   2462,    284,5413935,      1,     80,     19,     13,  0.27077703E-02,      3,     55,      6,      1,  0.25525010E+03
  0.28673254E+02,   2462,    285,5413936,      1,     80,      4,      6,  0.27063167E-02,      3,     55,      6,      1,  0.25525010E+03
  0.28673254E+02,   2462,    286,5413937,      1,     80,     12,     10,  0.27048672E-02,      3,     55,      6,      1,  0.25525010E+03
  0.28673254E+02,   2462,    287,5413938,      1,     80,     14,      3,  0.27034218E-02,      3,     55,      6,      1,  0.25525010E+03
  0.28673254E+02,   2462,    288,5413939,      1,     80,      3,      3,  0.27019806E-02,      3,     55,      6,      1,  0.25525010E+03
  0.28673254E+02,   2462,    289,5413940,      1,     80,     17,      7,  0.27005434E-02,      3,     55,      6,      1,  0.25525010E+03
  0.28673254E+02,   2462,    290,5413941,      1,     80,     11,      6,  0.26991102E-02,      3,     55,      6,      1,  0.25525010E+03
  0.28673254E+02,   2462,    291,5413942,      1,     80,     10,      6,  0.26976811E-02,      3,     55,      6,      1,  0.25525010E+03
  0.28673254E+02,   2462,    292,5413943,      2,      0,      8,      8,  0.26962560E-02,      3,     55,      6,      1,  0.25525010E+03
  0.28673254E+02,   2462,    293,5413944,      2,      0,     15,     11,  0.26948348E-02,      3,     55,      6,      1,  0.25525010E+03
  0.28673254E+02,   2462,    294,5413945,      1,     80,      9,     12,  0.26934175E-02,      3,     55,      6,      1,  0.25525010E+03
  0.28673254E+02,   2462,    295,5413946,      2,      0,     15,     11,  0.26920042E-02,      3,     55,      6,      1,  0.25525010E+03
  0.28673254E+02,   2462,    296,5413947,      1,     80,      9,     12,  0.26905948E-02,      3,     55,      6,      1,  0.25525010E+03
  0.28673254E+02,   2462,    297,5413948,      1,     80,      7,     15,  0.26891893E-02,      3,     55,      6,      1,  0.25525010E+03
  0.28673254E+02,   2462,    298,5413949,      1,     80,      3,      2,  0.26877876E-02,      3,     55,      6,      1,  0.25525010E+03
  0.28673254E+02,   2462,    299,5413950,      2,      0,     15,     11,  0.26863897E-02,      3,     55,      6,      1,  0.25525010E+03
  0.28673254E+02,   2462,    300,5413951,      1,     80,     20,      2,  0.26849956E-02,      3,     55,      6,      1,  0.25525010E+03
  0.28673254E+02,   2462,    301,5413952,      2,      0,     10,      7,  0.26836053E-02,      3,     55,      6,      1,  0.25525010E+03
  0.28673254E+02,   2462,    302,5413953,      2,      0,      6,     19,  0.26822187E-02,      3,     55,      6,      1,  0.25525010E+03
  0.28673254E+02,   2462,    303,5413954,      1,     80,     18,     11,  0.26808359E-02,      3,     55,      6,      1,  0.25525010E+03
  0.28673254E+02,   2462,    304,5413955,      2,      0,     10,      8,  0.26794568E-02,      3,     55,      6,      1,  0.25525010E+03
  0.28673254E+02,   2462,    305,5413956,      1,     80,     14,     16,  0.26780814E-02,      3,     55,      6,      1,  0.25525010E+03
  0.28673254E+02,   2462,    306,5413957,      1,     80,      7,     19,  0.26767096E-02,      3,     55,      6,      1,  0.25525010E+03
  0.28673254E+02,   2462,    307,5413958,      1,     80,     17,     15,  0.26753415E-02,      3,     55,      6,      1,  0.25525010E+03
  0.28673254E+02,   2462,    308,5413959,      1,     80,     11,     10,  0.26739770E-02,      3,     55,      6,      1,  0.25525010E+03
  0.28673254E+02,   2462,    309,5413960,      1,     80,     16,     12,  0.26726160E-02,      3,     55,      6,      1,  0.25525010E+03
  0.28673254E+02,   2462,    310,5413961,      1,     80,      9,     11,  0.26712587E-02,      3,     55,      6,      1,  0.25525010E+03
  0.28673254E+02,   2462,    311,5413962,      1,     80,     10,     20,  0.26699049E-02,      3,     55,      6,      1,  0.25525010E+03
  0.28673254E+02,   2462,    312,5413963,      1,     80,      1,     16,  0.26685547E-02,      3,     55,      6,      1,  0.25525010E+03
  0.28673254E+02,   2462,    313,5413964,      1,     80,      3,      9,  0.26672079E-02,      3,     55,      6,      1,  0.25525010E+03
  0.28673254E+02,   2462,    314,5413965,      1,     80,     14,     10,  0.26658647E-02,      3,     55,      6,      1,  0.25525010E+03
  0.28673254E+02,   2462,    315,5413966,      1,     80,     10,      6,  0.26645249E-02,      3,     55,      6,      1,  0.25525010E+03
  0.28673254E+02,   2462,    316,5413967,      1,     80,      4,      9,  0.26631885E-02,      3,     55,      6,      1,  0.25525010E+03
  0.28673254E+02,   2462,    317,5413968,      2,      0,      3,     20,  0.26618556E-02,      3,     55,      6,      1,  0.25525010E+03
  0.28673254E+02,   2462,    318,5413969,      1,     80,     18,      2,  0.26605261E-02,      3,     55,      6,      1,  0.25525010E+03
  0.28673254E+02,   2462,    319,5413970,      1,     80,     19,      2,  0.26592000E-02,      3,     55,      6,      1,  0.25525010E+03
  0.28673254E+02,   2462,    320,5413971,      2,      0,     14,     11,  0.26578772E-02,      3,     55,      6,      1,  0.25525010E+03
  0.28673254E+02,   2462,    321,5413972,      2,      0,      6,     19,  0.26565578E-02,      3,     55,      6,      1,  0.25525010E+03
  0.28673254E+02,   2462,    322,5413973,      1,     80,     15,     15,  0.26552417E-02,      3,     55,      6,      1,  0.25525010E+03
  0.28673254E+02,   2462,    323,5413974,      2,      0,      6,     19,  0.26539289E-02,      3,     55,      6,      1,  0.25525010E+03
  0.28673254E+02,   2462,    324,5413975,      1,     80,     12,     16,  0.26526195E-02,      3,     55,      6,      1,  0.25525010E+03
  0.28673254E+02,   2462,    325,5413976,      2,      0,     18,     12,  0.26513132E-02,      3,     55,      6,      1,  0.25525010E+03
  0.28673254E+02,   2462,    326,5413977,      1,     80,      3,      8,  0.26500103E-02,      3,     55,      6,      1,  0.25525010E+03
  0.28673254E+02,   2462,    327,5413978,      1,     80,      4,      1,  0.26487105E-02,      3,     55,      6,      1,  0.25525010E+03
  0.28673254E+02,   2462,    328,5413979,      1,     80,      5,     15,  0.26474140E-02,      3,     55,      6,      1,  0.25525010E+03
  0.28673254E+02,   2462,    329,5413980,      1,     80,      2,      2,  0.26461207E-02,      3,     55,      6,      1,  0.25525010E+03
  0.28673254E+02,   2462,    330,5413981,      1,     80,      1,     17,  0.26448305E-02,      3,     55,      6,      1,  0.25525010E+03
  0.28673254E+02,   2462,    331,5413982,      1,     80,     11,     12,  0.26435435E-02,      3,     55,      6,      1,  0.25525010E+03
  0.28673254E+02,   2462,    332,5413983,      1,     80,     17,      9,  0.26422596E-02,      3,     55,      6,      1,  0.25525010E+03
  0.28673254E+02,   2462,    333,5413984,      2,      0,     14,     18,  0.26409788E-02,      3,     55,      6,      1,  0.25525010E+03
  0.28673254E+02,   2462,    334,5413985,      2,      0,     10,      7,  0.26397012E-02,      3,     55,      6,      1,  0.25525010E+03
  0.28673254E+02,   2462,    335,5413986,      1,     80,      7,     17,  0.26384266E-02,      3,     55,      6,      1,  0.25525010E+03
  0.28673254E+02,   2462,    336,5413987,      2,      0,     20,     16,  0.26371551E-02,      3,     55,      6,      1,  0.25525010E+03
  0.28673254E+02,   2462,    337,5413988,      1,     80,      7,     12,  0.26358867E-02,      3,     55,      6,      1,  0.25525010E+03
  0.28673254E+02,   2462,    338,5413989,      2,      0,      6,     12,  0.26346212E-02,      3,     55,      6,      1,  0.25525010E+03
  0.28673254E+02,   2462,    339,5413990,      1,     80,      2,      2,  0.26333588E-02,      3,     55,      6,      1,  0.25525010E+03
  0.28673254E+02,   2462,    340,5413991,      1,     80,     12,     11,  0.26320994E-02,      3,     55,      6,      1,  0.25525010E+03
  0.28673254E+02,   2462,    341,5413992,      1,     80,      1,      3,  0.26308429E-02,      3,     55,      6,      1,  0.25525010E+03
  0.28673254E+02,   2462,    342,5413993,      1,     80,      3,      4,  0.26295894E-02,      3,     55,      6,      1,  0.25525010E+03
  0.28673254E+02,   2462,    343,5413994,      1,     80,      5,     17,  0.26283389E-02,      3,     55,      6,      1,  0.25525010E+03
  0.28673254E+02,   2462,    344,5413995,      1,     80,      3,      2,  0.26270913E-02,      3,     55,      6,      1,  0.25525010E+03
  0.28673254E+02,   2462,    345,5413996,      1,     80,     11,     14,  0.26258466E-02,      3,     55,      6,      1,  0.25525010E+03
  0.28673254E+02,   2462,    346,5413997,      1,     80,     19,     18,  0.26246048E-02,      3,     55,      6,      1,  0.25525010E+03
  0.28673254E+02,   2462,    347,5413998,      1,     80,     20,      5,  0.26233658E-02,      3,     55,      6,      1,  0.25525010E+03
  0.28673254E+02,   2462,    348,5413999,      1,     80,      8,      1,  0.26221297E-02,      3,     55,      6,      1,  0.25525010E+03
  0.28673254E+02,   2462,    349,5414000,      1,     80,      8,      4,  0.26208965E-02,      3,     55,      6,      1,  0.25525010E+03
  0.28673254E+02,   2462,    350,5414001,      2,      0,     12,      1,  0.26196661E-02,      3,     55,      6,      1,  0.25525010E+03
  0.28673254E+02,   2462,    351,5414002,      1,     80,     17,      7,  0.26184385E-02,      3,     55,      6,      1,  0.25525010E+03
  0.28673254E+02,   2462,    352,5414003,      1,     80,     19,     10,  0.26172137E-02,      3,     55,      6,      1,  0.25525010E+03
  0.28673254E+02,   2462,    353,5414004,      1,     80,     20,     10,  0.26159917E-02,      3,     55,      6,      1,  0.25525010E+03
  0.28673254E+02,   2462,    354,5414005,      1,     80,     19,     10,  0.26147725E-02,      3,     55,      6,      1,  0.25525010E+03
  0.28673254E+02,   2462,    355,5414006,      1,     80,     20,      1,  0.26135560E-02,      3,     55,      6,      1,  0.25525010E+03
  0.28673254E+02,   2462,    356,5414007,      1,     80,      6,      8,  0.26123422E-02,      3,     55,      6,      1,  0.25525010E+03
  0.28673254E+02,   2462,    357,5414008,      1,     80,     13,     17,  0.26111312E-02,      3,     55,      6,      1,  0.25525010E+03
  0.28673254E+02,   2462,    358,5414009,      1,     80,      5,      4,  0.26099228E-02,      3,     55,      6,      1,  0.25525010E+03
  0.28673254E+02,   2462,    359,5414010,      1,     80,      6,     10,  0.26087172E-02,      3,     55,      6,      1,  0.25525010E+03
  0.28673254E+02,   2462,    360,5414011,      2,      0,     10,      8,  0.26075142E-02,      3,     55,      6,      1,  0.25525010E+03
  0.28673254E+02,   2462,    361,5414012,      1,     80,     19,     10,  0.26063139E-02,      3,     55,      6,      1,  0.25525010E+03
  0.28673254E+02,   2462,    362,5414013,      1,     80,     17,     19,  0.26051162E-02,      3,     55,      6,      1,  0.25525010E+03
  0.28673254E+02,   2462,    363,5414014,      1,     80,      9,     18,  0.26039212E-02,      3,     55,      6,      1,  0.25525010E+03
  0.28673254E+02,   2462,    364,5414015,      1,     80,      6,      3,  0.26027288E-02,      3,     55,      6,      1,  0.25525010E+03
  0.28673254E+02,   2462,    365,5414016,      1,     80,     11,      3,  0.26015390E-02,      3,     55,      6,      1,  0.25525010E+03
  0.28673254E+02,   2462,    366,5414017,      1,     80,      4,     12,  0.26003517E-02,      3,     55,      6,      1,  0.25525010E+03
  0.28673254E+02,   2462,    367,5414018,      2,      0,      2,      5,  0.25991671E-02,      3,     55,      6,      1,  0.25525010E+03
  0.28673254E+02,   2462,    368,5414019,      2,      0,      3,      6,  0.25979850E-02,      3,     55,      6,      1,  0.25525010E+03
  0.28673254E+02,   2462,    369,5414020,      1,     80,     20,      9,  0.25968054E-02,      3,     55,      6,      1,  0.25525010E+03
  0.28673254E+02,   2462,    370,5414021,      1,     80,     11,      9,  0.25956284E-02,      3,     55,      6,      1,  0.25525010E+03
  0.28673254E+02,   2462,    371,5414022,      1,     80,      3,      7,  0.25944539E-02,      3,     55,      6,      1,  0.25525010E+03
  0.28673254E+02,   2462,    372,5414023,      2,      0,      8,      8,  0.25932818E-02,      3,     55,      6,      1,  0.25525010E+03
  0.28673254E+02,   2462,    373,5414024,      1,     80,     17,      1,  0.25921123E-02,      3,     55,      6,      1,  0.25525010E+03
  0.28673254E+02,   2462,    374,5414025,      2,      0,     14,     11,  0.25909453E-02,      3,     55,      6,      1,  0.25525010E+03
  0.28673254E+02,   2462,    375,5414026,      1,     80,     17,      8,  0.25897807E-02,      3,     55,      6,      1,  0.25525010E+03
  0.28673254E+02,   2462,    376,5414027,      2,      0,     14,     17,  0.25886186E-02,      3,     55,      6,      1,  0.25525010E+03
  0.28673254E+02,   2462,    377,5414028,      1,     80,     20,      6,  0.25874589E-02,      3,     55,      6,      1,  0.25525010E+03
  0.28673254E+02,   2462,    378,5414029,      2,      0,     10,      7,  0.25863016E-02,      3,     55,      6,      1,  0.25525010E+03
  0.28673254E+02,   2462,    379,5414030,      2,      0,     14,     12,  0.25851467E-02,      3,     55,      6,      1,  0.25525010E+03
  0.28673254E+02,   2462,    380,5414031,      1,     80,     16,      5,  0.25839943E-02,      3,     55,      6,      1,  0.25525010E+03
  0.28673254E+02,   2462,    381,5414032,      1,     80,     10,      6,  0.25828442E-02,      3,     55,      6,      1,  0.25525010E+03
  0.28673254E+02,   2462,    382,5414033,      1,     80,      8,     13,  0.25816965E-02,      3,     55,      6,      1,  0.25525010E+03
  0.28673254E+02,   2462,    383,5414034,      1,     80,      6,      5,  0.25805511E-02,      3,     55,      6,      1,  0.25525010E+03
  0.28673254E+02,   2462,    384,5414035,      1,     80,     11,      3,  0.25794081E-02,      3,     55,      6,      1,  0.25525010E+03
  0.28673254E+02,   2462,    385,5414036,      1,     80,     11,      4,  0.25782674E-02,      3,     55,      6,      1,  0.25525010E+03
  0.28673254E+02,   2462,    386,5414037,      1,     80,     10,      4,  0.25771291E-02,      3,     55,      6,      1,  0.25525010E+03
  0.28673254E+02,   2462,    387,5414038,      1,     80,      2,     14,  0.25759930E-02,      3,     55,      6,      1,  0.25525010E+03
  0.28673254E+02,   2462,    388,5414039,      1,     80,     20,     13,  0.25748593E-02,      3,     55,      6,      1,  0.25525010E+03
  0.28673254E+02,   2462,    389,5414040,      1,     80,      5,      6,  0.25737278E-02,      3,     55,      6,      1,  0.25525010E+03
  0.28673254E+02,   2462,    390,5414041,      1,     80,      6,      3,  0.25725986E-02,      3,     55,      6,      1,  0.25525010E+03
  0.28673254E+02,   2462,    391,5414042,      2,      0,      5,     10,  0.25714717E-02,      3,     55,      6,      1,  0.25525010E+03
  0.28673254E+02,   2462,    392,5414043,      1,     80,     16,      4,  0.25703470E-02,      3,     55,      6,      1,  0.25525010E+03
  0.28673254E+02,   2462,    393,5414044,      1,     80,     15,     12,  0.25692245E-02,      3,     55,      6,      1,  0.25525010E+03
  0.28673254E+02,   2462,    394,5414045,      2,      0,      2,      4,  0.25681043E-02,      3,     55,      6,      1,  0.25525010E+03
  0.28673254E+02,   2462,    395,5414046,      1,     80,     20,     15,  0.25669863E-02,      3,     55,      6,      1,  0.25525010E+03
  0.28673254E+02,   2462,    396,5414047,      1,     80,      9,      3,  0.25658705E-02,      3,     55,      6,      1,  0.25525010E+03
  0.28673254E+02,   2462,    397,5414048,      1,     80,     16,      2,  0.25647568E-02,      3,     55,      6,      1,  0.25525010E+03
  0.28673254E+02,   2462,    398,5414049,      1,     80,      9,      3,  0.25636454E-02,      3,     55,      6,      1,  0.25525010E+03
  0.28673254E+02,   2462,    399,5414050,      1,     80,     11,     14,  0.25625361E-02,      3,     55,      6,      1,  0.25525010E+03
  0.28673254E+02,   2462,    400,5414051,      1,     80,     13,      1,  0.25614290E-02,      3,     55,      6,      1,  0.25525010E+03
  0.28673254E+02,   2462,    401,5414052,      1,     80,      1,     14,  0.25603240E-02,      3,     55,      6,      1,  0.25525010E+03
  0.28673254E+02,   2462,    402,5414053,      1,     80,      2,     17,  0.25592212E-02,      3,     55,      6,      1,  0.25525010E+03
  0.28673254E+02,   2462,    403,5414054,      1,     80,      1,     15,  0.25581204E-02,      3,     55,      6,      1,  0.25525010E+03
  0.28673254E+02,   2462,    404,5414055,      1,     80,     19,      8,  0.25570218E-02,      3,     55,      6,      1,  0.25525010E+03
  0.28673254E+02,   2462,    405,5414056,      1,     80,     20,      9,  0.25559253E-02,      3,     55,      6,      1,  0.25525010E+03
  0.28673254E+02,   2462,    406,5414057,      1,     80,      5,     14,  0.25548309E-02,      3,     55,      6,      1,  0.25525010E+03
  0.28673254E+02,   2462,    407,5414058,      2,      0,      8,     14,  0.25537385E-02,      3,     55,      6,      1,  0.25525010E+03
  0.28673254E+02,   2462,    408,5414059,      1,     80,      4,     11,  0.25526482E-02,      3,     55,      6,      1,  0.25525010E+03
  0.28673254E+02,   2462,    409,5414060,      1,     80,     17,     10,  0.25515600E-02,      3,     55,      6,      1,  0.25525010E+03
  0.28673254E+02,   2462,    410,5414061,      1,     80,     13,      1,  0.25504738E-02,      3,     55,      6,      1,  0.25525010E+03
  0.28673254E+02,   2462,    411,5414062,      1,     80,      1,     16,  0.25493897E-02,      3,     55,      6,      1,  0.25525010E+03
  0.28673254E+02,   2462,    412,5414063,      1,     80,      5,     16,  0.25483076E-02,      3,     55,      6,      1,  0.25525010E+03
  0.28673254E+02,   2462,    413,5414064,      2,      0,      9,     16,  0.25472275E-02,      3,     55,      6,      1,  0.25525010E+03
  0.28673254E+02,   2462,    414,5414065,      1,     80,      8,      7,  0.25461494E-02,      3,     55,      6,      1,  0.25525010E+03
  0.28673254E+02,   2462,    415,5414066,      2,      0,     18,      6,  0.25450733E-02,      3,     55,      6,      1,  0.25525010E+03
  0.28673254E+02,   2462,    416,5414067,      2,      0,     16,     20,  0.25439991E-02,      3,     55,      6,      1,  0.25525010E+03
  0.28673254E+02,   2462,    417,5414068,      1,     80,     18,      2,  0.25429270E-02,      3,     55,      6,      1,  0.25525010E+03
  0.28673254E+02,   2462,    418,5414069,      1,     80,      8,      2,  0.25418568E-02,      3,     55,      6,      1,  0.25525010E+03
  0.28673254E+02,   2462,    419,5414070,      1,     80,      2,      6,  0.25407886E-02,      3,     55,      6,      1,  0.25525010E+03
  0.28673254E+02,   2462,    420,5414071,      1,     80,     20,     10,  0.25397223E-02,      3,     55,      6,      1,  0.25525010E+03
  0.28673254E+02,   2462,    421,5414072,      1,     80,      4,      3,  0.25386580E-02,      3,     55,      6,      1,  0.25525010E+03
  0.28673254E+02,   2462,    422,5414073,      1,     80,      1,     18,  0.25375956E-02,      3,     55,      6,      1,  0.25525010E+03
  0.28673254E+02,   2462,    423,5414074,      1,     80,      3,      4,  0.25365350E-02,      3,     55,      6,      1,  0.25525010E+03
  0.28673254E+02,   2462,    424,5414075,      1,     80,      6,      7,  0.25354764E-02,      3,     55,      6,      1,  0.25525010E+03
  0.28673254E+02,   2462,    425,5414076,      2,      0,     14,     18,  0.25344197E-02,      3,     55,      6,      1,  0.25525010E+03
  0.28673254E+02,   2462,    426,5414077,      1,     80,     13,     19,  0.25333649E-02,      3,     55,      6,      1,  0.25525010E+03
  0.28673254E+02,   2462,    427,5414078,      1,     80,      9,     20,  0.25323120E-02,      3,     55,      6,      1,  0.25525010E+03
  0.28673254E+02,   2462,    428,5414079,      1,     80,     11,      9,  0.25312609E-02,      3,     55,      6,      1,  0.25525010E+03
  0.28673254E+02,   2462,    429,5414080,      1,     80,     15,      2,  0.25302117E-02,      3,     55,      6,      1,  0.25525010E+03
  0.28673254E+02,   2462,    430,5414081,      1,     80,     19,     12,  0.25291643E-02,      3,     55,      6,      1,  0.25525010E+03
  0.28673254E+02,   2462,    431,5414082,      1,     80,      2,     15,  0.25281188E-02,      3,     55,      6,      1,  0.25525010E+03
  0.28673254E+02,   2462,    432,5414083,      1,     80,     16,      2,  0.25270751E-02,      3,     55,      6,      1,  0.25525010E+03
  0.28673254E+02,   2462,    433,5414084,      1,     80,      2,     15,  0.25260333E-02,      3,     55,      6,      1,  0.25525010E+03
  0.28673254E+02,   2462,    434,5414085,      1,     80,     11,      5,  0.25249932E-02,      3,     55,      6,      1,  0.25525010E+03
  0.28673254E+02,   2462,    435,5414086,      2,      0,     12,      5,  0.25239549E-02,      3,     55,      6,      1,  0.25525010E+03
  0.28673254E+02,   2462,    436,5414087,      1,     80,      8,     17,  0.25229185E-02,      3,     55,      6,      1,  0.25525010E+03
  0.28673254E+02,   2462,    437,5414088,      2,      0,      7,      8,  0.25218838E-02,      3,     55,      6,      1,  0.25525010E+03
  0.28673254E+02,   2462,    438,5414089,      1,     80,      8,     17,  0.25208509E-02,      3,     55,      6,      1,  0.25525010E+03
  0.28673254E+02,   2462,    439,5414090,      1,     80,     10,     12,  0.25198198E-02,      3,     55,      6,      1,  0.25525010E+03
  0.28673254E+02,   2462,    440,5414091,      1,     80,      5,     12,  0.25187904E-02,      3,     55,      6,      1,  0.25525010E+03
  0.28673254E+02,   2462,    441,5414092,      1,     80,      9,     18,  0.25177628E-02,      3,     55,      6,      1,  0.25525010E+03
  0.28673254E+02,   2462,    442,5414093,      1,     80,      1,     13,  0.25167369E-02,      3,     55,      6,      1,  0.25525010E+03
  0.28673254E+02,   2462,    443,5414094,      1,     80,     17,      2,  0.25157128E-02,      3,     55,      6,      1,  0.25525010E+03
  0.28673254E+02,   2462,    444,5414095,      1,     80,      8,     11,  0.25146904E-02,      3,     55,      6,      1,  0.25525010E+03
  0.28673254E+02,   2462,    445,5414096,      1,     80,     17,     18,  0.25136697E-02,      3,     55,      6,      1,  0.25525010E+03
  0.28673254E+02,   2462,    446,5414097,      1,     80,     14,      5,  0.25126507E-02,      3,     55,      6,      1,  0.25525010E+03
  0.28673254E+02,   2462,    447,5414098,      2,      0,      5,      5,  0.25116334E-02,      3,     55,      6,      1,  0.25525010E+03
  0.28673254E+02,   2462,    448,5414099,      2,      0,     11,     11,  0.25106178E-02,      3,     55,      6,      1,  0.25525010E+03
  0.28673254E+02,   2462,    449,5414100,      1,     80,      2,     15,  0.25096039E-02,      3,     55,      6,      1,  0.25525010E+03
  0.28673254E+02,   2462,    450,5414101,      1,     80,      6,      9,  0.25085917E-02,      3,     55,      6,      1,  0.25525010E+03
  0.28673254E+02,   2462,    451,5414102,      1,     80,      5,     14,  0.25075811E-02,      3,     55,      6,      1,  0.25525010E+03
  0.28673254E+02,   2462,    452,5414103,      1,     80,     10,      4,  0.25065722E-02,      3,     55,      6,      1,  0.25525010E+03
  0.28673254E+02,   2462,    453,5414104,      1,     80,     13,      3,  0.25055650E-02,      3,     55,      6,      1,  0.25525010E+03
  0.28673254E+02,   2462,    454,5414105,      1,     80,     13,     10,  0.25045594E-02,      3,     55,      6,      1,  0.25525010E+03
  0.28673254E+02,   2462,    455,5414106,      2,      0,      7,     10,  0.25035554E-02,      3,     55,      6,      1,  0.25525010E+03
  0.28673254E+02,   2462,    456,5414107,      2,      0,      1,      9,  0.25025531E-02,      3,     55,      6,      1,  0.25525010E+03
  0.28673254E+02,   2462,    457,5414108,      1,     80,      9,     14,  0.25015524E-02,      3,     55,      6,      1,  0.25525010E+03
  0.28673254E+02,   2462,    458,5414109,      1,     80,     16,     17,  0.25005533E-02,      3,     55,      6,      1,  0.25525010E+03
  0.28673254E+02,   2462,    459,5414110,      1,     80,      2,      3,  0.24995558E-02,      3,     55,      6,      1,  0.25525010E+03
  0.28673254E+02,   2462,    460,5414111,      1,     80,     18,      2,  0.24985599E-02,      3,     55,      6,      1,  0.25525010E+03
  0.28673254E+02,   2462,    461,5414112,      1,     80,     17,     16,  0.24975656E-02,      3,     55,      6,      1,  0.25525010E+03
  0.28673254E+02,   2462,    462,5414113,      2,      0,      6,     15,  0.24965729E-02,      3,     55,      6,      1,  0.25525010E+03
  0.28673254E+02,   2462,    463,5414114,      1,     80,     13,     17,  0.24955817E-02,      3,     55,      6,      1,  0.25525010E+03
  0.28673254E+02,   2462,    464,5414115,      1,     80,     10,     20,  0.24945921E-02,      3,     55,      6,      1,  0.25525010E+03
  0.28673254E+02,   2462,    465,5414116,      1,     80,     19,     12,  0.24936041E-02,      3,     55,      6,      1,  0.25525010E+03
  0.28673254E+02,   2462,    466,5414117,      1,     80,     18,     14,  0.24926176E-02,      3,     55,      6,      1,  0.25525010E+03
  0.28673254E+02,   2462,    467,5414118,      1,     80,     13,     17,  0.24916327E-02,      3,     55,      6,      1,  0.25525010E+03
  0.28673254E+02,   2462,    468,5414119,      1,     80,      3,      5,  0.24906493E-02,      3,     55,      6,      1,  0.25525010E+03
  0.28673254E+02,   2462,    469,5414120,      1,     80,      1,     11,  0.24896675E-02,      3,     55,      6,      1,  0.25525010E+03
  0.28673254E+02,   2462,    470,5414121,      1,     80,     20,      8,  0.24886872E-02,      3,     55,      6,      1,  0.25525010E+03
  0.28673254E+02,   2462,    471,5414122,      2,      0,     18,     17,  0.24877084E-02,      3,     55,      6,      1,  0.25525010E+03
  0.28673254E+02,   2462,    472,5414123,      1,     80,     10,     16,  0.24867311E-02,      3,     55,      6,      1,  0.25525010E+03
  0.28673254E+02,   2462,    473,5414124,      1,     80,      8,     18,  0.24857553E-02,      3,     55,      6,      1,  0.25525010E+03
  0.28673254E+02,   2462,    474,5414125,      1,     80,     16,     16,  0.24847810E-02,      3,     55,      6,      1,  0.25525010E+03
  0.28673254E+02,   2462,    475,5414126,      1,     80,     20,     13,  0.24838082E-02,      3,     55,      6,      1,  0.25525010E+03
  0.28673254E+02,   2462,    476,5414127,      1,     80,     17,      7,  0.24828369E-02,      3,     55,      6,      1,  0.25525010E+03
  0.28673254E+02,   2462,    477,5414128,      1,     80,     20,     18,  0.24818670E-02,      3,     55,      6,      1,  0.25525010E+03
  0.28673254E+02,   2462,    478,5414129,      1,     80,     15,     17,  0.24808986E-02,      3,     55,      6,      1,  0.25525010E+03
  0.28673254E+02,   2462,    479,5414130,      1,     80,      1,     17,  0.24799317E-02,      3,     55,      6,      1,  0.25525010E+03
  0.28673254E+02,   2462,    480,5414131,      1,     80,     12,      9,  0.24789663E-02,      3,     55,      6,      1,  0.25525010E+03
  0.28673254E+02,   2462,    481,5414132,      1,     80,      1,     11,  0.24780023E-02,      3,     55,      6,      1,  0.25525010E+03
  0.28673254E+02,   2462,    482,5414133,      1,     80,     14,      8,  0.24770397E-02,      3,     55,      6,      1,  0.25525010E+03
  0.28673254E+02,   2462,    483,5414134,      1,     80,     16,      6,  0.24760786E-02,      3,     55,      6,      1,  0.25525010E+03
  0.28673254E+02,   2462,    484,5414135,      1,     80,     15,     15,  0.24751189E-02,      3,     55,      6,      1,  0.25525010E+03
  0.28673254E+02,   2462,    485,5414136,      1,     80,     20,      9,  0.24741606E-02,      3,     55,      6,      1,  0.25525010E+03
  0.28673254E+02,   2462,    486,5414137,      1,     80,      2,      9,  0.24732037E-02,      3,     55,      6,      1,  0.25525010E+03
  0.28673254E+02,   2462,    487,5414138,      1,     80,     15,     12,  0.24722483E-02,      3,     55,      6,      1,  0.25525010E+03
  0.28673254E+02,   2462,    488,5414139,      1,     80,      5,      1,  0.24712942E-02,      3,     55,      6,      1,  0.25525010E+03
  0.28673254E+02,   2462,    489,5414140,      1,     80,     10,      5,  0.24703416E-02,      3,     55,      6,      1,  0.25525010E+03
  0.28673254E+02,   2462,    490,5414141,      2,      0,     10,     10,  0.24693903E-02,      3,     55,      6,      1,  0.25525010E+03
  0.28673254E+02,   2462,    491,5414142,      1,     80,      9,      6,  0.24684404E-02,      3,     55,      6,      1,  0.25525010E+03
  0.28673254E+02,   2462,    492,5414143,      1,     80,     14,     20,  0.24674919E-02,      3,     55,      6,      1,  0.25525010E+03
  0.28673254E+02,   2462,    493,5414144,      1,     80,      9,     20,  0.24665448E-02,      3,     55,      6,      1,  0.25525010E+03
  0.28673254E+02,   2462,    494,5414145,      1,     80,      1,     10,  0.24655991E-02,      3,     55,      6,      1,  0.25525010E+03
  0.28673254E+02,   2462,    495,5414146,      1,     80,      9,     15,  0.24646547E-02,      3,     55,      6,      1,  0.25525010E+03
  0.28673254E+02,   2462,    496,5414147,      1,     80,     10,     12,  0.24637116E-02,      3,     55,      6,      1,  0.25525010E+03
  0.28673254E+02,   2462,    497,5414148,      1,     80,     13,     13,  0.24627699E-02,      3,     55,      6,      1,  0.25525010E+03
  0.28673254E+02,   2462,    498,5414149,      1,     80,      7,     17,  0.24618296E-02,      3,     55,      6,      1,  0.25525010E+03
  0.28673254E+02,   2462,    499,5414150,      1,     80,     18,      2,  0.24608905E-02,      3,     55,      6,      1,  0.25525010E+03
  0.28673254E+02,   2462,    500,5414151,      1,     80,     14,     10,  0.24599529E-02,      3,     55,      6,      1,  0.25525010E+03
  0.28673254E+02,   2462,    501,5414152,      1,     80,     19,      8,  0.24590165E-02,      3,     55,      6,      1,  0.25525010E+03
  0.28673254E+02,   2462,    502,5414153,      2,      0,     20,     12,  0.24580814E-02,      3,     55,      6,      1,  0.25525010E+03
  0.28673254E+02,   2462,    503,5414154,      1,     80,     17,      2,  0.24571477E-02,      3,     55,      6,      1,  0.25525010E+03
  0.28673254E+02,   2462,    504,5414155,      2,      0,      8,      8,  0.24562153E-02,      3,     55,      6,      1,  0.25525010E+03
  0.28673254E+02,   2462,    505,5414156,      1,     80,     10,     11,  0.24552842E-02,      3,     55,      6,      1,  0.25525010E+03
  0.28673254E+02,   2462,    506,5414157,      2,      0,     11,     11,  0.24543543E-02,      3,     55,      6,      1,  0.25525010E+03
  0.28673254E+02,   2462,    507,5414158,      1,     80,      5,     15,  0.24534258E-02,      3,     55,      6,      1,  0.25525010E+03
  0.28673254E+02,   2462,    508,5414159,      1,     80,      2,      3,  0.24524985E-02,      3,     55,      6,      1,  0.25525010E+03
  0.28673254E+02,   2462,    509,5414160,      1,     80,     10,      6,  0.24515725E-02,      3,     55,      6,      1,  0.25525010E+03
  0.28673254E+02,   2462,    510,5414161,      1,     80,     11,     15,  0.24506478E-02,      3,     55,      6,      1,  0.25525010E+03
  0.28673254E+02,   2462,    511,5414162,      1,     80,      2,     19,  0.24497244E-02,      3,     55,      6,      1,  0.25525010E+03
  0.28673254E+02,   2462,    512,5414163,      1,     80,      1,     19,  0.24488022E-02,      3,     55,      6,      1,  0.25525010E+03
  0.28673254E+02,   2462,    513,5414164,      2,      0,     14,     18,  0.24478813E-02,      3,     55,      6,      1,  0.25525010E+03
  0.28673254E+02,   2462,    514,5414165,      1,     80,     14,     10,  0.24469616E-02,      3,     55,      6,      1,  0.25525010E+03
  0.28673254E+02,   2462,    515,5414166,      2,      0,      7,      4,  0.24460432E-02,      3,     55,      6,      1,  0.25525010E+03
  0.28673254E+02,   2462,    516,5414167,      1,     80,      5,     12,  0.24451260E-02,      3,     55,      6,      1,  0.25525010E+03
  0.28673254E+02,   2462,    517,5414168,      1,     80,      3,      4,  0.24442101E-02,      3,     55,      6,      1,  0.25525010E+03
  0.28673254E+02,   2462,    518,5414169,      1,     80,     19,     13,  0.24432953E-02,      3,     55,      6,      1,  0.25525010E+03
  0.28673254E+02,   2462,    519,5414170,      2,      0,     14,     11,  0.24423818E-02,      3,     55,      6,      1,  0.25525010E+03
  0.28673254E+02,   2462,    520,5414171,      2,      0,      9,     10,  0.24414696E-02,      3,     55,      6,      1,  0.25525010E+03
  0.28673254E+02,   2462,    521,5414172,      1,     80,     11,     10,  0.24405585E-02,      3,     55,      6,      1,  0.25525010E+03
  0.28673254E+02,   2462,    522,5414173,      2,      0,      9,     10,  0.24396486E-02,      3,     55,      6,      1,  0.25525010E+03
  0.28673254E+02,   2462,    523,5414174,      1,     80,     15,      2,  0.24387400E-02,      3,     55,      6,      1,  0.25525010E+03
  0.28673254E+02,   2462,    524,5414175,      1,     80,      8,      3,  0.24378325E-02,      3,     55,      6,      1,  0.25525010E+03
  0.28673254E+02,   2462,    525,5414176,      1,     80,     20,      3,  0.24369263E-02,      3,     55,      6,      1,  0.25525010E+03
  0.28673254E+02,   2462,    526,5414177,      1,     80,      5,     16,  0.24360212E-02,      3,     55,      6,      1,  0.25525010E+03
  0.28673254E+02,   2462,    527,5414178,      2,      0,      6,     13,  0.24351173E-02,      3,     55,      6,      1,  0.25525010E+03
  0.28673254E+02,   2462,    528,5414179,      1,     80,      7,      1,  0.24342146E-02,      3,     55,      6,      1,  0.25525010E+03
  0.28673254E+02,   2462,    529,5414180,      1,     80,     19,     14,  0.24333131E-02,      3,     55,      6,      1,  0.25525010E+03
  0.28673254E+02,   2462,    530,5414181,      1,     80,     11,     12,  0.24324127E-02,      3,     55,      6,      1,  0.25525010E+03
  0.28673254E+02,   2462,    531,5414182,      1,     80,     12,      9,  0.24315135E-02,      3,     55,      6,      1,  0.25525010E+03
  0.28673254E+02,   2462,    532,5414183,      1,     80,     15,     17,  0.24306154E-02,      3,     55,      6,      1,  0.25525010E+03
  0.28673254E+02,   2462,    533,5414184,      2,      0,      2,      5,  0.24297185E-02,      3,     55,      6,      1,  0.25525010E+03
  0.28673254E+02,   2462,    534,5414185,      1,     80,     17,      3,  0.24288228E-02,      3,     55,      6,      1,  0.25525010E+03
  0.28673254E+02,   2462,    535,5414186,      1,     80,      6,     18,  0.24279282E-02,      3,     55,      6,      1,  0.25525010E+03
  0.28673254E+02,   2462,    536,5414187,      1,     80,      6,     14,  0.24270347E-02,      3,     55,      6,      1,  0.25525010E+03
  0.28673254E+02,   2462,    537,5414188,      1,     80,     10,     20,  0.24261424E-02,      3,     55,      6,      1,  0.25525010E+03
  0.28673254E+02,   2462,    538,5414189,      1,     80,     10,      6,  0.24252512E-02,      3,     55,      6,      1,  0.25525010E+03
  0.28673254E+02,   2462,    539,5414190,      1,     80,     17,      5,  0.24243611E-02,      3,     55,      6,      1,  0.25525010E+03
  0.28673254E+02,   2462,    540,5414191,      2,      0,      4,     10,  0.24234721E-02,      3,     55,      6,      1,  0.25525010E+03
  0.28673254E+02,   2462,    541,5414192,      2,      0,      3,     13,  0.24225843E-02,      3,     55,      6,      1,  0.25525010E+03
  0.28673254E+02,   2462,    542,5414193,      2,      0,      2,      4,  0.24216976E-02,      3,     55,      6,      1,  0.25525010E+03
  0.28673254E+02,   2462,    543,5414194,      2,      0,      5,     10,  0.24208119E-02,      3,     55,      6,      1,  0.25525010E+03
  0.28673254E+02,   2462,    544,5414195,      1,     80,      5,      2,  0.24199274E-02,      3,     55,      6,      1,  0.25525010E+03
  0.28673254E+02,   2462,    545,5414196,      1,     80,      8,      4,  0.24190440E-02,      3,     55,      6,      1,  0.25525010E+03
  0.28673254E+02,   2462,    546,5414197,      1,     80,     19,     15,  0.24181616E-02,      3,     55,      6,      1,  0.25525010E+03
  0.28673254E+02,   2462,    547,5414198,      1,     80,     10,      4,  0.24172804E-02,      3,     55,      6,      1,  0.25525010E+03
  0.28673254E+02,   2462,    548,5414199,      1,     80,      7,     20,  0.24164002E-02,      3,     55,      6,      1,  0.25525010E+03
  0.28673254E+02,   2462,    549,5414200,      1,     80,     10,      6,  0.24155212E-02,      3,     55,      6,      1,  0.25525010E+03
  0.28673254E+02,   2462,    550,5414201,      1,     80,      2,     16,  0.24146431E-02,      3,     55,      6,      1,  0.25525010E+03
  0.28673254E+02,   2462,    551,5414202,      1,     80,     10,      4,  0.24137662E-02,      3,     55,      6,      1,  0.25525010E+03
  0.28673254E+02,   2462,    552,5414203,      1,     80,      8,     18,  0.24128903E-02,      3,     55,      6,      1,  0.25525010E+03
  0.28673254E+02,   2462,    553,5414204,      2,      0,     20,     19,  0.24120155E-02,      3,     55,      6,      1,  0.25525010E+03
  0.28673254E+02,   2462,    554,5414205,      1,     80,     18,      1,  0.24111418E-02,      3,     55,      6,      1,  0.25525010E+03
  0.28673254E+02,   2462,    555,5414206,      1,     80,      1,     13,  0.24102691E-02,      3,     55,      6,      1,  0.25525010E+03
  0.28673254E+02,   2462,    556,5414207,      1,     80,     19,      6,  0.24093974E-02,      3,     55,      6,      1,  0.25525010E+03
  0.28673254E+02,   2462,    557,5414208,      1,     80,     17,     10,  0.24085268E-02,      3,     55,      6,      1,  0.25525010E+03
  0.28673254E+02,   2462,    558,5414209,      1,     80,      8,      7,  0.24076573E-02,      3,     55,      6,      1,  0.25525010E+03
  0.28673254E+02,   2462,    559,5414210,      1,     80,     13,     18,  0.24067887E-02,      3,     55,      6,      1,  0.25525010E+03
  0.28673254E+02,   2462,    560,5414211,      1,     80,      4,      3,  0.24059213E-02,      3,     55,      6,      1,  0.25525010E+03
  0.28673254E+02,   2462,    561,5414212,      2,      0,      7,     10,  0.24050548E-02,      3,     55,      6,      1,  0.25525010E+03
  0.28673254E+02,   2462,    562,5414213,      1,     80,     18,     11,  0.24041893E-02,      3,     55,      6,      1,  0.25525010E+03
  0.28673254E+02,   2462,    563,5414214,      1,     80,      7,     17,  0.24033249E-02,      3,     55,      6,      1,  0.25525010E+03
  0.28673254E+02,   2462,    564,5414215,      2,      0,      9,      8,  0.24024615E-02,      3,     55,      6,      1,  0.25525010E+03
  0.28673254E+02,   2462,    565,5414216,      1,     80,      7,     12,  0.24015991E-02,      3,     55,      6,      1,  0.25525010E+03
  0.28673254E+02,   2462,    566,5414217,      2,      0,     12,     17,  0.24007377E-02,      3,     55,      6,      1,  0.25525010E+03
  0.28673254E+02,   2462,    567,5414218,      2,      0,      2,      5,  0.23998774E-02,      3,     55,      6,      1,  0.25525010E+03
  0.28673254E+02,   2462,    568,5414219,      1,     80,     15,     18,  0.23990180E-02,      3,     55,      6,      1,  0.25525010E+03
  0.28673254E+02,   2462,    569,5414220,      1,     80,     19,      3,  0.23981596E-02,      3,     55,      6,      1,  0.25525010E+03
  0.28673254E+02,   2462,    570,5414221,      1,     80,      1,      8,  0.23973022E-02,      3,     55,      6,      1,  0.25525010E+03
  0.28673254E+02,   2462,    571,5414222,      1,     80,     19,      5,  0.23964458E-02,      3,     55,      6,      1,  0.25525010E+03
  0.28673254E+02,   2462,    572,5414223,      1,     80,     15,     16,  0.23955904E-02,      3,     55,      6,      1,  0.25525010E+03
  0.28673254E+02,   2462,    573,5414224,      1,     80,     13,      4,  0.23947360E-02,      3,     55,      6,      1,  0.25525010E+03
  0.28673254E+02,   2462,    574,5414225,      1,     80,      6,      3,  0.23938825E-02,      3,     55,      6,      1,  0.25525010E+03
  0.28673254E+02,   2462,    575,5414226,      1,     80,     10,      1,  0.23930300E-02,      3,     55,      6,      1,  0.25525010E+03
  0.28673254E+02,   2462,    576,5414227,      1,     80,      4,     11,  0.23921785E-02,      3,     55,      6,      1,  0.25525010E+03
  0.28673254E+02,   2462,    577,5414228,      1,     80,     14,     20,  0.23913279E-02,      3,     55,      6,      1,  0.25525010E+03
  0.28673254E+02,   2462,    578,5414229,      1,     80,     15,      1,  0.23904783E-02,      3,     55,      6,      1,  0.25525010E+03
  0.28673254E+02,   2462,    579,5414230,      1,     80,     16,      5,  0.23896297E-02,      3,     55,      6,      1,  0.25525010E+03
  0.28673254E+02,   2462,    580,5414231,      2,      0,     11,     16,  0.23887820E-02,      3,     55,      6,      1,  0.25525010E+03
  0.28673254E+02,   2462,    581,5414232,      2,      0,     17,     12,  0.23879353E-02,      3,     55,      6,      1,  0.25525010E+03
  0.28673254E+02,   2462,    582,5414233,      1,     80,     11,      1,  0.23870895E-02,      3,     55,      6,      1,  0.25525010E+03
  0.28673254E+02,   2462,    583,5414234,      2,      0,     13,      9,  0.23862447E-02,      3,     55,      6,      1,  0.25525010E+03
  0.28673254E+02,   2462,    584,5414235,      1,     80,      7,      5,  0.23854008E-02,      3,     55,      6,      1,  0.25525010E+03
  0.28673254E+02,   2462,    585,5414236,      1,     80,     19,      9,  0.23845578E-02,      3,     55,      6,      1,  0.25525010E+03
  0.28673254E+02,   2462,    586,5414237,      1,     80,     13,      1,  0.23837158E-02,      3,     55,      6,      1,  0.25525010E+03
  0.28673254E+02,   2462,    587,5414238,      1,     80,     17,     17,  0.23828747E-02,      3,     55,      6,      1,  0.25525010E+03
  0.28673254E+02,   2462,    588,5414239,      1,     80,     13,     13,  0.23820345E-02,      3,     55,      6,      1,  0.25525010E+03
  0.28673254E+02,   2462,    589,5414240,      2,      0,      1,      7,  0.23811953E-02,      3,     55,      6,      1,  0.25525010E+03
  0.28673254E+02,   2462,    590,5414241,      2,      0,      4,      8,  0.23803569E-02,      3,     55,      6,      1,  0.25525010E+03
  0.28673254E+02,   2462,    591,5414242,      1,     80,     15,     12,  0.23795195E-02,      3,     55,      6,      1,  0.25525010E+03
  0.28673254E+02,   2462,    592,5414243,      2,      0,      3,     20,  0.23786830E-02,      3,     55,      6,      1,  0.25525010E+03
  0.28673254E+02,   2462,    593,5414244,      2,      0,      3,     12,  0.23778474E-02,      3,     55,      6,      1,  0.25525010E+03
  0.28673254E+02,   2462,    594,5414245,      1,     80,     13,     14,  0.23770127E-02,      3,     55,      6,      1,  0.25525010E+03
  0.28673254E+02,   2462,    595,5414246,      1,     80,     20,      8,  0.23761789E-02,      3,     55,      6,      1,  0.25525010E+03
  0.28673254E+02,   2462,    596,5414247,      2,      0,     13,      6,  0.23753460E-02,      3,     55,      6,      1,  0.25525010E+03
  0.28673254E+02,   2462,    597,5414248,      1,     80,     18,     18,  0.23745140E-02,      3,     55,      6,      1,  0.25525010E+03
  0.28673254E+02,   2462,    598,5414249,      1,     80,      9,     18,  0.23736829E-02,      3,     55,      6,      1,  0.25525010E+03
  0.28673254E+02,   2462,    599,5414250,      1,     80,     10,     14,  0.23728527E-02,      3,     55,      6,      1,  0.25525010E+03
  0.28673254E+02,   2462,    600,5414251,      1,     80,      3,      9,  0.23720234E-02,      3,     55,      6,      1,  0.25525010E+03
  0.28673254E+02,   2462,    601,5414252,      2,      0,      4,      8,  0.23711949E-02,      3,     55,      6,      1,  0.25525010E+03
  0.28673254E+02,   2462,    602,5414253,      1,     80,     12,     12,  0.23703673E-02,      3,     55,      6,      1,  0.25525010E+03
  0.28673254E+02,   2462,    603,5414254,      1,     80,     17,      9,  0.23695406E-02,      3,     55,      6,      1,  0.25525010E+03
  0.28673254E+02,   2462,    604,5414255,      1,     80,     17,      6,  0.23687148E-02,      3,     55,      6,      1,  0.25525010E+03
  0.28673254E+02,   2462,    605,5414256,      2,      0,     10,     18,  0.23678898E-02,      3,     55,      6,      1,  0.25525010E+03
  0.28673254E+02,   2462,    606,5414257,      2,      0,     19,     11,  0.23670657E-02,      3,     55,      6,      1,  0.25525010E+03
  0.28673254E+02,   2462,    607,5414258,      1,     80,     16,     12,  0.23662425E-02,      3,     55,      6,      1,  0.25525010E+03
  0.28673254E+02,   2462,    608,5414259,      2,      0,     15,     19,  0.23654201E-02,      3,     55,      6,      1,  0.25525010E+03
  0.28673254E+02,   2462,    609,5414260,      1,     80,     13,     14,  0.23645986E-02,      3,     55,      6,      1,  0.25525010E+03
  0.28673254E+02,   2462,    610,5414261,      1,     80,     11,      2,  0.23637779E-02,      3,     55,      6,      1,  0.25525010E+03
  0.28673254E+02,   2462,    611,5414262,      1,     80,     10,     15,  0.23629581E-02,      3,     55,      6,      1,  0.25525010E+03
  0.28673254E+02,   2462,    612,5414263,      1,     80,     11,     15,  0.23621391E-02,      3,     55,      6,      1,  0.25525010E+03
  0.28673254E+02,   2462,    613,5414264,      1,     80,      5,     15,  0.23613210E-02,      3,     55,      6,      1,  0.25525010E+03
  0.28673254E+02,   2462,    614,5414265,      1,     80,      5,     11,  0.23605037E-02,      3,     55,      6,      1,  0.25525010E+03
  0.28673254E+02,   2462,    615,5414266,      1,     80,     10,     15,  0.23596873E-02,      3,     55,      6,      1,  0.25525010E+03
  0.28673254E+02,   2462,    616,5414267,      1,     80,      8,     17,  0.23588717E-02,      3,     55,      6,      1,  0.25525010E+03
  0.28673254E+02,   2462,    617,5414268,      1,     80,      7,      3,  0.23580569E-02,      3,     55,      6,      1,  0.25525010E+03
  0.28673254E+02,   2462,    618,5414269,      2,      0,     10,      8,  0.23572429E-02,      3,     55,      6,      1,  0.25525010E+03
  0.28673254E+02,   2462,    619,5414270,      1,     80,      5,      3,  0.23564298E-02,      3,     55,      6,      1,  0.25525010E+03
  0.28673254E+02,   2462,    620,5414271,      1,     80,     17,      2,  0.23556175E-02,      3,     55,      6,      1,  0.25525010E+03
  0.28673254E+02,   2462,    621,5414272,      2,      0,     18,      3,  0.23548060E-02,      3,     55,      6,      1,  0.25525010E+03
  0.28673254E+02,   2462,    622,5414273,      2,      0,     11,     16,  0.23539953E-02,      3,     55,      6,      1,  0.25525010E+03
  0.28673254E+02,   2462,    623,5414274,      1,     80,     13,     18,  0.23531855E-02,      3,     55,      6,      1,  0.25525010E+03
  0.28673254E+02,   2462,    624,5414275,      2,      0,     14,     15,  0.23523764E-02,      3,     55,      6,      1,  0.25525010E+03
  0.28673254E+02,   2462,    625,5414276,      1,     80,     18,     13,  0.23515682E-02,      3,     55,      6,      1,  0.25525010E+03
  0.28673254E+02,   2462,    626,5414277,      1,     80,     20,     11,  0.23507607E-02,      3,     55,      6,      1,  0.25525010E+03
  0.28673254E+02,   2462,    627,5414278,      2,      0,      9,      5,  0.23499541E-02,      3,     55,      6,      1,  0.25525010E+03
  0.28673254E+02,   2462,    628,5414279,      1,     80,      5,     17,  0.23491482E-02,      3,     55,      6,      1,  0.25525010E+03
  0.28673254E+02,   2462,    629,5414280,      1,     80,      8,     15,  0.23483432E-02,      3,     55,      6,      1,  0.25525010E+03
  0.28673254E+02,   2462,    630,5414281,      1,     80,     14,     16,  0.23475390E-02,      3,     55,      6,      1,  0.25525010E+03
  0.28673254E+02,   2462,    631,5414282,      1,     80,      2,      2,  0.23467355E-02,      3,     55,      6,      1,  0.25525010E+03
  0.28673254E+02,   2462,    632,5414283,      2,      0,     16,     13,  0.23459328E-02,      3,     55,      6,      1,  0.25525010E+03
  0.28673254E+02,   2462,    633,5414284,      1,     80,      3,      4,  0.23451310E-02,      3,     55,      6,      1,  0.25525010E+03
  0.28673254E+02,   2462,    634,5414285,      1,     80,     19,     18,  0.23443299E-02,      3,     55,      6,      1,  0.25525010E+03
  0.28673254E+02,   2462,    635,5414286,      1,     80,      3,      4,  0.23435295E-02,      3,     55,      6,      1,  0.25525010E+03
  0.28673254E+02,   2462,    636,5414287,      2,      0,      6,     13,  0.23427300E-02,      3,     55,      6,      1,  0.25525010E+03
  0.28673254E+02,   2462,    637,5414288,      1,     80,     10,     12,  0.23419312E-02,      3,     55,      6,      1,  0.25525010E+03
  0.28673254E+02,   2462,    638,5414289,      2,      0,     12,      5,  0.23411332E-02,      3,     55,      6,      1,  0.25525010E+03
  0.28673254E+02,   2462,    639,5414290,      2,      0,      5,     10,  0.23403360E-02,      3,     55,      6,      1,  0.25525010E+03
  0.28673254E+02,   2462,    640,5414291,      1,     80,      3,      7,  0.23395395E-02,      3,     55,      6,      1,  0.25525010E+03
  0.28673254E+02,   2462,    641,5414292,      1,     80,     19,      1,  0.23387438E-02,      3,     55,      6,      1,  0.25525010E+03
  0.28673254E+02,   2462,    642,5414293,      1,     80,     13,      2,  0.23379489E-02,      3,     55,      6,      1,  0.25525010E+03
  0.28673254E+02,   2462,    643,5414294,      1,     80,      8,     18,  0.23371547E-02,      3,     55,      6,      1,  0.25525010E+03
  0.28673254E+02,   2462,    644,5414295,      2,      0,      6,     17,  0.23363613E-02,      3,     55,      6,      1,  0.25525010E+03
  0.28673254E+02,   2462,    645,5414296,      1,     80,     20,      5,  0.23355686E-02,      3,     55,      6,      1,  0.25525010E+03
  0.28673254E+02,   2462,    646,5414297,      1,     80,      7,     14,  0.23347767E-02,      3,     55,      6,      1,  0.25525010E+03
  0.28673254E+02,   2462,    647,5414298,      1,     80,     18,     15,  0.23339855E-02,      3,     55,      6,      1,  0.25525010E+03
  0.28673254E+02,   2462,    648,5414299,      1,     80,      9,     19,  0.23331951E-02,      3,     55,      6,      1,  0.25525010E+03
  0.28673254E+02,   2462,    649,5414300,      1,     80,     10,      3,  0.23324054E-02,      3,     55,      6,      1,  0.25525010E+03
  0.28673254E+02,   2462,    650,5414301,      1,     80,      3,      3,  0.23316165E-02,      3,     55,      6,      1,  0.25525010E+03
  0.28673254E+02,   2462,    651,5414302,      1,     80,      5,     17,  0.23308283E-02,      3,     55,      6,      1,  0.25525010E+03
  0.28673254E+02,   2462,    652,5414303,      1,     80,      8,      2,  0.23300408E-02,      3,     55,      6,      1,  0.25525010E+03
  0.28673254E+02,   2462,    653,5414304,      1,     80,      9,     11,  0.23292541E-02,      3,     55,      6,      1,  0.25525010E+03
  0.28673254E+02,   2462,    654,5414305,      1,     80,      6,      9,  0.23284681E-02,      3,     55,      6,      1,  0.25525010E+03
  0.28673254E+02,   2462,    655,5414306,      2,      0,     12,      2,  0.23276828E-02,      3,     55,      6,      1,  0.25525010E+03
  0.28673254E+02,   2462,    656,5414307,      1,     80,      7,     17,  0.23268982E-02,      3,     55,      6,      1,  0.25525010E+03
  0.28673254E+02,   2462,    657,5414308,      1,     80,      7,      3,  0.23261144E-02,      3,     55,      6,      1,  0.25525010E+03
  0.28673254E+02,   2462,    658,5414309,      1,     80,     13,     15,  0.23253313E-02,      3,     55,      6,      1,  0.25525010E+03
  0.28673254E+02,   2462,    659,5414310,      2,      0,      6,      1,  0.23245489E-02,      3,     55,      6,      1,  0.25525010E+03
  0.28673254E+02,   2462,    660,5414311,      1,     80,     20,     15,  0.23237673E-02,      3,     55,      6,      1,  0.25525010E+03
  0.28673254E+02,   2462,    661,5414312,      1,     80,     11,      7,  0.23229863E-02,      3,     55,      6,      1,  0.25525010E+03
  0.28673254E+02,   2462,    662,5414313,      2,      0,     18,     12,  0.23222060E-02,      3,     55,      6,      1,  0.25525010E+03
  0.28673254E+02,   2462,    663,5414314,      2,      0,     20,     17,  0.23214265E-02,      3,     55,      6,      1,  0.25525010E+03
  0.28673254E+02,   2462,    664,5414315,      1,     80,      1,     14,  0.23206477E-02,      3,     55,      6,      1,  0.25525010E+03
  0.28673254E+02,   2462,    665,5414316,      2,      0,     14,     13,  0.23198696E-02,      3,     55,      6,      1,  0.25525010E+03
  0.28673254E+02,   2462,    666,5414317,      2,      0,      9,      8,  0.23190921E-02,      3,     55,      6,      1,  0.25525010E+03
  0.28673254E+02,   2462,    667,5414318,      1,     80,      8,      4,  0.23183154E-02,      3,     55,      6,      1,  0.25525010E+03
  0.28673254E+02,   2462,    668,5414319,      1,     80,     19,     13,  0.23175394E-02,      3,     55,      6,      1,  0.25525010E+03
  0.28673254E+02,   2462,    669,5414320,      1,     80,     20,     18,  0.23167640E-02,      3,     55,      6,      1,  0.25525010E+03
  0.28673254E+02,   2462,    670,5414321,      1,     80,     19,     14,  0.23159894E-02,      3,     55,      6,      1,  0.25525010E+03
  0.28673254E+02,   2462,    671,5414322,      2,      0,      3,     17,  0.23152155E-02,      3,     55,      6,      1,  0.25525010E+03
  0.28673254E+02,   2462,    672,5414323,      1,     80,      4,      2,  0.23144422E-02,      3,     55,      6,      1,  0.25525010E+03
  0.28673254E+02,   2462,    673,5414324,      1,     80,     15,      9,  0.23136696E-02,      3,     55,      6,      1,  0.25525010E+03
  0.28673254E+02,   2462,    674,5414325,      1,     80,      8,     17,  0.23128977E-02,      3,     55,      6,      1,  0.25525010E+03
  0.28673254E+02,   2462,    675,5414326,      1,     80,     17,      2,  0.23121265E-02,      3,     55,      6,      1,  0.25525010E+03
  0.28673254E+02,   2462,    676,5414327,      2,      0,     12,      5,  0.23113560E-02,      3,     55,      6,      1,  0.25525010E+03
  0.28673254E+02,   2462,    677,5414328,      1,     80,      2,      2,  0.23105861E-02,      3,     55,      6,      1,  0.25525010E+03
  0.28673254E+02,   2462,    678,5414329,      1,     80,     20,     10,  0.23098170E-02,      3,     55,      6,      1,  0.25525010E+03
  0.28673254E+02,   2462,    679,5414330,      1,     80,     17,     18,  0.23090484E-02,      3,     55,      6,      1,  0.25525010E+03
  0.28673254E+02,   2462,    680,5414331,      1,     80,     16,      8,  0.23082806E-02,      3,     55,      6,      1,  0.25525010E+03
  0.28673254E+02,   2462,    681,5414332,      1,     80,     19,     16,  0.23075135E-02,      3,     55,      6,      1,  0.25525010E+03
  0.28673254E+02,   2462,    682,5414333,      1,     80,     19,     18,  0.23067470E-02,      3,     55,      6,      1,  0.25525010E+03
  0.28673254E+02,   2462,    683,5414334,      1,     80,      5,      2,  0.23059811E-02,      3,     55,      6,      1,  0.25525010E+03
  0.28673254E+02,   2462,    684,5414335,      1,     80,     15,     20,  0.23052159E-02,      3,     55,      6,      1,  0.25525010E+03
  0.28673254E+02,   2462,    685,5414336,      1,     80,     15,      3,  0.23044514E-02,      3,     55,      6,      1,  0.25525010E+03
  0.28673254E+02,   2462,    686,5414337,      1,     80,     13,     12,  0.23036876E-02,      3,     55,      6,      1,  0.25525010E+03
  0.28673254E+02,   2462,    687,5414338,      1,     80,      8,     16,  0.23029244E-02,      3,     55,      6,      1,  0.25525010E+03
  0.28673254E+02,   2462,    688,5414339,      1,     80,     19,     15,  0.23021618E-02,      3,     55,      6,      1,  0.25525010E+03
  0.28673254E+02,   2462,    689,5414340,      1,     80,     18,     20,  0.23014000E-02,      3,     55,      6,      1,  0.25525010E+03
  0.28673254E+02,   2462,    690,5414341,      1,     80,     15,      2,  0.23006387E-02,      3,     55,      6,      1,  0.25525010E+03
  0.28673254E+02,   2462,    691,5414342,      2,      0,     12,     19,  0.22998781E-02,      3,     55,      6,      1,  0.25525010E+03
  0.28673254E+02,   2462,    692,5414343,      1,     80,     18,     18,  0.22991182E-02,      3,     55,      6,      1,  0.25525010E+03
  0.28673254E+02,   2462,    693,5414344,      1,     80,     13,     15,  0.22983589E-02,      3,     55,      6,      1,  0.25525010E+03
  0.28673254E+02,   2462,    694,5414345,      1,     80,     18,     18,  0.22976002E-02,      3,     55,      6,      1,  0.25525010E+03
  0.28673254E+02,   2462,    695,5414346,      2,      0,      6,     11,  0.22968422E-02,      3,     55,      6,      1,  0.25525010E+03
  0.28673254E+02,   2462,    696,5414347,      2,      0,     13,     16,  0.22960848E-02,      3,     55,      6,      1,  0.25525010E+03
  0.28673254E+02,   2462,    697,5414348,      1,     80,      7,     17,  0.22953280E-02,      3,     55,      6,      1,  0.25525010E+03
  0.28673254E+02,   2462,    698,5414349,      2,      0,      3,     17,  0.22945719E-02,      3,     55,      6,      1,  0.25525010E+03
  0.28673254E+02,   2462,    699,5414350,      2,      0,      1,      7,  0.22938164E-02,      3,     55,      6,      1,  0.25525010E+03
  0.28673254E+02,   2462,    700,5414351,      2,      0,     12,     19,  0.22930616E-02,      3,     55,      6,      1,  0.25525010E+03
  0.28673254E+02,   2462,    701,5414352,      1,     80,     18,      1,  0.22923074E-02,      3,     55,      6,      1,  0.25525010E+03
  0.28673254E+02,   2462,    702,5414353,      1,     80,     16,      2,  0.22915538E-02,      3,     55,      6,      1,  0.25525010E+03
  0.28673254E+02,   2462,    703,5414354,      2,      0,     18,     12,  0.22908008E-02,      3,     55,      6,      1,  0.25525010E+03
  0.28673254E+02,   2462,    704,5414355,      1,     80,     16,      5,  0.22900484E-02,      3,     55,      6,      1,  0.25525010E+03
  0.28673254E+02,   2462,    705,5414356,      1,     80,     20,      7,  0.22892967E-02,      3,     55,      6,      1,  0.25525010E+03
  0.28673254E+02,   2462,    706,5414357,      1,     80,     12,      7,  0.22885456E-02,      3,     55,      6,      1,  0.25525010E+03
  0.28673254E+02,   2462,    707,5414358,      1,     80,     10,     16,  0.22877951E-02,      3,     55,      6,      1,  0.25525010E+03
  0.28673254E+02,   2462,    708,5414359,      1,     80,     18,     14,  0.22870452E-02,      3,     55,      6,      1,  0.25525010E+03
  0.28673254E+02,   2462,    709,5414360,      1,     80,      3,     14,  0.22862960E-02,      3,     55,      6,      1,  0.25525010E+03
  0.28673254E+02,   2462,    710,5414361,      2,      0,      5,      5,  0.22855473E-02,      3,     55,      6,      1,  0.25525010E+03
  0.28673254E+02,   2462,    711,5414362,      1,     80,      1,     15,  0.22847992E-02,      3,     55,      6,      1,  0.25525010E+03
  0.28673254E+02,   2462,    712,5414363,      1,     80,     16,      7,  0.22840518E-02,      3,     55,      6,      1,  0.25525010E+03
  0.28673254E+02,   2462,    713,5414364,      1,     80,      3,     14,  0.22833050E-02,      3,     55,      6,      1,  0.25525010E+03
  0.28673254E+02,   2462,    714,5414365,      1,     80,      6,      9,  0.22825587E-02,      3,     55,      6,      1,  0.25525010E+03
  0.28673254E+02,   2462,    715,5414366,      1,     80,     11,     12,  0.22818131E-02,      3,     55,      6,      1,  0.25525010E+03
  0.28673254E+02,   2462,    716,5414367,      1,     80,      8,      6,  0.22810681E-02,      3,     55,      6,      1,  0.25525010E+03
  0.28673254E+02,   2462,    717,5414368,      1,     80,     17,      4,  0.22803236E-02,      3,     55,      6,      1,  0.25525010E+03
  0.28673254E+02,   2462,    718,5414369,      2,      0,     14,     18,  0.22795798E-02,      3,     55,      6,      1,  0.25525010E+03
  0.28673254E+02,   2462,    719,5414370,      1,     80,      7,      2,  0.22788366E-02,      3,     55,      6,      1,  0.25525010E+03
  0.28673254E+02,   2462,    720,5414371,      2,      0,     15,     11,  0.22780939E-02,      3,     55,      6,      1,  0.25525010E+03
  0.28673254E+02,   2462,    721,5414372,      1,     80,      3,      7,  0.22773519E-02,      3,     55,      6,      1,  0.25525010E+03
  0.28673254E+02,   2462,    722,5414373,      1,     80,     15,     15,  0.22766104E-02,      3,     55,      6,      1,  0.25525010E+03
  0.28673254E+02,   2462,    723,5414374,      2,      0,     10,      8,  0.22758695E-02,      3,     55,      6,      1,  0.25525010E+03
  0.28673254E+02,   2462,    724,5414375,      2,      0,     17,     20,  0.22751292E-02,      3,     55,      6,      1,  0.25525010E+03
  0.28673254E+02,   2462,    725,5414376,      1,     80,     19,      2,  0.22743895E-02,      3,     55,      6,      1,  0.25525010E+03
  0.28673254E+02,   2462,    726,5414377,      1,     80,     17,      5,  0.22736504E-02,      3,     55,      6,      1,  0.25525010E+03
  0.28673254E+02,   2462,    727,5414378,      1,     80,      3,      1,  0.22729119E-02,      3,     55,      6,      1,  0.25525010E+03
  0.28673254E+02,   2462,    728,5414379,      1,     80,      4,      7,  0.22721739E-02,      3,     55,      6,      1,  0.25525010E+03
  0.28673254E+02,   2462,    729,5414380,      1,     80,      3,      5,  0.22714365E-02,      3,     55,      6,      1,  0.25525010E+03
  0.28673254E+02,   2462,    730,5414381,      1,     80,     14,      7,  0.22706997E-02,      3,     55,      6,      1,  0.25525010E+03
  0.28673254E+02,   2462,    731,5414382,      2,      0,      8,     14,  0.22699635E-02,      3,     55,      6,      1,  0.25525010E+03
  0.28673254E+02,   2462,    732,5414383,      2,      0,      9,     17,  0.22692278E-02,      3,     55,      6,      1,  0.25525010E+03
  0.28673254E+02,   2462,    733,5414384,      1,     80,     12,      8,  0.22684927E-02,      3,     55,      6,      1,  0.25525010E+03
  0.28673254E+02,   2462,    734,5414385,      1,     80,     10,      5,  0.22677582E-02,      3,     55,      6,      1,  0.25525010E+03
  0.28673254E+02,   2462,    735,5414386,      1,     80,     15,     10,  0.22670242E-02,      3,     55,      6,      1,  0.25525010E+03
  0.28673254E+02,   2462,    736,5414387,      1,     80,      8,     17,  0.22662908E-02,      3,     55,      6,      1,  0.25525010E+03
  0.28673254E+02,   2462,    737,5414388,      1,     80,     14,      2,  0.22655580E-02,      3,     55,      6,      1,  0.25525010E+03
  0.28673254E+02,   2462,    738,5414389,      1,     80,      4,      3,  0.22648257E-02,      3,     55,      6,      1,  0.25525010E+03
  0.28673254E+02,   2462,    739,5414390,      1,     80,     17,     14,  0.22640940E-02,      3,     55,      6,      1,  0.25525010E+03
  0.28673254E+02,   2462,    740,5414391,      1,     80,     18,      9,  0.22633629E-02,      3,     55,      6,      1,  0.25525010E+03
  0.28673254E+02,   2462,    741,5414392,      1,     80,      5,     17,  0.22626323E-02,      3,     55,      6,      1,  0.25525010E+03
  0.28673254E+02,   2462,    742,5414393,      1,     80,      4,      6,  0.22619023E-02,      3,     55,      6,      1,  0.25525010E+03
  0.28673254E+02,   2462,    743,5414394,      1,     80,      9,     15,  0.22611728E-02,      3,     55,      6,      1,  0.25525010E+03
  0.28673254E+02,   2462,    744,5414395,      1,     80,     17,      8,  0.22604439E-02,      3,     55,      6,      1,  0.25525010E+03
  0.28673254E+02,   2462,    745,5414396,      2,      0,     12,      2,  0.22597155E-02,      3,     55,      6,      1,  0.25525010E+03
  0.28673254E+02,   2462,    746,5414397,      1,     80,     10,      3,  0.22589877E-02,      3,     55,      6,      1,  0.25525010E+03
  0.28673254E+02,   2462,    747,5414398,      1,     80,     19,     14,  0.22582604E-02,      3,     55,      6,      1,  0.25525010E+03
  0.28673254E+02,   2462,    748,5414399,      2,      0,     15,     11,  0.22575337E-02,      3,     55,      6,      1,  0.25525010E+03
  0.28673254E+02,   2462,    749,5414400,      2,      0,     14,     11,  0.22568075E-02,      3,     55,      6,      1,  0.25525010E+03
  0.28673254E+02,   2462,    750,5414401,      1,     80,      4,      9,  0.22560819E-02,      3,     55,      6,      1,  0.25525010E+03
  0.28673254E+02,   2462,    751,5414402,      2,      0,      7,      8,  0.22553568E-02,      3,     55,      6,      1,  0.25525010E+03
  0.28673254E+02,   2462,    752,5414403,      1,     80,     11,      1,  0.22546323E-02,      3,     55,      6,      1,  0.25525010E+03
  0.28673254E+02,   2462,    753,5414404,      2,      0,      5,     10,  0.22539083E-02,      3,     55,      6,      1,  0.25525010E+03
  0.28673254E+02,   2462,    754,5414405,      1,     80,     10,      9,  0.22531848E-02,      3,     55,      6,      1,  0.25525010E+03
  0.28673254E+02,   2462,    755,5414406,      1,     80,     15,      2,  0.22524618E-02,      3,     55,      6,      1,  0.25525010E+03
  0.28673254E+02,   2462,    756,5414407,      1,     80,      3,      5,  0.22517394E-02,      3,     55,      6,      1,  0.25525010E+03
  0.28673254E+02,   2462,    757,5414408,      1,     80,     20,      4,  0.22510176E-02,      3,     55,      6,      1,  0.25525010E+03
  0.28673254E+02,   2462,    758,5414409,      1,     80,     19,     12,  0.22502963E-02,      3,     55,      6,      1,  0.25525010E+03
  0.28673254E+02,   2462,    759,5414410,      1,     80,     18,      1,  0.22495754E-02,      3,     55,      6,      1,  0.25525010E+03
  0.28673254E+02,   2462,    760,5414411,      1,     80,      4,     14,  0.22488552E-02,      3,     55,      6,      1,  0.25525010E+03
  0.28673254E+02,   2462,    761,5414412,      1,     80,     13,     14,  0.22481354E-02,      3,     55,      6,      1,  0.25525010E+03
  0.28673254E+02,   2462,    762,5414413,      2,      0,      9,     10,  0.22474162E-02,      3,     55,      6,      1,  0.25525010E+03
  0.28673254E+02,   2462,    763,5414414,      1,     80,     14,     10,  0.22466975E-02,      3,     55,      6,      1,  0.25525010E+03
  0.28673254E+02,   2462,    764,5414415,      1,     80,      7,      3,  0.22459793E-02,      3,     55,      6,      1,  0.25525010E+03
  0.28673254E+02,   2462,    765,5414416,      2,      0,      5,     18,  0.22452617E-02,      3,     55,      6,      1,  0.25525010E+03
  0.28673254E+02,   2462,    766,5414417,      1,     80,      2,     14,  0.22445446E-02,      3,     55,      6,      1,  0.25525010E+03
  0.28673254E+02,   2462,    767,5414418,      2,      0,     12,     19,  0.22438280E-02,      3,     55,      6,      1,  0.25525010E+03
  0.28673254E+02,   2462,    768,5414419,      1,     80,      7,      3,  0.22431119E-02,      3,     55,      6,      1,  0.25525010E+03
  0.28673254E+02,   2462,    769,5414420,      1,     80,      5,     12,  0.22423963E-02,      3,     55,      6,      1,  0.25525010E+03
  0.28673254E+02,   2462,    770,5414421,      2,      0,      6,     12,  0.22416812E-02,      3,     55,      6,      1,  0.25525010E+03
  0.28673254E+02,   2462,    771,5414422,      1,     80,      2,     19,  0.22409667E-02,      3,     55,      6,      1,  0.25525010E+03
  0.28673254E+02,   2462,    772,5414423,      1,     80,      1,     10,  0.22402526E-02,      3,     55,      6,      1,  0.25525010E+03
  0.28673254E+02,   2462,    773,5414424,      1,     80,      2,     16,  0.22395391E-02,      3,     55,      6,      1,  0.25525010E+03
  0.28673254E+02,   2462,    774,5414425,      1,     80,     13,      2,  0.22388261E-02,      3,     55,      6,      1,  0.25525010E+03
  0.28673254E+02,   2462,    775,5414426,      1,     80,      7,     15,  0.22381136E-02,      3,     55,      6,      1,  0.25525010E+03
  0.28673254E+02,   2462,    776,5414427,      1,     80,     11,      3,  0.22374016E-02,      3,     55,      6,      1,  0.25525010E+03
  0.28673254E+02,   2462,    777,5414428,      1,     80,      4,      1,  0.22366901E-02,      3,     55,      6,      1,  0.25525010E+03
  0.28673254E+02,   2462,    778,5414429,      1,     80,      9,     15,  0.22359791E-02,      3,     55,      6,      1,  0.25525010E+03
  0.28673254E+02,   2462,    779,5414430,      1,     80,     17,      7,  0.22352686E-02,      3,     55,      6,      1,  0.25525010E+03
  0.28673254E+02,   2462,    780,5414431,      1,     80,      6,     16,  0.22345587E-02,      3,     55,      6,      1,  0.25525010E+03
  0.28673254E+02,   2462,    781,5414432,      1,     80,      8,      2,  0.22338492E-02,      3,     55,      6,      1,  0.25525010E+03
  0.28673254E+02,   2462,    782,5414433,      1,     80,     18,      4,  0.22331402E-02,      3,     55,      6,      1,  0.25525010E+03
  0.28673254E+02,   2462,    783,5414434,      1,     80,      1,     15,  0.22324317E-02,      3,     55,      6,      1,  0.25525010E+03
  0.28673254E+02,   2462,    784,5414435,      1,     80,     17,      8,  0.22317237E-02,      3,     55,      6,      1,  0.25525010E+03
  0.28673254E+02,   2462,    785,5414436,      1,     80,     18,     11,  0.22310162E-02,      3,     55,      6,      1,  0.25525010E+03
  0.28673254E+02,   2462,    786,5414437,      2,      0,      2,      5,  0.22303092E-02,      3,     55,      6,      1,  0.25525010E+03
  0.28673254E+02,   2462,    787,5414438,      1,     80,      7,      5,  0.22296027E-02,      3,     55,      6,      1,  0.25525010E+03
  0.28673254E+02,   2462,    788,5414439,      1,     80,     14,     20,  0.22288967E-02,      3,     55,      6,      1,  0.25525010E+03
  0.28673254E+02,   2462,    789,5414440,      1,     80,      9,     14,  0.22281912E-02,      3,     55,      6,      1,  0.25525010E+03
  0.28673254E+02,   2462,    790,5414441,      1,     80,     10,     13,  0.22274861E-02,      3,     55,      6,      1,  0.25525010E+03
  0.28673254E+02,   2462,    791,5414442,      1,     80,     13,     15,  0.22267816E-02,      3,     55,      6,      1,  0.25525010E+03
  0.28673254E+02,   2462,    792,5414443,      1,     80,     20,      8,  0.22260775E-02,      3,     55,      6,      1,  0.25525010E+03
  0.28673254E+02,   2462,    793,5414444,      1,     80,      3,     10,  0.22253739E-02,      3,     55,      6,      1,  0.25525010E+03
  0.28673254E+02,   2462,    794,5414445,      1,     80,     18,      2,  0.22246708E-02,      3,     55,      6,      1,  0.25525010E+03
  0.28673254E+02,   2462,    795,5414446,      1,     80,      6,     14,  0.22239682E-02,      3,     55,      6,      1,  0.25525010E+03
  0.28673254E+02,   2462,    796,5414447,      1,     80,     14,      6,  0.22232661E-02,      3,     55,      6,      1,  0.25525010E+03
  0.28673254E+02,   2462,    797,5414448,      1,     80,     13,      7,  0.22225644E-02,      3,     55,      6,      1,  0.25525010E+03
  0.28673254E+02,   2462,    798,5414449,      1,     80,      9,     14,  0.22218633E-02,      3,     55,      6,      1,  0.25525010E+03
  0.28673254E+02,   2462,    799,5414450,      2,      0,      7,      4,  0.22211626E-02,      3,     55,      6,      1,  0.25525010E+03
  0.28673254E+02,   2462,    800,5414451,      1,     80,     16,     12,  0.22204623E-02,      3,     55,      6,      1,  0.25525010E+03
  0.28673254E+02,   2462,    801,5414452,      1,     80,     19,      5,  0.22197626E-02,      3,     55,      6,      1,  0.25525010E+03
  0.28673254E+02,   2462,    802,5414453,      1,     80,      8,      3,  0.22190633E-02,      3,     55,      6,      1,  0.25525010E+03
  0.28673254E+02,   2462,    803,5414454,      1,     80,      6,      3,  0.22183645E-02,      3,     55,      6,      1,  0.25525010E+03
  0.28673254E+02,   2462,    804,5414455,      2,      0,     13,      9,  0.22176662E-02,      3,     55,      6,      1,  0.25525010E+03
  0.28673254E+02,   2462,    805,5414456,      1,     80,     12,     13,  0.22169683E-02,      3,     55,      6,      1,  0.25525010E+03
  0.28673254E+02,   2462,    806,5414457,      1,     80,     20,      2,  0.22162710E-02,      3,     55,      6,      1,  0.25525010E+03
  0.28673254E+02,   2462,    807,5414458,      1,     80,     19,     13,  0.22155740E-02,      3,     55,      6,      1,  0.25525010E+03
  0.28673254E+02,   2462,    808,5414459,      1,     80,     15,     15,  0.22148776E-02,      3,     55,      6,      1,  0.25525010E+03
  0.28673254E+02,   2462,    809,5414460,      1,     80,     13,      1,  0.22141816E-02,      3,     55,      6,      1,  0.25525010E+03
  0.28673254E+02,   2462,    810,5414461,      1,     80,     12,     16,  0.22134861E-02,      3,     55,      6,      1,  0.25525010E+03
  0.28673254E+02,   2462,    811,5414462,      1,     80,      4,      1,  0.22127910E-02,      3,     55,      6,      1,  0.25525010E+03
  0.28673254E+02,   2462,    812,5414463,      1,     80,      7,      7,  0.22120964E-02,      3,     55,      6,      1,  0.25525010E+03
  0.28673254E+02,   2462,    813,5414464,      2,      0,      6,     19,  0.22114023E-02,      3,     55,      6,      1,  0.25525010E+03
  0.28673254E+02,   2462,    814,5414465,      2,      0,     14,     17,  0.22107086E-02,      3,     55,      6,      1,  0.25525010E+03
  0.28673254E+02,   2462,    815,5414466,      1,     80,     15,     18,  0.22100154E-02,      3,     55,      6,      1,  0.25525010E+03
  0.28673254E+02,   2462,    816,5414467,      2,      0,     14,     17,  0.22093227E-02,      3,     55,      6,      1,  0.25525010E+03
  0.28673254E+02,   2462,    817,5414468,      1,     80,     17,     17,  0.22086304E-02,      3,     55,      6,      1,  0.25525010E+03
  0.28673254E+02,   2462,    818,5414469,      1,     80,     10,      4,  0.22079385E-02,      3,     55,      6,      1,  0.25525010E+03
  0.28673254E+02,   2462,    819,5414470,      1,     80,     15,     18,  0.22072471E-02,      3,     55,      6,      1,  0.25525010E+03
  0.28673254E+02,   2462,    820,5414471,      1,     80,     11,      5,  0.22065562E-02,      3,     55,      6,      1,  0.25525010E+03
  0.28673254E+02,   2462,    821,5414472,      1,     80,     13,      3,  0.22058657E-02,      3,     55,      6,      1,  0.25525010E+03
  0.28673254E+02,   2462,    822,5414473,      2,      0,      2,      4,  0.22051757E-02,      3,     55,      6,      1,  0.25525010E+03
  0.28673254E+02,   2462,    823,5414474,      2,      0,      5,      9,  0.22044861E-02,      3,     55,      6,      1,  0.25525010E+03
  0.28673254E+02,   2462,    824,5414475,      1,     80,      2,     11,  0.22037969E-02,      3,     55,      6,      1,  0.25525010E+03
  0.28673254E+02,   2462,    825,5414476,      2,      0,      6,      2,  0.22031083E-02,      3,     55,      6,      1,  0.25525010E+03
  0.28673254E+02,   2462,    826,5414477,      1,     80,     10,      6,  0.22024200E-02,      3,     55,      6,      1,  0.25525010E+03
  0.28673254E+02,   2462,    827,5414478,      2,      0,      9,     16,  0.22017322E-02,      3,     55,      6,      1,  0.25525010E+03
  0.28673254E+02,   2462,    828,5414479,      1,     80,     16,      7,  0.22010449E-02,      3,     55,      6,      1,  0.25525010E+03
  0.28673254E+02,   2462,    829,5414480,      2,      0,     19,     11,  0.22003580E-02,      3,     55,      6,      1,  0.25525010E+03
  0.28673254E+02,   2462,    830,5414481,      1,     80,     10,     13,  0.21996715E-02,      3,     55,      6,      1,  0.25525010E+03
  0.28673254E+02,   2462,    831,5414482,      2,      0,     14,     12,  0.21989855E-02,      3,     55,      6,      1,  0.25525010E+03
  0.28673254E+02,   2462,    832,5414483,      1,     80,      7,      5,  0.21982999E-02,      3,     55,      6,      1,  0.25525010E+03
  0.28673254E+02,   2462,    833,5414484,      1,     80,     19,     15,  0.21976148E-02,      3,     55,      6,      1,  0.25525010E+03
  0.28673254E+02,   2462,    834,5414485,      2,      0,      1,      7,  0.21969301E-02,      3,     55,      6,      1,  0.25525010E+03
  0.28673254E+02,   2462,    835,5414486,      1,     80,     15,     16,  0.21962458E-02,      3,     55,      6,      1,  0.25525010E+03
  0.28673254E+02,   2462,    836,5414487,      2,      0,      5,     10,  0.21955620E-02,      3,     55,      6,      1,  0.25525010E+03
  0.28673254E+02,   2462,    837,5414488,      2,      0,     13,      8,  0.21948786E-02,      3,     55,      6,      1,  0.25525010E+03
  0.28673254E+02,   2462,    838,5414489,      1,     80,     10,      1,  0.21941956E-02,      3,     55,      6,      1,  0.25525010E+03
  0.28673254E+02,   2462,    839,5414490,      1,     80,      3,      4,  0.21935131E-02,      3,     55,      6,      1,  0.25525010E+03
  0.28673254E+02,   2462,    840,5414491,      1,     80,     18,      2,  0.21928310E-02,      3,     55,      6,      1,  0.25525010E+03
  0.28673254E+02,   2462,    841,5414492,      1,     80,     11,     14,  0.21921493E-02,      3,     55,      6,      1,  0.25525010E+03
  0.28673254E+02,   2462,    842,5414493,      1,     80,      4,      5,  0.21914681E-02,      3,     55,      6,      1,  0.25525010E+03
  0.28673254E+02,   2462,    843,5414494,      1,     80,     11,     12,  0.21907873E-02,      3,     55,      6,      1,  0.25525010E+03
  0.28673254E+02,   2462,    844,5414495,      1,     80,      4,      2,  0.21901069E-02,      3,     55,      6,      1,  0.25525010E+03
  0.28673254E+02,   2462,    845,5414496,      1,     80,     18,     10,  0.21894270E-02,      3,     55,      6,      1,  0.25525010E+03
  0.28673254E+02,   2462,    846,5414497,      1,     80,      5,     11,  0.21887475E-02,      3,     55,      6,      1,  0.25525010E+03
  0.28673254E+02,   2462,    847,5414498,      1,     80,      4,     11,  0.21880684E-02,      3,     55,      6,      1,  0.25525010E+03
  0.28673254E+02,   2462,    848,5414499,      1,     80,      7,     13,  0.21873897E-02,      3,     55,      6,      1,  0.25525010E+03
  0.28673254E+02,   2462,    849,5414500,      1,     80,     18,      1,  0.21867115E-02,      3,     55,      6,      1,  0.25525010E+03
  0.28673254E+02,   2462,    850,5414501,      1,     80,     11,      3,  0.21860336E-02,      3,     55,      6,      1,  0.25525010E+03
  0.28673254E+02,   2462,    851,5414502,      2,      0,      1,      9,  0.21853562E-02,      3,     55,      6,      1,  0.25525010E+03
  0.28673254E+02,   2462,    852,5414503,      1,     80,      4,     20,  0.21846792E-02,      3,     55,      6,      1,  0.25525010E+03
  0.28673254E+02,   2462,    853,5414504,      1,     80,     18,     13,  0.21840027E-02,      3,     55,      6,      1,  0.25525010E+03
  0.28673254E+02,   2462,    854,5414505,      2,      0,      6,     13,  0.21833265E-02,      3,     55,      6,      1,  0.25525010E+03
  0.28673254E+02,   2462,    855,5414506,      1,     80,     19,      9,  0.21826508E-02,      3,     55,      6,      1,  0.25525010E+03
  0.28673254E+02,   2462,    856,5414507,      2,      0,      5,     10,  0.21819755E-02,      3,     55,      6,      1,  0.25525010E+03
  0.28673254E+02,   2462,    857,5414508,      1,     80,      6,      8,  0.21813006E-02,      3,     55,      6,      1,  0.25525010E+03
  0.28673254E+02,   2462,    858,5414509,      1,     80,     11,      8,  0.21806261E-02,      3,     55,      6,      1,  0.25525010E+03
  0.28673254E+02,   2462,    859,5414510,      1,     80,     15,     12,  0.21799521E-02,      3,     55,      6,      1,  0.25525010E+03
  0.28673254E+02,   2462,    860,5414511,      1,     80,      8,     15,  0.21792784E-02,      3,     55,      6,      1,  0.25525010E+03
  0.28673254E+02,   2462,    861,5414512,      1,     80,     20,     10,  0.21786052E-02,      3,     55,      6,      1,  0.25525010E+03
  0.28673254E+02,   2462,    862,5414513,      1,     80,      4,      7,  0.21779323E-02,      3,     55,      6,      1,  0.25525010E+03
  0.28673254E+02,   2462,    863,5414514,      1,     80,      1,     16,  0.21772599E-02,      3,     55,      6,      1,  0.25525010E+03
  0.28673254E+02,   2462,    864,5414515,      1,     80,      4,      7,  0.21765879E-02,      3,     55,      6,      1,  0.25525010E+03
  0.28673254E+02,   2462,    865,5414516,      1,     80,     17,      5,  0.21759163E-02,      3,     55,      6,      1,  0.25525010E+03
  0.28673254E+02,   2462,    866,5414517,      2,      0,     20,     16,  0.21752451E-02,      3,     55,      6,      1,  0.25525010E+03
  0.28673254E+02,   2462,    867,5414518,      1,     80,     10,     12,  0.21745743E-02,      3,     55,      6,      1,  0.25525010E+03
  0.28673254E+02,   2462,    868,5414519,      1,     80,      1,     11,  0.21739039E-02,      3,     55,      6,      1,  0.25525010E+03
  0.28673254E+02,   2462,    869,5414520,      1,     80,     18,     11,  0.21732340E-02,      3,     55,      6,      1,  0.25525010E+03
  0.28673254E+02,   2462,    870,5414521,      2,      0,      6,     13,  0.21725644E-02,      3,     55,      6,      1,  0.25525010E+03
  0.28673254E+02,   2462,    871,5414522,      1,     80,      2,      2,  0.21718952E-02,      3,     55,      6,      1,  0.25525010E+03
  0.28673254E+02,   2462,    872,5414523,      2,      0,     16,     19,  0.21712265E-02,      3,     55,      6,      1,  0.25525010E+03
  0.28673254E+02,   2462,    873,5414524,      1,     80,      7,     17,  0.21705581E-02,      3,     55,      6,      1,  0.25525010E+03
  0.28673254E+02,   2462,    874,5414525,      2,      0,     18,      3,  0.21698901E-02,      3,     55,      6,      1,  0.25525010E+03
  0.28673254E+02,   2462,    875,5414526,      1,     80,     20,      2,  0.21692226E-02,      3,     55,      6,      1,  0.25525010E+03
  0.28673254E+02,   2462,    876,5414527,      1,     80,      7,     18,  0.21685554E-02,      3,     55,      6,      1,  0.25525010E+03
  0.28673254E+02,   2462,    877,5414528,      2,      0,     12,      2,  0.21678886E-02,      3,     55,      6,      1,  0.25525010E+03
  0.28673254E+02,   2462,    878,5414529,      1,     80,     17,      7,  0.21672223E-02,      3,     55,      6,      1,  0.25525010E+03
  0.28673254E+02,   2462,    879,5414530,      1,     80,      4,      3,  0.21665563E-02,      3,     55,      6,      1,  0.25525010E+03
  0.28673254E+02,   2462,    880,5414531,      1,     80,      9,      1,  0.21658907E-02,      3,     55,      6,      1,  0.25525010E+03
  0.28673254E+02,   2462,    881,5414532,      1,     80,      2,      1,  0.21652255E-02,      3,     55,      6,      1,  0.25525010E+03
  0.28673254E+02,   2462,    882,5414533,      1,     80,      4,      4,  0.21645607E-02,      3,     55,      6,      1,  0.25525010E+03
  0.28673254E+02,   2462,    883,5414534,      2,      0,      6,      2,  0.21638963E-02,      3,     55,      6,      1,  0.25525010E+03
  0.28673254E+02,   2462,    884,5414535,      1,     80,      2,     20,  0.21632323E-02,      3,     55,      6,      1,  0.25525010E+03
  0.28673254E+02,   2462,    885,5414536,      1,     80,     19,      8,  0.21625687E-02,      3,     55,      6,      1,  0.25525010E+03
  0.28673254E+02,   2462,    886,5414537,      1,     80,      9,     14,  0.21619055E-02,      3,     55,      6,      1,  0.25525010E+03
  0.28673254E+02,   2462,    887,5414538,      1,     80,      3,      4,  0.21612426E-02,      3,     55,      6,      1,  0.25525010E+03
  0.28673254E+02,   2462,    888,5414539,      1,     80,      9,      1,  0.21605802E-02,      3,     55,      6,      1,  0.25525010E+03
  0.28673254E+02,   2462,    889,5414540,      1,     80,     13,     12,  0.21599181E-02,      3,     55,      6,      1,  0.25525010E+03
  0.28673254E+02,   2462,    890,5414541,      1,     80,     19,     15,  0.21592564E-02,      3,     55,      6,      1,  0.25525010E+03
  0.28673254E+02,   2462,    891,5414542,      1,     80,     19,      2,  0.21585951E-02,      3,     55,      6,      1,  0.25525010E+03
  0.28673254E+02,   2462,    892,5414543,      1,     80,      4,     12,  0.21579342E-02,      3,     55,      6,      1,  0.25525010E+03
  0.28673254E+02,   2462,    893,5414544,      2,      0,     15,     14,  0.21572737E-02,      3,     55,      6,      1,  0.25525010E+03
  0.28673254E+02,   2462,    894,5414545,      1,     80,     19,     10,  0.21566136E-02,      3,     55,      6,      1,  0.25525010E+03
  0.28673254E+02,   2462,    895,5414546,      1,     80,     16,      7,  0.21559538E-02,      3,     55,      6,      1,  0.25525010E+03
  0.28673254E+02,   2462,    896,5414547,      1,     80,      5,     15,  0.21552945E-02,      3,     55,      6,      1,  0.25525010E+03
  0.28673254E+02,   2462,    897,5414548,      1,     80,     20,     15,  0.21546355E-02,      3,     55,      6,      1,  0.25525010E+03
  0.28673254E+02,   2462,    898,5414549,      1,     80,      1,     17,  0.21539769E-02,      3,     55,      6,      1,  0.25525010E+03
  0.28673254E+02,   2462,    899,5414550,      1,     80,      9,     14,  0.21533186E-02,      3,     55,      6,      1,  0.25525010E+03
  0.28673254E+02,   2462,    900,5414551,      1,     80,     15,     12,  0.21526608E-02,      3,     55,      6,      1,  0.25525010E+03
  0.28673254E+02,   2462,    901,5414552,      1,     80,      2,      3,  0.21520033E-02,      3,     55,      6,      1,  0.25525010E+03
  0.28673254E+02,   2462,    902,5414553,      1,     80,      1,      8,  0.21513462E-02,      3,     55,      6,      1,  0.25525010E+03
  0.28673254E+02,   2462,    903,5414554,      1,     80,      4,     11,  0.21506895E-02,      3,     55,      6,      1,  0.25525010E+03
  0.28673254E+02,   2462,    904,5414555,      1,     80,     16,     10,  0.21500332E-02,      3,     55,      6,      1,  0.25525010E+03
  0.28673254E+02,   2462,    905,5414556,      1,     80,     17,      3,  0.21493772E-02,      3,     55,      6,      1,  0.25525010E+03
  0.28673254E+02,   2462,    906,5414557,      1,     80,     11,     15,  0.21487216E-02,      3,     55,      6,      1,  0.25525010E+03
  0.28673254E+02,   2462,    907,5414558,      1,     80,     15,     10,  0.21480664E-02,      3,     55,      6,      1,  0.25525010E+03
  0.28673254E+02,   2462,    908,5414559,      1,     80,      8,      4,  0.21474115E-02,      3,     55,      6,      1,  0.25525010E+03
  0.28673254E+02,   2462,    909,5414560,      1,     80,     16,     18,  0.21467571E-02,      3,     55,      6,      1,  0.25525010E+03
  0.28673254E+02,   2462,    910,5414561,      2,      0,     11,     11,  0.21461029E-02,      3,     55,      6,      1,  0.25525010E+03
  0.28673254E+02,   2462,    911,5414562,      2,      0,     13,      6,  0.21454492E-02,      3,     55,      6,      1,  0.25525010E+03
  0.28673254E+02,   2462,    912,5414563,      2,      0,     16,     19,  0.21447958E-02,      3,     55,      6,      1,  0.25525010E+03
  0.28673254E+02,   2462,    913,5414564,      2,      0,      2,      4,  0.21441429E-02,      3,     55,      6,      1,  0.25525010E+03
  0.28673254E+02,   2462,    914,5414565,      1,     80,     17,     10,  0.21434902E-02,      3,     55,      6,      1,  0.25525010E+03
  0.28673254E+02,   2462,    915,5414566,      2,      0,     14,     12,  0.21428380E-02,      3,     55,      6,      1,  0.25525010E+03
  0.28673254E+02,   2462,    916,5414567,      1,     80,     16,      3,  0.21421861E-02,      3,     55,      6,      1,  0.25525010E+03
  0.28673254E+02,   2462,    917,5414568,      1,     80,     15,     15,  0.21415345E-02,      3,     55,      6,      1,  0.25525010E+03
  0.28673254E+02,   2462,    918,5414569,      1,     80,      3,     19,  0.21408834E-02,      3,     55,      6,      1,  0.25525010E+03
  0.28673254E+02,   2462,    919,5414570,      1,     80,      2,     19,  0.21402326E-02,      3,     55,      6,      1,  0.25525010E+03
  0.28673254E+02,   2462,    920,5414571,      1,     80,     20,      2,  0.21395822E-02,      3,     55,      6,      1,  0.25525010E+03
  0.28673254E+02,   2462,    921,5414572,      1,     80,      5,     15,  0.21389321E-02,      3,     55,      6,      1,  0.25525010E+03
  0.28673254E+02,   2462,    922,5414573,      1,     80,      2,     14,  0.21382824E-02,      3,     55,      6,      1,  0.25525010E+03
  0.28673254E+02,   2462,    923,5414574,      1,     80,     19,      8,  0.21376330E-02,      3,     55,      6,      1,  0.25525010E+03
  0.28673254E+02,   2462,    924,5414575,      1,     80,      4,      2,  0.21369840E-02,      3,     55,      6,      1,  0.25525010E+03
  0.28673254E+02,   2462,    925,5414576,      1,     80,     14,     10,  0.21363354E-02,      3,     55,      6,      1,  0.25525010E+03
  0.28673254E+02,   2462,    926,5414577,      1,     80,     16,     11,  0.21356872E-02,      3,     55,      6,      1,  0.25525010E+03
  0.28673254E+02,   2462,    927,5414578,      1,     80,      3,      3,  0.21350393E-02,      3,     55,      6,      1,  0.25525010E+03
  0.28673254E+02,   2462,    928,5414579,      2,      0,     14,     18,  0.21343917E-02,      3,     55,      6,      1,  0.25525010E+03
  0.28673254E+02,   2462,    929,5414580,      1,     80,     15,      3,  0.21337445E-02,      3,     55,      6,      1,  0.25525010E+03
  0.28673254E+02,   2462,    930,5414581,      1,     80,     16,     12,  0.21330977E-02,      3,     55,      6,      1,  0.25525010E+03
  0.28673254E+02,   2462,    931,5414582,      1,     80,      9,     15,  0.21324512E-02,      3,     55,      6,      1,  0.25525010E+03
  0.28673254E+02,   2462,    932,5414583,      2,      0,     14,     13,  0.21318051E-02,      3,     55,      6,      1,  0.25525010E+03
  0.28673254E+02,   2462,    933,5414584,      1,     80,      1,      6,  0.21311593E-02,      3,     55,      6,      1,  0.25525010E+03
  0.28673254E+02,   2462,    934,5414585,      1,     80,      2,      3,  0.21305139E-02,      3,     55,      6,      1,  0.25525010E+03
  0.28673254E+02,   2462,    935,5414586,      2,      0,      3,     12,  0.21298688E-02,      3,     55,      6,      1,  0.25525010E+03
  0.28673254E+02,   2462,    936,5414587,      2,      0,      7,      4,  0.21292241E-02,      3,     55,      6,      1,  0.25525010E+03
  0.28673254E+02,   2462,    937,5414588,      2,      0,     14,     15,  0.21285798E-02,      3,     55,      6,      1,  0.25525010E+03
  0.28673254E+02,   2462,    938,5414589,      1,     80,     18,     14,  0.21279358E-02,      3,     55,      6,      1,  0.25525010E+03
  0.28673254E+02,   2462,    939,5414590,      1,     80,      9,     11,  0.21272921E-02,      3,     55,      6,      1,  0.25525010E+03
  0.28673254E+02,   2462,    940,5414591,      2,      0,     17,     13,  0.21266488E-02,      3,     55,      6,      1,  0.25525010E+03
  0.28673254E+02,   2462,    941,5414592,      2,      0,     13,     11,  0.21260058E-02,      3,     55,      6,      1,  0.25525010E+03
  0.28673254E+02,   2462,    942,5414593,      2,      0,     10,     10,  0.21253632E-02,      3,     55,      6,      1,  0.25525010E+03
  0.28673254E+02,   2462,    943,5414594,      1,     80,     14,      2,  0.21247210E-02,      3,     55,      6,      1,  0.25525010E+03
  0.28673254E+02,   2462,    944,5414595,      1,     80,     15,      2,  0.21240791E-02,      3,     55,      6,      1,  0.25525010E+03
  0.28673254E+02,   2462,    945,5414596,      2,      0,      2,      5,  0.21234375E-02,      3,     55,      6,      1,  0.25525010E+03
  0.28673254E+02,   2462,    946,5414597,      1,     80,      7,     12,  0.21227963E-02,      3,     55,      6,      1,  0.25525010E+03
  0.28673254E+02,   2462,    947,5414598,      1,     80,      2,     14,  0.21221554E-02,      3,     55,      6,      1,  0.25525010E+03
  0.28673254E+02,   2462,    948,5414599,      1,     80,     15,      2,  0.21215149E-02,      3,     55,      6,      1,  0.25525010E+03
  0.28673254E+02,   2462,    949,5414600,      2,      0,     16,     19,  0.21208747E-02,      3,     55,      6,      1,  0.25525010E+03
  0.28673254E+02,   2462,    950,5414601,      1,     80,      1,     16,  0.21202348E-02,      3,     55,      6,      1,  0.25525010E+03
  0.28673254E+02,   2462,    951,5414602,      2,      0,     12,      6,  0.21195953E-02,      3,     55,      6,      1,  0.25525010E+03
  0.28673254E+02,   2462,    952,5414603,      1,     80,     14,      5,  0.21189562E-02,      3,     55,      6,      1,  0.25525010E+03
  0.28673254E+02,   2462,    953,5414604,      1,     80,     11,      4,  0.21183174E-02,      3,     55,      6,      1,  0.25525010E+03
  0.28673254E+02,   2462,    954,5414605,      1,     80,     17,     18,  0.21176789E-02,      3,     55,      6,      1,  0.25525010E+03
  0.28673254E+02,   2462,    955,5414606,      1,     80,      5,      2,  0.21170408E-02,      3,     55,      6,      1,  0.25525010E+03
  0.28673254E+02,   2462,    956,5414607,      1,     80,     15,      7,  0.21164030E-02,      3,     55,      6,      1,  0.25525010E+03
  0.28673254E+02,   2462,    957,5414608,      1,     80,     14,      1,  0.21157655E-02,      3,     55,      6,      1,  0.25525010E+03
  0.28673254E+02,   2462,    958,5414609,      1,     80,     16,     12,  0.21151284E-02,      3,     55,      6,      1,  0.25525010E+03
  0.28673254E+02,   2462,    959,5414610,      1,     80,     16,     10,  0.21144916E-02,      3,     55,      6,      1,  0.25525010E+03
  0.28673254E+02,   2462,    960,5414611,      1,     80,     18,     11,  0.21138551E-02,      3,     55,      6,      1,  0.25525010E+03
  0.28673254E+02,   2462,    961,5414612,      1,     80,     16,     17,  0.21132190E-02,      3,     55,      6,      1,  0.25525010E+03
  0.28673254E+02,   2462,    962,5414613,      1,     80,     13,      7,  0.21125833E-02,      3,     55,      6,      1,  0.25525010E+03
  0.28673254E+02,   2462,    963,5414614,      1,     80,      4,      9,  0.21119478E-02,      3,     55,      6,      1,  0.25525010E+03
  0.28673254E+02,   2462,    964,5414615,      1,     80,      3,     15,  0.21113127E-02,      3,     55,      6,      1,  0.25525010E+03
  0.28673254E+02,   2462,    965,5414616,      2,      0,     11,     16,  0.21106780E-02,      3,     55,      6,      1,  0.25525010E+03
  0.28673254E+02,   2462,    966,5414617,      1,     80,      3,      9,  0.21100435E-02,      3,     55,      6,      1,  0.25525010E+03
  0.28673254E+02,   2462,    967,5414618,      2,      0,     11,     16,  0.21094094E-02,      3,     55,      6,      1,  0.25525010E+03
  0.28673254E+02,   2462,    968,5414619,      1,     80,     13,      3,  0.21087756E-02,      3,     55,      6,      1,  0.25525010E+03
  0.28673254E+02,   2462,    969,5414620,      1,     80,      7,     16,  0.21081422E-02,      3,     55,      6,      1,  0.25525010E+03
  0.28673254E+02,   2462,    970,5414621,      1,     80,      3,     10,  0.21075091E-02,      3,     55,      6,      1,  0.25525010E+03
  0.28673254E+02,   2462,    971,5414622,      1,     80,      1,     20,  0.21068763E-02,      3,     55,      6,      1,  0.25525010E+03
  0.28673254E+02,   2462,    972,5414623,      1,     80,     12,     18,  0.21062439E-02,      3,     55,      6,      1,  0.25525010E+03
  0.28673254E+02,   2462,    973,5414624,      1,     80,      2,      2,  0.21056117E-02,      3,     55,      6,      1,  0.25525010E+03
  0.28673254E+02,   2462,    974,5414625,      1,     80,     19,     16,  0.21049799E-02,      3,     55,      6,      1,  0.25525010E+03
  0.28673254E+02,   2462,    975,5414626,      1,     80,     20,     13,  0.21043485E-02,      3,     55,      6,      1,  0.25525010E+03
  0.28673254E+02,   2462,    976,5414627,      1,     80,     20,     14,  0.21037173E-02,      3,     55,      6,      1,  0.25525010E+03
  0.28673254E+02,   2462,    977,5414628,      2,      0,      6,     17,  0.21030865E-02,      3,     55,      6,      1,  0.25525010E+03
  0.28673254E+02,   2462,    978,5414629,      1,     80,      7,     11,  0.21024560E-02,      3,     55,      6,      1,  0.25525010E+03
  0.28673254E+02,   2462,    979,5414630,      1,     80,      9,     19,  0.21018259E-02,      3,     55,      6,      1,  0.25525010E+03
  0.28673254E+02,   2462,    980,5414631,      1,     80,      5,     11,  0.21011961E-02,      3,     55,      6,      1,  0.25525010E+03
  0.28673254E+02,   2462,    981,5414632,      1,     80,     16,     18,  0.21005665E-02,      3,     55,      6,      1,  0.25525010E+03
  0.28673254E+02,   2462,    982,5414633,      2,      0,     15,     19,  0.20999374E-02,      3,     55,      6,      1,  0.25525010E+03
  0.28673254E+02,   2462,    983,5414634,      2,      0,     16,      9,  0.20993085E-02,      3,     55,      6,      1,  0.25525010E+03
  0.28673254E+02,   2462,    984,5414635,      2,      0,     12,      2,  0.20986800E-02,      3,     55,      6,      1,  0.25525010E+03
  0.28673254E+02,   2462,    985,5414636,      1,     80,     19,      2,  0.20980517E-02,      3,     55,      6,      1,  0.25525010E+03
  0.28673254E+02,   2462,    986,5414637,      2,      0,     14,     14,  0.20974238E-02,      3,     55,      6,      1,  0.25525010E+03
  0.28673254E+02,   2462,    987,5414638,      1,     80,     12,     10,  0.20967963E-02,      3,     55,      6,      1,  0.25525010E+03
  0.28673254E+02,   2462,    988,5414639,      1,     80,     17,     10,  0.20961690E-02,      3,     55,      6,      1,  0.25525010E+03
  0.28673254E+02,   2462,    989,5414640,      1,     80,      1,      2,  0.20955421E-02,      3,     55,      6,      1,  0.25525010E+03
  0.28673254E+02,   2462,    990,5414641,      1,     80,      2,      6,  0.20949155E-02,      3,     55,      6,      1,  0.25525010E+03
  0.28673254E+02,   2462,    991,5414642,      1,     80,     20,      3,  0.20942892E-02,      3,     55,      6,      1,  0.25525010E+03
  0.28673254E+02,   2462,    992,5414643,      2,      0,     15,     19,  0.20936632E-02,      3,     55,      6,      1,  0.25525010E+03
  0.28673254E+02,   2462,    993,5414644,      1,     80,      6,      3,  0.20930375E-02,      3,     55,      6,      1,  0.25525010E+03
  0.28673254E+02,   2462,    994,5414645,      2,      0,      7,      9,  0.20924122E-02,      3,     55,      6,      1,  0.25525010E+03
  0.28673254E+02,   2462,    995,5414646,      1,     80,      4,     12,  0.20917872E-02,      3,     55,      6,      1,  0.25525010E+03
  0.28673254E+02,   2462,    996,5414647,      1,     80,      7,     13,  0.20911624E-02,      3,     55,      6,      1,  0.25525010E+03
  0.28673254E+02,   2462,    997,5414648,      1,     80,     19,      1,  0.20905380E-02,      3,     55,      6,      1,  0.25525010E+03
  0.28673254E+02,   2462,    998,5414649,      1,     80,     20,      5,  0.20899140E-02,      3,     55,      6,      1,  0.25525010E+03
  0.28673254E+02,   2462,    999,5414650,      1,     80,      5,     14,  0.20892902E-02,      3,     55,      6,      1,  0.25525010E+03
  0.28673254E+02,   2462,   1000,5414651,      1,     80,      1,     17,  0.20886667E-02,      3,     55,      6,      1,  0.25525010E+03
  0.28673254E+02,   2462,   1001,5414652,      2,      0,     18,      3,  0.20880436E-02,      3,     55,      6,      1,  0.25525010E+03
  0.28673254E+02,   2462,   1002,5414653,      1,     80,      3,     10,  0.20874208E-02,      3,     55,      6,      1,  0.25525010E+03
  0.28673254E+02,   2462,   1003,5414654,      1,     80,     19,     10,  0.20867983E-02,      3,     55,      6,      1,  0.25525010E+03
  0.28673254E+02,   2462,   1004,5414655,      1,     80,      4,      9,  0.20861761E-02,      3,     55,      6,      1,  0.25525010E+03
  0.28673254E+02,   2462,   1005,5414656,      1,     80,      7,      7,  0.20855542E-02,      3,     55,      6,      1,  0.25525010E+03
  0.28673254E+02,   2462,   1006,5414657,      1,     80,     11,      6,  0.20849326E-02,      3,     55,      6,      1,  0.25525010E+03
  0.28673254E+02,   2462,   1007,5414658,      1,     80,      2,     14,  0.20843113E-02,      3,     55,      6,      1,  0.25525010E+03
  0.28673254E+02,   2462,   1008,5414659,      2,      0,     14,     14,  0.20836904E-02,      3,     55,      6,      1,  0.25525010E+03
  0.28673254E+02,   2462,   1009,5414660,      1,     80,      2,      6,  0.20830697E-02,      3,     55,      6,      1,  0.25525010E+03
  0.28673254E+02,   2462,   1010,5414661,      1,     80,      4,      3,  0.20824494E-02,      3,     55,      6,      1,  0.25525010E+03
  0.28673254E+02,   2462,   1011,5414662,      1,     80,      2,     14,  0.20818293E-02,      3,     55,      6,      1,  0.25525010E+03
  0.28673254E+02,   2462,   1012,5414663,      1,     80,     14,      4,  0.20812096E-02,      3,     55,      6,      1,  0.25525010E+03
  0.28673254E+02,   2462,   1013,5414664,      1,     80,     10,      9,  0.20805902E-02,      3,     55,      6,      1,  0.25525010E+03
  0.28673254E+02,   2462,   1014,5414665,      1,     80,      4,     11,  0.20799711E-02,      3,     55,      6,      1,  0.25525010E+03
  0.28673254E+02,   2462,   1015,5414666,      1,     80,      1,     20,  0.20793522E-02,      3,     55,      6,      1,  0.25525010E+03
  0.28673254E+02,   2462,   1016,5414667,      1,     80,     11,      6,  0.20787337E-02,      3,     55,      6,      1,  0.25525010E+03
  0.28673254E+02,   2462,   1017,5414668,      1,     80,     18,     15,  0.20781155E-02,      3,     55,      6,      1,  0.25525010E+03
  0.28673254E+02,   2462,   1018,5414669,      2,      0,     11,     11,  0.20774976E-02,      3,     55,      6,      1,  0.25525010E+03
  0.28673254E+02,   2462,   1019,5414670,      2,      0,     16,     19,  0.20768801E-02,      3,     55,      6,      1,  0.25525010E+03
  0.28673254E+02,   2462,   1020,5414671,      1,     80,     17,     19,  0.20762628E-02,      3,     55,      6,      1,  0.25525010E+03
  0.28673254E+02,   2462,   1021,5414672,      1,     80,     18,      2,  0.20756458E-02,      3,     55,      6,      1,  0.25525010E+03
  0.28673254E+02,   2462,   1022,5414673,      1,     80,      1,      3,  0.20750291E-02,      3,     55,      6,      1,  0.25525010E+03
  0.28673254E+02,   2462,   1023,5414674,      1,     80,     11,     19,  0.20744127E-02,      3,     55,      6,      1,  0.25525010E+03
  0.28673254E+02,   2462,   1024,5414675,      1,     80,     16,     10,  0.20737966E-02,      3,     55,      6,      1,  0.25525010E+03
  0.28673254E+02,   2462,   1025,5414676,      2,      0,      8,      8,  0.20731809E-02,      3,     55,      6,      1,  0.25525010E+03
  0.28673254E+02,   2462,   1026,5414677,      2,      0,      7,      4,  0.20725654E-02,      3,     55,      6,      1,  0.25525010E+03
  0.28673254E+02,   2462,   1027,5414678,      1,     80,      3,      4,  0.20719502E-02,      3,     55,      6,      1,  0.25525010E+03
  0.28673254E+02,   2462,   1028,5414679,      2,      0,      5,     10,  0.20713353E-02,      3,     55,      6,      1,  0.25525010E+03
  0.28673254E+02,   2462,   1029,5414680,      1,     80,     16,     11,  0.20707208E-02,      3,     55,      6,      1,  0.25525010E+03
  0.28673254E+02,   2462,   1030,5414681,      2,      0,      5,      9,  0.20701065E-02,      3,     55,      6,      1,  0.25525010E+03
  0.28673254E+02,   2462,   1031,5414682,      2,      0,      3,     17,  0.20694925E-02,      3,     55,      6,      1,  0.25525010E+03
  0.28673254E+02,   2462,   1032,5414683,      1,     80,     10,     17,  0.20688788E-02,      3,     55,      6,      1,  0.25525010E+03
  0.28673254E+02,   2462,   1033,5414684,      1,     80,     15,      6,  0.20682654E-02,      3,     55,      6,      1,  0.25525010E+03
  0.28673254E+02,   2462,   1034,5414685,      1,     80,      8,      7,  0.20676523E-02,      3,     55,      6,      1,  0.25525010E+03
  0.28673254E+02,   2462,   1035,5414686,      1,     80,     12,     10,  0.20670395E-02,      3,     55,      6,      1,  0.25525010E+03
  0.28673254E+02,   2462,   1036,5414687,      1,     80,     16,      4,  0.20664270E-02,      3,     55,      6,      1,  0.25525010E+03
  0.28673254E+02,   2462,   1037,5414688,      2,      0,      9,     10,  0.20658148E-02,      3,     55,      6,      1,  0.25525010E+03
  0.28673254E+02,   2462,   1038,5414689,      1,     80,     16,     12,  0.20652029E-02,      3,     55,      6,      1,  0.25525010E+03
  0.28673254E+02,   2462,   1039,5414690,      1,     80,     11,      1,  0.20645913E-02,      3,     55,      6,      1,  0.25525010E+03
  0.28673254E+02,   2462,   1040,5414691,      1,     80,     19,     12,  0.20639800E-02,      3,     55,      6,      1,  0.25525010E+03
  0.28673254E+02,   2462,   1041,5414692,      1,     80,      4,      6,  0.20633690E-02,      3,     55,      6,      1,  0.25525010E+03
  0.28673254E+02,   2462,   1042,5414693,      1,     80,      2,     13,  0.20627582E-02,      3,     55,      6,      1,  0.25525010E+03
  0.28673254E+02,   2462,   1043,5414694,      1,     80,     20,      9,  0.20621478E-02,      3,     55,      6,      1,  0.25525010E+03
  0.28673254E+02,   2462,   1044,5414695,      1,     80,     13,     14,  0.20615376E-02,      3,     55,      6,      1,  0.25525010E+03
  0.28673254E+02,   2462,   1045,5414696,      1,     80,      7,      5,  0.20609278E-02,      3,     55,      6,      1,  0.25525010E+03
  0.28673254E+02,   2462,   1046,5414697,      2,      0,     15,     11,  0.20603182E-02,      3,     55,      6,      1,  0.25525010E+03
  0.28673254E+02,   2462,   1047,5414698,      1,     80,     17,      2,  0.20597089E-02,      3,     55,      6,      1,  0.25525010E+03
  0.28673254E+02,   2462,   1048,5414699,      1,     80,     15,     17,  0.20590999E-02,      3,     55,      6,      1,  0.25525010E+03
  0.28673254E+02,   2462,   1049,5414700,      2,      0,     14,     18,  0.20584913E-02,      3,     55,      6,      1,  0.25525010E+03
  0.28673254E+02,   2462,   1050,5414701,      1,     80,      5,     16,  0.20578828E-02,      3,     55,      6,      1,  0.25525010E+03
  0.28673254E+02,   2462,   1051,5414702,      1,     80,     14,      3,  0.20572747E-02,      3,     55,      6,      1,  0.25525010E+03
  0.28673254E+02,   2462,   1052,5414703,      1,     80,     18,     15,  0.20566669E-02,      3,     55,      6,      1,  0.25525010E+03
  0.28673254E+02,   2462,   1053,5414704,      2,      0,     12,      2,  0.20560593E-02,      3,     55,      6,      1,  0.25525010E+03
  0.28673254E+02,   2462,   1054,5414705,      2,      0,     13,      6,  0.20554521E-02,      3,     55,      6,      1,  0.25525010E+03
  0.28673254E+02,   2462,   1055,5414706,      2,      0,      8,      9,  0.20548451E-02,      3,     55,      6,      1,  0.25525010E+03
  0.28673254E+02,   2462,   1056,5414707,      1,     80,     17,     11,  0.20542384E-02,      3,     55,      6,      1,  0.25525010E+03
  0.28673254E+02,   2462,   1057,5414708,      2,      0,     12,     19,  0.20536320E-02,      3,     55,      6,      1,  0.25525010E+03
  0.28673254E+02,   2462,   1058,5414709,      1,     80,     18,      2,  0.20530259E-02,      3,     55,      6,      1,  0.25525010E+03
  0.28673254E+02,   2462,   1059,5414710,      1,     80,     17,     10,  0.20524201E-02,      3,     55,      6,      1,  0.25525010E+03
  0.28673254E+02,   2462,   1060,5414711,      1,     80,     19,     10,  0.20518146E-02,      3,     55,      6,      1,  0.25525010E+03
  0.28673254E+02,   2462,   1061,5414712,      1,     80,     20,     14,  0.20512093E-02,      3,     55,      6,      1,  0.25525010E+03
  0.28673254E+02,   2462,   1062,5414713,      1,     80,     11,      8,  0.20506043E-02,      3,     55,      6,      1,  0.25525010E+03
  0.28673254E+02,   2462,   1063,5414714,      1,     80,      2,     13,  0.20499996E-02,      3,     55,      6,      1,  0.25525010E+03
  0.28673254E+02,   2462,   1064,5414715,      2,      0,      1,      4,  0.20493952E-02,      3,     55,      6,      1,  0.25525010E+03
  0.28673254E+02,   2462,   1065,5414716,      1,     80,      2,     17,  0.20487911E-02,      3,     55,      6,      1,  0.25525010E+03
  0.28673254E+02,   2462,   1066,5414717,      1,     80,     14,      8,  0.20481873E-02,      3,     55,      6,      1,  0.25525010E+03
  0.28673254E+02,   2462,   1067,5414718,      1,     80,      6,     14,  0.20475837E-02,      3,     55,      6,      1,  0.25525010E+03
  0.28673254E+02,   2462,   1068,5414719,      1,     80,     18,     14,  0.20469804E-02,      3,     55,      6,      1,  0.25525010E+03
  0.28673254E+02,   2462,   1069,5414720,      2,      0,     12,      5,  0.20463774E-02,      3,     55,      6,      1,  0.25525010E+03
  0.28673254E+02,   2462,   1070,5414721,      1,     80,      7,      5,  0.20457747E-02,      3,     55,      6,      1,  0.25525010E+03
  0.28673254E+02,   2462,   1071,5414722,      1,     80,      4,      3,  0.20451723E-02,      3,     55,      6,      1,  0.25525010E+03
  0.28673254E+02,   2462,   1072,5414723,      1,     80,     20,      8,  0.20445701E-02,      3,     55,      6,      1,  0.25525010E+03
  0.28673254E+02,   2462,   1073,5414724,      1,     80,      2,      3,  0.20439682E-02,      3,     55,      6,      1,  0.25525010E+03
  0.28673254E+02,   2462,   1074,5414725,      2,      0,     11,     11,  0.20433666E-02,      3,     55,      6,      1,  0.25525010E+03
  0.28673254E+02,   2462,   1075,5414726,      1,     80,     17,      5,  0.20427653E-02,      3,     55,      6,      1,  0.25525010E+03
  0.28673254E+02,   2462,   1076,5414727,      1,     80,     19,      3,  0.20421643E-02,      3,     55,      6,      1,  0.25525010E+03
  0.28673254E+02,   2462,   1077,5414728,      1,     80,      7,     18,  0.20415635E-02,      3,     55,      6,      1,  0.25525010E+03
  0.28673254E+02,   2462,   1078,5414729,      1,     80,      2,     12,  0.20409630E-02,      3,     55,      6,      1,  0.25525010E+03
  0.28673254E+02,   2462,   1079,5414730,      1,     80,      5,     17,  0.20403628E-02,      3,     55,      6,      1,  0.25525010E+03
  0.28673254E+02,   2462,   1080,5414731,      1,     80,     11,      6,  0.20397629E-02,      3,     55,      6,      1,  0.25525010E+03
  0.28673254E+02,   2462,   1081,5414732,      1,     80,     15,      1,  0.20391632E-02,      3,     55,      6,      1,  0.25525010E+03
  0.28673254E+02,   2462,   1082,5414733,      1,     80,      3,      4,  0.20385638E-02,      3,     55,      6,      1,  0.25525010E+03
  0.28673254E+02,   2462,   1083,5414734,      2,      0,     14,     11,  0.20379647E-02,      3,     55,      6,      1,  0.25525010E+03
  0.28673254E+02,   2462,   1084,5414735,      2,      0,     16,     20,  0.20373659E-02,      3,     55,      6,      1,  0.25525010E+03
  0.28673254E+02,   2462,   1085,5414736,      1,     80,      6,      7,  0.20367673E-02,      3,     55,      6,      1,  0.25525010E+03
  0.28673254E+02,   2462,   1086,5414737,      1,     80,     11,      1,  0.20361690E-02,      3,     55,      6,      1,  0.25525010E+03
  0.28673254E+02,   2462,   1087,5414738,      1,     80,     12,     16,  0.20355710E-02,      3,     55,      6,      1,  0.25525010E+03
  0.28673254E+02,   2462,   1088,5414739,      1,     80,      5,     15,  0.20349733E-02,      3,     55,      6,      1,  0.25525010E+03
  0.28673254E+02,   2462,   1089,5414740,      2,      0,      4,     18,  0.20343758E-02,      3,     55,      6,      1,  0.25525010E+03
  0.28673254E+02,   2462,   1090,5414741,      1,     80,     13,      7,  0.20337786E-02,      3,     55,      6,      1,  0.25525010E+03
  0.28673254E+02,   2462,   1091,5414742,      1,     80,     12,     10,  0.20331817E-02,      3,     55,      6,      1,  0.25525010E+03
  0.28673254E+02,   2462,   1092,5414743,      1,     80,      6,      5,  0.20325850E-02,      3,     55,      6,      1,  0.25525010E+03
  0.28673254E+02,   2462,   1093,5414744,      1,     80,     17,      5,  0.20319887E-02,      3,     55,      6,      1,  0.25525010E+03
  0.28673254E+02,   2462,   1094,5414745,      2,      0,     12,      2,  0.20313925E-02,      3,     55,      6,      1,  0.25525010E+03
  0.28673254E+02,   2462,   1095,5414746,      2,      0,      2,      4,  0.20307967E-02,      3,     55,      6,      1,  0.25525010E+03
  0.28673254E+02,   2462,   1096,5414747,      2,      0,      6,     12,  0.20302011E-02,      3,     55,      6,      1,  0.25525010E+03
  0.28673254E+02,   2462,   1097,5414748,      2,      0,     15,     14,  0.20296058E-02,      3,     55,      6,      1,  0.25525010E+03
  0.28673254E+02,   2462,   1098,5414749,      1,     80,      9,     19,  0.20290108E-02,      3,     55,      6,      1,  0.25525010E+03
  0.28673254E+02,   2462,   1099,5414750,      2,      0,      5,      5,  0.20284160E-02,      3,     55,      6,      1,  0.25525010E+03
  0.28673254E+02,   2462,   1100,5414751,      2,      0,      8,      8,  0.20278215E-02,      3,     55,      6,      1,  0.25525010E+03
  0.28673254E+02,   2462,   1101,5414752,      1,     80,      1,     17,  0.20272273E-02,      3,     55,      6,      1,  0.25525010E+03
  0.28673254E+02,   2462,   1102,5414753,      1,     80,     16,     11,  0.20266334E-02,      3,     55,      6,      1,  0.25525010E+03
  0.28673254E+02,   2462,   1103,5414754,      1,     80,     14,      4,  0.20260397E-02,      3,     55,      6,      1,  0.25525010E+03
  0.28673254E+02,   2462,   1104,5414755,      1,     80,     11,      4,  0.20254462E-02,      3,     55,      6,      1,  0.25525010E+03
  0.28673254E+02,   2462,   1105,5414756,      1,     80,     15,     18,  0.20248531E-02,      3,     55,      6,      1,  0.25525010E+03
  0.28673254E+02,   2462,   1106,5414757,      2,      0,     14,     17,  0.20242602E-02,      3,     55,      6,      1,  0.25525010E+03
  0.28673254E+02,   2462,   1107,5414758,      1,     80,     17,      2,  0.20236676E-02,      3,     55,      6,      1,  0.25525010E+03
  0.28673254E+02,   2462,   1108,5414759,      1,     80,      2,     16,  0.20230752E-02,      3,     55,      6,      1,  0.25525010E+03
  0.28673254E+02,   2462,   1109,5414760,      1,     80,      1,     16,  0.20224831E-02,      3,     55,      6,      1,  0.25525010E+03
  0.28673254E+02,   2462,   1110,5414761,      1,     80,     18,     16,  0.20218913E-02,      3,     55,      6,      1,  0.25525010E+03
  0.28673254E+02,   2462,   1111,5414762,      2,      0,      3,     17,  0.20212997E-02,      3,     55,      6,      1,  0.25525010E+03
  0.28673254E+02,   2462,   1112,5414763,      1,     80,      7,     17,  0.20207084E-02,      3,     55,      6,      1,  0.25525010E+03
  0.28673254E+02,   2462,   1113,5414764,      1,     80,      3,      4,  0.20201174E-02,      3,     55,      6,      1,  0.25525010E+03
  0.28673254E+02,   2462,   1114,5414765,      1,     80,     17,      1,  0.20195266E-02,      3,     55,      6,      1,  0.25525010E+03
  0.28673254E+02,   2462,   1115,5414766,      1,     80,      1,     18,  0.20189361E-02,      3,     55,      6,      1,  0.25525010E+03
  0.28673254E+02,   2462,   1116,5414767,      1,     80,      5,     15,  0.20183458E-02,      3,     55,      6,      1,  0.25525010E+03
  0.28673254E+02,   2462,   1117,5414768,      1,     80,     15,     18,  0.20177558E-02,      3,     55,      6,      1,  0.25525010E+03
  0.28673254E+02,   2462,   1118,5414769,      1,     80,     13,     18,  0.20171661E-02,      3,     55,      6,      1,  0.25525010E+03
  0.28673254E+02,   2462,   1119,5414770,      1,     80,      1,     15,  0.20165766E-02,      3,     55,      6,      1,  0.25525010E+03
  0.28673254E+02,   2462,   1120,5414771,      1,     80,     17,      8,  0.20159874E-02,      3,     55,      6,      1,  0.25525010E+03
  0.28673254E+02,   2462,   1121,5414772,      1,     80,     11,     18,  0.20153985E-02,      3,     55,      6,      1,  0.25525010E+03
  0.28673254E+02,   2462,   1122,5414773,      2,      0,      9,     16,  0.20148098E-02,      3,     55,      6,      1,  0.25525010E+03
  0.28673254E+02,   2462,   1123,5414774,      2,      0,      9,     10,  0.20142214E-02,      3,     55,      6,      1,  0.25525010E+03
  0.28673254E+02,   2462,   1124,5414775,      1,     80,     10,     20,  0.20136332E-02,      3,     55,      6,      1,  0.25525010E+03
  0.28673254E+02,   2462,   1125,5414776,      1,     80,     16,     17,  0.20130453E-02,      3,     55,      6,      1,  0.25525010E+03
  0.28673254E+02,   2462,   1126,5414777,      1,     80,     11,      3,  0.20124576E-02,      3,     55,      6,      1,  0.25525010E+03
  0.28673254E+02,   2462,   1127,5414778,      1,     80,     19,      7,  0.20118702E-02,      3,     55,      6,      1,  0.25525010E+03
  0.28673254E+02,   2462,   1128,5414779,      1,     80,      3,      8,  0.20112831E-02,      3,     55,      6,      1,  0.25525010E+03
  0.28673254E+02,   2462,   1129,5414780,      1,     80,      8,      3,  0.20106962E-02,      3,     55,      6,      1,  0.25525010E+03
  0.28673254E+02,   2462,   1130,5414781,      2,      0,      3,     13,  0.20101096E-02,      3,     55,      6,      1,  0.25525010E+03
  0.28673254E+02,   2462,   1131,5414782,      1,     80,     13,     15,  0.20095232E-02,      3,     55,      6,      1,  0.25525010E+03
  0.28673254E+02,   2462,   1132,5414783,      1,     80,      3,      2,  0.20089371E-02,      3,     55,      6,      1,  0.25525010E+03
  0.28673254E+02,   2462,   1133,5414784,      1,     80,      2,      2,  0.20083513E-02,      3,     55,      6,      1,  0.25525010E+03
  0.28673254E+02,   2462,   1134,5414785,      1,     80,     15,      2,  0.20077657E-02,      3,     55,      6,      1,  0.25525010E+03
  0.28673254E+02,   2462,   1135,5414786,      1,     80,     16,      7,  0.20071804E-02,      3,     55,      6,      1,  0.25525010E+03
  0.28673254E+02,   2462,   1136,5414787,      1,     80,     15,      2,  0.20065953E-02,      3,     55,      6,      1,  0.25525010E+03
  0.28673254E+02,   2462,   1137,5414788,      1,     80,     12,     11,  0.20060105E-02,      3,     55,      6,      1,  0.25525010E+03
  0.28673254E+02,   2462,   1138,5414789,      1,     80,     10,     15,  0.20054259E-02,      3,     55,      6,      1,  0.25525010E+03
  0.28673254E+02,   2462,   1139,5414790,      1,     80,      3,      7,  0.20048416E-02,      3,     55,      6,      1,  0.25525010E+03
  0.28673254E+02,   2462,   1140,5414791,      1,     80,     12,     10,  0.20042575E-02,      3,     55,      6,      1,  0.25525010E+03
  0.28673254E+02,   2462,   1141,5414792,      1,     80,     20,      4,  0.20036737E-02,      3,     55,      6,      1,  0.25525010E+03
  0.28673254E+02,   2462,   1142,5414793,      1,     80,      1,     17,  0.20030901E-02,      3,     55,      6,      1,  0.25525010E+03
  0.28673254E+02,   2462,   1143,5414794,      2,      0,      5,     18,  0.20025068E-02,      3,     55,      6,      1,  0.25525010E+03
  0.28673254E+02,   2462,   1144,5414795,      1,     80,      5,      4,  0.20019238E-02,      3,     55,      6,      1,  0.25525010E+03
  0.28673254E+02,   2462,   1145,5414796,      1,     80,     16,      3,  0.20013410E-02,      3,     55,      6,      1,  0.25525010E+03
  0.28673254E+02,   2462,   1146,5414797,      1,     80,     20,     14,  0.20007584E-02,      3,     55,      6,      1,  0.25525010E+03
  0.28673254E+02,   2462,   1147,5414798,      2,      0,     17,     20,  0.20001761E-02,      3,     55,      6,      1,  0.25525010E+03
  0.28673254E+02,   2462,   1148,5414799,      1,     80,     12,     18,  0.19995941E-02,      3,     55,      6,      1,  0.25525010E+03
  0.28673254E+02,   2462,   1149,5414800,      1,     80,     20,      8,  0.19990123E-02,      3,     55,      6,      1,  0.25525010E+03
  0.28673254E+02,   2462,   1150,5414801,      1,     80,     11,      8,  0.19984308E-02,      3,     55,      6,      1,  0.25525010E+03
  0.28673254E+02,   2462,   1151,5414802,      1,     80,     16,     12,  0.19978495E-02,      3,     55,      6,      1,  0.25525010E+03
  0.28673254E+02,   2462,   1152,5414803,      2,      0,      3,     11,  0.19972684E-02,      3,     55,      6,      1,  0.25525010E+03
  0.28673254E+02,   2462,   1153,5414804,      1,     80,     11,     10,  0.19966876E-02,      3,     55,      6,      1,  0.25525010E+03
  0.28673254E+02,   2462,   1154,5414805,      2,      0,      9,      5,  0.19961071E-02,      3,     55,      6,      1,  0.25525010E+03
  0.28673254E+02,   2462,   1155,5414806,      1,     80,     18,     16,  0.19955268E-02,      3,     55,      6,      1,  0.25525010E+03
  0.28673254E+02,   2462,   1156,5414807,      1,     80,     18,     15,  0.19949468E-02,      3,     55,      6,      1,  0.25525010E+03
  0.28673254E+02,   2462,   1157,5414808,      1,     80,      4,      6,  0.19943670E-02,      3,     55,      6,      1,  0.25525010E+03
  0.28673254E+02,   2462,   1158,5414809,      2,      0,      5,     18,  0.19937874E-02,      3,     55,      6,      1,  0.25525010E+03
  0.28673254E+02,   2462,   1159,5414810,      1,     80,     14,     20,  0.19932081E-02,      3,     55,      6,      1,  0.25525010E+03
  0.28673254E+02,   2462,   1160,5414811,      1,     80,     17,      5,  0.19926290E-02,      3,     55,      6,      1,  0.25525010E+03
  0.28673254E+02,   2462,   1161,5414812,      1,     80,     19,     10,  0.19920502E-02,      3,     55,      6,      1,  0.25525010E+03
  0.28673254E+02,   2462,   1162,5414813,      1,     80,     20,     11,  0.19914717E-02,      3,     55,      6,      1,  0.25525010E+03
  0.28673254E+02,   2462,   1163,5414814,      1,     80,     19,     10,  0.19908934E-02,      3,     55,      6,      1,  0.25525010E+03
  0.28673254E+02,   2462,   1164,5414815,      1,     80,     18,     14,  0.19903153E-02,      3,     55,      6,      1,  0.25525010E+03
  0.28673254E+02,   2462,   1165,5414816,      1,     80,      7,     14,  0.19897375E-02,      3,     55,      6,      1,  0.25525010E+03
  0.28673254E+02,   2462,   1166,5414817,      1,     80,     18,     18,  0.19891599E-02,      3,     55,      6,      1,  0.25525010E+03
  0.28673254E+02,   2462,   1167,5414818,      2,      0,      3,     12,  0.19885826E-02,      3,     55,      6,      1,  0.25525010E+03
  0.28673254E+02,   2462,   1168,5414819,      1,     80,      1,      2,  0.19880055E-02,      3,     55,      6,      1,  0.25525010E+03
  0.28673254E+02,   2462,   1169,5414820,      1,     80,      2,     12,  0.19874286E-02,      3,     55,      6,      1,  0.25525010E+03
  0.28673254E+02,   2462,   1170,5414821,      1,     80,      4,     12,  0.19868520E-02,      3,     55,      6,      1,  0.25525010E+03
  0.28673254E+02,   2462,   1171,5414822,      1,     80,     16,      4,  0.19862757E-02,      3,     55,      6,      1,  0.25525010E+03
  0.28673254E+02,   2462,   1172,5414823,      1,     80,      8,     17,  0.19856996E-02,      3,     55,      6,      1,  0.25525010E+03
  0.28673254E+02,   2462,   1173,5414824,      2,      0,     13,      6,  0.19851237E-02,      3,     55,      6,      1,  0.25525010E+03
  0.28673254E+02,   2462,   1174,5414825,      1,     80,     15,     17,  0.19845481E-02,      3,     55,      6,      1,  0.25525010E+03
  0.28673254E+02,   2462,   1175,5414826,      1,     80,      4,      3,  0.19839727E-02,      3,     55,      6,      1,  0.25525010E+03
  0.28673254E+02,   2462,   1176,5414827,      1,     80,     10,      5,  0.19833975E-02,      3,     55,      6,      1,  0.25525010E+03
  0.28673254E+02,   2462,   1177,5414828,      1,     80,     10,     19,  0.19828226E-02,      3,     55,      6,      1,  0.25525010E+03
  0.28673254E+02,   2462,   1178,5414829,      1,     80,     18,      2,  0.19822480E-02,      3,     55,      6,      1,  0.25525010E+03
  0.28673254E+02,   2462,   1179,5414830,      1,     80,     11,      7,  0.19816736E-02,      3,     55,      6,      1,  0.25525010E+03
  0.28673254E+02,   2462,   1180,5414831,      1,     80,      4,      9,  0.19810994E-02,      3,     55,      6,      1,  0.25525010E+03
  0.28673254E+02,   2462,   1181,5414832,      1,     80,      7,     15,  0.19805255E-02,      3,     55,      6,      1,  0.25525010E+03
  0.28673254E+02,   2462,   1182,5414833,      1,     80,      9,     11,  0.19799518E-02,      3,     55,      6,      1,  0.25525010E+03
  0.28673254E+02,   2462,   1183,5414834,      1,     80,      4,      6,  0.19793783E-02,      3,     55,      6,      1,  0.25525010E+03
  0.28673254E+02,   2462,   1184,5414835,      1,     80,      3,      4,  0.19788051E-02,      3,     55,      6,      1,  0.25525010E+03
  0.28673254E+02,   2462,   1185,5414836,      1,     80,      9,      7,  0.19782321E-02,      3,     55,      6,      1,  0.25525010E+03
  0.28673254E+02,   2462,   1186,5414837,      1,     80,      3,      8,  0.19776594E-02,      3,     55,      6,      1,  0.25525010E+03
  0.28673254E+02,   2462,   1187,5414838,      1,     80,      5,     19,  0.19770869E-02,      3,     55,      6,      1,  0.25525010E+03
  0.28673254E+02,   2462,   1188,5414839,      1,     80,      8,     16,  0.19765146E-02,      3,     55,      6,      1,  0.25525010E+03
  0.28673254E+02,   2462,   1189,5414840,      2,      0,      1,      9,  0.19759426E-02,      3,     55,      6,      1,  0.25525010E+03
  0.28673254E+02,   2462,   1190,5414841,      2,      0,      2,      4,  0.19753708E-02,      3,     55,      6,      1,  0.25525010E+03
  0.28673254E+02,   2462,   1191,5414842,      1,     80,      1,      2,  0.19747993E-02,      3,     55,      6,      1,  0.25525010E+03
  0.28673254E+02,   2462,   1192,5414843,      1,     80,      9,     19,  0.19742280E-02,      3,     55,      6,      1,  0.25525010E+03
  0.28673254E+02,   2462,   1193,5414844,      1,     80,      1,     16,  0.19736569E-02,      3,     55,      6,      1,  0.25525010E+03
  0.28673254E+02,   2462,   1194,5414845,      2,      0,     12,     14,  0.19730861E-02,      3,     55,      6,      1,  0.25525010E+03
  0.28673254E+02,   2462,   1195,5414846,      1,     80,     20,      7,  0.19725155E-02,      3,     55,      6,      1,  0.25525010E+03
  0.28673254E+02,   2462,   1196,5414847,      1,     80,     19,      1,  0.19719451E-02,      3,     55,      6,      1,  0.25525010E+03
  0.28673254E+02,   2462,   1197,5414848,      1,     80,     15,      2,  0.19713750E-02,      3,     55,      6,      1,  0.25525010E+03
  0.28673254E+02,   2462,   1198,5414849,      1,     80,     17,     18,  0.19708051E-02,      3,     55,      6,      1,  0.25525010E+03
  0.28673254E+02,   2462,   1199,5414850,      2,      0,      8,     14,  0.19702355E-02,      3,     55,      6,      1,  0.25525010E+03
  0.28673254E+02,   2462,   1200,5414851,      2,      0,     14,     11,  0.19696661E-02,      3,     55,      6,      1,  0.25525010E+03
  0.28673254E+02,   2462,   1201,5414852,      2,      0,      8,     14,  0.19690969E-02,      3,     55,      6,      1,  0.25525010E+03
  0.28673254E+02,   2462,   1202,5414853,      2,      0,     14,     11,  0.19685279E-02,      3,     55,      6,      1,  0.25525010E+03
  0.28673254E+02,   2462,   1203,5414854,      1,     80,     15,     17,  0.19679592E-02,      3,     55,      6,      1,  0.25525010E+03
  0.28673254E+02,   2462,   1204,5414855,      2,      0,      1,      4,  0.19673908E-02,      3,     55,      6,      1,  0.25525010E+03
  0.28673254E+02,   2462,   1205,5414856,      1,     80,     19,     10,  0.19668225E-02,      3,     55,      6,      1,  0.25525010E+03
  0.28673254E+02,   2462,   1206,5414857,      2,      0,     16,     13,  0.19662545E-02,      3,     55,      6,      1,  0.25525010E+03
  0.28673254E+02,   2462,   1207,5414858,      1,     80,      6,      4,  0.19656867E-02,      3,     55,      6,      1,  0.25525010E+03
  0.28673254E+02,   2462,   1208,5414859,      1,     80,     10,      6,  0.19651192E-02,      3,     55,      6,      1,  0.25525010E+03
  0.28673254E+02,   2462,   1209,5414860,      1,     80,     18,      5,  0.19645519E-02,      3,     55,      6,      1,  0.25525010E+03
  0.28673254E+02,   2462,   1210,5414861,      1,     80,      1,     14,  0.19639848E-02,      3,     55,      6,      1,  0.25525010E+03
  0.28673254E+02,   2462,   1211,5414862,      1,     80,      3,     18,  0.19634179E-02,      3,     55,      6,      1,  0.25525010E+03
  0.28673254E+02,   2462,   1212,5414863,      1,     80,     18,     15,  0.19628513E-02,      3,     55,      6,      1,  0.25525010E+03
  0.28673254E+02,   2462,   1213,5414864,      1,     80,     20,     13,  0.19622850E-02,      3,     55,      6,      1,  0.25525010E+03
  0.28673254E+02,   2462,   1214,5414865,      1,     80,     18,      2,  0.19617188E-02,      3,     55,      6,      1,  0.25525010E+03
  0.28673254E+02,   2462,   1215,5414866,      2,      0,     12,     19,  0.19611529E-02,      3,     55,      6,      1,  0.25525010E+03
  0.28673254E+02,   2462,   1216,5414867,      1,     80,      1,     15,  0.19605872E-02,      3,     55,      6,      1,  0.25525010E+03
  0.28673254E+02,   2462,   1217,5414868,      1,     80,      5,     14,  0.19600217E-02,      3,     55,      6,      1,  0.25525010E+03
  0.28673254E+02,   2462,   1218,5414869,      1,     80,      7,     12,  0.19594565E-02,      3,     55,      6,      1,  0.25525010E+03
  0.28673254E+02,   2462,   1219,5414870,      2,      0,      4,      8,  0.19588915E-02,      3,     55,      6,      1,  0.25525010E+03
  0.28673254E+02,   2462,   1220,5414871,      1,     80,     19,      2,  0.19583267E-02,      3,     55,      6,      1,  0.25525010E+03
  0.28673254E+02,   2462,   1221,5414872,      1,     80,     15,     18,  0.19577622E-02,      3,     55,      6,      1,  0.25525010E+03
  0.28673254E+02,   2462,   1222,5414873,      1,     80,      4,      2,  0.19571979E-02,      3,     55,      6,      1,  0.25525010E+03
  0.28673254E+02,   2462,   1223,5414874,      2,      0,     15,     11,  0.19566338E-02,      3,     55,      6,      1,  0.25525010E+03
  0.28673254E+02,   2462,   1224,5414875,      2,      0,     20,     12,  0.19560699E-02,      3,     55,      6,      1,  0.25525010E+03
  0.28673254E+02,   2462,   1225,5414876,      2,      0,      4,     18,  0.19555063E-02,      3,     55,      6,      1,  0.25525010E+03
  0.28673254E+02,   2462,   1226,5414877,      1,     80,      2,      6,  0.19549429E-02,      3,     55,      6,      1,  0.25525010E+03
  0.28673254E+02,   2462,   1227,5414878,      1,     80,     10,     15,  0.19543798E-02,      3,     55,      6,      1,  0.25525010E+03
  0.28673254E+02,   2462,   1228,5414879,      2,      0,     14,     13,  0.19538168E-02,      3,     55,      6,      1,  0.25525010E+03
  0.28673254E+02,   2462,   1229,5414880,      1,     80,     16,      6,  0.19532541E-02,      3,     55,      6,      1,  0.25525010E+03
  0.28673254E+02,   2462,   1230,5414881,      1,     80,     14,      5,  0.19526916E-02,      3,     55,      6,      1,  0.25525010E+03
  0.28673254E+02,   2462,   1231,5414882,      1,     80,     17,      2,  0.19521294E-02,      3,     55,      6,      1,  0.25525010E+03
  0.28673254E+02,   2462,   1232,5414883,      1,     80,     18,     16,  0.19515673E-02,      3,     55,      6,      1,  0.25525010E+03
  0.28673254E+02,   2462,   1233,5414884,      2,      0,      1,      5,  0.19510055E-02,      3,     55,      6,      1,  0.25525010E+03
  0.28673254E+02,   2462,   1234,5414885,      1,     80,     14,      7,  0.19504439E-02,      3,     55,      6,      1,  0.25525010E+03
  0.28673254E+02,   2462,   1235,5414886,      1,     80,      1,     14,  0.19498826E-02,      3,     55,      6,      1,  0.25525010E+03
  0.28673254E+02,   2462,   1236,5414887,      2,      0,      9,     16,  0.19493214E-02,      3,     55,      6,      1,  0.25525010E+03
  0.28673254E+02,   2462,   1237,5414888,      2,      0,      6,     11,  0.19487605E-02,      3,     55,      6,      1,  0.25525010E+03
  0.28673254E+02,   2462,   1238,5414889,      1,     80,      2,     15,  0.19481999E-02,      3,     55,      6,      1,  0.25525010E+03
  0.28673254E+02,   2462,   1239,5414890,      1,     80,     20,      2,  0.19476394E-02,      3,     55,      6,      1,  0.25525010E+03
  0.28673254E+02,   2462,   1240,5414891,      1,     80,      2,     13,  0.19470792E-02,      3,     55,      6,      1,  0.25525010E+03
  0.28673254E+02,   2462,   1241,5414892,      2,      0,     15,     11,  0.19465192E-02,      3,     55,      6,      1,  0.25525010E+03
  0.28673254E+02,   2462,   1242,5414893,      1,     80,      2,     15,  0.19459594E-02,      3,     55,      6,      1,  0.25525010E+03
  0.28673254E+02,   2462,   1243,5414894,      1,     80,      3,      8,  0.19453998E-02,      3,     55,      6,      1,  0.25525010E+03
  0.28673254E+02,   2462,   1244,5414895,      2,      0,      4,     10,  0.19448405E-02,      3,     55,      6,      1,  0.25525010E+03
  0.28673254E+02,   2462,   1245,5414896,      1,     80,     11,     15,  0.19442814E-02,      3,     55,      6,      1,  0.25525010E+03
  0.28673254E+02,   2462,   1246,5414897,      1,     80,      1,     17,  0.19437225E-02,      3,     55,      6,      1,  0.25525010E+03
  0.28673254E+02,   2462,   1247,5414898,      1,     80,     17,      4,  0.19431638E-02,      3,     55,      6,      1,  0.25525010E+03
  0.28673254E+02,   2462,   1248,5414899,      1,     80,      7,     13,  0.19426054E-02,      3,     55,      6,      1,  0.25525010E+03
  0.28673254E+02,   2462,   1249,5414900,      1,     80,      5,     16,  0.19420471E-02,      3,     55,      6,      1,  0.25525010E+03
  0.28673254E+02,   2462,   1250,5414901,      2,      0,     15,      5,  0.19414891E-02,      3,     55,      6,      1,  0.25525010E+03
  0.28673254E+02,   2462,   1251,5414902,      1,     80,     17,     10,  0.19409314E-02,      3,     55,      6,      1,  0.25525010E+03
  0.28673254E+02,   2462,   1252,5414903,      2,      0,      3,     11,  0.19403738E-02,      3,     55,      6,      1,  0.25525010E+03
  0.28673254E+02,   2462,   1253,5414904,      2,      0,     19,     11,  0.19398165E-02,      3,     55,      6,      1,  0.25525010E+03
  0.28673254E+02,   2462,   1254,5414905,      1,     80,     14,      4,  0.19392594E-02,      3,     55,      6,      1,  0.25525010E+03
  0.28673254E+02,   2462,   1255,5414906,      1,     80,      9,     19,  0.19387025E-02,      3,     55,      6,      1,  0.25525010E+03
  0.28673254E+02,   2462,   1256,5414907,      1,     80,     13,      1,  0.19381458E-02,      3,     55,      6,      1,  0.25525010E+03
  0.28673254E+02,   2462,   1257,5414908,      1,     80,     11,     19,  0.19375893E-02,      3,     55,      6,      1,  0.25525010E+03
  0.28673254E+02,   2462,   1258,5414909,      1,     80,      2,     16,  0.19370331E-02,      3,     55,      6,      1,  0.25525010E+03
  0.28673254E+02,   2462,   1259,5414910,      1,     80,     11,      2,  0.19364771E-02,      3,     55,      6,      1,  0.25525010E+03
  0.28673254E+02,   2462,   1260,5414911,      1,     80,     15,     10,  0.19359213E-02,      3,     55,      6,      1,  0.25525010E+03
  0.28673254E+02,   2462,   1261,5414912,      1,     80,     17,     18,  0.19353657E-02,      3,     55,      6,      1,  0.25525010E+03
  0.28673254E+02,   2462,   1262,5414913,      1,     80,      3,      9,  0.19348103E-02,      3,     55,      6,      1,  0.25525010E+03
  0.28673254E+02,   2462,   1263,5414914,      2,      0,      2,      4,  0.19342552E-02,      3,     55,      6,      1,  0.25525010E+03
  0.28673254E+02,   2462,   1264,5414915,      1,     80,     12,     16,  0.19337003E-02,      3,     55,      6,      1,  0.25525010E+03
  0.28673254E+02,   2462,   1265,5414916,      2,      0,      6,      2,  0.19331456E-02,      3,     55,      6,      1,  0.25525010E+03
  0.28673254E+02,   2462,   1266,5414917,      1,     80,     18,      2,  0.19325911E-02,      3,     55,      6,      1,  0.25525010E+03
  0.28673254E+02,   2462,   1267,5414918,      1,     80,     10,     15,  0.19320368E-02,      3,     55,      6,      1,  0.25525010E+03
  0.28673254E+02,   2462,   1268,5414919,      1,     80,      7,      2,  0.19314828E-02,      3,     55,      6,      1,  0.25525010E+03
  0.28673254E+02,   2462,   1269,5414920,      2,      0,     11,     16,  0.19309290E-02,      3,     55,      6,      1,  0.25525010E+03
  0.28673254E+02,   2462,   1270,5414921,      1,     80,      9,     18,  0.19303753E-02,      3,     55,      6,      1,  0.25525010E+03
  0.28673254E+02,   2462,   1271,5414922,      1,     80,     19,     12,  0.19298219E-02,      3,     55,      6,      1,  0.25525010E+03
  0.28673254E+02,   2462,   1272,5414923,      1,     80,     15,      7,  0.19292688E-02,      3,     55,      6,      1,  0.25525010E+03
  0.28673254E+02,   2462,   1273,5414924,      1,     80,     11,      8,  0.19287158E-02,      3,     55,      6,      1,  0.25525010E+03
  0.28673254E+02,   2462,   1274,5414925,      1,     80,     18,      8,  0.19281630E-02,      3,     55,      6,      1,  0.25525010E+03
  0.28673254E+02,   2462,   1275,5414926,      1,     80,     15,      3,  0.19276105E-02,      3,     55,      6,      1,  0.25525010E+03
  0.28673254E+02,   2462,   1276,5414927,      1,     80,      4,      3,  0.19270582E-02,      3,     55,      6,      1,  0.25525010E+03
  0.28673254E+02,   2462,   1277,5414928,      1,     80,     15,      7,  0.19265061E-02,      3,     55,      6,      1,  0.25525010E+03
  0.28673254E+02,   2462,   1278,5414929,      1,     80,     17,      7,  0.19259542E-02,      3,     55,      6,      1,  0.25525010E+03
  0.28673254E+02,   2462,   1279,5414930,      2,      0,      7,      9,  0.19254025E-02,      3,     55,      6,      1,  0.25525010E+03
  0.28673254E+02,   2462,   1280,5414931,      1,     80,      1,     16,  0.19248511E-02,      3,     55,      6,      1,  0.25525010E+03
  0.28673254E+02,   2462,   1281,5414932,      2,      0,      5,     18,  0.19242998E-02,      3,     55,      6,      1,  0.25525010E+03
  0.28673254E+02,   2462,   1282,5414933,      1,     80,     13,      7,  0.19237488E-02,      3,     55,      6,      1,  0.25525010E+03
  0.28673254E+02,   2462,   1283,5414934,      1,     80,     12,     10,  0.19231980E-02,      3,     55,      6,      1,  0.25525010E+03
  0.28673254E+02,   2462,   1284,5414935,      2,      0,      2,      5,  0.19226474E-02,      3,     55,      6,      1,  0.25525010E+03
  0.28673254E+02,   2462,   1285,5414936,      1,     80,      4,      3,  0.19220970E-02,      3,     55,      6,      1,  0.25525010E+03
  0.28673254E+02,   2462,   1286,5414937,      2,      0,     12,      6,  0.19215468E-02,      3,     55,      6,      1,  0.25525010E+03
  0.28673254E+02,   2462,   1287,5414938,      2,      0,     11,     16,  0.19209969E-02,      3,     55,      6,      1,  0.25525010E+03
  0.28673254E+02,   2462,   1288,5414939,      1,     80,     16,      8,  0.19204471E-02,      3,     55,      6,      1,  0.25525010E+03
  0.28673254E+02,   2462,   1289,5414940,      1,     80,     13,      7,  0.19198976E-02,      3,     55,      6,      1,  0.25525010E+03
  0.28673254E+02,   2462,   1290,5414941,      2,      0,     16,     20,  0.19193483E-02,      3,     55,      6,      1,  0.25525010E+03
  0.28673254E+02,   2462,   1291,5414942,      2,      0,     18,     12,  0.19187992E-02,      3,     55,      6,      1,  0.25525010E+03
  0.28673254E+02,   2462,   1292,5414943,      1,     80,      2,      2,  0.19182503E-02,      3,     55,      6,      1,  0.25525010E+03
  0.28673254E+02,   2462,   1293,5414944,      2,      0,      6,     12,  0.19177016E-02,      3,     55,      6,      1,  0.25525010E+03
  0.28673254E+02,   2462,   1294,5414945,      2,      0,      8,     10,  0.19171531E-02,      3,     55,      6,      1,  0.25525010E+03
  0.28673254E+02,   2462,   1295,5414946,      1,     80,     17,     18,  0.19166048E-02,      3,     55,      6,      1,  0.25525010E+03
  0.28673254E+02,   2462,   1296,5414947,      1,     80,      8,     11,  0.19160568E-02,      3,     55,      6,      1,  0.25525010E+03
  0.28673254E+02,   2462,   1297,5414948,      1,     80,      1,      3,  0.19155089E-02,      3,     55,      6,      1,  0.25525010E+03
  0.28673254E+02,   2462,   1298,5414949,      1,     80,     12,     11,  0.19149613E-02,      3,     55,      6,      1,  0.25525010E+03
  0.28673254E+02,   2462,   1299,5414950,      1,     80,      4,     12,  0.19144139E-02,      3,     55,      6,      1,  0.25525010E+03
  0.28673254E+02,   2462,   1300,5414951,      2,      0,      9,      4,  0.19138667E-02,      3,     55,      6,      1,  0.25525010E+03
  0.28673254E+02,   2462,   1301,5414952,      1,     80,      7,      3,  0.19133197E-02,      3,     55,      6,      1,  0.25525010E+03
  0.28673254E+02,   2462,   1302,5414953,      1,     80,      6,      8,  0.19127729E-02,      3,     55,      6,      1,  0.25525010E+03
  0.28673254E+02,   2462,   1303,5414954,      1,     80,     11,      3,  0.19122263E-02,      3,     55,      6,      1,  0.25525010E+03
  0.28673254E+02,   2462,   1304,5414955,      2,      0,      9,      4,  0.19116799E-02,      3,     55,      6,      1,  0.25525010E+03
  0.28673254E+02,   2462,   1305,5414956,      1,     80,     19,     10,  0.19111338E-02,      3,     55,      6,      1,  0.25525010E+03
  0.28673254E+02,   2462,   1306,5414957,      2,      0,     12,     15,  0.19105878E-02,      3,     55,      6,      1,  0.25525010E+03
  0.28673254E+02,   2462,   1307,5414958,      1,     80,      5,     13,  0.19100421E-02,      3,     55,      6,      1,  0.25525010E+03
  0.28673254E+02,   2462,   1308,5414959,      1,     80,     20,      2,  0.19094965E-02,      3,     55,      6,      1,  0.25525010E+03
  0.28673254E+02,   2462,   1309,5414960,      2,      0,     15,     11,  0.19089512E-02,      3,     55,      6,      1,  0.25525010E+03
  0.28673254E+02,   2462,   1310,5414961,      1,     80,     13,     19,  0.19084061E-02,      3,     55,      6,      1,  0.25525010E+03
  0.28673254E+02,   2462,   1311,5414962,      1,     80,      4,     17,  0.19078612E-02,      3,     55,      6,      1,  0.25525010E+03
  0.28673254E+02,   2462,   1312,5414963,      2,      0,      6,     17,  0.19073165E-02,      3,     55,      6,      1,  0.25525010E+03
  0.28673254E+02,   2462,   1313,5414964,      1,     80,      4,      7,  0.19067720E-02,      3,     55,      6,      1,  0.25525010E+03
  0.28673254E+02,   2462,   1314,5414965,      1,     80,      1,     14,  0.19062277E-02,      3,     55,      6,      1,  0.25525010E+03
  0.28673254E+02,   2462,   1315,5414966,      2,      0,      7,      4,  0.19056836E-02,      3,     55,      6,      1,  0.25525010E+03
  0.28673254E+02,   2462,   1316,5414967,      2,      0,     18,     17,  0.19051397E-02,      3,     55,      6,      1,  0.25525010E+03
  0.28673254E+02,   2462,   1317,5414968,      1,     80,     20,      3,  0.19045961E-02,      3,     55,      6,      1,  0.25525010E+03
  0.28673254E+02,   2462,   1318,5414969,      1,     80,     13,      1,  0.19040526E-02,      3,     55,      6,      1,  0.25525010E+03
  0.28673254E+02,   2462,   1319,5414970,      1,     80,     10,      1,  0.19035093E-02,      3,     55,      6,      1,  0.25525010E+03
  0.28673254E+02,   2462,   1320,5414971,      1,     80,     13,     18,  0.19029663E-02,      3,     55,      6,      1,  0.25525010E+03
  0.28673254E+02,   2462,   1321,5414972,      2,      0,     10,     10,  0.19024235E-02,      3,     55,      6,      1,  0.25525010E+03
  0.28673254E+02,   2462,   1322,5414973,      2,      0,      9,      8,  0.19018808E-02,      3,     55,      6,      1,  0.25525010E+03
  0.28673254E+02,   2462,   1323,5414974,      1,     80,     17,      9,  0.19013384E-02,      3,     55,      6,      1,  0.25525010E+03
  0.28673254E+02,   2462,   1324,5414975,      1,     80,     20,      8,  0.19007962E-02,      3,     55,      6,      1,  0.25525010E+03
  0.28673254E+02,   2462,   1325,5414976,      1,     80,      8,     20,  0.19002541E-02,      3,     55,      6,      1,  0.25525010E+03
  0.28673254E+02,   2462,   1326,5414977,      1,     80,      3,      5,  0.18997123E-02,      3,     55,      6,      1,  0.25525010E+03
  0.28673254E+02,   2462,   1327,5414978,      1,     80,     19,     14,  0.18991707E-02,      3,     55,      6,      1,  0.25525010E+03
  0.28673254E+02,   2462,   1328,5414979,      2,      0,      6,     11,  0.18986293E-02,      3,     55,      6,      1,  0.25525010E+03
  0.28673254E+02,   2462,   1329,5414980,      1,     80,     15,      2,  0.18980881E-02,      3,     55,      6,      1,  0.25525010E+03
  0.28673254E+02,   2462,   1330,5414981,      1,     80,     10,      1,  0.18975471E-02,      3,     55,      6,      1,  0.25525010E+03
  0.28673254E+02,   2462,   1331,5414982,      1,     80,     15,     18,  0.18970063E-02,      3,     55,      6,      1,  0.25525010E+03
  0.28673254E+02,   2462,   1332,5414983,      2,      0,      3,     17,  0.18964657E-02,      3,     55,      6,      1,  0.25525010E+03
  0.28673254E+02,   2462,   1333,5414984,      2,      0,      5,     18,  0.18959253E-02,      3,     55,      6,      1,  0.25525010E+03
  0.28673254E+02,   2462,   1334,5414985,      1,     80,      3,      2,  0.18953851E-02,      3,     55,      6,      1,  0.25525010E+03
  0.28673254E+02,   2462,   1335,5414986,      2,      0,      1,      7,  0.18948451E-02,      3,     55,      6,      1,  0.25525010E+03
  0.28673254E+02,   2462,   1336,5414987,      1,     80,     10,      4,  0.18943053E-02,      3,     55,      6,      1,  0.25525010E+03
  0.28673254E+02,   2462,   1337,5414988,      2,      0,      9,     17,  0.18937657E-02,      3,     55,      6,      1,  0.25525010E+03
  0.28673254E+02,   2462,   1338,5414989,      1,     80,     16,     17,  0.18932264E-02,      3,     55,      6,      1,  0.25525010E+03
  0.28673254E+02,   2462,   1339,5414990,      1,     80,     19,      2,  0.18926872E-02,      3,     55,      6,      1,  0.25525010E+03
  0.28673254E+02,   2462,   1340,5414991,      1,     80,      6,      9,  0.18921482E-02,      3,     55,      6,      1,  0.25525010E+03
  0.28673254E+02,   2462,   1341,5414992,      1,     80,     10,     12,  0.18916094E-02,      3,     55,      6,      1,  0.25525010E+03
  0.28673254E+02,   2462,   1342,5414993,      1,     80,     16,      2,  0.18910709E-02,      3,     55,      6,      1,  0.25525010E+03
  0.28673254E+02,   2462,   1343,5414994,      1,     80,      3,      3,  0.18905325E-02,      3,     55,      6,      1,  0.25525010E+03
  0.28673254E+02,   2462,   1344,5414995,      1,     80,      6,      9,  0.18899943E-02,      3,     55,      6,      1,  0.25525010E+03
  0.28673254E+02,   2462,   1345,5414996,      1,     80,      8,      3,  0.18894564E-02,      3,     55,      6,      1,  0.25525010E+03
  0.28673254E+02,   2462,   1346,5414997,      1,     80,     15,     20,  0.18889186E-02,      3,     55,      6,      1,  0.25525010E+03
  0.28673254E+02,   2462,   1347,5414998,      1,     80,      9,      7,  0.18883810E-02,      3,     55,      6,      1,  0.25525010E+03
  0.28673254E+02,   2462,   1348,5414999,      1,     80,     10,      3,  0.18878437E-02,      3,     55,      6,      1,  0.25525010E+03
  0.28673254E+02,   2462,   1349,5415000,      1,     80,     15,     16,  0.18873065E-02,      3,     55,      6,      1,  0.25525010E+03
  0.28673254E+02,   2462,   1350,5415001,      1,     80,      4,      2,  0.18867695E-02,      3,     55,      6,      1,  0.25525010E+03
  0.28673254E+02,   2462,   1351,5415002,      1,     80,      3,      5,  0.18862328E-02,      3,     55,      6,      1,  0.25525010E+03
  0.28673254E+02,   2462,   1352,5415003,      1,     80,      5,     14,  0.18856962E-02,      3,     55,      6,      1,  0.25525010E+03
  0.28673254E+02,   2462,   1353,5415004,      1,     80,     17,      3,  0.18851598E-02,      3,     55,      6,      1,  0.25525010E+03
  0.28673254E+02,   2462,   1354,5415005,      1,     80,     15,     17,  0.18846237E-02,      3,     55,      6,      1,  0.25525010E+03
  0.28673254E+02,   2462,   1355,5415006,      2,      0,     14,     17,  0.18840877E-02,      3,     55,      6,      1,  0.25525010E+03
  0.28673254E+02,   2462,   1356,5415007,      1,     80,     20,      8,  0.18835519E-02,      3,     55,      6,      1,  0.25525010E+03
  0.28673254E+02,   2462,   1357,5415008,      1,     80,     20,     15,  0.18830164E-02,      3,     55,      6,      1,  0.25525010E+03
  0.28673254E+02,   2462,   1358,5415009,      1,     80,     19,     17,  0.18824810E-02,      3,     55,      6,      1,  0.25525010E+03
  0.28673254E+02,   2462,   1359,5415010,      1,     80,     20,     11,  0.18819458E-02,      3,     55,      6,      1,  0.25525010E+03
  0.28673254E+02,   2462,   1360,5415011,      1,     80,      5,      1,  0.18814108E-02,      3,     55,      6,      1,  0.25525010E+03
  0.28673254E+02,   2462,   1361,5415012,      1,     80,     18,     19,  0.18808760E-02,      3,     55,      6,      1,  0.25525010E+03
  0.28673254E+02,   2462,   1362,5415013,      1,     80,     15,     18,  0.18803415E-02,      3,     55,      6,      1,  0.25525010E+03
  0.28673254E+02,   2462,   1363,5415014,      1,     80,     14,     19,  0.18798071E-02,      3,     55,      6,      1,  0.25525010E+03
  0.28673254E+02,   2462,   1364,5415015,      2,      0,     17,     13,  0.18792729E-02,      3,     55,      6,      1,  0.25525010E+03
  0.28673254E+02,   2462,   1365,5415016,      1,     80,      3,     16,  0.18787389E-02,      3,     55,      6,      1,  0.25525010E+03
  0.28673254E+02,   2462,   1366,5415017,      1,     80,     13,     18,  0.18782051E-02,      3,     55,      6,      1,  0.25525010E+03
  0.28673254E+02,   2462,   1367,5415018,      1,     80,     19,     15,  0.18776715E-02,      3,     55,      6,      1,  0.25525010E+03
  0.28673254E+02,   2462,   1368,5415019,      1,     80,     15,      3,  0.18771381E-02,      3,     55,      6,      1,  0.25525010E+03
  0.28673254E+02,   2462,   1369,5415020,      1,     80,      9,     12,  0.18766049E-02,      3,     55,      6,      1,  0.25525010E+03
  0.28673254E+02,   2462,   1370,5415021,      1,     80,      5,     17,  0.18760719E-02,      3,     55,      6,      1,  0.25525010E+03
  0.28673254E+02,   2462,   1371,5415022,      1,     80,     19,      3,  0.18755391E-02,      3,     55,      6,      1,  0.25525010E+03
  0.28673254E+02,   2462,   1372,5415023,      1,     80,      5,      3,  0.18750065E-02,      3,     55,      6,      1,  0.25525010E+03
  0.28673254E+02,   2462,   1373,5415024,      1,     80,      2,     14,  0.18744741E-02,      3,     55,      6,      1,  0.25525010E+03
  0.28673254E+02,   2462,   1374,5415025,      1,     80,      1,      2,  0.18739418E-02,      3,     55,      6,      1,  0.25525010E+03
  0.28673254E+02,   2462,   1375,5415026,      1,     80,      9,     19,  0.18734098E-02,      3,     55,      6,      1,  0.25525010E+03
  0.28673254E+02,   2462,   1376,5415027,      1,     80,     17,      3,  0.18728780E-02,      3,     55,      6,      1,  0.25525010E+03
  0.28673254E+02,   2462,   1377,5415028,      1,     80,      9,     13,  0.18723463E-02,      3,     55,      6,      1,  0.25525010E+03
  0.28673254E+02,   2462,   1378,5415029,      2,      0,      8,      9,  0.18718149E-02,      3,     55,      6,      1,  0.25525010E+03
  0.28673254E+02,   2462,   1379,5415030,      1,     80,      7,      2,  0.18712836E-02,      3,     55,      6,      1,  0.25525010E+03
  0.28673254E+02,   2462,   1380,5415031,      1,     80,     16,     11,  0.18707526E-02,      3,     55,      6,      1,  0.25525010E+03
  0.28673254E+02,   2462,   1381,5415032,      1,     80,     15,     10,  0.18702217E-02,      3,     55,      6,      1,  0.25525010E+03
  0.28673254E+02,   2462,   1382,5415033,      1,     80,     18,     14,  0.18696910E-02,      3,     55,      6,      1,  0.25525010E+03
  0.28673254E+02,   2462,   1383,5415034,      1,     80,     15,      1,  0.18691606E-02,      3,     55,      6,      1,  0.25525010E+03
  0.28673254E+02,   2462,   1384,5415035,      1,     80,      2,     11,  0.18686303E-02,      3,     55,      6,      1,  0.25525010E+03
  0.28673254E+02,   2462,   1385,5415036,      2,      0,     13,      9,  0.18681002E-02,      3,     55,      6,      1,  0.25525010E+03
  0.28673254E+02,   2462,   1386,5415037,      1,     80,      6,      9,  0.18675703E-02,      3,     55,      6,      1,  0.25525010E+03
  0.28673254E+02,   2462,   1387,5415038,      1,     80,      1,     14,  0.18670406E-02,      3,     55,      6,      1,  0.25525010E+03
  0.28673254E+02,   2462,   1388,5415039,      2,      0,     14,     18,  0.18665111E-02,      3,     55,      6,      1,  0.25525010E+03
  0.28673254E+02,   2462,   1389,5415040,      1,     80,      9,     19,  0.18659818E-02,      3,     55,      6,      1,  0.25525010E+03
  0.28673254E+02,   2462,   1390,5415041,      1,     80,      1,     11,  0.18654527E-02,      3,     55,      6,      1,  0.25525010E+03
  0.28673254E+02,   2462,   1391,5415042,      2,      0,     14,     11,  0.18649237E-02,      3,     55,      6,      1,  0.25525010E+03
  0.28673254E+02,   2462,   1392,5415043,      1,     80,      4,     13,  0.18643950E-02,      3,     55,      6,      1,  0.25525010E+03
  0.28673254E+02,   2462,   1393,5415044,      1,     80,     15,     18,  0.18638664E-02,      3,     55,      6,      1,  0.25525010E+03
  0.28673254E+02,   2462,   1394,5415045,      1,     80,     11,      5,  0.18633381E-02,      3,     55,      6,      1,  0.25525010E+03
  0.28673254E+02,   2462,   1395,5415046,      2,      0,      2,      4,  0.18628099E-02,      3,     55,      6,      1,  0.25525010E+03
  0.28673254E+02,   2462,   1396,5415047,      2,      0,      9,     17,  0.18622820E-02,      3,     55,      6,      1,  0.25525010E+03
  0.28673254E+02,   2462,   1397,5415048,      1,     80,      8,      2,  0.18617542E-02,      3,     55,      6,      1,  0.25525010E+03
  0.28673254E+02,   2462,   1398,5415049,      1,     80,      5,      4,  0.18612266E-02,      3,     55,      6,      1,  0.25525010E+03
  0.28673254E+02,   2462,   1399,5415050,      2,      0,     18,     12,  0.18606992E-02,      3,     55,      6,      1,  0.25525010E+03
  0.28673254E+02,   2462,   1400,5415051,      1,     80,      3,      4,  0.18601720E-02,      3,     55,      6,      1,  0.25525010E+03
  0.28673254E+02,   2462,   1401,5415052,      1,     80,     20,      8,  0.18596450E-02,      3,     55,      6,      1,  0.25525010E+03
  0.28673254E+02,   2462,   1402,5415053,      1,     80,      3,      4,  0.18591181E-02,      3,     55,      6,      1,  0.25525010E+03
  0.28673254E+02,   2462,   1403,5415054,      1,     80,     16,     18,  0.18585915E-02,      3,     55,      6,      1,  0.25525010E+03
  0.28673254E+02,   2462,   1404,5415055,      1,     80,      4,     11,  0.18580651E-02,      3,     55,      6,      1,  0.25525010E+03
  0.28673254E+02,   2462,   1405,5415056,      2,      0,     13,     16,  0.18575388E-02,      3,     55,      6,      1,  0.25525010E+03
  0.28673254E+02,   2462,   1406,5415057,      1,     80,      4,      3,  0.18570127E-02,      3,     55,      6,      1,  0.25525010E+03
  0.28673254E+02,   2462,   1407,5415058,      1,     80,      7,     13,  0.18564869E-02,      3,     55,      6,      1,  0.25525010E+03
  0.28673254E+02,   2462,   1408,5415059,      1,     80,     19,     14,  0.18559612E-02,      3,     55,      6,      1,  0.25525010E+03
  0.28673254E+02,   2462,   1409,5415060,      1,     80,     16,     16,  0.18554357E-02,      3,     55,      6,      1,  0.25525010E+03
  0.28673254E+02,   2462,   1410,5415061,      1,     80,     16,      4,  0.18549104E-02,      3,     55,      6,      1,  0.25525010E+03
  0.28673254E+02,   2462,   1411,5415062,      1,     80,     15,      1,  0.18543852E-02,      3,     55,      6,      1,  0.25525010E+03
  0.28673254E+02,   2462,   1412,5415063,      2,      0,      3,     12,  0.18538603E-02,      3,     55,      6,      1,  0.25525010E+03
  0.28673254E+02,   2462,   1413,5415064,      1,     80,     14,     19,  0.18533356E-02,      3,     55,      6,      1,  0.25525010E+03
  0.28673254E+02,   2462,   1414,5415065,      1,     80,      7,      2,  0.18528110E-02,      3,     55,      6,      1,  0.25525010E+03
  0.28673254E+02,   2462,   1415,5415066,      2,      0,      2,      5,  0.18522867E-02,      3,     55,      6,      1,  0.25525010E+03
  0.28673254E+02,   2462,   1416,5415067,      1,     80,     10,     12,  0.18517625E-02,      3,     55,      6,      1,  0.25525010E+03
  0.28673254E+02,   2462,   1417,5415068,      2,      0,      3,     13,  0.18512385E-02,      3,     55,      6,      1,  0.25525010E+03
  0.28673254E+02,   2462,   1418,5415069,      1,     80,     11,      4,  0.18507147E-02,      3,     55,      6,      1,  0.25525010E+03
  0.28673254E+02,   2462,   1419,5415070,      1,     80,      5,     11,  0.18501911E-02,      3,     55,      6,      1,  0.25525010E+03
  0.28673254E+02,   2462,   1420,5415071,      1,     80,     14,      3,  0.18496676E-02,      3,     55,      6,      1,  0.25525010E+03
  0.28673254E+02,   2462,   1421,5415072,      1,     80,     14,      6,  0.18491444E-02,      3,     55,      6,      1,  0.25525010E+03
  0.28673254E+02,   2462,   1422,5415073,      2,      0,      9,      9,  0.18486213E-02,      3,     55,      6,      1,  0.25525010E+03
  0.28673254E+02,   2462,   1423,5415074,      1,     80,      8,     16,  0.18480985E-02,      3,     55,      6,      1,  0.25525010E+03
  0.28673254E+02,   2462,   1424,5415075,      1,     80,      9,      6,  0.18475758E-02,      3,     55,      6,      1,  0.25525010E+03
  0.28673254E+02,   2462,   1425,5415076,      1,     80,     10,     20,  0.18470533E-02,      3,     55,      6,      1,  0.25525010E+03
  0.28673254E+02,   2462,   1426,5415077,      2,      0,      9,     17,  0.18465310E-02,      3,     55,      6,      1,  0.25525010E+03
  0.28673254E+02,   2462,   1427,5415078,      1,     80,      6,      9,  0.18460089E-02,      3,     55,      6,      1,  0.25525010E+03
  0.28673254E+02,   2462,   1428,5415079,      1,     80,     18,      2,  0.18454870E-02,      3,     55,      6,      1,  0.25525010E+03
  0.28673254E+02,   2462,   1429,5415080,      1,     80,      2,     16,  0.18449652E-02,      3,     55,      6,      1,  0.25525010E+03
  0.28673254E+02,   2462,   1430,5415081,      1,     80,     18,      5,  0.18444436E-02,      3,     55,      6,      1,  0.25525010E+03
  0.28673254E+02,   2462,   1431,5415082,      1,     80,     20,      5,  0.18439223E-02,      3,     55,      6,      1,  0.25525010E+03
  0.28673254E+02,   2462,   1432,5415083,      2,      0,     12,      6,  0.18434011E-02,      3,     55,      6,      1,  0.25525010E+03
  0.28673254E+02,   2462,   1433,5415084,      1,     80,     14,      2,  0.18428801E-02,      3,     55,      6,      1,  0.25525010E+03
  0.28673254E+02,   2462,   1434,5415085,      1,     80,     16,      8,  0.18423592E-02,      3,     55,      6,      1,  0.25525010E+03
  0.28673254E+02,   2462,   1435,5415086,      2,      0,     14,     14,  0.18418386E-02,      3,     55,      6,      1,  0.25525010E+03
  0.28673254E+02,   2462,   1436,5415087,      2,      0,      5,     10,  0.18413182E-02,      3,     55,      6,      1,  0.25525010E+03
  0.28673254E+02,   2462,   1437,5415088,      2,      0,      3,     11,  0.18407979E-02,      3,     55,      6,      1,  0.25525010E+03
  0.28673254E+02,   2462,   1438,5415089,      1,     80,     10,     14,  0.18402778E-02,      3,     55,      6,      1,  0.25525010E+03
  0.28673254E+02,   2462,   1439,5415090,      1,     80,     11,     18,  0.18397579E-02,      3,     55,      6,      1,  0.25525010E+03
  0.28673254E+02,   2462,   1440,5415091,      1,     80,      2,     15,  0.18392382E-02,      3,     55,      6,      1,  0.25525010E+03
  0.28673254E+02,   2462,   1441,5415092,      2,      0,     17,     20,  0.18387187E-02,      3,     55,      6,      1,  0.25525010E+03
  0.28673254E+02,   2462,   1442,5415093,      1,     80,      2,      2,  0.18381993E-02,      3,     55,      6,      1,  0.25525010E+03
  0.28673254E+02,   2462,   1443,5415094,      1,     80,      4,     14,  0.18376802E-02,      3,     55,      6,      1,  0.25525010E+03
  0.28673254E+02,   2462,   1444,5415095,      1,     80,     17,      2,  0.18371612E-02,      3,     55,      6,      1,  0.25525010E+03
  0.28673254E+02,   2462,   1445,5415096,      1,     80,      1,      6,  0.18366424E-02,      3,     55,      6,      1,  0.25525010E+03
  0.28673254E+02,   2462,   1446,5415097,      1,     80,     17,      2,  0.18361238E-02,      3,     55,      6,      1,  0.25525010E+03
  0.28673254E+02,   2462,   1447,5415098,      1,     80,     11,     14,  0.18356054E-02,      3,     55,      6,      1,  0.25525010E+03
  0.28673254E+02,   2462,   1448,5415099,      1,     80,      6,      9,  0.18350871E-02,      3,     55,      6,      1,  0.25525010E+03
  0.28673254E+02,   2462,   1449,5415100,      1,     80,      4,      2,  0.18345691E-02,      3,     55,      6,      1,  0.25525010E+03
  0.28673254E+02,   2462,   1450,5415101,      1,     80,     16,     11,  0.18340512E-02,      3,     55,      6,      1,  0.25525010E+03
  0.28673254E+02,   2462,   1451,5415102,      1,     80,     12,     18,  0.18335335E-02,      3,     55,      6,      1,  0.25525010E+03
  0.28673254E+02,   2462,   1452,5415103,      1,     80,      5,      2,  0.18330160E-02,      3,     55,      6,      1,  0.25525010E+03
  0.28673254E+02,   2462,   1453,5415104,      1,     80,     17,     15,  0.18324986E-02,      3,     55,      6,      1,  0.25525010E+03
  0.28673254E+02,   2462,   1454,5415105,      1,     80,     10,      9,  0.18319815E-02,      3,     55,      6,      1,  0.25525010E+03
  0.28673254E+02,   2462,   1455,5415106,      1,     80,      5,     16,  0.18314645E-02,      3,     55,      6,      1,  0.25525010E+03
  0.28673254E+02,   2462,   1456,5415107,      2,      0,     17,     20,  0.18309477E-02,      3,     55,      6,      1,  0.25525010E+03
  0.28673254E+02,   2462,   1457,5415108,      1,     80,      2,      2,  0.18304311E-02,      3,     55,      6,      1,  0.25525010E+03
  0.28673254E+02,   2462,   1458,5415109,      2,      0,     14,     12,  0.18299147E-02,      3,     55,      6,      1,  0.25525010E+03
  0.28673254E+02,   2462,   1459,5415110,      2,      0,     15,     11,  0.18293985E-02,      3,     55,      6,      1,  0.25525010E+03
  0.28673254E+02,   2462,   1460,5415111,      2,      0,      5,     10,  0.18288824E-02,      3,     55,      6,      1,  0.25525010E+03
  0.28673254E+02,   2462,   1461,5415112,      1,     80,     13,     19,  0.18283665E-02,      3,     55,      6,      1,  0.25525010E+03
  0.28673254E+02,   2462,   1462,5415113,      1,     80,     11,      2,  0.18278508E-02,      3,     55,      6,      1,  0.25525010E+03
  0.28673254E+02,   2462,   1463,5415114,      1,     80,     13,      7,  0.18273353E-02,      3,     55,      6,      1,  0.25525010E+03
  0.28673254E+02,   2462,   1464,5415115,      1,     80,     11,     18,  0.18268200E-02,      3,     55,      6,      1,  0.25525010E+03
  0.28673254E+02,   2462,   1465,5415116,      1,     80,      1,     12,  0.18263048E-02,      3,     55,      6,      1,  0.25525010E+03
  0.28673254E+02,   2462,   1466,5415117,      1,     80,     16,     12,  0.18257898E-02,      3,     55,      6,      1,  0.25525010E+03
  0.28673254E+02,   2462,   1467,5415118,      2,      0,     18,     12,  0.18252750E-02,      3,     55,      6,      1,  0.25525010E+03
  0.28673254E+02,   2462,   1468,5415119,      1,     80,      7,     15,  0.18247604E-02,      3,     55,      6,      1,  0.25525010E+03
  0.28673254E+02,   2462,   1469,5415120,      1,     80,      2,     19,  0.18242460E-02,      3,     55,      6,      1,  0.25525010E+03
  0.28673254E+02,   2462,   1470,5415121,      1,     80,     17,      3,  0.18237317E-02,      3,     55,      6,      1,  0.25525010E+03
  0.28673254E+02,   2462,   1471,5415122,      1,     80,      5,     16,  0.18232176E-02,      3,     55,      6,      1,  0.25525010E+03
  0.28673254E+02,   2462,   1472,5415123,      1,     80,      1,      2,  0.18227037E-02,      3,     55,      6,      1,  0.25525010E+03
  0.28673254E+02,   2462,   1473,5415124,      1,     80,      7,     18,  0.18221900E-02,      3,     55,      6,      1,  0.25525010E+03
  0.28673254E+02,   2462,   1474,5415125,      1,     80,      5,     19,  0.18216765E-02,      3,     55,      6,      1,  0.25525010E+03
  0.28673254E+02,   2462,   1475,5415126,      2,      0,      3,     11,  0.18211631E-02,      3,     55,      6,      1,  0.25525010E+03
  0.28673254E+02,   2462,   1476,5415127,      1,     80,     20,      7,  0.18206499E-02,      3,     55,      6,      1,  0.25525010E+03
  0.28673254E+02,   2462,   1477,5415128,      1,     80,     10,     13,  0.18201369E-02,      3,     55,      6,      1,  0.25525010E+03
  0.28673254E+02,   2462,   1478,5415129,      2,      0,     13,      9,  0.18196241E-02,      3,     55,      6,      1,  0.25525010E+03
  0.28673254E+02,   2462,   1479,5415130,      1,     80,      6,      9,  0.18191114E-02,      3,     55,      6,      1,  0.25525010E+03
  0.28673254E+02,   2462,   1480,5415131,      1,     80,     20,     18,  0.18185990E-02,      3,     55,      6,      1,  0.25525010E+03
  0.28673254E+02,   2462,   1481,5415132,      1,     80,      3,      9,  0.18180867E-02,      3,     55,      6,      1,  0.25525010E+03
  0.28673254E+02,   2462,   1482,5415133,      1,     80,     11,      7,  0.18175745E-02,      3,     55,      6,      1,  0.25525010E+03
  0.28673254E+02,   2462,   1483,5415134,      1,     80,      7,     15,  0.18170626E-02,      3,     55,      6,      1,  0.25525010E+03
  0.28673254E+02,   2462,   1484,5415135,      1,     80,      5,     14,  0.18165509E-02,      3,     55,      6,      1,  0.25525010E+03
  0.28673254E+02,   2462,   1485,5415136,      1,     80,     18,     14,  0.18160393E-02,      3,     55,      6,      1,  0.25525010E+03
  0.28673254E+02,   2462,   1486,5415137,      1,     80,     15,     16,  0.18155279E-02,      3,     55,      6,      1,  0.25525010E+03
  0.28673254E+02,   2462,   1487,5415138,      1,     80,     14,      4,  0.18150166E-02,      3,     55,      6,      1,  0.25525010E+03
  0.28673254E+02,   2462,   1488,5415139,      1,     80,      8,      2,  0.18145056E-02,      3,     55,      6,      1,  0.25525010E+03
  0.28673254E+02,   2462,   1489,5415140,      1,     80,      3,      9,  0.18139947E-02,      3,     55,      6,      1,  0.25525010E+03
  0.28673254E+02,   2462,   1490,5415141,      1,     80,      2,     14,  0.18134840E-02,      3,     55,      6,      1,  0.25525010E+03
  0.28673254E+02,   2462,   1491,5415142,      1,     80,     16,     10,  0.18129735E-02,      3,     55,      6,      1,  0.25525010E+03
  0.28673254E+02,   2462,   1492,5415143,      2,      0,      5,      8,  0.18124631E-02,      3,     55,      6,      1,  0.25525010E+03
  0.28673254E+02,   2462,   1493,5415144,      1,     80,     11,      8,  0.18119530E-02,      3,     55,      6,      1,  0.25525010E+03
  0.28673254E+02,   2462,   1494,5415145,      2,      0,     17,     13,  0.18114430E-02,      3,     55,      6,      1,  0.25525010E+03
  0.28673254E+02,   2462,   1495,5415146,      2,      0,     14,     17,  0.18109332E-02,      3,     55,      6,      1,  0.25525010E+03
  0.28673254E+02,   2462,   1496,5415147,      1,     80,      9,     11,  0.18104235E-02,      3,     55,      6,      1,  0.25525010E+03
  0.28673254E+02,   2462,   1497,5415148,      1,     80,      5,      4,  0.18099141E-02,      3,     55,      6,      1,  0.25525010E+03
  0.28673254E+02,   2462,   1498,5415149,      2,      0,     15,     11,  0.18094048E-02,      3,     55,      6,      1,  0.25525010E+03
  0.28673254E+02,   2462,   1499,5415150,      2,      0,      9,      5,  0.18088957E-02,      3,     55,      6,      1,  0.25525010E+03
  0.28673254E+02,   2462,   1500,5415151,      1,     80,      3,     18,  0.18083867E-02,      3,     55,      6,      1,  0.25525010E+03
  0.28673254E+02,   2462,   1501,5415152,      1,     80,     11,      3,  0.18078780E-02,      3,     55,      6,      1,  0.25525010E+03
  0.28673254E+02,   2462,   1502,5415153,      1,     80,     15,      2,  0.18073694E-02,      3,     55,      6,      1,  0.25525010E+03
  0.28673254E+02,   2462,   1503,5415154,      2,      0,     13,     16,  0.18068610E-02,      3,     55,      6,      1,  0.25525010E+03
  0.28673254E+02,   2462,   1504,5415155,      1,     80,      9,     19,  0.18063527E-02,      3,     55,      6,      1,  0.25525010E+03
  0.28673254E+02,   2462,   1505,5415156,      2,      0,     19,     11,  0.18058447E-02,      3,     55,      6,      1,  0.25525010E+03
  0.28673254E+02,   2462,   1506,5415157,      1,     80,      5,     17,  0.18053368E-02,      3,     55,      6,      1,  0.25525010E+03
  0.28673254E+02,   2462,   1507,5415158,      1,     80,     14,      5,  0.18048291E-02,      3,     55,      6,      1,  0.25525010E+03
  0.28673254E+02,   2462,   1508,5415159,      1,     80,     12,      3,  0.18043215E-02,      3,     55,      6,      1,  0.25525010E+03
  0.28673254E+02,   2462,   1509,5415160,      1,     80,      3,      4,  0.18038141E-02,      3,     55,      6,      1,  0.25525010E+03
  0.28673254E+02,   2462,   1510,5415161,      1,     80,      6,      9,  0.18033070E-02,      3,     55,      6,      1,  0.25525010E+03
  0.28673254E+02,   2462,   1511,5415162,      1,     80,      3,      3,  0.18027999E-02,      3,     55,      6,      1,  0.25525010E+03
  0.28673254E+02,   2462,   1512,5415163,      1,     80,     12,      8,  0.18022931E-02,      3,     55,      6,      1,  0.25525010E+03
  0.28673254E+02,   2462,   1513,5415164,      1,     80,      7,      3,  0.18017864E-02,      3,     55,      6,      1,  0.25525010E+03
  0.28673254E+02,   2462,   1514,5415165,      1,     80,     10,     16,  0.18012799E-02,      3,     55,      6,      1,  0.25525010E+03
  0.28673254E+02,   2462,   1515,5415166,      2,      0,     15,      5,  0.18007736E-02,      3,     55,      6,      1,  0.25525010E+03
  0.28673254E+02,   2462,   1516,5415167,      1,     80,      5,      1,  0.18002674E-02,      3,     55,      6,      1,  0.25525010E+03
  0.28673254E+02,   2462,   1517,5415168,      1,     80,     19,     18,  0.17997615E-02,      3,     55,      6,      1,  0.25525010E+03
  0.28673254E+02,   2462,   1518,5415169,      2,      0,      5,      8,  0.17992557E-02,      3,     55,      6,      1,  0.25525010E+03
  0.28673254E+02,   2462,   1519,5415170,      1,     80,      3,     14,  0.17987500E-02,      3,     55,      6,      1,  0.25525010E+03
  0.28673254E+02,   2462,   1520,5415171,      2,      0,     11,     11,  0.17982446E-02,      3,     55,      6,      1,  0.25525010E+03
  0.28673254E+02,   2462,   1521,5415172,      1,     80,     19,     14,  0.17977393E-02,      3,     55,      6,      1,  0.25525010E+03
  0.28673254E+02,   2462,   1522,5415173,      1,     80,     17,      8,  0.17972342E-02,      3,     55,      6,      1,  0.25525010E+03
  0.28673254E+02,   2462,   1523,5415174,      1,     80,      3,      5,  0.17967292E-02,      3,     55,      6,      1,  0.25525010E+03
  0.28673254E+02,   2462,   1524,5415175,      1,     80,     18,     20,  0.17962244E-02,      3,     55,      6,      1,  0.25525010E+03
  0.28673254E+02,   2462,   1525,5415176,      2,      0,     14,     11,  0.17957198E-02,      3,     55,      6,      1,  0.25525010E+03
  0.28673254E+02,   2462,   1526,5415177,      1,     80,     13,     10,  0.17952154E-02,      3,     55,      6,      1,  0.25525010E+03
  0.28673254E+02,   2462,   1527,5415178,      2,      0,      9,      5,  0.17947111E-02,      3,     55,      6,      1,  0.25525010E+03
  0.28673254E+02,   2462,   1528,5415179,      1,     80,      7,     12,  0.17942071E-02,      3,     55,      6,      1,  0.25525010E+03
  0.28673254E+02,   2462,   1529,5415180,      1,     80,      6,     10,  0.17937031E-02,      3,     55,      6,      1,  0.25525010E+03
  0.28673254E+02,   2462,   1530,5415181,      2,      0,     13,     11,  0.17931994E-02,      3,     55,      6,      1,  0.25525010E+03
  0.28673254E+02,   2462,   1531,5415182,      1,     80,     10,      2,  0.17926958E-02,      3,     55,      6,      1,  0.25525010E+03
  0.28673254E+02,   2462,   1532,5415183,      1,     80,     15,      9,  0.17921924E-02,      3,     55,      6,      1,  0.25525010E+03
  0.28673254E+02,   2462,   1533,5415184,      1,     80,      3,     16,  0.17916892E-02,      3,     55,      6,      1,  0.25525010E+03
  0.28673254E+02,   2462,   1534,5415185,      1,     80,     14,     19,  0.17911861E-02,      3,     55,      6,      1,  0.25525010E+03
  0.28673254E+02,   2462,   1535,5415186,      1,     80,      3,     10,  0.17906833E-02,      3,     55,      6,      1,  0.25525010E+03
  0.28673254E+02,   2462,   1536,5415187,      1,     80,      3,      9,  0.17901805E-02,      3,     55,      6,      1,  0.25525010E+03
  0.28673254E+02,   2462,   1537,5415188,      1,     80,     16,      8,  0.17896780E-02,      3,     55,      6,      1,  0.25525010E+03
  0.28673254E+02,   2462,   1538,5415189,      1,     80,      1,     16,  0.17891756E-02,      3,     55,      6,      1,  0.25525010E+03
  0.28673254E+02,   2462,   1539,5415190,      2,      0,      6,     17,  0.17886734E-02,      3,     55,      6,      1,  0.25525010E+03
  0.28673254E+02,   2462,   1540,5415191,      1,     80,     15,      9,  0.17881714E-02,      3,     55,      6,      1,  0.25525010E+03
  0.28673254E+02,   2462,   1541,5415192,      1,     80,      9,      7,  0.17876695E-02,      3,     55,      6,      1,  0.25525010E+03
  0.28673254E+02,   2462,   1542,5415193,      1,     80,     14,     10,  0.17871678E-02,      3,     55,      6,      1,  0.25525010E+03
  0.28673254E+02,   2462,   1543,5415194,      2,      0,     12,      2,  0.17866663E-02,      3,     55,      6,      1,  0.25525010E+03
  0.28673254E+02,   2462,   1544,5415195,      1,     80,      8,      2,  0.17861649E-02,      3,     55,      6,      1,  0.25525010E+03
  0.28673254E+02,   2462,   1545,5415196,      2,      0,     15,     14,  0.17856637E-02,      3,     55,      6,      1,  0.25525010E+03
  0.28673254E+02,   2462,   1546,5415197,      1,     80,     18,     11,  0.17851627E-02,      3,     55,      6,      1,  0.25525010E+03
  0.28673254E+02,   2462,   1547,5415198,      2,      0,      6,     12,  0.17846619E-02,      3,     55,      6,      1,  0.25525010E+03
  0.28673254E+02,   2462,   1548,5415199,      1,     80,     12,      4,  0.17841612E-02,      3,     55,      6,      1,  0.25525010E+03
  0.28673254E+02,   2462,   1549,5415200,      1,     80,     17,      9,  0.17836607E-02,      3,     55,      6,      1,  0.25525010E+03
  0.28673254E+02,   2462,   1550,5415201,      1,     80,     11,      1,  0.17831603E-02,      3,     55,      6,      1,  0.25525010E+03
  0.28673254E+02,   2462,   1551,5415202,      2,      0,     14,     11,  0.17826601E-02,      3,     55,      6,      1,  0.25525010E+03
  0.28673254E+02,   2462,   1552,5415203,      2,      0,      6,     13,  0.17821601E-02,      3,     55,      6,      1,  0.25525010E+03
  0.28673254E+02,   2462,   1553,5415204,      2,      0,      1,      7,  0.17816603E-02,      3,     55,      6,      1,  0.25525010E+03
  0.28673254E+02,   2462,   1554,5415205,      1,     80,      6,      6,  0.17811606E-02,      3,     55,      6,      1,  0.25525010E+03
  0.28673254E+02,   2462,   1555,5415206,      2,      0,      5,     18,  0.17806611E-02,      3,     55,      6,      1,  0.25525010E+03
  0.28673254E+02,   2462,   1556,5415207,      1,     80,     18,      1,  0.17801618E-02,      3,     55,      6,      1,  0.25525010E+03
  0.28673254E+02,   2462,   1557,5415208,      2,      0,     11,     17,  0.17796626E-02,      3,     55,      6,      1,  0.25525010E+03
  0.28673254E+02,   2462,   1558,5415209,      2,      0,     20,     16,  0.17791636E-02,      3,     55,      6,      1,  0.25525010E+03
  0.28673254E+02,   2462,   1559,5415210,      1,     80,      1,     16,  0.17786648E-02,      3,     55,      6,      1,  0.25525010E+03
  0.28673254E+02,   2462,   1560,5415211,      1,     80,     10,      3,  0.17781661E-02,      3,     55,      6,      1,  0.25525010E+03
  0.28673254E+02,   2462,   1561,5415212,      1,     80,      4,      2,  0.17776676E-02,      3,     55,      6,      1,  0.25525010E+03
  0.28673254E+02,   2462,   1562,5415213,      2,      0,      1,      9,  0.17771693E-02,      3,     55,      6,      1,  0.25525010E+03
  0.28673254E+02,   2462,   1563,5415214,      1,     80,     18,     18,  0.17766711E-02,      3,     55,      6,      1,  0.25525010E+03
  0.28673254E+02,   2462,   1564,5415215,      2,      0,     20,     12,  0.17761731E-02,      3,     55,      6,      1,  0.25525010E+03
  0.28673254E+02,   2462,   1565,5415216,      2,      0,     10,     18,  0.17756753E-02,      3,     55,      6,      1,  0.25525010E+03
  0.28673254E+02,   2462,   1566,5415217,      1,     80,     19,      8,  0.17751776E-02,      3,     55,      6,      1,  0.25525010E+03
  0.28673254E+02,   2462,   1567,5415218,      1,     80,      1,     15,  0.17746801E-02,      3,     55,      6,      1,  0.25525010E+03
  0.28673254E+02,   2462,   1568,5415219,      1,     80,      2,      3,  0.17741828E-02,      3,     55,      6,      1,  0.25525010E+03
  0.28673254E+02,   2462,   1569,5415220,      1,     80,      8,     13,  0.17736856E-02,      3,     55,      6,      1,  0.25525010E+03
  0.28673254E+02,   2462,   1570,5415221,      1,     80,      9,     18,  0.17731886E-02,      3,     55,      6,      1,  0.25525010E+03
  0.28673254E+02,   2462,   1571,5415222,      2,      0,      3,     20,  0.17726918E-02,      3,     55,      6,      1,  0.25525010E+03
  0.28673254E+02,   2462,   1572,5415223,      1,     80,     19,      8,  0.17721951E-02,      3,     55,      6,      1,  0.25525010E+03
  0.28673254E+02,   2462,   1573,5415224,      1,     80,     12,      4,  0.17716986E-02,      3,     55,      6,      1,  0.25525010E+03
  0.28673254E+02,   2462,   1574,5415225,      1,     80,     20,      7,  0.17712023E-02,      3,     55,      6,      1,  0.25525010E+03
  0.28673254E+02,   2462,   1575,5415226,      1,     80,     15,     16,  0.17707061E-02,      3,     55,      6,      1,  0.25525010E+03
  0.28673254E+02,   2462,   1576,5415227,      1,     80,      3,      4,  0.17702101E-02,      3,     55,      6,      1,  0.25525010E+03
  0.28673254E+02,   2462,   1577,5415228,      1,     80,     15,     16,  0.17697143E-02,      3,     55,      6,      1,  0.25525010E+03
  0.28673254E+02,   2462,   1578,5415229,      1,     80,     19,      2,  0.17692186E-02,      3,     55,      6,      1,  0.25525010E+03
  0.28673254E+02,   2462,   1579,5415230,      1,     80,     20,      2,  0.17687231E-02,      3,     55,      6,      1,  0.25525010E+03
  0.28673254E+02,   2462,   1580,5415231,      1,     80,     20,     15,  0.17682278E-02,      3,     55,      6,      1,  0.25525010E+03
  0.28673254E+02,   2462,   1581,5415232,      1,     80,     16,      4,  0.17677326E-02,      3,     55,      6,      1,  0.25525010E+03
  0.28673254E+02,   2462,   1582,5415233,      1,     80,      1,     14,  0.17672376E-02,      3,     55,      6,      1,  0.25525010E+03
  0.28673254E+02,   2462,   1583,5415234,      2,      0,      4,     10,  0.17667427E-02,      3,     55,      6,      1,  0.25525010E+03
  0.28673254E+02,   2462,   1584,5415235,      1,     80,      8,      3,  0.17662481E-02,      3,     55,      6,      1,  0.25525010E+03
  0.28673254E+02,   2462,   1585,5415236,      1,     80,     20,      3,  0.17657535E-02,      3,     55,      6,      1,  0.25525010E+03
  0.28673254E+02,   2462,   1586,5415237,      1,     80,     19,      4,  0.17652592E-02,      3,     55,      6,      1,  0.25525010E+03
  0.28673254E+02,   2462,   1587,5415238,      1,     80,     20,      3,  0.17647650E-02,      3,     55,      6,      1,  0.25525010E+03
  0.28673254E+02,   2462,   1588,5415239,      1,     80,      2,      6,  0.17642710E-02,      3,     55,      6,      1,  0.25525010E+03
  0.28673254E+02,   2462,   1589,5415240,      2,      0,     14,     18,  0.17637771E-02,      3,     55,      6,      1,  0.25525010E+03
  0.28673254E+02,   2462,   1590,5415241,      1,     80,     13,      1,  0.17632834E-02,      3,     55,      6,      1,  0.25525010E+03
  0.28673254E+02,   2462,   1591,5415242,      1,     80,     18,     19,  0.17627899E-02,      3,     55,      6,      1,  0.25525010E+03
  0.28673254E+02,   2462,   1592,5415243,      1,     80,      6,      3,  0.17622965E-02,      3,     55,      6,      1,  0.25525010E+03
  0.28673254E+02,   2462,   1593,5415244,      2,      0,      4,     18,  0.17618033E-02,      3,     55,      6,      1,  0.25525010E+03
  0.28673254E+02,   2462,   1594,5415245,      2,      0,     19,     19,  0.17613102E-02,      3,     55,      6,      1,  0.25525010E+03
  0.28673254E+02,   2462,   1595,5415246,      1,     80,      9,     15,  0.17608174E-02,      3,     55,      6,      1,  0.25525010E+03
  0.28673254E+02,   2462,   1596,5415247,      1,     80,     16,     11,  0.17603246E-02,      3,     55,      6,      1,  0.25525010E+03
  0.28673254E+02,   2462,   1597,5415248,      1,     80,     11,      2,  0.17598321E-02,      3,     55,      6,      1,  0.25525010E+03
  0.28673254E+02,   2462,   1598,5415249,      1,     80,      7,     13,  0.17593397E-02,      3,     55,      6,      1,  0.25525010E+03
  0.28673254E+02,   2462,   1599,5415250,      1,     80,     13,     15,  0.17588475E-02,      3,     55,      6,      1,  0.25525010E+03
  0.28673254E+02,   2462,   1600,5415251,      2,      0,     15,      5,  0.17583554E-02,      3,     55,      6,      1,  0.25525010E+03
  0.28673254E+02,   2462,   1601,5415252,      1,     80,     10,     12,  0.17578635E-02,      3,     55,      6,      1,  0.25525010E+03
  0.28673254E+02,   2462,   1602,5415253,      1,     80,      6,      4,  0.17573718E-02,      3,     55,      6,      1,  0.25525010E+03
  0.28673254E+02,   2462,   1603,5415254,      1,     80,     17,      9,  0.17568802E-02,      3,     55,      6,      1,  0.25525010E+03
  0.28673254E+02,   2462,   1604,5415255,      2,      0,      5,      5,  0.17563888E-02,      3,     55,      6,      1,  0.25525010E+03
  0.28673254E+02,   2462,   1605,5415256,      2,      0,     14,     14,  0.17558975E-02,      3,     55,      6,      1,  0.25525010E+03
  0.28673254E+02,   2462,   1606,5415257,      1,     80,      8,     17,  0.17554064E-02,      3,     55,      6,      1,  0.25525010E+03
  0.28673254E+02,   2462,   1607,5415258,      1,     80,      3,      8,  0.17549155E-02,      3,     55,      6,      1,  0.25525010E+03
  0.28673254E+02,   2462,   1608,5415259,      2,      0,     14,     18,  0.17544247E-02,      3,     55,      6,      1,  0.25525010E+03
  0.28673254E+02,   2462,   1609,5415260,      2,      0,     17,     12,  0.17539341E-02,      3,     55,      6,      1,  0.25525010E+03
  0.28673254E+02,   2462,   1610,5415261,      1,     80,      1,     19,  0.17534437E-02,      3,     55,      6,      1,  0.25525010E+03
  0.28673254E+02,   2462,   1611,5415262,      2,      0,      2,      8,  0.17529534E-02,      3,     55,      6,      1,  0.25525010E+03
  0.28673254E+02,   2462,   1612,5415263,      1,     80,     20,     10,  0.17524633E-02,      3,     55,      6,      1,  0.25525010E+03
  0.28673254E+02,   2462,   1613,5415264,      1,     80,     16,      2,  0.17519733E-02,      3,     55,      6,      1,  0.25525010E+03
  0.28673254E+02,   2462,   1614,5415265,      1,     80,     11,     19,  0.17514835E-02,      3,     55,      6,      1,  0.25525010E+03
  0.28673254E+02,   2462,   1615,5415266,      1,     80,     13,      4,  0.17509939E-02,      3,     55,      6,      1,  0.25525010E+03
  0.28673254E+02,   2462,   1616,5415267,      1,     80,     17,      4,  0.17505044E-02,      3,     55,      6,      1,  0.25525010E+03
  0.28673254E+02,   2462,   1617,5415268,      1,     80,     14,      5,  0.17500151E-02,      3,     55,      6,      1,  0.25525010E+03
  0.28673254E+02,   2462,   1618,5415269,      1,     80,     13,      2,  0.17495259E-02,      3,     55,      6,      1,  0.25525010E+03
  0.28673254E+02,   2462,   1619,5415270,      1,     80,     14,      4,  0.17490369E-02,      3,     55,      6,      1,  0.25525010E+03
  0.28673254E+02,   2462,   1620,5415271,      1,     80,     17,      6,  0.17485481E-02,      3,     55,      6,      1,  0.25525010E+03
  0.28673254E+02,   2462,   1621,5415272,      2,      0,      8,     14,  0.17480594E-02,      3,     55,      6,      1,  0.25525010E+03
  0.28673254E+02,   2462,   1622,5415273,      1,     80,     15,     18,  0.17475709E-02,      3,     55,      6,      1,  0.25525010E+03
  0.28673254E+02,   2462,   1623,5415274,      1,     80,      8,      5,  0.17470825E-02,      3,     55,      6,      1,  0.25525010E+03
  0.28673254E+02,   2462,   1624,5415275,      1,     80,     19,      2,  0.17465943E-02,      3,     55,      6,      1,  0.25525010E+03
  0.28673254E+02,   2462,   1625,5415276,      1,     80,      4,     11,  0.17461063E-02,      3,     55,      6,      1,  0.25525010E+03
  0.28673254E+02,   2462,   1626,5415277,      1,     80,     13,     17,  0.17456184E-02,      3,     55,      6,      1,  0.25525010E+03
  0.28673254E+02,   2462,   1627,5415278,      1,     80,     18,      2,  0.17451307E-02,      3,     55,      6,      1,  0.25525010E+03
  0.28673254E+02,   2462,   1628,5415279,      1,     80,     14,      5,  0.17446431E-02,      3,     55,      6,      1,  0.25525010E+03
  0.28673254E+02,   2462,   1629,5415280,      2,      0,     16,      9,  0.17441557E-02,      3,     55,      6,      1,  0.25525010E+03
  0.28673254E+02,   2462,   1630,5415281,      1,     80,      5,     17,  0.17436685E-02,      3,     55,      6,      1,  0.25525010E+03
  0.28673254E+02,   2462,   1631,5415282,      1,     80,      1,      6,  0.17431814E-02,      3,     55,      6,      1,  0.25525010E+03
  0.28673254E+02,   2462,   1632,5415283,      1,     80,      4,     15,  0.17426945E-02,      3,     55,      6,      1,  0.25525010E+03
  0.28673254E+02,   2462,   1633,5415284,      2,      0,     20,     19,  0.17422077E-02,      3,     55,      6,      1,  0.25525010E+03
  0.28673254E+02,   2462,   1634,5415285,      1,     80,      8,     16,  0.17417211E-02,      3,     55,      6,      1,  0.25525010E+03
  0.28673254E+02,   2462,   1635,5415286,      1,     80,     17,      8,  0.17412347E-02,      3,     55,      6,      1,  0.25525010E+03
  0.28673254E+02,   2462,   1636,5415287,      1,     80,      4,      9,  0.17407484E-02,      3,     55,      6,      1,  0.25525010E+03
  0.28673254E+02,   2462,   1637,5415288,      2,      0,     16,     13,  0.17402623E-02,      3,     55,      6,      1,  0.25525010E+03
  0.28673254E+02,   2462,   1638,5415289,      2,      0,     14,     14,  0.17397763E-02,      3,     55,      6,      1,  0.25525010E+03
  0.28673254E+02,   2462,   1639,5415290,      2,      0,      9,     10,  0.17392905E-02,      3,     55,      6,      1,  0.25525010E+03
  0.28673254E+02,   2462,   1640,5415291,      1,     80,     19,      2,  0.17388049E-02,      3,     55,      6,      1,  0.25525010E+03
  0.28673254E+02,   2462,   1641,5415292,      1,     80,      7,     15,  0.17383194E-02,      3,     55,      6,      1,  0.25525010E+03
  0.28673254E+02,   2462,   1642,5415293,      1,     80,      7,      3,  0.17378340E-02,      3,     55,      6,      1,  0.25525010E+03
  0.28673254E+02,   2462,   1643,5415294,      2,      0,      1,      5,  0.17373488E-02,      3,     55,      6,      1,  0.25525010E+03
  0.28673254E+02,   2462,   1644,5415295,      1,     80,     20,      2,  0.17368638E-02,      3,     55,      6,      1,  0.25525010E+03
  0.28673254E+02,   2462,   1645,5415296,      1,     80,      5,     17,  0.17363790E-02,      3,     55,      6,      1,  0.25525010E+03
  0.28673254E+02,   2462,   1646,5415297,      1,     80,      2,     15,  0.17358943E-02,      3,     55,      6,      1,  0.25525010E+03
  0.28673254E+02,   2462,   1647,5415298,      1,     80,      4,     11,  0.17354097E-02,      3,     55,      6,      1,  0.25525010E+03
  0.28673254E+02,   2462,   1648,5415299,      1,     80,     19,     16,  0.17349253E-02,      3,     55,      6,      1,  0.25525010E+03
  0.28673254E+02,   2462,   1649,5415300,      1,     80,     17,     16,  0.17344411E-02,      3,     55,      6,      1,  0.25525010E+03
  0.28673254E+02,   2462,   1650,5415301,      2,      0,     13,     11,  0.17339570E-02,      3,     55,      6,      1,  0.25525010E+03
  0.28673254E+02,   2462,   1651,5415302,      2,      0,     14,     11,  0.17334731E-02,      3,     55,      6,      1,  0.25525010E+03
  0.28673254E+02,   2462,   1652,5415303,      2,      0,      9,      5,  0.17329893E-02,      3,     55,      6,      1,  0.25525010E+03
  0.28673254E+02,   2462,   1653,5415304,      2,      0,     17,     13,  0.17325057E-02,      3,     55,      6,      1,  0.25525010E+03
  0.28673254E+02,   2462,   1654,5415305,      1,     80,     18,     13,  0.17320223E-02,      3,     55,      6,      1,  0.25525010E+03
  0.28673254E+02,   2462,   1655,5415306,      1,     80,     13,      2,  0.17315390E-02,      3,     55,      6,      1,  0.25525010E+03
  0.28673254E+02,   2462,   1656,5415307,      1,     80,      5,     15,  0.17310559E-02,      3,     55,      6,      1,  0.25525010E+03
  0.28673254E+02,   2462,   1657,5415308,      1,     80,      4,     15,  0.17305729E-02,      3,     55,      6,      1,  0.25525010E+03
  0.28673254E+02,   2462,   1658,5415309,      1,     80,      7,      1,  0.17300901E-02,      3,     55,      6,      1,  0.25525010E+03
  0.28673254E+02,   2462,   1659,5415310,      1,     80,     11,      3,  0.17296074E-02,      3,     55,      6,      1,  0.25525010E+03
  0.28673254E+02,   2462,   1660,5415311,      1,     80,     14,     16,  0.17291249E-02,      3,     55,      6,      1,  0.25525010E+03
  0.28673254E+02,   2462,   1661,5415312,      1,     80,     13,      1,  0.17286426E-02,      3,     55,      6,      1,  0.25525010E+03
  0.28673254E+02,   2462,   1662,5415313,      1,     80,     18,      5,  0.17281604E-02,      3,     55,      6,      1,  0.25525010E+03
  0.28673254E+02,   2462,   1663,5415314,      1,     80,      6,      3,  0.17276783E-02,      3,     55,      6,      1,  0.25525010E+03
  0.28673254E+02,   2462,   1664,5415315,      1,     80,      9,     15,  0.17271964E-02,      3,     55,      6,      1,  0.25525010E+03
  0.28673254E+02,   2462,   1665,5415316,      1,     80,     15,     20,  0.17267147E-02,      3,     55,      6,      1,  0.25525010E+03
  0.28673254E+02,   2462,   1666,5415317,      1,     80,      1,      1,  0.17262331E-02,      3,     55,      6,      1,  0.25525010E+03
  0.28673254E+02,   2462,   1667,5415318,      1,     80,     12,      3,  0.17257517E-02,      3,     55,      6,      1,  0.25525010E+03
  0.28673254E+02,   2462,   1668,5415319,      1,     80,      8,      1,  0.17252705E-02,      3,     55,      6,      1,  0.25525010E+03
  0.28673254E+02,   2462,   1669,5415320,      1,     80,     10,      6,  0.17247893E-02,      3,     55,      6,      1,  0.25525010E+03
  0.28673254E+02,   2462,   1670,5415321,      1,     80,      5,     20,  0.17243084E-02,      3,     55,      6,      1,  0.25525010E+03
  0.28673254E+02,   2462,   1671,5415322,      1,     80,      6,      3,  0.17238276E-02,      3,     55,      6,      1,  0.25525010E+03
  0.28673254E+02,   2462,   1672,5415323,      1,     80,     15,      1,  0.17233470E-02,      3,     55,      6,      1,  0.25525010E+03
  0.28673254E+02,   2462,   1673,5415324,      1,     80,      9,      1,  0.17228665E-02,      3,     55,      6,      1,  0.25525010E+03
  0.28673254E+02,   2462,   1674,5415325,      1,     80,      4,      3,  0.17223861E-02,      3,     55,      6,      1,  0.25525010E+03
  0.28673254E+02,   2462,   1675,5415326,      1,     80,     15,     16,  0.17219060E-02,      3,     55,      6,      1,  0.25525010E+03
  0.28673254E+02,   2462,   1676,5415327,      2,      0,     14,     18,  0.17214259E-02,      3,     55,      6,      1,  0.25525010E+03
  0.28673254E+02,   2462,   1677,5415328,      1,     80,     16,     17,  0.17209461E-02,      3,     55,      6,      1,  0.25525010E+03
  0.28673254E+02,   2462,   1678,5415329,      1,     80,      8,      4,  0.17204664E-02,      3,     55,      6,      1,  0.25525010E+03
  0.28673254E+02,   2462,   1679,5415330,      1,     80,      9,      7,  0.17199868E-02,      3,     55,      6,      1,  0.25525010E+03
  0.28673254E+02,   2462,   1680,5415331,      1,     80,     20,      3,  0.17195074E-02,      3,     55,      6,      1,  0.25525010E+03
  0.28673254E+02,   2462,   1681,5415332,      1,     80,      4,     11,  0.17190281E-02,      3,     55,      6,      1,  0.25525010E+03
  0.28673254E+02,   2462,   1682,5415333,      1,     80,     20,      3,  0.17185490E-02,      3,     55,      6,      1,  0.25525010E+03
  0.28673254E+02,   2462,   1683,5415334,      1,     80,     14,      4,  0.17180701E-02,      3,     55,      6,      1,  0.25525010E+03
  0.28673254E+02,   2462,   1684,5415335,      1,     80,     20,      2,  0.17175913E-02,      3,     55,      6,      1,  0.25525010E+03
  0.28673254E+02,   2462,   1685,5415336,      1,     80,     16,      8,  0.17171127E-02,      3,     55,      6,      1,  0.25525010E+03
  0.28673254E+02,   2462,   1686,5415337,      1,     80,     18,     13,  0.17166342E-02,      3,     55,      6,      1,  0.25525010E+03
  0.28673254E+02,   2462,   1687,5415338,      1,     80,      3,     16,  0.17161559E-02,      3,     55,      6,      1,  0.25525010E+03
  0.28673254E+02,   2462,   1688,5415339,      1,     80,     14,      5,  0.17156777E-02,      3,     55,      6,      1,  0.25525010E+03
  0.28673254E+02,   2462,   1689,5415340,      2,      0,      6,     17,  0.17151997E-02,      3,     55,      6,      1,  0.25525010E+03
  0.28673254E+02,   2462,   1690,5415341,      2,      0,      3,     17,  0.17147218E-02,      3,     55,      6,      1,  0.25525010E+03
  0.28673254E+02,   2462,   1691,5415342,      1,     80,     14,     19,  0.17142441E-02,      3,     55,      6,      1,  0.25525010E+03
  0.28673254E+02,   2462,   1692,5415343,      1,     80,     17,      1,  0.17137665E-02,      3,     55,      6,      1,  0.25525010E+03
  0.28673254E+02,   2462,   1693,5415344,      1,     80,     15,     10,  0.17132891E-02,      3,     55,      6,      1,  0.25525010E+03
  0.28673254E+02,   2462,   1694,5415345,      1,     80,      4,      9,  0.17128119E-02,      3,     55,      6,      1,  0.25525010E+03
  0.28673254E+02,   2462,   1695,5415346,      2,      0,     12,     15,  0.17123347E-02,      3,     55,      6,      1,  0.25525010E+03
  0.28673254E+02,   2462,   1696,5415347,      2,      0,     15,     19,  0.17118578E-02,      3,     55,      6,      1,  0.25525010E+03
  0.28673254E+02,   2462,   1697,5415348,      1,     80,     17,      6,  0.17113810E-02,      3,     55,      6,      1,  0.25525010E+03
  0.28673254E+02,   2462,   1698,5415349,      1,     80,     10,      5,  0.17109043E-02,      3,     55,      6,      1,  0.25525010E+03
  0.28673254E+02,   2462,   1699,5415350,      1,     80,     13,     18,  0.17104279E-02,      3,     55,      6,      1,  0.25525010E+03
  0.28673254E+02,   2462,   1700,5415351,      2,      0,      5,      5,  0.17099515E-02,      3,     55,      6,      1,  0.25525010E+03
  0.28673254E+02,   2462,   1701,5415352,      2,      0,      5,     18,  0.17094753E-02,      3,     55,      6,      1,  0.25525010E+03
  0.28673254E+02,   2462,   1702,5415353,      1,     80,      8,      3,  0.17089993E-02,      3,     55,      6,      1,  0.25525010E+03
  0.28673254E+02,   2462,   1703,5415354,      1,     80,     20,     13,  0.17085234E-02,      3,     55,      6,      1,  0.25525010E+03
  0.28673254E+02,   2462,   1704,5415355,      1,     80,     20,     14,  0.17080477E-02,      3,     55,      6,      1,  0.25525010E+03
  0.28673254E+02,   2462,   1705,5415356,      2,      0,     13,     11,  0.17075721E-02,      3,     55,      6,      1,  0.25525010E+03
  0.28673254E+02,   2462,   1706,5415357,      1,     80,      9,      2,  0.17070966E-02,      3,     55,      6,      1,  0.25525010E+03
  0.28673254E+02,   2462,   1707,5415358,      1,     80,     16,     12,  0.17066214E-02,      3,     55,      6,      1,  0.25525010E+03
  0.28673254E+02,   2462,   1708,5415359,      1,     80,     19,     12,  0.17061462E-02,      3,     55,      6,      1,  0.25525010E+03
  0.28673254E+02,   2462,   1709,5415360,      1,     80,      1,     13,  0.17056713E-02,      3,     55,      6,      1,  0.25525010E+03
  0.28673254E+02,   2462,   1710,5415361,      1,     80,     19,      9,  0.17051964E-02,      3,     55,      6,      1,  0.25525010E+03
  0.28673254E+02,   2462,   1711,5415362,      2,      0,      6,      2,  0.17047218E-02,      3,     55,      6,      1,  0.25525010E+03
  0.28673254E+02,   2462,   1712,5415363,      1,     80,     15,     17,  0.17042472E-02,      3,     55,      6,      1,  0.25525010E+03
  0.28673254E+02,   2462,   1713,5415364,      2,      0,      6,      2,  0.17037729E-02,      3,     55,      6,      1,  0.25525010E+03
  0.28673254E+02,   2462,   1714,5415365,      1,     80,     16,     18,  0.17032986E-02,      3,     55,      6,      1,  0.25525010E+03
  0.28673254E+02,   2462,   1715,5415366,      2,      0,      6,      2,  0.17028246E-02,      3,     55,      6,      1,  0.25525010E+03
  0.28673254E+02,   2462,   1716,5415367,      2,      0,     12,     17,  0.17023507E-02,      3,     55,      6,      1,  0.25525010E+03
  0.28673254E+02,   2462,   1717,5415368,      1,     80,     10,      4,  0.17018769E-02,      3,     55,      6,      1,  0.25525010E+03
  0.28673254E+02,   2462,   1718,5415369,      1,     80,      5,      4,  0.17014033E-02,      3,     55,      6,      1,  0.25525010E+03
  0.28673254E+02,   2462,   1719,5415370,      1,     80,      1,      2,  0.17009298E-02,      3,     55,      6,      1,  0.25525010E+03
  0.28673254E+02,   2462,   1720,5415371,      1,     80,      6,      8,  0.17004565E-02,      3,     55,      6,      1,  0.25525010E+03
  0.28673254E+02,   2462,   1721,5415372,      1,     80,      2,     15,  0.16999833E-02,      3,     55,      6,      1,  0.25525010E+03
  0.28673254E+02,   2462,   1722,5415373,      2,      0,     11,     11,  0.16995103E-02,      3,     55,      6,      1,  0.25525010E+03
  0.28673254E+02,   2462,   1723,5415374,      1,     80,      2,     12,  0.16990374E-02,      3,     55,      6,      1,  0.25525010E+03
  0.28673254E+02,   2462,   1724,5415375,      1,     80,      5,      2,  0.16985647E-02,      3,     55,      6,      1,  0.25525010E+03
  0.28673254E+02,   2462,   1725,5415376,      1,     80,      2,      3,  0.16980921E-02,      3,     55,      6,      1,  0.25525010E+03
  0.28673254E+02,   2462,   1726,5415377,      1,     80,     17,     16,  0.16976197E-02,      3,     55,      6,      1,  0.25525010E+03
  0.28673254E+02,   2462,   1727,5415378,      1,     80,      2,      3,  0.16971475E-02,      3,     55,      6,      1,  0.25525010E+03
  0.28673254E+02,   2462,   1728,5415379,      1,     80,     15,     17,  0.16966753E-02,      3,     55,      6,      1,  0.25525010E+03
  0.28673254E+02,   2462,   1729,5415380,      1,     80,      8,     12,  0.16962034E-02,      3,     55,      6,      1,  0.25525010E+03
  0.28673254E+02,   2462,   1730,5415381,      1,     80,      9,     18,  0.16957315E-02,      3,     55,      6,      1,  0.25525010E+03
  0.28673254E+02,   2462,   1731,5415382,      1,     80,     20,     18,  0.16952599E-02,      3,     55,      6,      1,  0.25525010E+03
  0.28673254E+02,   2462,   1732,5415383,      1,     80,      8,     20,  0.16947884E-02,      3,     55,      6,      1,  0.25525010E+03
  0.28673254E+02,   2462,   1733,5415384,      1,     80,     16,      3,  0.16943170E-02,      3,     55,      6,      1,  0.25525010E+03
  0.28673254E+02,   2462,   1734,5415385,      1,     80,     10,     15,  0.16938458E-02,      3,     55,      6,      1,  0.25525010E+03
  0.28673254E+02,   2462,   1735,5415386,      2,      0,     15,     11,  0.16933747E-02,      3,     55,      6,      1,  0.25525010E+03
  0.28673254E+02,   2462,   1736,5415387,      1,     80,     13,     15,  0.16929038E-02,      3,     55,      6,      1,  0.25525010E+03
  0.28673254E+02,   2462,   1737,5415388,      1,     80,      2,     15,  0.16924330E-02,      3,     55,      6,      1,  0.25525010E+03
  0.28673254E+02,   2462,   1738,5415389,      1,     80,     16,     12,  0.16919624E-02,      3,     55,      6,      1,  0.25525010E+03
  0.28673254E+02,   2462,   1739,5415390,      1,     80,     19,      3,  0.16914919E-02,      3,     55,      6,      1,  0.25525010E+03
  0.28673254E+02,   2462,   1740,5415391,      1,     80,     16,      3,  0.16910215E-02,      3,     55,      6,      1,  0.25525010E+03
  0.28673254E+02,   2462,   1741,5415392,      1,     80,      7,     17,  0.16905514E-02,      3,     55,      6,      1,  0.25525010E+03
  0.28673254E+02,   2462,   1742,5415393,      1,     80,     18,      2,  0.16900813E-02,      3,     55,      6,      1,  0.25525010E+03
  0.28673254E+02,   2462,   1743,5415394,      2,      0,      5,     10,  0.16896114E-02,      3,     55,      6,      1,  0.25525010E+03
  0.28673254E+02,   2462,   1744,5415395,      1,     80,      5,      6,  0.16891417E-02,      3,     55,      6,      1,  0.25525010E+03
  0.28673254E+02,   2462,   1745,5415396,      1,     80,     10,     11,  0.16886721E-02,      3,     55,      6,      1,  0.25525010E+03
  0.28673254E+02,   2462,   1746,5415397,      1,     80,      7,     15,  0.16882027E-02,      3,     55,      6,      1,  0.25525010E+03
  0.28673254E+02,   2462,   1747,5415398,      1,     80,     17,     17,  0.16877334E-02,      3,     55,      6,      1,  0.25525010E+03
  0.28673254E+02,   2462,   1748,5415399,      1,     80,     11,     19,  0.16872642E-02,      3,     55,      6,      1,  0.25525010E+03
  0.28673254E+02,   2462,   1749,5415400,      1,     80,      1,     17,  0.16867952E-02,      3,     55,      6,      1,  0.25525010E+03
  0.28673254E+02,   2462,   1750,5415401,      1,     80,     10,      2,  0.16863264E-02,      3,     55,      6,      1,  0.25525010E+03
  0.28673254E+02,   2462,   1751,5415402,      2,      0,      3,     11,  0.16858577E-02,      3,     55,      6,      1,  0.25525010E+03
  0.28673254E+02,   2462,   1752,5415403,      1,     80,     19,     18,  0.16853891E-02,      3,     55,      6,      1,  0.25525010E+03
  0.28673254E+02,   2462,   1753,5415404,      1,     80,     15,     16,  0.16849207E-02,      3,     55,      6,      1,  0.25525010E+03
  0.28673254E+02,   2462,   1754,5415405,      2,      0,     19,     11,  0.16844525E-02,      3,     55,      6,      1,  0.25525010E+03
  0.28673254E+02,   2462,   1755,5415406,      1,     80,      8,     19,  0.16839844E-02,      3,     55,      6,      1,  0.25525010E+03
  0.28673254E+02,   2462,   1756,5415407,      2,      0,     15,     19,  0.16835164E-02,      3,     55,      6,      1,  0.25525010E+03
  0.28673254E+02,   2462,   1757,5415408,      1,     80,     19,      5,  0.16830486E-02,      3,     55,      6,      1,  0.25525010E+03
  0.28673254E+02,   2462,   1758,5415409,      1,     80,     12,      3,  0.16825809E-02,      3,     55,      6,      1,  0.25525010E+03
  0.28673254E+02,   2462,   1759,5415410,      1,     80,      3,      8,  0.16821134E-02,      3,     55,      6,      1,  0.25525010E+03
  0.28673254E+02,   2462,   1760,5415411,      1,     80,     20,      6,  0.16816460E-02,      3,     55,      6,      1,  0.25525010E+03
  0.28673254E+02,   2462,   1761,5415412,      1,     80,      8,      1,  0.16811788E-02,      3,     55,      6,      1,  0.25525010E+03
  0.28673254E+02,   2462,   1762,5415413,      2,      0,     10,      7,  0.16807117E-02,      3,     55,      6,      1,  0.25525010E+03
  0.28673254E+02,   2462,   1763,5415414,      1,     80,      7,      3,  0.16802447E-02,      3,     55,      6,      1,  0.25525010E+03
  0.28673254E+02,   2462,   1764,5415415,      1,     80,      4,     16,  0.16797779E-02,      3,     55,      6,      1,  0.25525010E+03
  0.28673254E+02,   2462,   1765,5415416,      1,     80,     15,     10,  0.16793113E-02,      3,     55,      6,      1,  0.25525010E+03
  0.28673254E+02,   2462,   1766,5415417,      1,     80,     18,     19,  0.16788448E-02,      3,     55,      6,      1,  0.25525010E+03
  0.28673254E+02,   2462,   1767,5415418,      1,     80,      1,     20,  0.16783784E-02,      3,     55,      6,      1,  0.25525010E+03
  0.28673254E+02,   2462,   1768,5415419,      1,     80,     17,      3,  0.16779122E-02,      3,     55,      6,      1,  0.25525010E+03
  0.28673254E+02,   2462,   1769,5415420,      2,      0,     15,     14,  0.16774462E-02,      3,     55,      6,      1,  0.25525010E+03
  0.28673254E+02,   2462,   1770,5415421,      1,     80,      9,     14,  0.16769803E-02,      3,     55,      6,      1,  0.25525010E+03
  0.28673254E+02,   2462,   1771,5415422,      1,     80,      7,      6,  0.16765145E-02,      3,     55,      6,      1,  0.25525010E+03
  0.28673254E+02,   2462,   1772,5415423,      2,      0,     20,     16,  0.16760489E-02,      3,     55,      6,      1,  0.25525010E+03
  0.28673254E+02,   2462,   1773,5415424,      2,      0,      4,     18,  0.16755834E-02,      3,     55,      6,      1,  0.25525010E+03
  0.28673254E+02,   2462,   1774,5415425,      1,     80,      6,      3,  0.16751180E-02,      3,     55,      6,      1,  0.25525010E+03
  0.28673254E+02,   2462,   1775,5415426,      1,     80,     18,     15,  0.16746529E-02,      3,     55,      6,      1,  0.25525010E+03
  0.28673254E+02,   2462,   1776,5415427,      1,     80,     16,     12,  0.16741878E-02,      3,     55,      6,      1,  0.25525010E+03
  0.28673254E+02,   2462,   1777,5415428,      2,      0,     17,     12,  0.16737229E-02,      3,     55,      6,      1,  0.25525010E+03
  0.28673254E+02,   2462,   1778,5415429,      2,      0,      9,      5,  0.16732582E-02,      3,     55,      6,      1,  0.25525010E+03
  0.28673254E+02,   2462,   1779,5415430,      1,     80,      1,     12,  0.16727936E-02,      3,     55,      6,      1,  0.25525010E+03
  0.28673254E+02,   2462,   1780,5415431,      1,     80,      4,      2,  0.16723291E-02,      3,     55,      6,      1,  0.25525010E+03
  0.28673254E+02,   2462,   1781,5415432,      1,     80,     14,      6,  0.16718648E-02,      3,     55,      6,      1,  0.25525010E+03
  0.28673254E+02,   2462,   1782,5415433,      1,     80,     13,      4,  0.16714006E-02,      3,     55,      6,      1,  0.25525010E+03
  0.28673254E+02,   2462,   1783,5415434,      1,     80,      3,     14,  0.16709366E-02,      3,     55,      6,      1,  0.25525010E+03
  0.28673254E+02,   2462,   1784,5415435,      1,     80,     18,     19,  0.16704727E-02,      3,     55,      6,      1,  0.25525010E+03
  0.28673254E+02,   2462,   1785,5415436,      1,     80,      6,      6,  0.16700090E-02,      3,     55,      6,      1,  0.25525010E+03
  0.28673254E+02,   2462,   1786,5415437,      1,     80,      9,     19,  0.16695454E-02,      3,     55,      6,      1,  0.25525010E+03
  0.28673254E+02,   2462,   1787,5415438,      2,      0,     17,     13,  0.16690819E-02,      3,     55,      6,      1,  0.25525010E+03
  0.28673254E+02,   2462,   1788,5415439,      2,      0,     15,     19,  0.16686186E-02,      3,     55,      6,      1,  0.25525010E+03
  0.28673254E+02,   2462,   1789,5415440,      1,     80,     15,      2,  0.16681555E-02,      3,     55,      6,      1,  0.25525010E+03
  0.28673254E+02,   2462,   1790,5415441,      1,     80,     13,     18,  0.16676924E-02,      3,     55,      6,      1,  0.25525010E+03
  0.28673254E+02,   2462,   1791,5415442,      1,     80,     11,     15,  0.16672296E-02,      3,     55,      6,      1,  0.25525010E+03
  0.28673254E+02,   2462,   1792,5415443,      2,      0,     12,     14,  0.16667668E-02,      3,     55,      6,      1,  0.25525010E+03
  0.28673254E+02,   2462,   1793,5415444,      1,     80,      3,      9,  0.16663043E-02,      3,     55,      6,      1,  0.25525010E+03
  0.28673254E+02,   2462,   1794,5415445,      1,     80,      1,     15,  0.16658418E-02,      3,     55,      6,      1,  0.25525010E+03
  0.28673254E+02,   2462,   1795,5415446,      1,     80,      5,     16,  0.16653795E-02,      3,     55,      6,      1,  0.25525010E+03
  0.28673254E+02,   2462,   1796,5415447,      1,     80,     14,      7,  0.16649174E-02,      3,     55,      6,      1,  0.25525010E+03
  0.28673254E+02,   2462,   1797,5415448,      1,     80,      8,      1,  0.16644554E-02,      3,     55,      6,      1,  0.25525010E+03
  0.28673254E+02,   2462,   1798,5415449,      1,     80,      2,     19,  0.16639935E-02,      3,     55,      6,      1,  0.25525010E+03
  0.28673254E+02,   2462,   1799,5415450,      1,     80,      6,      3,  0.16635318E-02,      3,     55,      6,      1,  0.25525010E+03
  0.28673254E+02,   2462,   1800,5415451,      2,      0,     12,     19,  0.16630702E-02,      3,     55,      6,      1,  0.25525010E+03
  0.28673254E+02,   2462,   1801,5415452,      2,      0,      4,     18,  0.16626088E-02,      3,     55,      6,      1,  0.25525010E+03
  0.28673254E+02,   2462,   1802,5415453,      1,     80,     17,     14,  0.16621475E-02,      3,     55,      6,      1,  0.25525010E+03
  0.28673254E+02,   2462,   1803,5415454,      1,     80,      1,     14,  0.16616863E-02,      3,     55,      6,      1,  0.25525010E+03
  0.28673254E+02,   2462,   1804,5415455,      1,     80,      7,     15,  0.16612253E-02,      3,     55,      6,      1,  0.25525010E+03
  0.28673254E+02,   2462,   1805,5415456,      1,     80,     15,     16,  0.16607645E-02,      3,     55,      6,      1,  0.25525010E+03
  0.28673254E+02,   2462,   1806,5415457,      1,     80,      7,      6,  0.16603037E-02,      3,     55,      6,      1,  0.25525010E+03
  0.28673254E+02,   2462,   1807,5415458,      1,     80,     19,      9,  0.16598432E-02,      3,     55,      6,      1,  0.25525010E+03
  0.28673254E+02,   2462,   1808,5415459,      2,      0,     16,     19,  0.16593827E-02,      3,     55,      6,      1,  0.25525010E+03
  0.28673254E+02,   2462,   1809,5415460,      1,     80,     15,     18,  0.16589224E-02,      3,     55,      6,      1,  0.25525010E+03
  0.28673254E+02,   2462,   1810,5415461,      1,     80,      6,      9,  0.16584623E-02,      3,     55,      6,      1,  0.25525010E+03
  0.28673254E+02,   2462,   1811,5415462,      1,     80,      5,      3,  0.16580023E-02,      3,     55,      6,      1,  0.25525010E+03
  0.28673254E+02,   2462,   1812,5415463,      1,     80,      6,      9,  0.16575424E-02,      3,     55,      6,      1,  0.25525010E+03
  0.28673254E+02,   2462,   1813,5415464,      1,     80,     12,      9,  0.16570827E-02,      3,     55,      6,      1,  0.25525010E+03
  0.28673254E+02,   2462,   1814,5415465,      2,      0,     16,     13,  0.16566231E-02,      3,     55,      6,      1,  0.25525010E+03
  0.28673254E+02,   2462,   1815,5415466,      1,     80,      9,     15,  0.16561637E-02,      3,     55,      6,      1,  0.25525010E+03
  0.28673254E+02,   2462,   1816,5415467,      1,     80,      6,      9,  0.16557044E-02,      3,     55,      6,      1,  0.25525010E+03
  0.28673254E+02,   2462,   1817,5415468,      1,     80,      4,      1,  0.16552452E-02,      3,     55,      6,      1,  0.25525010E+03
  0.28673254E+02,   2462,   1818,5415469,      1,     80,      9,     18,  0.16547862E-02,      3,     55,      6,      1,  0.25525010E+03
  0.28673254E+02,   2462,   1819,5415470,      1,     80,     15,     15,  0.16543274E-02,      3,     55,      6,      1,  0.25525010E+03
  0.28673254E+02,   2462,   1820,5415471,      2,      0,     10,     10,  0.16538686E-02,      3,     55,      6,      1,  0.25525010E+03
  0.28673254E+02,   2462,   1821,5415472,      1,     80,     12,      4,  0.16534101E-02,      3,     55,      6,      1,  0.25525010E+03
  0.28673254E+02,   2462,   1822,5415473,      1,     80,      1,      3,  0.16529516E-02,      3,     55,      6,      1,  0.25525010E+03
  0.28673254E+02,   2462,   1823,5415474,      1,     80,     14,      4,  0.16524933E-02,      3,     55,      6,      1,  0.25525010E+03
  0.28673254E+02,   2462,   1824,5415475,      1,     80,     20,      2,  0.16520351E-02,      3,     55,      6,      1,  0.25525010E+03
  0.28673254E+02,   2462,   1825,5415476,      2,      0,     14,     18,  0.16515771E-02,      3,     55,      6,      1,  0.25525010E+03
  0.28673254E+02,   2462,   1826,5415477,      1,     80,     10,     20,  0.16511193E-02,      3,     55,      6,      1,  0.25525010E+03
  0.28673254E+02,   2462,   1827,5415478,      1,     80,      6,      4,  0.16506615E-02,      3,     55,      6,      1,  0.25525010E+03
  0.28673254E+02,   2462,   1828,5415479,      2,      0,      5,     18,  0.16502039E-02,      3,     55,      6,      1,  0.25525010E+03
  0.28673254E+02,   2462,   1829,5415480,      1,     80,      6,      6,  0.16497465E-02,      3,     55,      6,      1,  0.25525010E+03
  0.28673254E+02,   2462,   1830,5415481,      1,     80,     17,     10,  0.16492892E-02,      3,     55,      6,      1,  0.25525010E+03
  0.28673254E+02,   2462,   1831,5415482,      2,      0,     14,     14,  0.16488320E-02,      3,     55,      6,      1,  0.25525010E+03
  0.28673254E+02,   2462,   1832,5415483,      1,     80,     10,      4,  0.16483750E-02,      3,     55,      6,      1,  0.25525010E+03
  0.28673254E+02,   2462,   1833,5415484,      1,     80,     20,      2,  0.16479181E-02,      3,     55,      6,      1,  0.25525010E+03
  0.28673254E+02,   2462,   1834,5415485,      2,      0,      4,      8,  0.16474613E-02,      3,     55,      6,      1,  0.25525010E+03
  0.28673254E+02,   2462,   1835,5415486,      1,     80,     14,     19,  0.16470047E-02,      3,     55,      6,      1,  0.25525010E+03
  0.28673254E+02,   2462,   1836,5415487,      2,      0,     11,     16,  0.16465482E-02,      3,     55,      6,      1,  0.25525010E+03
  0.28673254E+02,   2462,   1837,5415488,      1,     80,     20,      4,  0.16460919E-02,      3,     55,      6,      1,  0.25525010E+03
  0.28673254E+02,   2462,   1838,5415489,      1,     80,     14,     10,  0.16456357E-02,      3,     55,      6,      1,  0.25525010E+03
  0.28673254E+02,   2462,   1839,5415490,      2,      0,      5,     10,  0.16451797E-02,      3,     55,      6,      1,  0.25525010E+03
  0.28673254E+02,   2462,   1840,5415491,      1,     80,      6,      4,  0.16447238E-02,      3,     55,      6,      1,  0.25525010E+03
  0.28673254E+02,   2462,   1841,5415492,      2,      0,     18,     12,  0.16442680E-02,      3,     55,      6,      1,  0.25525010E+03
  0.28673254E+02,   2462,   1842,5415493,      2,      0,     12,     17,  0.16438124E-02,      3,     55,      6,      1,  0.25525010E+03
  0.28673254E+02,   2462,   1843,5415494,      1,     80,     10,      6,  0.16433569E-02,      3,     55,      6,      1,  0.25525010E+03
  0.28673254E+02,   2462,   1844,5415495,      1,     80,     11,      9,  0.16429015E-02,      3,     55,      6,      1,  0.25525010E+03
  0.28673254E+02,   2462,   1845,5415496,      1,     80,      4,     13,  0.16424463E-02,      3,     55,      6,      1,  0.25525010E+03
  0.28673254E+02,   2462,   1846,5415497,      1,     80,      3,     15,  0.16419913E-02,      3,     55,      6,      1,  0.25525010E+03
  0.28673254E+02,   2462,   1847,5415498,      1,     80,     20,     15,  0.16415363E-02,      3,     55,      6,      1,  0.25525010E+03
  0.28673254E+02,   2462,   1848,5415499,      1,     80,     19,      4,  0.16410816E-02,      3,     55,      6,      1,  0.25525010E+03
  0.28673254E+02,   2462,   1849,5415500,      2,      0,      7,      8,  0.16406269E-02,      3,     55,      6,      1,  0.25525010E+03
  0.28673254E+02,   2462,   1850,5415501,      1,     80,     10,      6,  0.16401724E-02,      3,     55,      6,      1,  0.25525010E+03
  0.28673254E+02,   2462,   1851,5415502,      1,     80,      9,     14,  0.16397180E-02,      3,     55,      6,      1,  0.25525010E+03
  0.28673254E+02,   2462,   1852,5415503,      1,     80,      4,     12,  0.16392638E-02,      3,     55,      6,      1,  0.25525010E+03
  0.28673254E+02,   2462,   1853,5415504,      1,     80,     19,     10,  0.16388097E-02,      3,     55,      6,      1,  0.25525010E+03
  0.28673254E+02,   2462,   1854,5415505,      1,     80,     10,      1,  0.16383558E-02,      3,     55,      6,      1,  0.25525010E+03
  0.28673254E+02,   2462,   1855,5415506,      1,     80,     19,     14,  0.16379019E-02,      3,     55,      6,      1,  0.25525010E+03
  0.28673254E+02,   2462,   1856,5415507,      2,      0,     14,     18,  0.16374483E-02,      3,     55,      6,      1,  0.25525010E+03
  0.28673254E+02,   2462,   1857,5415508,      1,     80,      2,     15,  0.16369947E-02,      3,     55,      6,      1,  0.25525010E+03
  0.28673254E+02,   2462,   1858,5415509,      1,     80,      1,     20,  0.16365413E-02,      3,     55,      6,      1,  0.25525010E+03
  0.28673254E+02,   2462,   1859,5415510,      1,     80,      6,      9,  0.16360881E-02,      3,     55,      6,      1,  0.25525010E+03
  0.28673254E+02,   2462,   1860,5415511,      1,     80,      8,      3,  0.16356350E-02,      3,     55,      6,      1,  0.25525010E+03
  0.28673254E+02,   2462,   1861,5415512,      1,     80,     10,     12,  0.16351820E-02,      3,     55,      6,      1,  0.25525010E+03
  0.28673254E+02,   2462,   1862,5415513,      1,     80,      5,     15,  0.16347291E-02,      3,     55,      6,      1,  0.25525010E+03
  0.28673254E+02,   2462,   1863,5415514,      1,     80,     12,     10,  0.16342764E-02,      3,     55,      6,      1,  0.25525010E+03
  0.28673254E+02,   2462,   1864,5415515,      1,     80,     10,      4,  0.16338239E-02,      3,     55,      6,      1,  0.25525010E+03
  0.28673254E+02,   2462,   1865,5415516,      1,     80,     11,      2,  0.16333715E-02,      3,     55,      6,      1,  0.25525010E+03
  0.28673254E+02,   2462,   1866,5415517,      1,     80,      8,      4,  0.16329192E-02,      3,     55,      6,      1,  0.25525010E+03
  0.28673254E+02,   2462,   1867,5415518,      1,     80,      5,      1,  0.16324670E-02,      3,     55,      6,      1,  0.25525010E+03
  0.28673254E+02,   2462,   1868,5415519,      1,     80,     15,     16,  0.16320150E-02,      3,     55,      6,      1,  0.25525010E+03
  0.28673254E+02,   2462,   1869,5415520,      1,     80,     11,     10,  0.16315631E-02,      3,     55,      6,      1,  0.25525010E+03
  0.28673254E+02,   2462,   1870,5415521,      1,     80,      4,     11,  0.16311114E-02,      3,     55,      6,      1,  0.25525010E+03
  0.28673254E+02,   2462,   1871,5415522,      1,     80,      6,      4,  0.16306598E-02,      3,     55,      6,      1,  0.25525010E+03
  0.28673254E+02,   2462,   1872,5415523,      1,     80,     20,     18,  0.16302084E-02,      3,     55,      6,      1,  0.25525010E+03
  0.28673254E+02,   2462,   1873,5415524,      1,     80,      9,      7,  0.16297570E-02,      3,     55,      6,      1,  0.25525010E+03
  0.28673254E+02,   2462,   1874,5415525,      1,     80,      1,     17,  0.16293059E-02,      3,     55,      6,      1,  0.25525010E+03
  0.28673254E+02,   2462,   1875,5415526,      1,     80,     10,     11,  0.16288548E-02,      3,     55,      6,      1,  0.25525010E+03
  0.28673254E+02,   2462,   1876,5415527,      1,     80,      4,     14,  0.16284039E-02,      3,     55,      6,      1,  0.25525010E+03
  0.28673254E+02,   2462,   1877,5415528,      1,     80,     14,     20,  0.16279531E-02,      3,     55,      6,      1,  0.25525010E+03
  0.28673254E+02,   2462,   1878,5415529,      1,     80,     17,      2,  0.16275025E-02,      3,     55,      6,      1,  0.25525010E+03
  0.28673254E+02,   2462,   1879,5415530,      1,     80,     13,      7,  0.16270520E-02,      3,     55,      6,      1,  0.25525010E+03
  0.28673254E+02,   2462,   1880,5415531,      1,     80,      7,     12,  0.16266016E-02,      3,     55,      6,      1,  0.25525010E+03
  0.28673254E+02,   2462,   1881,5415532,      1,     80,     19,     14,  0.16261514E-02,      3,     55,      6,      1,  0.25525010E+03
  0.28673254E+02,   2462,   1882,5415533,      1,     80,     11,     10,  0.16257013E-02,      3,     55,      6,      1,  0.25525010E+03
  0.28673254E+02,   2462,   1883,5415534,      1,     80,      8,     19,  0.16252514E-02,      3,     55,      6,      1,  0.25525010E+03
  0.28673254E+02,   2462,   1884,5415535,      1,     80,     19,     15,  0.16248016E-02,      3,     55,      6,      1,  0.25525010E+03
  0.28673254E+02,   2462,   1885,5415536,      1,     80,     15,     16,  0.16243519E-02,      3,     55,      6,      1,  0.25525010E+03
  0.28673254E+02,   2462,   1886,5415537,      2,      0,     11,     20,  0.16239024E-02,      3,     55,      6,      1,  0.25525010E+03
  0.28673254E+02,   2462,   1887,5415538,      1,     80,     14,      9,  0.16234530E-02,      3,     55,      6,      1,  0.25525010E+03
  0.28673254E+02,   2462,   1888,5415539,      1,     80,     15,      6,  0.16230037E-02,      3,     55,      6,      1,  0.25525010E+03
  0.28673254E+02,   2462,   1889,5415540,      1,     80,     19,      4,  0.16225546E-02,      3,     55,      6,      1,  0.25525010E+03
  0.28673254E+02,   2462,   1890,5415541,      1,     80,     17,      6,  0.16221056E-02,      3,     55,      6,      1,  0.25525010E+03
  0.28673254E+02,   2462,   1891,5415542,      1,     80,      4,     12,  0.16216567E-02,      3,     55,      6,      1,  0.25525010E+03
  0.28673254E+02,   2462,   1892,5415543,      1,     80,     14,      7,  0.16212080E-02,      3,     55,      6,      1,  0.25525010E+03
  0.28673254E+02,   2462,   1893,5415544,      1,     80,      8,     16,  0.16207595E-02,      3,     55,      6,      1,  0.25525010E+03
  0.28673254E+02,   2462,   1894,5415545,      1,     80,      4,      3,  0.16203110E-02,      3,     55,      6,      1,  0.25525010E+03
  0.28673254E+02,   2462,   1895,5415546,      1,     80,      5,     16,  0.16198627E-02,      3,     55,      6,      1,  0.25525010E+03
  0.28673254E+02,   2462,   1896,5415547,      1,     80,      1,     14,  0.16194145E-02,      3,     55,      6,      1,  0.25525010E+03
  0.28673254E+02,   2462,   1897,5415548,      1,     80,     15,      7,  0.16189665E-02,      3,     55,      6,      1,  0.25525010E+03
  0.28673254E+02,   2462,   1898,5415549,      1,     80,     16,      4,  0.16185186E-02,      3,     55,      6,      1,  0.25525010E+03
  0.28673254E+02,   2462,   1899,5415550,      1,     80,     10,     12,  0.16180708E-02,      3,     55,      6,      1,  0.25525010E+03
  0.28673254E+02,   2462,   1900,5415551,      1,     80,     18,      2,  0.16176232E-02,      3,     55,      6,      1,  0.25525010E+03
  0.28673254E+02,   2462,   1901,5415552,      2,      0,     10,     18,  0.16171757E-02,      3,     55,      6,      1,  0.25525010E+03
  0.28673254E+02,   2462,   1902,5415553,      2,      0,      2,      4,  0.16167284E-02,      3,     55,      6,      1,  0.25525010E+03
  0.28673254E+02,   2462,   1903,5415554,      2,      0,     20,     16,  0.16162811E-02,      3,     55,      6,      1,  0.25525010E+03
  0.28673254E+02,   2462,   1904,5415555,      2,      0,     14,     15,  0.16158341E-02,      3,     55,      6,      1,  0.25525010E+03
  0.28673254E+02,   2462,   1905,5415556,      1,     80,      8,     19,  0.16153871E-02,      3,     55,      6,      1,  0.25525010E+03
  0.28673254E+02,   2462,   1906,5415557,      1,     80,      1,     14,  0.16149403E-02,      3,     55,      6,      1,  0.25525010E+03
  0.28673254E+02,   2462,   1907,5415558,      2,      0,      9,     10,  0.16144936E-02,      3,     55,      6,      1,  0.25525010E+03
  0.28673254E+02,   2462,   1908,5415559,      1,     80,      6,      9,  0.16140471E-02,      3,     55,      6,      1,  0.25525010E+03
  0.28673254E+02,   2462,   1909,5415560,      1,     80,     11,      1,  0.16136007E-02,      3,     55,      6,      1,  0.25525010E+03
  0.28673254E+02,   2462,   1910,5415561,      2,      0,      3,     13,  0.16131544E-02,      3,     55,      6,      1,  0.25525010E+03
  0.28673254E+02,   2462,   1911,5415562,      1,     80,     11,      8,  0.16127083E-02,      3,     55,      6,      1,  0.25525010E+03
  0.28673254E+02,   2462,   1912,5415563,      1,     80,     13,      5,  0.16122623E-02,      3,     55,      6,      1,  0.25525010E+03
  0.28673254E+02,   2462,   1913,5415564,      1,     80,     10,     11,  0.16118164E-02,      3,     55,      6,      1,  0.25525010E+03
  0.28673254E+02,   2462,   1914,5415565,      1,     80,     13,     18,  0.16113707E-02,      3,     55,      6,      1,  0.25525010E+03
  0.28673254E+02,   2462,   1915,5415566,      1,     80,     17,      5,  0.16109251E-02,      3,     55,      6,      1,  0.25525010E+03
  0.28673254E+02,   2462,   1916,5415567,      2,      0,      9,      5,  0.16104796E-02,      3,     55,      6,      1,  0.25525010E+03
  0.28673254E+02,   2462,   1917,5415568,      1,     80,     17,     19,  0.16100343E-02,      3,     55,      6,      1,  0.25525010E+03
  0.28673254E+02,   2462,   1918,5415569,      2,      0,     20,     12,  0.16095891E-02,      3,     55,      6,      1,  0.25525010E+03
  0.28673254E+02,   2462,   1919,5415570,      1,     80,     19,     12,  0.16091440E-02,      3,     55,      6,      1,  0.25525010E+03
  0.28673254E+02,   2462,   1920,5415571,      1,     80,      9,     13,  0.16086991E-02,      3,     55,      6,      1,  0.25525010E+03
  0.28673254E+02,   2462,   1921,5415572,      2,      0,     11,     17,  0.16082543E-02,      3,     55,      6,      1,  0.25525010E+03
  0.28673254E+02,   2462,   1922,5415573,      1,     80,     13,     13,  0.16078096E-02,      3,     55,      6,      1,  0.25525010E+03
  0.28673254E+02,   2462,   1923,5415574,      2,      0,      2,      4,  0.16073651E-02,      3,     55,      6,      1,  0.25525010E+03
  0.28673254E+02,   2462,   1924,5415575,      2,      0,     19,     19,  0.16069207E-02,      3,     55,      6,      1,  0.25525010E+03
  0.28673254E+02,   2462,   1925,5415576,      1,     80,     16,      4,  0.16064765E-02,      3,     55,      6,      1,  0.25525010E+03
  0.28673254E+02,   2462,   1926,5415577,      2,      0,     11,     17,  0.16060324E-02,      3,     55,      6,      1,  0.25525010E+03
  0.28673254E+02,   2462,   1927,5415578,      2,      0,      5,      5,  0.16055884E-02,      3,     55,      6,      1,  0.25525010E+03
  0.28673254E+02,   2462,   1928,5415579,      2,      0,      6,     17,  0.16051445E-02,      3,     55,      6,      1,  0.25525010E+03
  0.28673254E+02,   2462,   1929,5415580,      1,     80,     11,      4,  0.16047008E-02,      3,     55,      6,      1,  0.25525010E+03
  0.28673254E+02,   2462,   1930,5415581,      1,     80,     14,      3,  0.16042572E-02,      3,     55,      6,      1,  0.25525010E+03
  0.28673254E+02,   2462,   1931,5415582,      2,      0,      3,     12,  0.16038138E-02,      3,     55,      6,      1,  0.25525010E+03
  0.28673254E+02,   2462,   1932,5415583,      2,      0,     14,     18,  0.16033705E-02,      3,     55,      6,      1,  0.25525010E+03
  0.28673254E+02,   2462,   1933,5415584,      2,      0,      1,      7,  0.16029273E-02,      3,     55,      6,      1,  0.25525010E+03
  0.28673254E+02,   2462,   1934,5415585,      1,     80,      1,     10,  0.16024842E-02,      3,     55,      6,      1,  0.25525010E+03
  0.28673254E+02,   2462,   1935,5415586,      1,     80,     19,     10,  0.16020413E-02,      3,     55,      6,      1,  0.25525010E+03
  0.28673254E+02,   2462,   1936,5415587,      1,     80,     10,      1,  0.16015985E-02,      3,     55,      6,      1,  0.25525010E+03
  0.28673254E+02,   2462,   1937,5415588,      1,     80,      2,     20,  0.16011559E-02,      3,     55,      6,      1,  0.25525010E+03
  0.28673254E+02,   2462,   1938,5415589,      1,     80,     16,     11,  0.16007134E-02,      3,     55,      6,      1,  0.25525010E+03
  0.28673254E+02,   2462,   1939,5415590,      1,     80,      8,      6,  0.16002710E-02,      3,     55,      6,      1,  0.25525010E+03
  0.28673254E+02,   2462,   1940,5415591,      1,     80,      7,     14,  0.15998287E-02,      3,     55,      6,      1,  0.25525010E+03
  0.28673254E+02,   2462,   1941,5415592,      1,     80,      8,     15,  0.15993866E-02,      3,     55,      6,      1,  0.25525010E+03
  0.28673254E+02,   2462,   1942,5415593,      1,     80,     17,      5,  0.15989447E-02,      3,     55,      6,      1,  0.25525010E+03
  0.28673254E+02,   2462,   1943,5415594,      1,     80,      5,     16,  0.15985028E-02,      3,     55,      6,      1,  0.25525010E+03
  0.28673254E+02,   2462,   1944,5415595,      1,     80,     17,      5,  0.15980611E-02,      3,     55,      6,      1,  0.25525010E+03
  0.28673254E+02,   2462,   1945,5415596,      2,      0,      8,     14,  0.15976195E-02,      3,     55,      6,      1,  0.25525010E+03
  0.28673254E+02,   2462,   1946,5415597,      1,     80,      4,      3,  0.15971781E-02,      3,     55,      6,      1,  0.25525010E+03
  0.28673254E+02,   2462,   1947,5415598,      1,     80,     13,      4,  0.15967367E-02,      3,     55,      6,      1,  0.25525010E+03
  0.28673254E+02,   2462,   1948,5415599,      1,     80,     12,      4,  0.15962955E-02,      3,     55,      6,      1,  0.25525010E+03
  0.28673254E+02,   2462,   1949,5415600,      1,     80,     16,     16,  0.15958545E-02,      3,     55,      6,      1,  0.25525010E+03
  0.28673254E+02,   2462,   1950,5415601,      1,     80,     20,     20,  0.15954136E-02,      3,     55,      6,      1,  0.25525010E+03
  0.28673254E+02,   2462,   1951,5415602,      1,     80,     16,      2,  0.15949728E-02,      3,     55,      6,      1,  0.25525010E+03
  0.28673254E+02,   2462,   1952,5415603,      1,     80,     20,     20,  0.15945321E-02,      3,     55,      6,      1,  0.25525010E+03
  0.28673254E+02,   2462,   1953,5415604,      1,     80,     16,      2,  0.15940916E-02,      3,     55,      6,      1,  0.25525010E+03
  0.28673254E+02,   2462,   1954,5415605,      1,     80,      1,     20,  0.15936512E-02,      3,     55,      6,      1,  0.25525010E+03
  0.28673254E+02,   2462,   1955,5415606,      2,      0,      2,      5,  0.15932110E-02,      3,     55,      6,      1,  0.25525010E+03
  0.28673254E+02,   2462,   1956,5415607,      1,     80,      9,     15,  0.15927708E-02,      3,     55,      6,      1,  0.25525010E+03
  0.28673254E+02,   2462,   1957,5415608,      2,      0,     17,     12,  0.15923308E-02,      3,     55,      6,      1,  0.25525010E+03
  0.28673254E+02,   2462,   1958,5415609,      2,      0,     18,      3,  0.15918910E-02,      3,     55,      6,      1,  0.25525010E+03
  0.28673254E+02,   2462,   1959,5415610,      1,     80,      8,     16,  0.15914512E-02,      3,     55,      6,      1,  0.25525010E+03
  0.28673254E+02,   2462,   1960,5415611,      1,     80,     11,      4,  0.15910116E-02,      3,     55,      6,      1,  0.25525010E+03
  0.28673254E+02,   2462,   1961,5415612,      1,     80,      8,     19,  0.15905722E-02,      3,     55,      6,      1,  0.25525010E+03
  0.28673254E+02,   2462,   1962,5415613,      1,     80,     17,      1,  0.15901328E-02,      3,     55,      6,      1,  0.25525010E+03
  0.28673254E+02,   2462,   1963,5415614,      2,      0,     13,      9,  0.15896936E-02,      3,     55,      6,      1,  0.25525010E+03
  0.28673254E+02,   2462,   1964,5415615,      1,     80,     11,      3,  0.15892546E-02,      3,     55,      6,      1,  0.25525010E+03
  0.28673254E+02,   2462,   1965,5415616,      2,      0,     14,     11,  0.15888156E-02,      3,     55,      6,      1,  0.25525010E+03
  0.28673254E+02,   2462,   1966,5415617,      1,     80,     11,      2,  0.15883768E-02,      3,     55,      6,      1,  0.25525010E+03
  0.28673254E+02,   2462,   1967,5415618,      1,     80,     13,     15,  0.15879381E-02,      3,     55,      6,      1,  0.25525010E+03
  0.28673254E+02,   2462,   1968,5415619,      2,      0,      6,     13,  0.15874996E-02,      3,     55,      6,      1,  0.25525010E+03
  0.28673254E+02,   2462,   1969,5415620,      2,      0,     10,      7,  0.15870612E-02,      3,     55,      6,      1,  0.25525010E+03
  0.28673254E+02,   2462,   1970,5415621,      2,      0,      4,      8,  0.15866229E-02,      3,     55,      6,      1,  0.25525010E+03
  0.28673254E+02,   2462,   1971,5415622,      1,     80,     13,     15,  0.15861847E-02,      3,     55,      6,      1,  0.25525010E+03
  0.28673254E+02,   2462,   1972,5415623,      1,     80,     10,      5,  0.15857467E-02,      3,     55,      6,      1,  0.25525010E+03
  0.28673254E+02,   2462,   1973,5415624,      1,     80,     16,     10,  0.15853088E-02,      3,     55,      6,      1,  0.25525010E+03
  0.28673254E+02,   2462,   1974,5415625,      1,     80,      8,      5,  0.15848711E-02,      3,     55,      6,      1,  0.25525010E+03
  0.28673254E+02,   2462,   1975,5415626,      2,      0,      1,      4,  0.15844334E-02,      3,     55,      6,      1,  0.25525010E+03
  0.28673254E+02,   2462,   1976,5415627,      1,     80,     10,     20,  0.15839959E-02,      3,     55,      6,      1,  0.25525010E+03
  0.28673254E+02,   2462,   1977,5415628,      2,      0,     18,     12,  0.15835586E-02,      3,     55,      6,      1,  0.25525010E+03
  0.28673254E+02,   2462,   1978,5415629,      1,     80,      8,      3,  0.15831213E-02,      3,     55,      6,      1,  0.25525010E+03
  0.28673254E+02,   2462,   1979,5415630,      1,     80,     12,      7,  0.15826842E-02,      3,     55,      6,      1,  0.25525010E+03
  0.28673254E+02,   2462,   1980,5415631,      1,     80,     11,      3,  0.15822473E-02,      3,     55,      6,      1,  0.25525010E+03
  0.28673254E+02,   2462,   1981,5415632,      1,     80,      4,      7,  0.15818104E-02,      3,     55,      6,      1,  0.25525010E+03
  0.28673254E+02,   2462,   1982,5415633,      1,     80,      5,     17,  0.15813737E-02,      3,     55,      6,      1,  0.25525010E+03
  0.28673254E+02,   2462,   1983,5415634,      1,     80,      6,     16,  0.15809371E-02,      3,     55,      6,      1,  0.25525010E+03
  0.28673254E+02,   2462,   1984,5415635,      1,     80,     19,      5,  0.15805007E-02,      3,     55,      6,      1,  0.25525010E+03
  0.28673254E+02,   2462,   1985,5415636,      1,     80,     16,     18,  0.15800643E-02,      3,     55,      6,      1,  0.25525010E+03
  0.28673254E+02,   2462,   1986,5415637,      1,     80,     19,     10,  0.15796281E-02,      3,     55,      6,      1,  0.25525010E+03
  0.28673254E+02,   2462,   1987,5415638,      1,     80,      2,      1,  0.15791921E-02,      3,     55,      6,      1,  0.25525010E+03
  0.28673254E+02,   2462,   1988,5415639,      1,     80,     20,      9,  0.15787561E-02,      3,     55,      6,      1,  0.25525010E+03
  0.28673254E+02,   2462,   1989,5415640,      1,     80,     13,     18,  0.15783203E-02,      3,     55,      6,      1,  0.25525010E+03
  0.28673254E+02,   2462,   1990,5415641,      1,     80,      3,      1,  0.15778847E-02,      3,     55,      6,      1,  0.25525010E+03
  0.28673254E+02,   2462,   1991,5415642,      1,     80,     14,      4,  0.15774491E-02,      3,     55,      6,      1,  0.25525010E+03
  0.28673254E+02,   2462,   1992,5415643,      2,      0,      8,      9,  0.15770137E-02,      3,     55,      6,      1,  0.25525010E+03
  0.28673254E+02,   2462,   1993,5415644,      1,     80,     12,     16,  0.15765784E-02,      3,     55,      6,      1,  0.25525010E+03
  0.28673254E+02,   2462,   1994,5415645,      1,     80,      7,     15,  0.15761433E-02,      3,     55,      6,      1,  0.25525010E+03
  0.28673254E+02,   2462,   1995,5415646,      1,     80,      2,     16,  0.15757082E-02,      3,     55,      6,      1,  0.25525010E+03
  0.28673254E+02,   2462,   1996,5415647,      1,     80,      4,      2,  0.15752734E-02,      3,     55,      6,      1,  0.25525010E+03
  0.28673254E+02,   2462,   1997,5415648,      1,     80,     10,      9,  0.15748386E-02,      3,     55,      6,      1,  0.25525010E+03
  0.28673254E+02,   2462,   1998,5415649,      2,      0,      5,      5,  0.15744039E-02,      3,     55,      6,      1,  0.25525010E+03
  0.28673254E+02,   2462,   1999,5415650,      1,     80,     19,     13,  0.15739694E-02,      3,     55,      6,      1,  0.25525010E+03
  0.28673254E+02,   2462,   2000,5415651,      2,      0,      2,      5,  0.15735351E-02,      3,     55,      6,      1,  0.25525010E+03
  0.28684666E+02,   2462,      1,5415652,      4,      0,      9,      5,  0.63693427E+01,      3,     56,     15,      1,  0.21301062E+05
  0.28684666E+02,   2462,      2,5415653,      3,     80,     10,      3,  0.32131105E+01,      3,     56,     15,      1,  0.12084884E+05
  0.28684666E+02,   2462,      3,5415654,      3,     80,      8,      3,  0.23906835E+01,      3,     56,     15,      1,  0.60431427E+04
  0.28684666E+02,   2462,      4,5415655,      3,     80,     10,      3,  0.17288542E+01,      3,     56,     15,      1,  0.26632007E+04
  0.28684666E+02,   2462,      5,5415656,      3,     80,      8,      3,  0.12825030E+01,      3,     56,     15,      1,  0.10851346E+04
  0.28684666E+02,   2462,      6,5415657,      3,     80,     10,      3,  0.10022265E+01,      3,     79,     10,      1,  0.72434312E+03
  0.28684666E+02,   2462,      7,5415658,      3,     80,      8,      3,  0.76364412E+00,      3,     79,     10,      1,  0.57470575E+03
  0.28684666E+02,   2462,      8,5415659,      3,     80,     10,      3,  0.62116564E+00,      3,     79,     10,      1,  0.46371985E+03
  0.28684666E+02,   2462,      9,5415660,      3,     80,      9,      2,  0.32218557E+00,      3,     79,     10,      1,  0.46371985E+03
  0.28684666E+02,   2462,     10,5415661,      3,     80,     10,      1,  0.21186435E+00,      3,     79,     10,      1,  0.46371985E+03
  0.28684666E+02,   2462,     11,5415662,      3,     80,      9,      2,  0.15154360E+00,      3,     79,     10,      1,  0.46371985E+03
  0.28684666E+02,   2462,     12,5415663,      3,     80,     10,      1,  0.11473445E+00,      3,     79,     10,      1,  0.46371985E+03
  0.28684666E+02,   2462,     13,5415664,      3,     80,      9,      1,  0.91801975E-01,      3,     79,     10,      1,  0.46371985E+03
  0.28684666E+02,   2462,     14,5415665,      3,     80,      8,      1,  0.75604927E-01,      3,     79,     10,      1,  0.46371985E+03
  0.28684666E+02,   2462,     15,5415666,      3,     80,      8,      1,  0.63854760E-01,      3,     79,     10,      1,  0.46371985E+03
  0.28684666E+02,   2462,     16,5415667,      3,     80,      8,      1,  0.54988367E-01,      3,     79,     10,      1,  0.46371985E+03
  0.28684666E+02,   2462,     17,5415668,      4,      0,      7,      1,  0.48301289E-01,      3,     79,     10,      1,  0.46371985E+03
  0.28684666E+02,   2462,     18,5415669,      4,      0,      6,      1,  0.43074495E-01,      3,     79,     10,      1,  0.46371985E+03
  0.28684666E+02,   2462,     19,5415670,      3,     80,      5,      1,  0.38954285E-01,      3,     79,     10,      1,  0.46371985E+03
  0.28684666E+02,   2462,     20,5415671,      3,     80,      3,      1,  0.35657198E-01,      3,     79,     10,      1,  0.46371985E+03
  0.28684666E+02,   2462,     21,5415672,      3,     80,      1,      1,  0.32965131E-01,      3,     79,     10,      1,  0.46371985E+03
  0.28684666E+02,   2462,     22,5415673,      3,     80,      1,      1,  0.30661179E-01,      3,     79,     10,      1,  0.46371985E+03
  0.28684666E+02,   2462,     23,5415674,      3,     80,      1,      1,  0.28684138E-01,      3,     79,     10,      1,  0.46371985E+03
  0.28684666E+02,   2462,     24,5415675,      3,     80,      1,      1,  0.26988741E-01,      3,     79,     10,      1,  0.46371985E+03
  0.28684666E+02,   2462,     25,5415676,      3,     80,      1,      1,  0.25534566E-01,      3,     79,     10,      1,  0.46371985E+03
  0.28684666E+02,   2462,     26,5415677,      3,     80,      1,      1,  0.24285755E-01,      3,     79,     10,      1,  0.46371985E+03
  0.28684666E+02,   2462,     27,5415678,      3,     80,      1,      1,  0.23211423E-01,      3,     79,     10,      1,  0.46371985E+03
  0.28684666E+02,   2462,     28,5415679,      3,     80,      1,      1,  0.22284860E-01,      3,     79,     10,      1,  0.46371985E+03
  0.28684666E+02,   2462,     29,5415680,      3,     80,      1,      1,  0.21483388E-01,      3,     79,     10,      1,  0.46371985E+03
  0.28684666E+02,   2462,     30,5415681,      3,     80,      1,      1,  0.20787656E-01,      3,     79,     10,      1,  0.46371985E+03
  0.28684666E+02,   2462,     31,5415682,      3,     80,      1,      1,  0.20181333E-01,      3,     79,     10,      1,  0.46371985E+03
  0.28684666E+02,   2462,     32,5415683,      3,     80,      1,      1,  0.19650584E-01,      3,     79,     10,      1,  0.46371985E+03
  0.28684666E+02,   2462,     33,5415684,      3,     80,      1,      1,  0.19183765E-01,      3,     79,     10,      1,  0.46371985E+03
  0.28684666E+02,   2462,     34,5415685,      3,     80,      1,      1,  0.18771047E-01,      3,     79,     10,      1,  0.46371985E+03
  0.28684666E+02,   2462,     35,5415686,      3,     80,      1,      1,  0.18404165E-01,      3,     79,     10,      1,  0.46371985E+03
  0.28684666E+02,   2462,     36,5415687,      3,     80,      1,      1,  0.18076155E-01,      3,     79,     10,      1,  0.46371985E+03
  0.28684666E+02,   2462,     37,5415688,      3,     80,      1,      1,  0.17781163E-01,      3,     79,     10,      1,  0.46371985E+03
  0.28684666E+02,   2462,     38,5415689,      3,     80,      1,      1,  0.17514257E-01,      3,     79,     10,      1,  0.46371985E+03
  0.28684666E+02,   2462,     39,5415690,      3,     80,      1,      1,  0.17271290E-01,      3,     79,     10,      1,  0.46371985E+03
  0.28684666E+02,   2462,     40,5415691,      3,     80,      1,      1,  0.17048767E-01,      3,     79,     10,      1,  0.46371985E+03
  0.28684666E+02,   2462,     41,5415692,      3,     80,      1,      1,  0.16843749E-01,      3,     79,     10,      1,  0.46371985E+03
  0.28684666E+02,   2462,     42,5415693,      3,     80,      1,      1,  0.16653756E-01,      3,     79,     10,      1,  0.46371985E+03
  0.28684666E+02,   2462,     43,5415694,      3,     80,      1,      1,  0.16476699E-01,      3,     79,     10,      1,  0.46371985E+03
  0.28684666E+02,   2462,     44,5415695,      3,     80,      1,      1,  0.16310815E-01,      3,     79,     10,      1,  0.46371985E+03
  0.28684666E+02,   2462,     45,5415696,      3,     80,      1,      1,  0.16154618E-01,      3,     79,     10,      1,  0.46371985E+03
  0.28684666E+02,   2462,     46,5415697,      3,     80,      1,      1,  0.16006849E-01,      3,     79,     10,      1,  0.46371985E+03
  0.28684666E+02,   2462,     47,5415698,      3,     80,      1,      1,  0.15866447E-01,      3,     79,     10,      1,  0.46371985E+03
  0.28684666E+02,   2462,     48,5415699,      3,     80,      1,      1,  0.15732513E-01,      3,     79,     10,      1,  0.46371985E+03
  0.28684666E+02,   2462,     49,5415700,      3,     80,      1,      1,  0.15604285E-01,      3,     79,     10,      1,  0.46371985E+03
  0.28684666E+02,   2462,     50,5415701,      3,     80,      1,      1,  0.15481115E-01,      3,     79,     10,      1,  0.46371985E+03
  0.28684666E+02,   2462,     51,5415702,      3,     80,      1,      1,  0.15362457E-01,      3,     79,     10,      1,  0.46371985E+03
  0.28684666E+02,   2462,     52,5415703,      3,     80,      1,      1,  0.15247841E-01,      3,     79,     10,      1,  0.46371985E+03
  0.28684666E+02,   2462,     53,5415704,      3,     80,      1,      1,  0.15136871E-01,      3,     79,     10,      1,  0.46371985E+03
  0.28684666E+02,   2462,     54,5415705,      3,     80,      1,      1,  0.15029207E-01,      3,     79,     10,      1,  0.46371985E+03
  0.28684666E+02,   2462,     55,5415706,      3,     80,      1,      1,  0.14924557E-01,      3,     79,     10,      1,  0.46371985E+03
  0.28684666E+02,   2462,     56,5415707,      3,     80,      1,      1,  0.14822673E-01,      3,     79,     10,      1,  0.46371985E+03
  0.28684666E+02,   2462,     57,5415708,      3,     80,      1,      1,  0.14723341E-01,      3,     79,     10,      1,  0.46371985E+03
  0.28684666E+02,   2462,     58,5415709,      3,     80,      1,      1,  0.14626374E-01,      3,     79,     10,      1,  0.46371985E+03
  0.28684666E+02,   2462,     59,5415710,      3,     80,      1,      1,  0.14531614E-01,      3,     79,     10,      1,  0.46371985E+03
  0.28684666E+02,   2462,     60,5415711,      3,     80,      1,      1,  0.14438921E-01,      3,     79,     10,      1,  0.46371985E+03
  0.28684666E+02,   2462,     61,5415712,      3,     80,      1,      1,  0.14348174E-01,      3,     79,     10,      1,  0.46371985E+03
  0.28684666E+02,   2462,     62,5415713,      3,     80,      1,      1,  0.14259268E-01,      3,     79,     10,      1,  0.46371985E+03
  0.28684666E+02,   2462,     63,5415714,      3,     80,      1,      1,  0.14172109E-01,      3,     79,     10,      1,  0.46371985E+03
  0.28684666E+02,   2462,     64,5415715,      3,     80,      1,      1,  0.14086615E-01,      3,     79,     10,      1,  0.46371985E+03
  0.28684666E+02,   2462,     65,5415716,      3,     80,      1,      1,  0.14002712E-01,      3,     79,     10,      1,  0.46371985E+03
  0.28684666E+02,   2462,     66,5415717,      3,     80,      1,      1,  0.13920337E-01,      3,     79,     10,      1,  0.46371985E+03
  0.28684666E+02,   2462,     67,5415718,      3,     80,      1,      1,  0.13839430E-01,      3,     79,     10,      1,  0.46371985E+03
  0.28684666E+02,   2462,     68,5415719,      3,     80,      1,      1,  0.13759939E-01,      3,     79,     10,      1,  0.46371985E+03
  0.28684666E+02,   2462,     69,5415720,      3,     80,      1,      1,  0.13681815E-01,      3,     79,     10,      1,  0.46371985E+03
  0.28684666E+02,   2462,     70,5415721,      3,     80,      1,      1,  0.13605015E-01,      3,     79,     10,      1,  0.46371985E+03
  0.28684666E+02,   2462,     71,5415722,      3,     80,      1,      1,  0.13529500E-01,      3,     79,     10,      1,  0.46371985E+03
  0.28684666E+02,   2462,     72,5415723,      3,     80,      1,      1,  0.13455232E-01,      3,     79,     10,      1,  0.46371985E+03
  0.28684666E+02,   2462,     73,5415724,      3,     80,      1,      1,  0.13382177E-01,      3,     79,     10,      1,  0.46371985E+03
  0.28684666E+02,   2462,     74,5415725,      3,     80,      1,      1,  0.13310302E-01,      3,     79,     10,      1,  0.46371985E+03
  0.28684666E+02,   2462,     75,5415726,      3,     80,      1,      1,  0.13239579E-01,      3,     79,     10,      1,  0.46371985E+03
  0.28684666E+02,   2462,     76,5415727,      3,     80,      1,      1,  0.13169979E-01,      3,     79,     10,      1,  0.46371985E+03
  0.28684666E+02,   2462,     77,5415728,      3,     80,      1,      1,  0.13101476E-01,      3,     79,     10,      1,  0.46371985E+03
  0.28684666E+02,   2462,     78,5415729,      3,     80,      1,      1,  0.13034044E-01,      3,     79,     10,      1,  0.46371985E+03
  0.28684666E+02,   2462,     79,5415730,      3,     80,      1,      1,  0.12967659E-01,      3,     79,     10,      1,  0.46371985E+03
  0.28684666E+02,   2462,     80,5415731,      3,     80,      1,      1,  0.12902299E-01,      3,     79,     10,      1,  0.46371985E+03
  0.28684666E+02,   2462,     81,5415732,      3,     80,      1,      1,  0.12837941E-01,      3,     79,     10,      1,  0.46371985E+03
  0.28684666E+02,   2462,     82,5415733,      3,     80,      1,      1,  0.12774564E-01,      3,     79,     10,      1,  0.46371985E+03
  0.28684666E+02,   2462,     83,5415734,      3,     80,      1,      1,  0.12712149E-01,      3,     79,     10,      1,  0.46371985E+03
  0.28684666E+02,   2462,     84,5415735,      3,     80,      1,      1,  0.12650675E-01,      3,     79,     10,      1,  0.46371985E+03
  0.28684666E+02,   2462,     85,5415736,      3,     80,      1,      1,  0.12590124E-01,      3,     79,     10,      1,  0.46371985E+03
  0.28684666E+02,   2462,     86,5415737,      3,     80,      1,      1,  0.12530477E-01,      3,     79,     10,      1,  0.46371985E+03
  0.28684666E+02,   2462,     87,5415738,      3,     80,      1,      1,  0.12471716E-01,      3,     79,     10,      1,  0.46371985E+03
  0.28684666E+02,   2462,     88,5415739,      3,     80,      1,      1,  0.12413825E-01,      3,     79,     10,      1,  0.46371985E+03
  0.28684666E+02,   2462,     89,5415740,      3,     80,      1,      1,  0.12356786E-01,      3,     79,     10,      1,  0.46371985E+03
  0.28684666E+02,   2462,     90,5415741,      3,     80,      1,      1,  0.12300584E-01,      3,     79,     10,      1,  0.46371985E+03
  0.28684666E+02,   2462,     91,5415742,      3,     80,      1,      1,  0.12245202E-01,      3,     79,     10,      1,  0.46371985E+03
  0.28684666E+02,   2462,     92,5415743,      3,     80,      1,      1,  0.12190624E-01,      3,     79,     10,      1,  0.46371985E+03
  0.28684666E+02,   2462,     93,5415744,      3,     80,      1,      1,  0.12136836E-01,      3,     79,     10,      1,  0.46371985E+03
  0.28684666E+02,   2462,     94,5415745,      3,     80,      1,      1,  0.12083823E-01,      3,     79,     10,      1,  0.46371985E+03
  0.28684666E+02,   2462,     95,5415746,      3,     80,      1,      1,  0.12031571E-01,      3,     79,     10,      1,  0.46371985E+03
  0.28684666E+02,   2462,     96,5415747,      3,     80,      1,      1,  0.11980065E-01,      3,     79,     10,      1,  0.46371985E+03
  0.28684666E+02,   2462,     97,5415748,      3,     80,      1,      1,  0.11929291E-01,      3,     79,     10,      1,  0.46371985E+03
  0.28684666E+02,   2462,     98,5415749,      3,     80,      1,      1,  0.11879237E-01,      3,     79,     10,      1,  0.46371985E+03
  0.28684666E+02,   2462,     99,5415750,      3,     80,      1,      1,  0.11829889E-01,      3,     79,     10,      1,  0.46371985E+03
  0.28684666E+02,   2462,    100,5415751,      3,     80,      1,      1,  0.11781234E-01,      3,     79,     10,      1,  0.46371985E+03
  0.28684666E+02,   2462,    101,5415752,      3,     80,      1,      1,  0.11733259E-01,      3,     79,     10,      1,  0.46371985E+03
  0.28684666E+02,   2462,    102,5415753,      3,     80,      1,      1,  0.11685953E-01,      3,     79,     10,      1,  0.46371985E+03
  0.28684666E+02,   2462,    103,5415754,      3,     80,      1,      1,  0.11639302E-01,      3,     79,     10,      1,  0.46371985E+03
  0.28684666E+02,   2462,    104,5415755,      3,     80,      1,      1,  0.11593296E-01,      3,     79,     10,      1,  0.46371985E+03
  0.28684666E+02,   2462,    105,5415756,      3,     80,      1,      1,  0.11547923E-01,      3,     79,     10,      1,  0.46371985E+03
  0.28684666E+02,   2462,    106,5415757,      3,     80,      1,      1,  0.11503172E-01,      3,     79,     10,      1,  0.46371985E+03
  0.28684666E+02,   2462,    107,5415758,      3,     80,      1,      1,  0.11459030E-01,      3,     79,     10,      1,  0.46371985E+03
  0.28684666E+02,   2462,    108,5415759,      3,     80,      1,      1,  0.11415489E-01,      3,     79,     10,      1,  0.46371985E+03
  0.28684666E+02,   2462,    109,5415760,      3,     80,      1,      1,  0.11372536E-01,      3,     79,     10,      1,  0.46371985E+03
  0.28684666E+02,   2462,    110,5415761,      3,     80,      1,      1,  0.11330161E-01,      3,     79,     10,      1,  0.46371985E+03
  0.28684666E+02,   2462,    111,5415762,      3,     80,      1,      1,  0.11288355E-01,      3,     79,     10,      1,  0.46371985E+03
  0.28684666E+02,   2462,    112,5415763,      3,     80,      1,      1,  0.11247107E-01,      3,     79,     10,      1,  0.46371985E+03
  0.28684666E+02,   2462,    113,5415764,      3,     80,      1,      1,  0.11206408E-01,      3,     79,     10,      1,  0.46371985E+03
  0.28684666E+02,   2462,    114,5415765,      3,     80,      1,      1,  0.11166247E-01,      3,     79,     10,      1,  0.46371985E+03
  0.28684666E+02,   2462,    115,5415766,      3,     80,      1,      1,  0.11126616E-01,      3,     79,     10,      1,  0.46371985E+03
  0.28684666E+02,   2462,    116,5415767,      3,     80,      1,      1,  0.11087504E-01,      3,     79,     10,      1,  0.46371985E+03
  0.28684666E+02,   2462,    117,5415768,      3,     80,      1,      1,  0.11048904E-01,      3,     79,     10,      1,  0.46371985E+03
  0.28684666E+02,   2462,    118,5415769,      3,     80,      1,      1,  0.11010807E-01,      3,     79,     10,      1,  0.46371985E+03
  0.28684666E+02,   2462,    119,5415770,      3,     80,      1,      1,  0.10973203E-01,      3,     79,     10,      1,  0.46371985E+03
  0.28684666E+02,   2462,    120,5415771,      3,     80,      1,      1,  0.10936084E-01,      3,     79,     10,      1,  0.46371985E+03
  0.28684666E+02,   2462,    121,5415772,      3,     80,      1,      1,  0.10899441E-01,      3,     79,     10,      1,  0.46371985E+03
  0.28684666E+02,   2462,    122,5415773,      3,     80,      1,      1,  0.10863268E-01,      3,     79,     10,      1,  0.46371985E+03
  0.28684666E+02,   2462,    123,5415774,      3,     80,      1,      1,  0.10827555E-01,      3,     79,     10,      1,  0.46371985E+03
  0.28684666E+02,   2462,    124,5415775,      3,     80,      1,      1,  0.10792294E-01,      3,     79,     10,      1,  0.46371985E+03
  0.28684666E+02,   2462,    125,5415776,      3,     80,      1,      1,  0.10757479E-01,      3,     79,     10,      1,  0.46371985E+03
  0.28684666E+02,   2462,    126,5415777,      3,     80,      1,      1,  0.10723101E-01,      3,     79,     10,      1,  0.46371985E+03
  0.28684666E+02,   2462,    127,5415778,      3,     80,      1,      1,  0.10689153E-01,      3,     79,     10,      1,  0.46371985E+03
  0.28684666E+02,   2462,    128,5415779,      3,     80,      1,      1,  0.10655628E-01,      3,     79,     10,      1,  0.46371985E+03
  0.28684666E+02,   2462,    129,5415780,      3,     80,      1,      1,  0.10622519E-01,      3,     79,     10,      1,  0.46371985E+03
  0.28684666E+02,   2462,    130,5415781,      3,     80,      1,      1,  0.10589818E-01,      3,     79,     10,      1,  0.46371985E+03
  0.28684666E+02,   2462,    131,5415782,      3,     80,      1,      1,  0.10557519E-01,      3,     79,     10,      1,  0.46371985E+03
  0.28684666E+02,   2462,    132,5415783,      3,     80,      1,      1,  0.10525615E-01,      3,     79,     10,      1,  0.46371985E+03
  0.28684666E+02,   2462,    133,5415784,      3,     80,      1,      1,  0.10494100E-01,      3,     79,     10,      1,  0.46371985E+03
  0.28684666E+02,   2462,    134,5415785,      3,     80,      1,      1,  0.10462967E-01,      3,     79,     10,      1,  0.46371985E+03
  0.28684666E+02,   2462,    135,5415786,      3,     80,      1,      1,  0.10432210E-01,      3,     79,     10,      1,  0.46371985E+03
  0.28684666E+02,   2462,    136,5415787,      3,     80,      1,      1,  0.10401822E-01,      3,     79,     10,      1,  0.46371985E+03
  0.28684666E+02,   2462,    137,5415788,      3,     80,      1,      1,  0.10371798E-01,      3,     79,     10,      1,  0.46371985E+03
  0.28684666E+02,   2462,    138,5415789,      3,     80,      1,      1,  0.10342132E-01,      3,     79,     10,      1,  0.46371985E+03
  0.28684666E+02,   2462,    139,5415790,      3,     80,      1,      1,  0.10312817E-01,      3,     79,     10,      1,  0.46371985E+03
  0.28684666E+02,   2462,    140,5415791,      3,     80,      1,      1,  0.10283848E-01,      3,     79,     10,      1,  0.46371985E+03
  0.28684666E+02,   2462,    141,5415792,      3,     80,      1,      1,  0.10255219E-01,      3,     79,     10,      1,  0.46371985E+03
  0.28684666E+02,   2462,    142,5415793,      3,     80,      1,      1,  0.10226926E-01,      3,     79,     10,      1,  0.46371985E+03
  0.28684666E+02,   2462,    143,5415794,      3,     80,      1,      1,  0.10198961E-01,      3,     79,     10,      1,  0.46371985E+03
  0.28684666E+02,   2462,    144,5415795,      3,     80,      1,      1,  0.10171321E-01,      3,     79,     10,      1,  0.46371985E+03
  0.28684666E+02,   2462,    145,5415796,      3,     80,      1,      1,  0.10144000E-01,      3,     79,     10,      1,  0.46371985E+03
  0.28684666E+02,   2462,    146,5415797,      3,     80,      1,      1,  0.10116992E-01,      3,     79,     10,      1,  0.46371985E+03
  0.28684666E+02,   2462,    147,5415798,      3,     80,      1,      1,  0.10090293E-01,      3,     79,     10,      1,  0.46371985E+03
  0.28684666E+02,   2462,    148,5415799,      3,     80,      1,      1,  0.10063898E-01,      3,     79,     10,      1,  0.46371985E+03
  0.28684666E+02,   2462,    149,5415800,      3,     80,      1,      1,  0.10037802E-01,      3,     79,     10,      1,  0.46371985E+03
  0.28684666E+02,   2462,    150,5415801,      3,     80,      1,      1,  0.10012000E-01,      3,     79,     10,      1,  0.46371985E+03
  0.28684666E+02,   2462,    151,5415802,      3,     80,      1,      1,  0.99864878E-02,      3,     79,     10,      1,  0.46371985E+03
  0.28684666E+02,   2462,    152,5415803,      3,     80,      1,      1,  0.99612606E-02,      3,     79,     10,      1,  0.46371985E+03
  0.28684666E+02,   2462,    153,5415804,      3,     80,      1,      1,  0.99363140E-02,      3,     79,     10,      1,  0.46371985E+03
  0.28684666E+02,   2462,    154,5415805,      3,     80,      1,      1,  0.99116436E-02,      3,     79,     10,      1,  0.46371985E+03
  0.28684666E+02,   2462,    155,5415806,      3,     80,      1,      1,  0.98872451E-02,      3,     79,     10,      1,  0.46371985E+03
  0.28684666E+02,   2462,    156,5415807,      3,     80,      1,      1,  0.98631142E-02,      3,     79,     10,      1,  0.46371985E+03
  0.28684666E+02,   2462,    157,5415808,      3,     80,      2,      1,  0.98392468E-02,      3,     79,     10,      1,  0.46371985E+03
  0.28684666E+02,   2462,    158,5415809,      3,     80,      1,      1,  0.98156388E-02,      3,     79,     10,      1,  0.46371985E+03
  0.28684666E+02,   2462,    159,5415810,      3,     80,      2,      1,  0.97922863E-02,      3,     79,     10,      1,  0.46371985E+03
  0.28684666E+02,   2462,    160,5415811,      3,     80,      1,      1,  0.97691853E-02,      3,     79,     10,      1,  0.46371985E+03
  0.28684666E+02,   2462,    161,5415812,      3,     80,      1,      1,  0.97463320E-02,      3,     79,     10,      1,  0.46371985E+03
  0.28684666E+02,   2462,    162,5415813,      3,     80,      3,      1,  0.97237225E-02,      3,     79,     10,      1,  0.46371985E+03
  0.28684666E+02,   2462,    163,5415814,      3,     80,      1,      1,  0.97013533E-02,      3,     79,     10,      1,  0.46371985E+03
  0.28684666E+02,   2462,    164,5415815,      3,     80,      2,      1,  0.96792205E-02,      3,     79,     10,      1,  0.46371985E+03
  0.28684666E+02,   2462,    165,5415816,      3,     80,      2,      1,  0.96573207E-02,      3,     79,     10,      1,  0.46371985E+03
  0.28684666E+02,   2462,    166,5415817,      3,     80,      1,      1,  0.96356504E-02,      3,     79,     10,      1,  0.46371985E+03
  0.28684666E+02,   2462,    167,5415818,      3,     80,      2,      1,  0.96142061E-02,      3,     79,     10,      1,  0.46371985E+03
  0.28684666E+02,   2462,    168,5415819,      3,     80,      4,      1,  0.95929844E-02,      3,     79,     10,      1,  0.46371985E+03
  0.28684666E+02,   2462,    169,5415820,      3,     80,      2,      1,  0.95719820E-02,      3,     79,     10,      1,  0.46371985E+03
  0.28684666E+02,   2462,    170,5415821,      3,     80,      3,      1,  0.95511956E-02,      3,     79,     10,      1,  0.46371985E+03
  0.28684666E+02,   2462,    171,5415822,      3,     80,      1,      2,  0.95306221E-02,      3,     79,     10,      1,  0.46371985E+03
  0.28684666E+02,   2462,    172,5415823,      3,     80,      8,      2,  0.95102583E-02,      3,     79,     10,      1,  0.46371985E+03
  0.28684666E+02,   2462,    173,5415824,      3,     80,      9,      3,  0.94901011E-02,      3,     79,     10,      1,  0.46371985E+03
  0.28684666E+02,   2462,    174,5415825,      3,     80,      8,      2,  0.94701475E-02,      3,     79,     10,      1,  0.46371985E+03
  0.28684666E+02,   2462,    175,5415826,      3,     80,     11,      3,  0.94503945E-02,      3,     79,     10,      1,  0.46371985E+03
  0.28684666E+02,   2462,    176,5415827,      3,     80,      8,      3,  0.94308391E-02,      3,     79,     10,      1,  0.46371985E+03
  0.28684666E+02,   2462,    177,5415828,      3,     80,      7,      3,  0.94114786E-02,      3,     79,     10,      1,  0.46371985E+03
  0.28684666E+02,   2462,    178,5415829,      4,      0,      9,      4,  0.93923101E-02,      3,     79,     10,      1,  0.46371985E+03
  0.28684666E+02,   2462,    179,5415830,      3,     80,      8,      2,  0.93733308E-02,      3,     79,     10,      1,  0.46371985E+03
  0.28684666E+02,   2462,    180,5415831,      3,     80,      8,      3,  0.93545380E-02,      3,     79,     10,      1,  0.46371985E+03
  0.28684666E+02,   2462,    181,5415832,      3,     80,     10,      1,  0.93359290E-02,      3,     79,     10,      1,  0.46371985E+03
  0.28684666E+02,   2462,    182,5415833,      3,     80,      8,      3,  0.93175012E-02,      3,     79,     10,      1,  0.46371985E+03
  0.28684666E+02,   2462,    183,5415834,      3,     80,     10,      3,  0.92992521E-02,      3,     79,     10,      1,  0.46371985E+03
  0.28684666E+02,   2462,    184,5415835,      3,     80,      9,      3,  0.92811790E-02,      3,     79,     10,      1,  0.46371985E+03
  0.28684666E+02,   2462,    185,5415836,      3,     80,     10,      3,  0.92632795E-02,      3,     79,     10,      1,  0.46371985E+03
  0.28684666E+02,   2462,    186,5415837,      3,     80,      9,      8,  0.92455512E-02,      3,     79,     10,      1,  0.46371985E+03
  0.28684666E+02,   2462,    187,5415838,      3,     80,      8,      3,  0.92279917E-02,      3,     79,     10,      1,  0.46371985E+03
  0.28684666E+02,   2462,    188,5415839,      3,     80,      5,      4,  0.92105985E-02,      3,     79,     10,      1,  0.46371985E+03
  0.28684666E+02,   2462,    189,5415840,      4,      0,      9,      5,  0.91933695E-02,      3,     79,     10,      1,  0.46371985E+03
  0.28684666E+02,   2462,    190,5415841,      3,     80,     10,      1,  0.91763022E-02,      3,     79,     10,      1,  0.46371985E+03
  0.28684666E+02,   2462,    191,5415842,      3,     80,     10,      4,  0.91593944E-02,      3,     79,     10,      1,  0.46371985E+03
  0.28684666E+02,   2462,    192,5415843,      3,     80,     11,      3,  0.91426441E-02,      3,     79,     10,      1,  0.46371985E+03
  0.28684666E+02,   2462,    193,5415844,      4,      0,     12,     11,  0.91260489E-02,      3,     79,     10,      1,  0.46371985E+03
  0.28684666E+02,   2462,    194,5415845,      3,     80,     10,     18,  0.91096068E-02,      3,     79,     10,      1,  0.46371985E+03
  0.28684666E+02,   2462,    195,5415846,      4,      0,     11,     11,  0.90933156E-02,      3,     79,     10,      1,  0.46371985E+03
  0.28684666E+02,   2462,    196,5415847,      3,     80,      9,      3,  0.90771734E-02,      3,     79,     10,      1,  0.46371985E+03
  0.28684666E+02,   2462,    197,5415848,      3,     80,      4,      2,  0.90611781E-02,      3,     79,     10,      1,  0.46371985E+03
  0.28684666E+02,   2462,    198,5415849,      3,     80,      9,      3,  0.90453276E-02,      3,     79,     10,      1,  0.46371985E+03
  0.28684666E+02,   2462,    199,5415850,      3,     80,      9,      2,  0.90296202E-02,      3,     79,     10,      1,  0.46371985E+03
  0.28684666E+02,   2462,    200,5415851,      3,     80,     10,      2,  0.90140538E-02,      3,     79,     10,      1,  0.46371985E+03
  0.28684666E+02,   2462,    201,5415852,      3,     80,     10,     14,  0.89986266E-02,      3,     79,     10,      1,  0.46371985E+03
  0.28684666E+02,   2462,    202,5415853,      4,      0,      9,      4,  0.89833367E-02,      3,     79,     10,      1,  0.46371985E+03
  0.28684666E+02,   2462,    203,5415854,      3,     80,      9,      3,  0.89681822E-02,      3,     79,     10,      1,  0.46371985E+03
  0.28684666E+02,   2462,    204,5415855,      3,     80,      7,      3,  0.89531615E-02,      3,     79,     10,      1,  0.46371985E+03
  0.28684666E+02,   2462,    205,5415856,      3,     80,     10,      2,  0.89382727E-02,      3,     79,     10,      1,  0.46371985E+03
  0.28684666E+02,   2462,    206,5415857,      3,     80,      8,     18,  0.89235141E-02,      3,     79,     10,      1,  0.46371985E+03
  0.28684666E+02,   2462,    207,5415858,      3,     80,     11,     20,  0.89088839E-02,      3,     79,     10,      1,  0.46371985E+03
  0.28684666E+02,   2462,    208,5415859,      3,     80,      7,      2,  0.88943806E-02,      3,     79,     10,      1,  0.46371985E+03
  0.28684666E+02,   2462,    209,5415860,      3,     80,      8,      3,  0.88800025E-02,      3,     79,     10,      1,  0.46371985E+03
  0.28684666E+02,   2462,    210,5415861,      3,     80,      7,     13,  0.88657479E-02,      3,     79,     10,      1,  0.46371985E+03
  0.28684666E+02,   2462,    211,5415862,      3,     80,      4,     16,  0.88516153E-02,      3,     79,     10,      1,  0.46371985E+03
  0.28684666E+02,   2462,    212,5415863,      4,      0,      9,      5,  0.88376031E-02,      3,     79,     10,      1,  0.46371985E+03
  0.28684666E+02,   2462,    213,5415864,      3,     80,     11,      9,  0.88237097E-02,      3,     79,     10,      1,  0.46371985E+03
  0.28684666E+02,   2462,    214,5415865,      3,     80,     10,      1,  0.88099336E-02,      3,     79,     10,      1,  0.46371985E+03
  0.28684666E+02,   2462,    215,5415866,      3,     80,      6,      3,  0.87962734E-02,      3,     79,     10,      1,  0.46371985E+03
  0.28684666E+02,   2462,    216,5415867,      3,     80,      8,     17,  0.87827275E-02,      3,     79,     10,      1,  0.46371985E+03
  0.28684666E+02,   2462,    217,5415868,      3,     80,     11,      9,  0.87692946E-02,      3,     79,     10,      1,  0.46371985E+03
  0.28684666E+02,   2462,    218,5415869,      3,     80,     14,      3,  0.87559732E-02,      3,     79,     10,      1,  0.46371985E+03
  0.28684666E+02,   2462,    219,5415870,      4,      0,     11,      2,  0.87427618E-02,      3,     79,     10,      1,  0.46371985E+03
  0.28684666E+02,   2462,    220,5415871,      3,     80,      8,      3,  0.87296592E-02,      3,     79,     10,      1,  0.46371985E+03
  0.28684666E+02,   2462,    221,5415872,      4,      0,     11,      2,  0.87166640E-02,      3,     79,     10,      1,  0.46371985E+03
  0.28684666E+02,   2462,    222,5415873,      3,     80,     11,      4,  0.87037748E-02,      3,     79,     10,      1,  0.46371985E+03
  0.28684666E+02,   2462,    223,5415874,      4,      0,     10,      7,  0.86909903E-02,      3,     79,     10,      1,  0.46371985E+03
  0.28684666E+02,   2462,    224,5415875,      4,      0,      9,      5,  0.86783093E-02,      3,     79,     10,      1,  0.46371985E+03
  0.28684666E+02,   2462,    225,5415876,      3,     80,      7,      2,  0.86657304E-02,      3,     79,     10,      1,  0.46371985E+03
  0.28684666E+02,   2462,    226,5415877,      3,     80,     10,     12,  0.86532525E-02,      3,     79,     10,      1,  0.46371985E+03
  0.28684666E+02,   2462,    227,5415878,      3,     80,     14,      4,  0.86408742E-02,      3,     79,     10,      1,  0.46371985E+03
  0.28684666E+02,   2462,    228,5415879,      3,     80,      8,      2,  0.86285944E-02,      3,     79,     10,      1,  0.46371985E+03
  0.28684666E+02,   2462,    229,5415880,      3,     80,      9,      3,  0.86164119E-02,      3,     79,     10,      1,  0.46371985E+03
  0.28684666E+02,   2462,    230,5415881,      3,     80,     10,     19,  0.86043255E-02,      3,     79,     10,      1,  0.46371985E+03
  0.28684666E+02,   2462,    231,5415882,      3,     80,      7,      3,  0.85923341E-02,      3,     79,     10,      1,  0.46371985E+03
  0.28684666E+02,   2462,    232,5415883,      3,     80,      8,     13,  0.85804365E-02,      3,     79,     10,      1,  0.46371985E+03
  0.28684666E+02,   2462,    233,5415884,      3,     80,      9,      3,  0.85686316E-02,      3,     79,     10,      1,  0.46371985E+03
  0.28684666E+02,   2462,    234,5415885,      4,      0,     11,      2,  0.85569183E-02,      3,     79,     10,      1,  0.46371985E+03
  0.28684666E+02,   2462,    235,5415886,      3,     80,      9,      3,  0.85452954E-02,      3,     79,     10,      1,  0.46371985E+03
  0.28684666E+02,   2462,    236,5415887,      3,     80,      8,      4,  0.85337621E-02,      3,     79,     10,      1,  0.46371985E+03
  0.28684666E+02,   2462,    237,5415888,      3,     80,     11,      3,  0.85223171E-02,      3,     79,     10,      1,  0.46371985E+03
  0.28684666E+02,   2462,    238,5415889,      4,      0,     11,      2,  0.85109594E-02,      3,     79,     10,      1,  0.46371985E+03
  0.28684666E+02,   2462,    239,5415890,      3,     80,     10,      2,  0.84996881E-02,      3,     79,     10,      1,  0.46371985E+03
  0.28684666E+02,   2462,    240,5415891,      3,     80,     11,      3,  0.84885021E-02,      3,     79,     10,      1,  0.46371985E+03
  0.28684666E+02,   2462,    241,5415892,      3,     80,      9,     17,  0.84774005E-02,      3,     79,     10,      1,  0.46371985E+03
  0.28684666E+02,   2462,    242,5415893,      3,     80,      9,      3,  0.84663822E-02,      3,     79,     10,      1,  0.46371985E+03
  0.28684666E+02,   2462,    243,5415894,      4,      0,      9,      4,  0.84554463E-02,      3,     79,     10,      1,  0.46371985E+03
  0.28684666E+02,   2462,    244,5415895,      4,      0,      9,      5,  0.84445918E-02,      3,     79,     10,      1,  0.46371985E+03
  0.28684666E+02,   2462,    245,5415896,      3,     80,      9,      3,  0.84338179E-02,      3,     79,     10,      1,  0.46371985E+03
  0.28684666E+02,   2462,    246,5415897,      3,     80,     10,      3,  0.84231235E-02,      3,     79,     10,      1,  0.46371985E+03
  0.28684666E+02,   2462,    247,5415898,      3,     80,      7,      4,  0.84125079E-02,      3,     79,     10,      1,  0.46371985E+03
  0.28684666E+02,   2462,    248,5415899,      3,     80,     11,      3,  0.84019700E-02,      3,     79,     10,      1,  0.46371985E+03
  0.28684666E+02,   2462,    249,5415900,      3,     80,     10,     11,  0.83915091E-02,      3,     79,     10,      1,  0.46371985E+03
  0.28684666E+02,   2462,    250,5415901,      3,     80,      8,      3,  0.83811242E-02,      3,     79,     10,      1,  0.46371985E+03
  0.28684666E+02,   2462,    251,5415902,      4,      0,     11,      2,  0.83708146E-02,      3,     79,     10,      1,  0.46371985E+03
  0.28684666E+02,   2462,    252,5415903,      3,     80,     10,     19,  0.83605793E-02,      3,     79,     10,      1,  0.46371985E+03
  0.28684666E+02,   2462,    253,5415904,      3,     80,     10,      4,  0.83504175E-02,      3,     79,     10,      1,  0.46371985E+03
  0.28684666E+02,   2462,    254,5415905,      4,      0,      5,      5,  0.83403284E-02,      3,     79,     10,      1,  0.46371985E+03
  0.28684666E+02,   2462,    255,5415906,      3,     80,      6,     19,  0.83303113E-02,      3,     79,     10,      1,  0.46371985E+03
  0.28684666E+02,   2462,    256,5415907,      3,     80,     10,      3,  0.83203653E-02,      3,     79,     10,      1,  0.46371985E+03
  0.28684666E+02,   2462,    257,5415908,      3,     80,      9,      2,  0.83104896E-02,      3,     79,     10,      1,  0.46371985E+03
  0.28684666E+02,   2462,    258,5415909,      3,     80,      8,     18,  0.83006835E-02,      3,     79,     10,      1,  0.46371985E+03
  0.28684666E+02,   2462,    259,5415910,      3,     80,      7,      3,  0.82909462E-02,      3,     79,     10,      1,  0.46371985E+03
  0.28684666E+02,   2462,    260,5415911,      3,     80,      9,      3,  0.82812769E-02,      3,     79,     10,      1,  0.46371985E+03
  0.28684666E+02,   2462,    261,5415912,      3,     80,     15,      2,  0.82716750E-02,      3,     79,     10,      1,  0.46371985E+03
  0.28684666E+02,   2462,    262,5415913,      3,     80,     10,      4,  0.82621397E-02,      3,     79,     10,      1,  0.46371985E+03
  0.28684666E+02,   2462,    263,5415914,      4,      0,     11,      2,  0.82526702E-02,      3,     79,     10,      1,  0.46371985E+03
  0.28684666E+02,   2462,    264,5415915,      3,     80,     10,     12,  0.82432659E-02,      3,     79,     10,      1,  0.46371985E+03
  0.28684666E+02,   2462,    265,5415916,      3,     80,     10,      4,  0.82339261E-02,      3,     79,     10,      1,  0.46371985E+03
  0.28684666E+02,   2462,    266,5415917,      3,     80,      8,      2,  0.82246500E-02,      3,     79,     10,      1,  0.46371985E+03
  0.28684666E+02,   2462,    267,5415918,      3,     80,      6,      6,  0.82154371E-02,      3,     79,     10,      1,  0.46371985E+03
  0.28684666E+02,   2462,    268,5415919,      4,      0,     12,      1,  0.82062866E-02,      3,     79,     10,      1,  0.46371985E+03
  0.28684666E+02,   2462,    269,5415920,      3,     80,     10,     18,  0.81971979E-02,      3,     79,     10,      1,  0.46371985E+03
  0.28684666E+02,   2462,    270,5415921,      3,     80,      9,     17,  0.81881703E-02,      3,     79,     10,      1,  0.46371985E+03
  0.28684666E+02,   2462,    271,5415922,      4,      0,      2,      4,  0.81792031E-02,      3,     79,     10,      1,  0.46371985E+03
  0.28684666E+02,   2462,    272,5415923,      4,      0,      9,      5,  0.81702959E-02,      3,     79,     10,      1,  0.46371985E+03
  0.28684666E+02,   2462,    273,5415924,      3,     80,      6,      4,  0.81614478E-02,      3,     79,     10,      1,  0.46371985E+03
  0.28684666E+02,   2462,    274,5415925,      3,     80,      7,      2,  0.81526584E-02,      3,     79,     10,      1,  0.46371985E+03
  0.28684666E+02,   2462,    275,5415926,      4,      0,      9,      4,  0.81439269E-02,      3,     79,     10,      1,  0.46371985E+03
  0.28684666E+02,   2462,    276,5415927,      3,     80,      8,      3,  0.81352529E-02,      3,     79,     10,      1,  0.46371985E+03
  0.28684666E+02,   2462,    277,5415928,      3,     80,     10,     12,  0.81266356E-02,      3,     79,     10,      1,  0.46371985E+03
  0.28684666E+02,   2462,    278,5415929,      3,     80,      6,     12,  0.81180746E-02,      3,     79,     10,      1,  0.46371985E+03
  0.28684666E+02,   2462,    279,5415930,      3,     80,      5,     12,  0.81095693E-02,      3,     79,     10,      1,  0.46371985E+03
  0.28684666E+02,   2462,    280,5415931,      4,      0,     14,      2,  0.81011190E-02,      3,     79,     10,      1,  0.46371985E+03
  0.28684666E+02,   2462,    281,5415932,      3,     80,     10,     14,  0.80927233E-02,      3,     79,     10,      1,  0.46371985E+03
  0.28684666E+02,   2462,    282,5415933,      4,      0,      9,      4,  0.80843815E-02,      3,     79,     10,      1,  0.46371985E+03
  0.28684666E+02,   2462,    283,5415934,      3,     80,     10,     12,  0.80760931E-02,      3,     79,     10,      1,  0.46371985E+03
  0.28684666E+02,   2462,    284,5415935,      3,     80,      9,      3,  0.80678576E-02,      3,     79,     10,      1,  0.46371985E+03
  0.28684666E+02,   2462,    285,5415936,      3,     80,      7,      2,  0.80596745E-02,      3,     79,     10,      1,  0.46371985E+03
  0.28684666E+02,   2462,    286,5415937,      4,      0,      9,      5,  0.80515432E-02,      3,     79,     10,      1,  0.46371985E+03
  0.28684666E+02,   2462,    287,5415938,      3,     80,     10,     17,  0.80434632E-02,      3,     79,     10,      1,  0.46371985E+03
  0.28684666E+02,   2462,    288,5415939,      4,      0,      9,      5,  0.80354340E-02,      3,     79,     10,      1,  0.46371985E+03
  0.28684666E+02,   2462,    289,5415940,      3,     80,      8,      3,  0.80274552E-02,      3,     79,     10,      1,  0.46371985E+03
  0.28684666E+02,   2462,    290,5415941,      3,     80,     15,      3,  0.80195261E-02,      3,     79,     10,      1,  0.46371985E+03
  0.28684666E+02,   2462,    291,5415942,      3,     80,     13,      3,  0.80116463E-02,      3,     79,     10,      1,  0.46371985E+03
  0.28684666E+02,   2462,    292,5415943,      3,     80,      7,      3,  0.80038153E-02,      3,     79,     10,      1,  0.46371985E+03
  0.28684666E+02,   2462,    293,5415944,      3,     80,      9,      2,  0.79960327E-02,      3,     79,     10,      1,  0.46371985E+03
  0.28684666E+02,   2462,    294,5415945,      4,      0,     11,      2,  0.79882979E-02,      3,     79,     10,      1,  0.46371985E+03
  0.28684666E+02,   2462,    295,5415946,      3,     80,     10,      3,  0.79806105E-02,      3,     79,     10,      1,  0.46371985E+03
  0.28684666E+02,   2462,    296,5415947,      3,     80,      8,      2,  0.79729701E-02,      3,     79,     10,      1,  0.46371985E+03
  0.28684666E+02,   2462,    297,5415948,      3,     80,      7,      3,  0.79653762E-02,      3,     79,     10,      1,  0.46371985E+03
  0.28684666E+02,   2462,    298,5415949,      3,     80,     10,      2,  0.79578283E-02,      3,     79,     10,      1,  0.46371985E+03
  0.28684666E+02,   2462,    299,5415950,      3,     80,     11,      3,  0.79503260E-02,      3,     79,     10,      1,  0.46371985E+03
  0.28684666E+02,   2462,    300,5415951,      3,     80,     10,     14,  0.79428688E-02,      3,     79,     10,      1,  0.46371985E+03
  0.28684666E+02,   2462,    301,5415952,      3,     80,      9,      3,  0.79354563E-02,      3,     79,     10,      1,  0.46371985E+03
  0.28684666E+02,   2462,    302,5415953,      3,     80,      7,     10,  0.79280882E-02,      3,     79,     10,      1,  0.46371985E+03
  0.28684666E+02,   2462,    303,5415954,      4,      0,      9,     18,  0.79207639E-02,      3,     79,     10,      1,  0.46371985E+03
  0.28684666E+02,   2462,    304,5415955,      3,     80,      7,      3,  0.79134831E-02,      3,     79,     10,      1,  0.46371985E+03
  0.28684666E+02,   2462,    305,5415956,      4,      0,     11,      2,  0.79062453E-02,      3,     79,     10,      1,  0.46371985E+03
  0.28684666E+02,   2462,    306,5415957,      4,      0,     10,      8,  0.78990501E-02,      3,     79,     10,      1,  0.46371985E+03
  0.28684666E+02,   2462,    307,5415958,      3,     80,     11,      3,  0.78918971E-02,      3,     79,     10,      1,  0.46371985E+03
  0.28684666E+02,   2462,    308,5415959,      4,      0,      9,      5,  0.78847860E-02,      3,     79,     10,      1,  0.46371985E+03
  0.28684666E+02,   2462,    309,5415960,      3,     80,      6,      3,  0.78777164E-02,      3,     79,     10,      1,  0.46371985E+03
  0.28684666E+02,   2462,    310,5415961,      3,     80,      9,      3,  0.78706877E-02,      3,     79,     10,      1,  0.46371985E+03
  0.28684666E+02,   2462,    311,5415962,      3,     80,      9,      2,  0.78636998E-02,      3,     79,     10,      1,  0.46371985E+03
  0.28684666E+02,   2462,    312,5415963,      3,     80,      8,      4,  0.78567521E-02,      3,     79,     10,      1,  0.46371985E+03
  0.28684666E+02,   2462,    313,5415964,      3,     80,     11,     12,  0.78498444E-02,      3,     79,     10,      1,  0.46371985E+03
  0.28684666E+02,   2462,    314,5415965,      3,     80,     10,     12,  0.78429762E-02,      3,     79,     10,      1,  0.46371985E+03
  0.28684666E+02,   2462,    315,5415966,      4,      0,      9,      4,  0.78361472E-02,      3,     79,     10,      1,  0.46371985E+03
  0.28684666E+02,   2462,    316,5415967,      3,     80,      8,     11,  0.78293570E-02,      3,     79,     10,      1,  0.46371985E+03
  0.28684666E+02,   2462,    317,5415968,      4,      0,     11,      2,  0.78226052E-02,      3,     79,     10,      1,  0.46371985E+03
  0.28684666E+02,   2462,    318,5415969,      3,     80,      7,      2,  0.78158916E-02,      3,     79,     10,      1,  0.46371985E+03
  0.28684666E+02,   2462,    319,5415970,      3,     80,      6,      5,  0.78092157E-02,      3,     79,     10,      1,  0.46371985E+03
  0.28684666E+02,   2462,    320,5415971,      3,     80,      9,      3,  0.78025773E-02,      3,     79,     10,      1,  0.46371985E+03
  0.28684666E+02,   2462,    321,5415972,      3,     80,      6,      5,  0.77959759E-02,      3,     79,     10,      1,  0.46371985E+03
  0.28684666E+02,   2462,    322,5415973,      3,     80,     10,      2,  0.77894113E-02,      3,     79,     10,      1,  0.46371985E+03
  0.28684666E+02,   2462,    323,5415974,      3,     80,      9,      2,  0.77828831E-02,      3,     79,     10,      1,  0.46371985E+03
  0.28684666E+02,   2462,    324,5415975,      3,     80,     11,     12,  0.77763909E-02,      3,     79,     10,      1,  0.46371985E+03
  0.28684666E+02,   2462,    325,5415976,      3,     80,      5,     19,  0.77699345E-02,      3,     79,     10,      1,  0.46371985E+03
  0.28684666E+02,   2462,    326,5415977,      3,     80,      9,      3,  0.77635136E-02,      3,     79,     10,      1,  0.46371985E+03
  0.28684666E+02,   2462,    327,5415978,      3,     80,      4,     17,  0.77571278E-02,      3,     79,     10,      1,  0.46371985E+03
  0.28684666E+02,   2462,    328,5415979,      3,     80,      6,      2,  0.77507767E-02,      3,     79,     10,      1,  0.46371985E+03
  0.28684666E+02,   2462,    329,5415980,      3,     80,      8,      3,  0.77444602E-02,      3,     79,     10,      1,  0.46371985E+03
  0.28684666E+02,   2462,    330,5415981,      3,     80,     11,      8,  0.77381778E-02,      3,     79,     10,      1,  0.46371985E+03
  0.28684666E+02,   2462,    331,5415982,      3,     80,     12,      2,  0.77319294E-02,      3,     79,     10,      1,  0.46371985E+03
  0.28684666E+02,   2462,    332,5415983,      3,     80,     10,      2,  0.77257145E-02,      3,     79,     10,      1,  0.46371985E+03
  0.28684666E+02,   2462,    333,5415984,      3,     80,     10,      1,  0.77195329E-02,      3,     79,     10,      1,  0.46371985E+03
  0.28684666E+02,   2462,    334,5415985,      4,      0,      9,      4,  0.77133843E-02,      3,     79,     10,      1,  0.46371985E+03
  0.28684666E+02,   2462,    335,5415986,      3,     80,      7,      3,  0.77072684E-02,      3,     79,     10,      1,  0.46371985E+03
  0.28684666E+02,   2462,    336,5415987,      3,     80,     11,      3,  0.77011849E-02,      3,     79,     10,      1,  0.46371985E+03
  0.28684666E+02,   2462,    337,5415988,      3,     80,      7,      2,  0.76951336E-02,      3,     79,     10,      1,  0.46371985E+03
  0.28684666E+02,   2462,    338,5415989,      3,     80,      9,      2,  0.76891141E-02,      3,     79,     10,      1,  0.46371985E+03
  0.28684666E+02,   2462,    339,5415990,      3,     80,     10,      1,  0.76831262E-02,      3,     79,     10,      1,  0.46371985E+03
  0.28684666E+02,   2462,    340,5415991,      3,     80,      5,      2,  0.76771696E-02,      3,     79,     10,      1,  0.46371985E+03
  0.28684666E+02,   2462,    341,5415992,      3,     80,     15,     17,  0.76712440E-02,      3,     79,     10,      1,  0.46371985E+03
  0.28684666E+02,   2462,    342,5415993,      3,     80,      8,     13,  0.76653492E-02,      3,     79,     10,      1,  0.46371985E+03
  0.28684666E+02,   2462,    343,5415994,      3,     80,     10,      1,  0.76594848E-02,      3,     79,     10,      1,  0.46371985E+03
  0.28684666E+02,   2462,    344,5415995,      3,     80,     10,     19,  0.76536508E-02,      3,     79,     10,      1,  0.46371985E+03
  0.28684666E+02,   2462,    345,5415996,      3,     80,     10,      1,  0.76478466E-02,      3,     79,     10,      1,  0.46371985E+03
  0.28684666E+02,   2462,    346,5415997,      3,     80,     10,      3,  0.76420722E-02,      3,     79,     10,      1,  0.46371985E+03
  0.28684666E+02,   2462,    347,5415998,      3,     80,     10,      4,  0.76363273E-02,      3,     79,     10,      1,  0.46371985E+03
  0.28684666E+02,   2462,    348,5415999,      3,     80,     10,     19,  0.76306116E-02,      3,     79,     10,      1,  0.46371985E+03
  0.28684666E+02,   2462,    349,5416000,      4,      0,     11,      2,  0.76249248E-02,      3,     79,     10,      1,  0.46371985E+03
  0.28684666E+02,   2462,    350,5416001,      3,     80,      8,      2,  0.76192668E-02,      3,     79,     10,      1,  0.46371985E+03
  0.28684666E+02,   2462,    351,5416002,      3,     80,     16,      3,  0.76136372E-02,      3,     79,     10,      1,  0.46371985E+03
  0.28684666E+02,   2462,    352,5416003,      3,     80,      9,      3,  0.76080359E-02,      3,     79,     10,      1,  0.46371985E+03
  0.28684666E+02,   2462,    353,5416004,      3,     80,      8,      3,  0.76024625E-02,      3,     79,     10,      1,  0.46371985E+03
  0.28684666E+02,   2462,    354,5416005,      3,     80,      6,      3,  0.75969169E-02,      3,     79,     10,      1,  0.46371985E+03
  0.28684666E+02,   2462,    355,5416006,      3,     80,      7,      2,  0.75913989E-02,      3,     79,     10,      1,  0.46371985E+03
  0.28684666E+02,   2462,    356,5416007,      3,     80,      9,      3,  0.75859081E-02,      3,     79,     10,      1,  0.46371985E+03
  0.28684666E+02,   2462,    357,5416008,      3,     80,     15,     16,  0.75804444E-02,      3,     79,     10,      1,  0.46371985E+03
  0.28684666E+02,   2462,    358,5416009,      3,     80,      9,      3,  0.75750076E-02,      3,     79,     10,      1,  0.46371985E+03
  0.28684666E+02,   2462,    359,5416010,      4,      0,      8,      9,  0.75695973E-02,      3,     79,     10,      1,  0.46371985E+03
  0.28684666E+02,   2462,    360,5416011,      2,     80,     15,     18,  0.75664090E-02,      3,     79,     10,      1,  0.46371985E+03
  0.28684666E+02,   2462,    361,5416012,      2,     80,     16,     18,  0.75645672E-02,      3,     79,     10,      1,  0.46371985E+03
  0.28684666E+02,   2462,    362,5416013,      2,     80,     14,      5,  0.75627264E-02,      3,     79,     10,      1,  0.46371985E+03
  0.28684666E+02,   2462,    363,5416014,      2,     80,     11,      3,  0.75608866E-02,      3,     79,     10,      1,  0.46371985E+03
  0.28684666E+02,   2462,    364,5416015,      3,      0,     15,     12,  0.75590478E-02,      3,     79,     10,      1,  0.46371985E+03
  0.28684666E+02,   2462,    365,5416016,      2,     80,      1,      1,  0.75572099E-02,      3,     79,     10,      1,  0.46371985E+03
  0.28684666E+02,   2462,    366,5416017,      3,      0,      7,      7,  0.75553730E-02,      3,     79,     10,      1,  0.46371985E+03
  0.28684666E+02,   2462,    367,5416018,      2,     80,     16,     14,  0.75535371E-02,      3,     79,     10,      1,  0.46371985E+03
  0.28684666E+02,   2462,    368,5416019,      3,      0,     13,     14,  0.75517022E-02,      3,     79,     10,      1,  0.46371985E+03
  0.28684666E+02,   2462,    369,5416020,      2,     80,      7,     19,  0.75498683E-02,      3,     79,     10,      1,  0.46371985E+03
  0.28684666E+02,   2462,    370,5416021,      2,     80,      4,      5,  0.75480354E-02,      3,     79,     10,      1,  0.46371985E+03
  0.28684666E+02,   2462,    371,5416022,      3,      0,     16,     12,  0.75462035E-02,      3,     79,     10,      1,  0.46371985E+03
  0.28684666E+02,   2462,    372,5416023,      2,     80,      6,     18,  0.75443726E-02,      3,     79,     10,      1,  0.46371985E+03
  0.28684666E+02,   2462,    373,5416024,      2,     80,      5,      5,  0.75425428E-02,      3,     79,     10,      1,  0.46371985E+03
  0.28684666E+02,   2462,    374,5416025,      3,      0,     14,      3,  0.75407139E-02,      3,     79,     10,      1,  0.46371985E+03
  0.28684666E+02,   2462,    375,5416026,      2,     80,     20,      8,  0.75388861E-02,      3,     79,     10,      1,  0.46371985E+03
  0.28684666E+02,   2462,    376,5416027,      2,     80,     19,     18,  0.75370592E-02,      3,     79,     10,      1,  0.46371985E+03
  0.28684666E+02,   2462,    377,5416028,      2,     80,     16,     10,  0.75352334E-02,      3,     79,     10,      1,  0.46371985E+03
  0.28684666E+02,   2462,    378,5416029,      2,     80,     12,     19,  0.75334087E-02,      3,     79,     10,      1,  0.46371985E+03
  0.28684666E+02,   2462,    379,5416030,      2,     80,     14,      5,  0.75315849E-02,      3,     79,     10,      1,  0.46371985E+03
  0.28684666E+02,   2462,    380,5416031,      2,     80,     18,      5,  0.75297622E-02,      3,     79,     10,      1,  0.46371985E+03
  0.28684666E+02,   2462,    381,5416032,      2,     80,      7,     17,  0.75279404E-02,      3,     79,     10,      1,  0.46371985E+03
  0.28684666E+02,   2462,    382,5416033,      2,     80,     12,     14,  0.75261197E-02,      3,     79,     10,      1,  0.46371985E+03
  0.28684666E+02,   2462,    383,5416034,      2,     80,      9,      2,  0.75243001E-02,      3,     79,     10,      1,  0.46371985E+03
  0.28684666E+02,   2462,    384,5416035,      3,      0,     11,     11,  0.75224814E-02,      3,     79,     10,      1,  0.46371985E+03
  0.28684666E+02,   2462,    385,5416036,      2,     80,      9,     12,  0.75206638E-02,      3,     79,     10,      1,  0.46371985E+03
  0.28684666E+02,   2462,    386,5416037,      3,      0,     15,      5,  0.75188471E-02,      3,     79,     10,      1,  0.46371985E+03
  0.28684666E+02,   2462,    387,5416038,      2,     80,     19,     14,  0.75170315E-02,      3,     79,     10,      1,  0.46371985E+03
  0.28684666E+02,   2462,    388,5416039,      2,     80,      8,     19,  0.75152169E-02,      3,     79,     10,      1,  0.46371985E+03
  0.28684666E+02,   2462,    389,5416040,      2,     80,     15,      8,  0.75134033E-02,      3,     79,     10,      1,  0.46371985E+03
  0.28684666E+02,   2462,    390,5416041,      2,     80,      8,     11,  0.75115907E-02,      3,     79,     10,      1,  0.46371985E+03
  0.28684666E+02,   2462,    391,5416042,      2,     80,      6,     17,  0.75097791E-02,      3,     79,     10,      1,  0.46371985E+03
  0.28684666E+02,   2462,    392,5416043,      2,     80,     14,     19,  0.75079686E-02,      3,     79,     10,      1,  0.46371985E+03
  0.28684666E+02,   2462,    393,5416044,      2,     80,      9,     13,  0.75061590E-02,      3,     79,     10,      1,  0.46371985E+03
  0.28684666E+02,   2462,    394,5416045,      2,     80,     19,      5,  0.75043504E-02,      3,     79,     10,      1,  0.46371985E+03
  0.28684666E+02,   2462,    395,5416046,      3,      0,      9,      9,  0.75025428E-02,      3,     79,     10,      1,  0.46371985E+03
  0.28684666E+02,   2462,    396,5416047,      3,      0,     12,     16,  0.75007362E-02,      3,     79,     10,      1,  0.46371985E+03
  0.28684666E+02,   2462,    397,5416048,      2,     80,      5,      3,  0.74989306E-02,      3,     79,     10,      1,  0.46371985E+03
  0.28684666E+02,   2462,    398,5416049,      2,     80,      9,     18,  0.74971260E-02,      3,     79,     10,      1,  0.46371985E+03
  0.28684666E+02,   2462,    399,5416050,      2,     80,     13,     18,  0.74953223E-02,      3,     79,     10,      1,  0.46371985E+03
  0.28684666E+02,   2462,    400,5416051,      2,     80,      3,     20,  0.74935197E-02,      3,     79,     10,      1,  0.46371985E+03
  0.28684666E+02,   2462,    401,5416052,      2,     80,      1,     17,  0.74917180E-02,      3,     79,     10,      1,  0.46371985E+03
  0.28684666E+02,   2462,    402,5416053,      3,      0,     14,      3,  0.74899172E-02,      3,     79,     10,      1,  0.46371985E+03
  0.28684666E+02,   2462,    403,5416054,      3,      0,     12,     20,  0.74881175E-02,      3,     79,     10,      1,  0.46371985E+03
  0.28684666E+02,   2462,    404,5416055,      2,     80,     12,     19,  0.74863186E-02,      3,     79,     10,      1,  0.46371985E+03
  0.28684666E+02,   2462,    405,5416056,      3,      0,      9,      5,  0.74845208E-02,      3,     79,     10,      1,  0.46371985E+03
  0.28684666E+02,   2462,    406,5416057,      2,     80,     15,      1,  0.74827238E-02,      3,     79,     10,      1,  0.46371985E+03
  0.28684666E+02,   2462,    407,5416058,      2,     80,      6,      4,  0.74809279E-02,      3,     79,     10,      1,  0.46371985E+03
  0.28684666E+02,   2462,    408,5416059,      2,     80,     16,     15,  0.74791328E-02,      3,     79,     10,      1,  0.46371985E+03
  0.28684666E+02,   2462,    409,5416060,      2,     80,     16,     18,  0.74773387E-02,      3,     79,     10,      1,  0.46371985E+03
  0.28684666E+02,   2462,    410,5416061,      2,     80,      9,     18,  0.74755455E-02,      3,     79,     10,      1,  0.46371985E+03
  0.28684666E+02,   2462,    411,5416062,      3,      0,     14,     16,  0.74737533E-02,      3,     79,     10,      1,  0.46371985E+03
  0.28684666E+02,   2462,    412,5416063,      2,     80,     15,      1,  0.74719619E-02,      3,     79,     10,      1,  0.46371985E+03
  0.28684666E+02,   2462,    413,5416064,      3,      0,     20,     17,  0.74701715E-02,      3,     79,     10,      1,  0.46371985E+03
  0.28684666E+02,   2462,    414,5416065,      2,     80,      1,      2,  0.74683820E-02,      3,     79,     10,      1,  0.46371985E+03
  0.28684666E+02,   2462,    415,5416066,      2,     80,      9,      7,  0.74665933E-02,      3,     79,     10,      1,  0.46371985E+03
  0.28684666E+02,   2462,    416,5416067,      3,      0,     10,     15,  0.74648056E-02,      3,     79,     10,      1,  0.46371985E+03
  0.28684666E+02,   2462,    417,5416068,      2,     80,     11,     10,  0.74630187E-02,      3,     79,     10,      1,  0.46371985E+03
  0.28684666E+02,   2462,    418,5416069,      2,     80,     11,      5,  0.74612328E-02,      3,     79,     10,      1,  0.46371985E+03
  0.28684666E+02,   2462,    419,5416070,      2,     80,      5,     18,  0.74594477E-02,      3,     79,     10,      1,  0.46371985E+03
  0.28684666E+02,   2462,    420,5416071,      2,     80,     14,      2,  0.74576635E-02,      3,     79,     10,      1,  0.46371985E+03
  0.28684666E+02,   2462,    421,5416072,      2,     80,      9,     19,  0.74558801E-02,      3,     79,     10,      1,  0.46371985E+03
  0.28684666E+02,   2462,    422,5416073,      2,     80,     15,      2,  0.74540976E-02,      3,     79,     10,      1,  0.46371985E+03
  0.28684666E+02,   2462,    423,5416074,      3,      0,      4,      3,  0.74523160E-02,      3,     79,     10,      1,  0.46371985E+03
  0.28684666E+02,   2462,    424,5416075,      3,      0,     11,     11,  0.74505351E-02,      3,     79,     10,      1,  0.46371985E+03
  0.28684666E+02,   2462,    425,5416076,      3,      0,      6,     10,  0.74487552E-02,      3,     79,     10,      1,  0.46371985E+03
  0.28684666E+02,   2462,    426,5416077,      2,     80,     11,      3,  0.74469761E-02,      3,     79,     10,      1,  0.46371985E+03
  0.28684666E+02,   2462,    427,5416078,      2,     80,     18,     10,  0.74451977E-02,      3,     79,     10,      1,  0.46371985E+03
  0.28684666E+02,   2462,    428,5416079,      3,      0,      3,     16,  0.74434203E-02,      3,     79,     10,      1,  0.46371985E+03
  0.28684666E+02,   2462,    429,5416080,      2,     80,      5,     18,  0.74416436E-02,      3,     79,     10,      1,  0.46371985E+03
  0.28684666E+02,   2462,    430,5416081,      3,      0,      3,     16,  0.74398677E-02,      3,     79,     10,      1,  0.46371985E+03
  0.28684666E+02,   2462,    431,5416082,      3,      0,     11,      2,  0.74380927E-02,      3,     79,     10,      1,  0.46371985E+03
  0.28684666E+02,   2462,    432,5416083,      2,     80,      5,      1,  0.74363184E-02,      3,     79,     10,      1,  0.46371985E+03
  0.28684666E+02,   2462,    433,5416084,      2,     80,     16,      7,  0.74345449E-02,      3,     79,     10,      1,  0.46371985E+03
  0.28684666E+02,   2462,    434,5416085,      3,      0,     19,     20,  0.74327722E-02,      3,     79,     10,      1,  0.46371985E+03
  0.28684666E+02,   2462,    435,5416086,      2,     80,     14,     19,  0.74310003E-02,      3,     79,     10,      1,  0.46371985E+03
  0.28684666E+02,   2462,    436,5416087,      2,     80,     17,     16,  0.74292292E-02,      3,     79,     10,      1,  0.46371985E+03
  0.28684666E+02,   2462,    437,5416088,      3,      0,     19,     13,  0.74274588E-02,      3,     79,     10,      1,  0.46371985E+03
  0.28684666E+02,   2462,    438,5416089,      2,     80,      4,     14,  0.74256891E-02,      3,     79,     10,      1,  0.46371985E+03
  0.28684666E+02,   2462,    439,5416090,      3,      0,     17,     13,  0.74239202E-02,      3,     79,     10,      1,  0.46371985E+03
  0.28684666E+02,   2462,    440,5416091,      2,     80,     12,     15,  0.74221521E-02,      3,     79,     10,      1,  0.46371985E+03
  0.28684666E+02,   2462,    441,5416092,      2,     80,     18,      1,  0.74203847E-02,      3,     79,     10,      1,  0.46371985E+03
  0.28684666E+02,   2462,    442,5416093,      2,     80,     12,      4,  0.74186180E-02,      3,     79,     10,      1,  0.46371985E+03
  0.28684666E+02,   2462,    443,5416094,      2,     80,     12,      1,  0.74168521E-02,      3,     79,     10,      1,  0.46371985E+03
  0.28684666E+02,   2462,    444,5416095,      2,     80,     11,     10,  0.74150868E-02,      3,     79,     10,      1,  0.46371985E+03
  0.28684666E+02,   2462,    445,5416096,      2,     80,     13,     13,  0.74133223E-02,      3,     79,     10,      1,  0.46371985E+03
  0.28684666E+02,   2462,    446,5416097,      2,     80,     11,      1,  0.74115585E-02,      3,     79,     10,      1,  0.46371985E+03
  0.28684666E+02,   2462,    447,5416098,      2,     80,     14,      5,  0.74097954E-02,      3,     79,     10,      1,  0.46371985E+03
  0.28684666E+02,   2462,    448,5416099,      3,      0,      4,     10,  0.74080330E-02,      3,     79,     10,      1,  0.46371985E+03
  0.28684666E+02,   2462,    449,5416100,      2,     80,      2,     17,  0.74062712E-02,      3,     79,     10,      1,  0.46371985E+03
  0.28684666E+02,   2462,    450,5416101,      2,     80,      6,      1,  0.74045101E-02,      3,     79,     10,      1,  0.46371985E+03
  0.28684666E+02,   2462,    451,5416102,      2,     80,     20,     16,  0.74027497E-02,      3,     79,     10,      1,  0.46371985E+03
  0.28684666E+02,   2462,    452,5416103,      2,     80,      5,      1,  0.74009900E-02,      3,     79,     10,      1,  0.46371985E+03
  0.28684666E+02,   2462,    453,5416104,      2,     80,      6,      3,  0.73992309E-02,      3,     79,     10,      1,  0.46371985E+03
  0.28684666E+02,   2462,    454,5416105,      2,     80,      2,     10,  0.73974725E-02,      3,     79,     10,      1,  0.46371985E+03
  0.28684666E+02,   2462,    455,5416106,      3,      0,     12,     18,  0.73957148E-02,      3,     79,     10,      1,  0.46371985E+03
  0.28684666E+02,   2462,    456,5416107,      3,      0,      4,      8,  0.73939576E-02,      3,     79,     10,      1,  0.46371985E+03
  0.28684666E+02,   2462,    457,5416108,      3,      0,      8,     13,  0.73922011E-02,      3,     79,     10,      1,  0.46371985E+03
  0.28684666E+02,   2462,    458,5416109,      2,     80,      7,     12,  0.73904453E-02,      3,     79,     10,      1,  0.46371985E+03
  0.28684666E+02,   2462,    459,5416110,      2,     80,     10,      3,  0.73886900E-02,      3,     79,     10,      1,  0.46371985E+03
  0.28684666E+02,   2462,    460,5416111,      2,     80,      2,      3,  0.73869354E-02,      3,     79,     10,      1,  0.46371985E+03
  0.28684666E+02,   2462,    461,5416112,      3,      0,      4,      9,  0.73851813E-02,      3,     79,     10,      1,  0.46371985E+03
  0.28684666E+02,   2462,    462,5416113,      2,     80,     20,      3,  0.73834279E-02,      3,     79,     10,      1,  0.46371985E+03
  0.28684666E+02,   2462,    463,5416114,      2,     80,      7,     17,  0.73816751E-02,      3,     79,     10,      1,  0.46371985E+03
  0.28684666E+02,   2462,    464,5416115,      3,      0,     16,      2,  0.73799229E-02,      3,     79,     10,      1,  0.46371985E+03
  0.28684666E+02,   2462,    465,5416116,      2,     80,      7,     17,  0.73781712E-02,      3,     79,     10,      1,  0.46371985E+03
  0.28684666E+02,   2462,    466,5416117,      2,     80,     17,      7,  0.73764201E-02,      3,     79,     10,      1,  0.46371985E+03
  0.28684666E+02,   2462,    467,5416118,      3,      0,     11,      6,  0.73746696E-02,      3,     79,     10,      1,  0.46371985E+03
  0.28684666E+02,   2462,    468,5416119,      2,     80,      6,      4,  0.73729197E-02,      3,     79,     10,      1,  0.46371985E+03
  0.28684666E+02,   2462,    469,5416120,      2,     80,     16,      4,  0.73711703E-02,      3,     79,     10,      1,  0.46371985E+03
  0.28684666E+02,   2462,    470,5416121,      2,     80,     14,     19,  0.73694215E-02,      3,     79,     10,      1,  0.46371985E+03
  0.28684666E+02,   2462,    471,5416122,      2,     80,     12,      4,  0.73676732E-02,      3,     79,     10,      1,  0.46371985E+03
  0.28684666E+02,   2462,    472,5416123,      3,      0,     14,      6,  0.73659255E-02,      3,     79,     10,      1,  0.46371985E+03
  0.28684666E+02,   2462,    473,5416124,      1,     80,     17,      8,  0.73650478E-02,      3,     79,     10,      1,  0.46371985E+03
  0.28684666E+02,   2462,    474,5416125,      2,      0,      6,     15,  0.73650424E-02,      3,     79,     10,      1,  0.46371985E+03
  0.28684666E+02,   2462,    475,5416126,      1,     80,     15,     14,  0.73650261E-02,      3,     79,     10,      1,  0.46371985E+03
  0.28684666E+02,   2462,    476,5416127,      2,      0,      6,     11,  0.73649989E-02,      3,     79,     10,      1,  0.46371985E+03
  0.28684666E+02,   2462,    477,5416128,      1,     80,     11,      4,  0.73649611E-02,      3,     79,     10,      1,  0.46371985E+03
  0.28684666E+02,   2462,    478,5416129,      1,     80,     13,      3,  0.73649125E-02,      3,     79,     10,      1,  0.46371985E+03
  0.28684666E+02,   2462,    479,5416130,      2,      0,      6,     13,  0.73648534E-02,      3,     79,     10,      1,  0.46371985E+03
  0.28684666E+02,   2462,    480,5416131,      1,     80,     13,      5,  0.73647837E-02,      3,     79,     10,      1,  0.46371985E+03
  0.28684666E+02,   2462,    481,5416132,      1,     80,     12,     10,  0.73647036E-02,      3,     79,     10,      1,  0.46371985E+03
  0.28684666E+02,   2462,    482,5416133,      1,     80,     20,     20,  0.73646131E-02,      3,     79,     10,      1,  0.46371985E+03
  0.28684666E+02,   2462,    483,5416134,      1,     80,      7,     11,  0.73645122E-02,      3,     79,     10,      1,  0.46371985E+03
  0.28684666E+02,   2462,    484,5416135,      2,      0,     20,     14,  0.73644011E-02,      3,     79,     10,      1,  0.46371985E+03
  0.28684666E+02,   2462,    485,5416136,      1,     80,      2,      3,  0.73642798E-02,      3,     79,     10,      1,  0.46371985E+03
  0.28684666E+02,   2462,    486,5416137,      1,     80,     15,      4,  0.73641484E-02,      3,     79,     10,      1,  0.46371985E+03
  0.28684666E+02,   2462,    487,5416138,      1,     80,      7,      1,  0.73640069E-02,      3,     79,     10,      1,  0.46371985E+03
  0.28684666E+02,   2462,    488,5416139,      2,      0,      8,      5,  0.73638554E-02,      3,     79,     10,      1,  0.46371985E+03
  0.28684666E+02,   2462,    489,5416140,      2,      0,     10,     11,  0.73636940E-02,      3,     79,     10,      1,  0.46371985E+03
  0.28684666E+02,   2462,    490,5416141,      1,     80,     11,     18,  0.73635227E-02,      3,     79,     10,      1,  0.46371985E+03
  0.28684666E+02,   2462,    491,5416142,      1,     80,     12,     12,  0.73633417E-02,      3,     79,     10,      1,  0.46371985E+03
  0.28684666E+02,   2462,    492,5416143,      1,     80,     13,      4,  0.73631509E-02,      3,     79,     10,      1,  0.46371985E+03
  0.28684666E+02,   2462,    493,5416144,      1,     80,     14,     11,  0.73629504E-02,      3,     79,     10,      1,  0.46371985E+03
  0.28684666E+02,   2462,    494,5416145,      1,     80,     17,     10,  0.73627403E-02,      3,     79,     10,      1,  0.46371985E+03
  0.28684666E+02,   2462,    495,5416146,      1,     80,     18,     13,  0.73625207E-02,      3,     79,     10,      1,  0.46371985E+03
  0.28684666E+02,   2462,    496,5416147,      1,     80,     19,     18,  0.73622916E-02,      3,     79,     10,      1,  0.46371985E+03
  0.28684666E+02,   2462,    497,5416148,      1,     80,     16,     10,  0.73620531E-02,      3,     79,     10,      1,  0.46371985E+03
  0.28684666E+02,   2462,    498,5416149,      2,      0,      1,     10,  0.73618052E-02,      3,     79,     10,      1,  0.46371985E+03
  0.28684666E+02,   2462,    499,5416150,      1,     80,     16,     10,  0.73615480E-02,      3,     79,     10,      1,  0.46371985E+03
  0.28684666E+02,   2462,    500,5416151,      2,      0,     10,      7,  0.73612816E-02,      3,     79,     10,      1,  0.46371985E+03
  0.28684666E+02,   2462,    501,5416152,      1,     80,      6,      4,  0.73610060E-02,      3,     79,     10,      1,  0.46371985E+03
  0.28684666E+02,   2462,    502,5416153,      1,     80,      2,      7,  0.73607213E-02,      3,     79,     10,      1,  0.46371985E+03
  0.28684666E+02,   2462,    503,5416154,      2,      0,     15,      8,  0.73604275E-02,      3,     79,     10,      1,  0.46371985E+03
  0.28684666E+02,   2462,    504,5416155,      2,      0,      3,     16,  0.73601248E-02,      3,     79,     10,      1,  0.46371985E+03
  0.28684666E+02,   2462,    505,5416156,      1,     80,     13,     11,  0.73598130E-02,      3,     79,     10,      1,  0.46371985E+03
  0.28684666E+02,   2462,    506,5416157,      1,     80,      4,     15,  0.73594925E-02,      3,     79,     10,      1,  0.46371985E+03
  0.28684666E+02,   2462,    507,5416158,      1,     80,     13,      1,  0.73591630E-02,      3,     79,     10,      1,  0.46371985E+03
  0.28684666E+02,   2462,    508,5416159,      1,     80,      5,     18,  0.73588249E-02,      3,     79,     10,      1,  0.46371985E+03
  0.28684666E+02,   2462,    509,5416160,      1,     80,     19,      3,  0.73584780E-02,      3,     79,     10,      1,  0.46371985E+03
  0.28684666E+02,   2462,    510,5416161,      2,      0,      6,     15,  0.73581224E-02,      3,     79,     10,      1,  0.46371985E+03
  0.28684666E+02,   2462,    511,5416162,      1,     80,     16,     17,  0.73577583E-02,      3,     79,     10,      1,  0.46371985E+03
  0.28684666E+02,   2462,    512,5416163,      1,     80,      2,      7,  0.73573856E-02,      3,     79,     10,      1,  0.46371985E+03
  0.28684666E+02,   2462,    513,5416164,      1,     80,     20,      5,  0.73570044E-02,      3,     79,     10,      1,  0.46371985E+03
  0.28684666E+02,   2462,    514,5416165,      1,     80,     11,      9,  0.73566148E-02,      3,     79,     10,      1,  0.46371985E+03
  0.28684666E+02,   2462,    515,5416166,      2,      0,     12,     20,  0.73562168E-02,      3,     79,     10,      1,  0.46371985E+03
  0.28684666E+02,   2462,    516,5416167,      1,     80,     13,      5,  0.73558105E-02,      3,     79,     10,      1,  0.46371985E+03
  0.28684666E+02,   2462,    517,5416168,      1,     80,      9,     13,  0.73553959E-02,      3,     79,     10,      1,  0.46371985E+03
  0.28684666E+02,   2462,    518,5416169,      1,     80,     18,      4,  0.73549732E-02,      3,     79,     10,      1,  0.46371985E+03
  0.28684666E+02,   2462,    519,5416170,      1,     80,      5,      7,  0.73545422E-02,      3,     79,     10,      1,  0.46371985E+03
  0.28684666E+02,   2462,    520,5416171,      1,     80,     18,     11,  0.73541032E-02,      3,     79,     10,      1,  0.46371985E+03
  0.28684666E+02,   2462,    521,5416172,      1,     80,      2,      7,  0.73536560E-02,      3,     79,     10,      1,  0.46371985E+03
  0.28684666E+02,   2462,    522,5416173,      1,     80,      1,      5,  0.73532009E-02,      3,     79,     10,      1,  0.46371985E+03
  0.28684666E+02,   2462,    523,5416174,      1,     80,      5,     18,  0.73527379E-02,      3,     79,     10,      1,  0.46371985E+03
  0.28684666E+02,   2462,    524,5416175,      1,     80,      3,      7,  0.73522669E-02,      3,     79,     10,      1,  0.46371985E+03
  0.28684666E+02,   2462,    525,5416176,      1,     80,     11,     17,  0.73517881E-02,      3,     79,     10,      1,  0.46371985E+03
  0.28684666E+02,   2462,    526,5416177,      1,     80,     19,      9,  0.73513015E-02,      3,     79,     10,      1,  0.46371985E+03
  0.28684666E+02,   2462,    527,5416178,      1,     80,     15,      3,  0.73508071E-02,      3,     79,     10,      1,  0.46371985E+03
  0.28684666E+02,   2462,    528,5416179,      1,     80,      6,      3,  0.73503051E-02,      3,     79,     10,      1,  0.46371985E+03
  0.28684666E+02,   2462,    529,5416180,      1,     80,     13,     16,  0.73497954E-02,      3,     79,     10,      1,  0.46371985E+03
  0.28684666E+02,   2462,    530,5416181,      2,      0,     16,     11,  0.73492781E-02,      3,     79,     10,      1,  0.46371985E+03
  0.28684666E+02,   2462,    531,5416182,      1,     80,      3,      9,  0.73487532E-02,      3,     79,     10,      1,  0.46371985E+03
  0.28684666E+02,   2462,    532,5416183,      1,     80,      5,     11,  0.73482209E-02,      3,     79,     10,      1,  0.46371985E+03
  0.28684666E+02,   2462,    533,5416184,      1,     80,     11,      8,  0.73476811E-02,      3,     79,     10,      1,  0.46371985E+03
  0.28684666E+02,   2462,    534,5416185,      1,     80,      8,      2,  0.73471339E-02,      3,     79,     10,      1,  0.46371985E+03
  0.28684666E+02,   2462,    535,5416186,      1,     80,      6,     14,  0.73465794E-02,      3,     79,     10,      1,  0.46371985E+03
  0.28684666E+02,   2462,    536,5416187,      2,      0,      6,     12,  0.73460175E-02,      3,     79,     10,      1,  0.46371985E+03
  0.28684666E+02,   2462,    537,5416188,      1,     80,     18,     11,  0.73454484E-02,      3,     79,     10,      1,  0.46371985E+03
  0.28684666E+02,   2462,    538,5416189,      1,     80,      1,     16,  0.73448720E-02,      3,     79,     10,      1,  0.46371985E+03
  0.28684666E+02,   2462,    539,5416190,      1,     80,     11,     18,  0.73442885E-02,      3,     79,     10,      1,  0.46371985E+03
  0.28684666E+02,   2462,    540,5416191,      1,     80,     14,     12,  0.73436979E-02,      3,     79,     10,      1,  0.46371985E+03
  0.28684666E+02,   2462,    541,5416192,      1,     80,      6,      5,  0.73431002E-02,      3,     79,     10,      1,  0.46371985E+03
  0.28684666E+02,   2462,    542,5416193,      1,     80,     20,      4,  0.73424955E-02,      3,     79,     10,      1,  0.46371985E+03
  0.28684666E+02,   2462,    543,5416194,      1,     80,     19,      7,  0.73418838E-02,      3,     79,     10,      1,  0.46371985E+03
  0.28684666E+02,   2462,    544,5416195,      2,      0,     12,      2,  0.73412651E-02,      3,     79,     10,      1,  0.46371985E+03
  0.28684666E+02,   2462,    545,5416196,      1,     80,     20,      3,  0.73406396E-02,      3,     79,     10,      1,  0.46371985E+03
  0.28684666E+02,   2462,    546,5416197,      1,     80,      4,      2,  0.73400072E-02,      3,     79,     10,      1,  0.46371985E+03
  0.28684666E+02,   2462,    547,5416198,      1,     80,      8,      3,  0.73393680E-02,      3,     79,     10,      1,  0.46371985E+03
  0.28684666E+02,   2462,    548,5416199,      1,     80,     11,      1,  0.73387221E-02,      3,     79,     10,      1,  0.46371985E+03
  0.28684666E+02,   2462,    549,5416200,      1,     80,     20,      2,  0.73380694E-02,      3,     79,     10,      1,  0.46371985E+03
  0.28684666E+02,   2462,    550,5416201,      1,     80,      5,     18,  0.73374100E-02,      3,     79,     10,      1,  0.46371985E+03
  0.28684666E+02,   2462,    551,5416202,      1,     80,      8,      1,  0.73367441E-02,      3,     79,     10,      1,  0.46371985E+03
  0.28684666E+02,   2462,    552,5416203,      1,     80,      2,      8,  0.73360715E-02,      3,     79,     10,      1,  0.46371985E+03
  0.28684666E+02,   2462,    553,5416204,      1,     80,      1,     12,  0.73353924E-02,      3,     79,     10,      1,  0.46371985E+03
  0.28684666E+02,   2462,    554,5416205,      2,      0,     10,     20,  0.73347068E-02,      3,     79,     10,      1,  0.46371985E+03
  0.28684666E+02,   2462,    555,5416206,      2,      0,      6,     15,  0.73340147E-02,      3,     79,     10,      1,  0.46371985E+03
  0.28684666E+02,   2462,    556,5416207,      1,     80,      2,      8,  0.73333162E-02,      3,     79,     10,      1,  0.46371985E+03
  0.28684666E+02,   2462,    557,5416208,      1,     80,      9,      1,  0.73326113E-02,      3,     79,     10,      1,  0.46371985E+03
  0.28684666E+02,   2462,    558,5416209,      1,     80,     19,     14,  0.73319001E-02,      3,     79,     10,      1,  0.46371985E+03
  0.28684666E+02,   2462,    559,5416210,      1,     80,     20,     15,  0.73311826E-02,      3,     79,     10,      1,  0.46371985E+03
  0.28684666E+02,   2462,    560,5416211,      1,     80,     14,     10,  0.73304588E-02,      3,     79,     10,      1,  0.46371985E+03
  0.28684666E+02,   2462,    561,5416212,      1,     80,     13,      2,  0.73297288E-02,      3,     79,     10,      1,  0.46371985E+03
  0.28684666E+02,   2462,    562,5416213,      1,     80,     10,      5,  0.73289926E-02,      3,     79,     10,      1,  0.46371985E+03
  0.28684666E+02,   2462,    563,5416214,      1,     80,     11,      4,  0.73282503E-02,      3,     79,     10,      1,  0.46371985E+03
  0.28684666E+02,   2462,    564,5416215,      1,     80,     10,     17,  0.73275019E-02,      3,     79,     10,      1,  0.46371985E+03
  0.28684666E+02,   2462,    565,5416216,      2,      0,      3,     13,  0.73267475E-02,      3,     79,     10,      1,  0.46371985E+03
  0.28684666E+02,   2462,    566,5416217,      1,     80,      8,     11,  0.73259870E-02,      3,     79,     10,      1,  0.46371985E+03
  0.28684666E+02,   2462,    567,5416218,      1,     80,      5,      1,  0.73252205E-02,      3,     79,     10,      1,  0.46371985E+03
  0.28684666E+02,   2462,    568,5416219,      2,      0,     17,     18,  0.73244481E-02,      3,     79,     10,      1,  0.46371985E+03
  0.28684666E+02,   2462,    569,5416220,      1,     80,      9,     13,  0.73236698E-02,      3,     79,     10,      1,  0.46371985E+03
  0.28684666E+02,   2462,    570,5416221,      1,     80,      5,      2,  0.73228856E-02,      3,     79,     10,      1,  0.46371985E+03
  0.28684666E+02,   2462,    571,5416222,      2,      0,     15,     11,  0.73220956E-02,      3,     79,     10,      1,  0.46371985E+03
  0.28684666E+02,   2462,    572,5416223,      1,     80,      3,      5,  0.73212998E-02,      3,     79,     10,      1,  0.46371985E+03
  0.28684666E+02,   2462,    573,5416224,      2,      0,      2,      5,  0.73204983E-02,      3,     79,     10,      1,  0.46371985E+03
  0.28684666E+02,   2462,    574,5416225,      1,     80,     12,      8,  0.73196910E-02,      3,     79,     10,      1,  0.46371985E+03
  0.28684666E+02,   2462,    575,5416226,      2,      0,     19,      2,  0.73188781E-02,      3,     79,     10,      1,  0.46371985E+03
  0.28684666E+02,   2462,    576,5416227,      1,     80,     12,      8,  0.73180595E-02,      3,     79,     10,      1,  0.46371985E+03
  0.28684666E+02,   2462,    577,5416228,      1,     80,      9,      1,  0.73172353E-02,      3,     79,     10,      1,  0.46371985E+03
  0.28684666E+02,   2462,    578,5416229,      1,     80,      4,      4,  0.73164055E-02,      3,     79,     10,      1,  0.46371985E+03
  0.28684666E+02,   2462,    579,5416230,      1,     80,      9,     12,  0.73155702E-02,      3,     79,     10,      1,  0.46371985E+03
  0.28684666E+02,   2462,    580,5416231,      2,      0,     10,      8,  0.73147294E-02,      3,     79,     10,      1,  0.46371985E+03
  0.28684666E+02,   2462,    581,5416232,      2,      0,     11,     15,  0.73138831E-02,      3,     79,     10,      1,  0.46371985E+03
  0.28684666E+02,   2462,    582,5416233,      2,      0,     10,      8,  0.73130314E-02,      3,     79,     10,      1,  0.46371985E+03
  0.28684666E+02,   2462,    583,5416234,      1,     80,      4,     15,  0.73121743E-02,      3,     79,     10,      1,  0.46371985E+03
  0.28684666E+02,   2462,    584,5416235,      1,     80,     16,      5,  0.73113118E-02,      3,     79,     10,      1,  0.46371985E+03
  0.28684666E+02,   2462,    585,5416236,      1,     80,     20,     11,  0.73104440E-02,      3,     79,     10,      1,  0.46371985E+03
  0.28684666E+02,   2462,    586,5416237,      1,     80,      5,      1,  0.73095710E-02,      3,     79,     10,      1,  0.46371985E+03
  0.28684666E+02,   2462,    587,5416238,      1,     80,     10,      3,  0.73086926E-02,      3,     79,     10,      1,  0.46371985E+03
  0.28684666E+02,   2462,    588,5416239,      1,     80,     11,     19,  0.73078090E-02,      3,     79,     10,      1,  0.46371985E+03
  0.28684666E+02,   2462,    589,5416240,      1,     80,      4,      4,  0.73069203E-02,      3,     79,     10,      1,  0.46371985E+03
  0.28684666E+02,   2462,    590,5416241,      2,      0,     13,     19,  0.73060264E-02,      3,     79,     10,      1,  0.46371985E+03
  0.28684666E+02,   2462,    591,5416242,      2,      0,      8,      5,  0.73051273E-02,      3,     79,     10,      1,  0.46371985E+03
  0.28684666E+02,   2462,    592,5416243,      1,     80,     14,     12,  0.73042232E-02,      3,     79,     10,      1,  0.46371985E+03
  0.28684666E+02,   2462,    593,5416244,      1,     80,     12,     10,  0.73033140E-02,      3,     79,     10,      1,  0.46371985E+03
  0.28684666E+02,   2462,    594,5416245,      1,     80,      6,     14,  0.73023997E-02,      3,     79,     10,      1,  0.46371985E+03
  0.28684666E+02,   2462,    595,5416246,      1,     80,      4,      9,  0.73014805E-02,      3,     79,     10,      1,  0.46371985E+03
  0.28684666E+02,   2462,    596,5416247,      1,     80,      1,      5,  0.73005563E-02,      3,     79,     10,      1,  0.46371985E+03
  0.28684666E+02,   2462,    597,5416248,      1,     80,      2,      2,  0.72996272E-02,      3,     79,     10,      1,  0.46371985E+03
  0.28684666E+02,   2462,    598,5416249,      1,     80,      5,     16,  0.72986932E-02,      3,     79,     10,      1,  0.46371985E+03
  0.28684666E+02,   2462,    599,5416250,      1,     80,     13,      4,  0.72977543E-02,      3,     79,     10,      1,  0.46371985E+03
  0.28684666E+02,   2462,    600,5416251,      1,     80,      3,     18,  0.72968105E-02,      3,     79,     10,      1,  0.46371985E+03
  0.28684666E+02,   2462,    601,5416252,      1,     80,      7,      4,  0.72958620E-02,      3,     79,     10,      1,  0.46371985E+03
  0.28684666E+02,   2462,    602,5416253,      1,     80,      9,      3,  0.72949087E-02,      3,     79,     10,      1,  0.46371985E+03
  0.28684666E+02,   2462,    603,5416254,      1,     80,      7,      4,  0.72939506E-02,      3,     79,     10,      1,  0.46371985E+03
  0.28684666E+02,   2462,    604,5416255,      1,     80,     17,     19,  0.72929878E-02,      3,     79,     10,      1,  0.46371985E+03
  0.28684666E+02,   2462,    605,5416256,      1,     80,     18,     15,  0.72920204E-02,      3,     79,     10,      1,  0.46371985E+03
  0.28684666E+02,   2462,    606,5416257,      1,     80,     13,      3,  0.72910483E-02,      3,     79,     10,      1,  0.46371985E+03
  0.28684666E+02,   2462,    607,5416258,      1,     80,      6,      3,  0.72900715E-02,      3,     79,     10,      1,  0.46371985E+03
  0.28684666E+02,   2462,    608,5416259,      2,      0,      5,      4,  0.72890902E-02,      3,     79,     10,      1,  0.46371985E+03
  0.28684666E+02,   2462,    609,5416260,      1,     80,     20,     18,  0.72881042E-02,      3,     79,     10,      1,  0.46371985E+03
  0.28684666E+02,   2462,    610,5416261,      2,      0,      3,     11,  0.72871138E-02,      3,     79,     10,      1,  0.46371985E+03
  0.28684666E+02,   2462,    611,5416262,      1,     80,      8,      2,  0.72861188E-02,      3,     79,     10,      1,  0.46371985E+03
  0.28684666E+02,   2462,    612,5416263,      1,     80,      5,      1,  0.72851194E-02,      3,     79,     10,      1,  0.46371985E+03
  0.28684666E+02,   2462,    613,5416264,      2,      0,      3,     11,  0.72841155E-02,      3,     79,     10,      1,  0.46371985E+03
  0.28684666E+02,   2462,    614,5416265,      1,     80,      4,     19,  0.72831072E-02,      3,     79,     10,      1,  0.46371985E+03
  0.28684666E+02,   2462,    615,5416266,      1,     80,      3,      5,  0.72820945E-02,      3,     79,     10,      1,  0.46371985E+03
  0.28684666E+02,   2462,    616,5416267,      1,     80,     19,      4,  0.72810774E-02,      3,     79,     10,      1,  0.46371985E+03
  0.28684666E+02,   2462,    617,5416268,      1,     80,      9,     13,  0.72800559E-02,      3,     79,     10,      1,  0.46371985E+03
  0.28684666E+02,   2462,    618,5416269,      1,     80,      7,      3,  0.72790302E-02,      3,     79,     10,      1,  0.46371985E+03
  0.28684666E+02,   2462,    619,5416270,      2,      0,     10,      8,  0.72780002E-02,      3,     79,     10,      1,  0.46371985E+03
  0.28684666E+02,   2462,    620,5416271,      1,     80,     19,     18,  0.72769659E-02,      3,     79,     10,      1,  0.46371985E+03
  0.28684666E+02,   2462,    621,5416272,      2,      0,     11,     13,  0.72759274E-02,      3,     79,     10,      1,  0.46371985E+03
  0.28684666E+02,   2462,    622,5416273,      2,      0,      6,     15,  0.72748847E-02,      3,     79,     10,      1,  0.46371985E+03
  0.28684666E+02,   2462,    623,5416274,      1,     80,      3,     10,  0.72738378E-02,      3,     79,     10,      1,  0.46371985E+03
  0.28684666E+02,   2462,    624,5416275,      1,     80,      5,     16,  0.72727868E-02,      3,     79,     10,      1,  0.46371985E+03
  0.28684666E+02,   2462,    625,5416276,      1,     80,     13,     10,  0.72717316E-02,      3,     79,     10,      1,  0.46371985E+03
  0.28684666E+02,   2462,    626,5416277,      1,     80,      5,     16,  0.72706724E-02,      3,     79,     10,      1,  0.46371985E+03
  0.28684666E+02,   2462,    627,5416278,      1,     80,     19,      5,  0.72696090E-02,      3,     79,     10,      1,  0.46371985E+03
  0.28684666E+02,   2462,    628,5416279,      1,     80,     20,      2,  0.72685417E-02,      3,     79,     10,      1,  0.46371985E+03
  0.28684666E+02,   2462,    629,5416280,      1,     80,     16,     14,  0.72674703E-02,      3,     79,     10,      1,  0.46371985E+03
  0.28684666E+02,   2462,    630,5416281,      1,     80,     20,      2,  0.72663949E-02,      3,     79,     10,      1,  0.46371985E+03
  0.28684666E+02,   2462,    631,5416282,      1,     80,      4,      7,  0.72653155E-02,      3,     79,     10,      1,  0.46371985E+03
  0.28684666E+02,   2462,    632,5416283,      2,      0,      3,     17,  0.72642322E-02,      3,     79,     10,      1,  0.46371985E+03
  0.28684666E+02,   2462,    633,5416284,      1,     80,      9,     16,  0.72631450E-02,      3,     79,     10,      1,  0.46371985E+03
  0.28684666E+02,   2462,    634,5416285,      2,      0,     15,      5,  0.72620539E-02,      3,     79,     10,      1,  0.46371985E+03
  0.28684666E+02,   2462,    635,5416286,      2,      0,      8,      5,  0.72609589E-02,      3,     79,     10,      1,  0.46371985E+03
  0.28684666E+02,   2462,    636,5416287,      1,     80,     16,      9,  0.72598601E-02,      3,     79,     10,      1,  0.46371985E+03
  0.28684666E+02,   2462,    637,5416288,      1,     80,     10,      2,  0.72587574E-02,      3,     79,     10,      1,  0.46371985E+03
  0.28684666E+02,   2462,    638,5416289,      1,     80,     11,      4,  0.72576510E-02,      3,     79,     10,      1,  0.46371985E+03
  0.28684666E+02,   2462,    639,5416290,      1,     80,     18,      9,  0.72565408E-02,      3,     79,     10,      1,  0.46371985E+03
  0.28684666E+02,   2462,    640,5416291,      1,     80,      6,      5,  0.72554269E-02,      3,     79,     10,      1,  0.46371985E+03
  0.28684666E+02,   2462,    641,5416292,      1,     80,      8,     18,  0.72543092E-02,      3,     79,     10,      1,  0.46371985E+03
  0.28684666E+02,   2462,    642,5416293,      1,     80,      1,      6,  0.72531878E-02,      3,     79,     10,      1,  0.46371985E+03
  0.28684666E+02,   2462,    643,5416294,      1,     80,     13,     11,  0.72520627E-02,      3,     79,     10,      1,  0.46371985E+03
  0.28684666E+02,   2462,    644,5416295,      1,     80,     12,      5,  0.72509340E-02,      3,     79,     10,      1,  0.46371985E+03
  0.28684666E+02,   2462,    645,5416296,      1,     80,     19,      1,  0.72498017E-02,      3,     79,     10,      1,  0.46371985E+03
  0.28684666E+02,   2462,    646,5416297,      1,     80,     20,     12,  0.72486658E-02,      3,     79,     10,      1,  0.46371985E+03
  0.28684666E+02,   2462,    647,5416298,      2,      0,      9,      5,  0.72475263E-02,      3,     79,     10,      1,  0.46371985E+03
  0.28684666E+02,   2462,    648,5416299,      1,     80,     20,      3,  0.72463832E-02,      3,     79,     10,      1,  0.46371985E+03
  0.28684666E+02,   2462,    649,5416300,      1,     80,      3,      2,  0.72452366E-02,      3,     79,     10,      1,  0.46371985E+03
  0.28684666E+02,   2462,    650,5416301,      2,      0,      3,     11,  0.72440864E-02,      3,     79,     10,      1,  0.46371985E+03
  0.28684666E+02,   2462,    651,5416302,      1,     80,      3,      2,  0.72429328E-02,      3,     79,     10,      1,  0.46371985E+03
  0.28684666E+02,   2462,    652,5416303,      2,      0,      6,     13,  0.72417757E-02,      3,     79,     10,      1,  0.46371985E+03
  0.28684666E+02,   2462,    653,5416304,      1,     80,      5,     16,  0.72406151E-02,      3,     79,     10,      1,  0.46371985E+03
  0.28684666E+02,   2462,    654,5416305,      2,      0,     11,     13,  0.72394512E-02,      3,     79,     10,      1,  0.46371985E+03
  0.28684666E+02,   2462,    655,5416306,      1,     80,     17,     14,  0.72382838E-02,      3,     79,     10,      1,  0.46371985E+03
  0.28684666E+02,   2462,    656,5416307,      1,     80,     10,      4,  0.72371130E-02,      3,     79,     10,      1,  0.46371985E+03
  0.28684666E+02,   2462,    657,5416308,      1,     80,     14,     10,  0.72359389E-02,      3,     79,     10,      1,  0.46371985E+03
  0.28684666E+02,   2462,    658,5416309,      1,     80,     10,      4,  0.72347615E-02,      3,     79,     10,      1,  0.46371985E+03
  0.28684666E+02,   2462,    659,5416310,      1,     80,      7,      5,  0.72335807E-02,      3,     79,     10,      1,  0.46371985E+03
  0.28684666E+02,   2462,    660,5416311,      1,     80,     13,     20,  0.72323966E-02,      3,     79,     10,      1,  0.46371985E+03
  0.28684666E+02,   2462,    661,5416312,      2,      0,     12,      1,  0.72312093E-02,      3,     79,     10,      1,  0.46371985E+03
  0.28684666E+02,   2462,    662,5416313,      1,     80,     19,      9,  0.72300186E-02,      3,     79,     10,      1,  0.46371985E+03
  0.28684666E+02,   2462,    663,5416314,      2,      0,     12,     20,  0.72288248E-02,      3,     79,     10,      1,  0.46371985E+03
  0.28684666E+02,   2462,    664,5416315,      1,     80,     19,     19,  0.72276277E-02,      3,     79,     10,      1,  0.46371985E+03
  0.28684666E+02,   2462,    665,5416316,      1,     80,     11,     17,  0.72264275E-02,      3,     79,     10,      1,  0.46371985E+03
  0.28684666E+02,   2462,    666,5416317,      1,     80,     11,      8,  0.72252241E-02,      3,     79,     10,      1,  0.46371985E+03
  0.28684666E+02,   2462,    667,5416318,      1,     80,     16,      9,  0.72240175E-02,      3,     79,     10,      1,  0.46371985E+03
  0.28684666E+02,   2462,    668,5416319,      1,     80,      5,      3,  0.72228078E-02,      3,     79,     10,      1,  0.46371985E+03
  0.28684666E+02,   2462,    669,5416320,      1,     80,     19,     10,  0.72215950E-02,      3,     79,     10,      1,  0.46371985E+03
  0.28684666E+02,   2462,    670,5416321,      1,     80,     19,      4,  0.72203790E-02,      3,     79,     10,      1,  0.46371985E+03
  0.28684666E+02,   2462,    671,5416322,      1,     80,     15,     14,  0.72191601E-02,      3,     79,     10,      1,  0.46371985E+03
  0.28684666E+02,   2462,    672,5416323,      1,     80,     16,      3,  0.72179380E-02,      3,     79,     10,      1,  0.46371985E+03
  0.28684666E+02,   2462,    673,5416324,      1,     80,     20,      6,  0.72167129E-02,      3,     79,     10,      1,  0.46371985E+03
  0.28684666E+02,   2462,    674,5416325,      1,     80,      2,     16,  0.72154848E-02,      3,     79,     10,      1,  0.46371985E+03
  0.28684666E+02,   2462,    675,5416326,      2,      0,      6,     11,  0.72142537E-02,      3,     79,     10,      1,  0.46371985E+03
  0.28684666E+02,   2462,    676,5416327,      1,     80,      7,     11,  0.72130197E-02,      3,     79,     10,      1,  0.46371985E+03
  0.28684666E+02,   2462,    677,5416328,      1,     80,     16,     17,  0.72117826E-02,      3,     79,     10,      1,  0.46371985E+03
  0.28684666E+02,   2462,    678,5416329,      2,      0,     12,     15,  0.72105427E-02,      3,     79,     10,      1,  0.46371985E+03
  0.28684666E+02,   2462,    679,5416330,      1,     80,     10,      3,  0.72092998E-02,      3,     79,     10,      1,  0.46371985E+03
  0.28684666E+02,   2462,    680,5416331,      1,     80,      5,     15,  0.72080540E-02,      3,     79,     10,      1,  0.46371985E+03
  0.28684666E+02,   2462,    681,5416332,      1,     80,     16,      8,  0.72068053E-02,      3,     79,     10,      1,  0.46371985E+03
  0.28684666E+02,   2462,    682,5416333,      1,     80,     20,      3,  0.72055538E-02,      3,     79,     10,      1,  0.46371985E+03
  0.28684666E+02,   2462,    683,5416334,      1,     80,      9,     13,  0.72042994E-02,      3,     79,     10,      1,  0.46371985E+03
  0.28684666E+02,   2462,    684,5416335,      2,      0,      6,     13,  0.72030422E-02,      3,     79,     10,      1,  0.46371985E+03
  0.28684666E+02,   2462,    685,5416336,      1,     80,      8,      3,  0.72017822E-02,      3,     79,     10,      1,  0.46371985E+03
  0.28684666E+02,   2462,    686,5416337,      1,     80,     17,     15,  0.72005194E-02,      3,     79,     10,      1,  0.46371985E+03
  0.28684666E+02,   2462,    687,5416338,      2,      0,      8,      5,  0.71992538E-02,      3,     79,     10,      1,  0.46371985E+03
  0.28684666E+02,   2462,    688,5416339,      1,     80,     20,     18,  0.71979854E-02,      3,     79,     10,      1,  0.46371985E+03
  0.28684666E+02,   2462,    689,5416340,      1,     80,      2,      7,  0.71967144E-02,      3,     79,     10,      1,  0.46371985E+03
  0.28684666E+02,   2462,    690,5416341,      2,      0,      1,      7,  0.71954406E-02,      3,     79,     10,      1,  0.46371985E+03
  0.28684666E+02,   2462,    691,5416342,      2,      0,      6,     15,  0.71941640E-02,      3,     79,     10,      1,  0.46371985E+03
  0.28684666E+02,   2462,    692,5416343,      1,     80,     10,      9,  0.71928848E-02,      3,     79,     10,      1,  0.46371985E+03
  0.28684666E+02,   2462,    693,5416344,      2,      0,      3,     20,  0.71916030E-02,      3,     79,     10,      1,  0.46371985E+03
  0.28684666E+02,   2462,    694,5416345,      1,     80,      1,     14,  0.71903185E-02,      3,     79,     10,      1,  0.46371985E+03
  0.28684666E+02,   2462,    695,5416346,      1,     80,     20,      1,  0.71890313E-02,      3,     79,     10,      1,  0.46371985E+03
  0.28684666E+02,   2462,    696,5416347,      1,     80,     19,     10,  0.71877415E-02,      3,     79,     10,      1,  0.46371985E+03
  0.28684666E+02,   2462,    697,5416348,      1,     80,     11,      7,  0.71864492E-02,      3,     79,     10,      1,  0.46371985E+03
  0.28684666E+02,   2462,    698,5416349,      1,     80,      1,     16,  0.71851542E-02,      3,     79,     10,      1,  0.46371985E+03
  0.28684666E+02,   2462,    699,5416350,      1,     80,      2,      7,  0.71838567E-02,      3,     79,     10,      1,  0.46371985E+03
  0.28684666E+02,   2462,    700,5416351,      1,     80,     11,     10,  0.71825566E-02,      3,     79,     10,      1,  0.46371985E+03
  0.28684666E+02,   2462,    701,5416352,      2,      0,      6,     11,  0.71812540E-02,      3,     79,     10,      1,  0.46371985E+03
  0.28684666E+02,   2462,    702,5416353,      1,     80,     20,     10,  0.71799488E-02,      3,     79,     10,      1,  0.46371985E+03
  0.28684666E+02,   2462,    703,5416354,      1,     80,     10,      5,  0.71786412E-02,      3,     79,     10,      1,  0.46371985E+03
  0.28684666E+02,   2462,    704,5416355,      1,     80,      6,      7,  0.71773310E-02,      3,     79,     10,      1,  0.46371985E+03
  0.28684666E+02,   2462,    705,5416356,      1,     80,     20,      1,  0.71760184E-02,      3,     79,     10,      1,  0.46371985E+03
  0.28684666E+02,   2462,    706,5416357,      2,      0,      1,     10,  0.71747034E-02,      3,     79,     10,      1,  0.46371985E+03
  0.28684666E+02,   2462,    707,5416358,      2,      0,     15,      5,  0.71733859E-02,      3,     79,     10,      1,  0.46371985E+03
  0.28684666E+02,   2462,    708,5416359,      1,     80,     11,     14,  0.71720659E-02,      3,     79,     10,      1,  0.46371985E+03
  0.28684666E+02,   2462,    709,5416360,      1,     80,     20,      4,  0.71707436E-02,      3,     79,     10,      1,  0.46371985E+03
  0.28684666E+02,   2462,    710,5416361,      1,     80,      1,     15,  0.71694189E-02,      3,     79,     10,      1,  0.46371985E+03
  0.28684666E+02,   2462,    711,5416362,      1,     80,     13,      1,  0.71680918E-02,      3,     79,     10,      1,  0.46371985E+03
  0.28684666E+02,   2462,    712,5416363,      2,      0,     18,     17,  0.71667623E-02,      3,     79,     10,      1,  0.46371985E+03
  0.28684666E+02,   2462,    713,5416364,      1,     80,      2,      6,  0.71654305E-02,      3,     79,     10,      1,  0.46371985E+03
  0.28684666E+02,   2462,    714,5416365,      1,     80,     16,      4,  0.71640963E-02,      3,     79,     10,      1,  0.46371985E+03
  0.28684666E+02,   2462,    715,5416366,      1,     80,      5,      9,  0.71627598E-02,      3,     79,     10,      1,  0.46371985E+03
  0.28684666E+02,   2462,    716,5416367,      2,      0,      6,     15,  0.71614211E-02,      3,     79,     10,      1,  0.46371985E+03
  0.28684666E+02,   2462,    717,5416368,      1,     80,     18,      2,  0.71600800E-02,      3,     79,     10,      1,  0.46371985E+03
  0.28684666E+02,   2462,    718,5416369,      1,     80,      4,     19,  0.71587367E-02,      3,     79,     10,      1,  0.46371985E+03
  0.28684666E+02,   2462,    719,5416370,      1,     80,     18,      1,  0.71573911E-02,      3,     79,     10,      1,  0.46371985E+03
  0.28684666E+02,   2462,    720,5416371,      1,     80,     20,     17,  0.71560432E-02,      3,     79,     10,      1,  0.46371985E+03
  0.28684666E+02,   2462,    721,5416372,      1,     80,     20,      4,  0.71546932E-02,      3,     79,     10,      1,  0.46371985E+03
  0.28684666E+02,   2462,    722,5416373,      1,     80,     18,     19,  0.71533409E-02,      3,     79,     10,      1,  0.46371985E+03
  0.28684666E+02,   2462,    723,5416374,      2,      0,      1,      4,  0.71519864E-02,      3,     79,     10,      1,  0.46371985E+03
  0.28684666E+02,   2462,    724,5416375,      1,     80,     20,      5,  0.71506297E-02,      3,     79,     10,      1,  0.46371985E+03
  0.28684666E+02,   2462,    725,5416376,      2,      0,      1,      4,  0.71492709E-02,      3,     79,     10,      1,  0.46371985E+03
  0.28684666E+02,   2462,    726,5416377,      1,     80,      2,      6,  0.71479099E-02,      3,     79,     10,      1,  0.46371985E+03
  0.28684666E+02,   2462,    727,5416378,      2,      0,      1,      4,  0.71465467E-02,      3,     79,     10,      1,  0.46371985E+03
  0.28684666E+02,   2462,    728,5416379,      1,     80,      1,     11,  0.71451814E-02,      3,     79,     10,      1,  0.46371985E+03
  0.28684666E+02,   2462,    729,5416380,      2,      0,     10,     20,  0.71438140E-02,      3,     79,     10,      1,  0.46371985E+03
  0.28684666E+02,   2462,    730,5416381,      1,     80,      2,      1,  0.71424445E-02,      3,     79,     10,      1,  0.46371985E+03
  0.28684666E+02,   2462,    731,5416382,      2,      0,      6,      2,  0.71410730E-02,      3,     79,     10,      1,  0.46371985E+03
  0.28684666E+02,   2462,    732,5416383,      1,     80,     18,      1,  0.71396993E-02,      3,     79,     10,      1,  0.46371985E+03
  0.28684666E+02,   2462,    733,5416384,      1,     80,     20,     15,  0.71383235E-02,      3,     79,     10,      1,  0.46371985E+03
  0.28684666E+02,   2462,    734,5416385,      2,      0,     13,     19,  0.71369458E-02,      3,     79,     10,      1,  0.46371985E+03
  0.28684666E+02,   2462,    735,5416386,      1,     80,     13,     13,  0.71355659E-02,      3,     79,     10,      1,  0.46371985E+03
  0.28684666E+02,   2462,    736,5416387,      1,     80,      7,     10,  0.71341841E-02,      3,     79,     10,      1,  0.46371985E+03
  0.28684666E+02,   2462,    737,5416388,      1,     80,     19,     18,  0.71328002E-02,      3,     79,     10,      1,  0.46371985E+03
  0.28684666E+02,   2462,    738,5416389,      2,      0,      6,     13,  0.71314144E-02,      3,     79,     10,      1,  0.46371985E+03
  0.28684666E+02,   2462,    739,5416390,      1,     80,      4,      4,  0.71300266E-02,      3,     79,     10,      1,  0.46371985E+03
  0.28684666E+02,   2462,    740,5416391,      1,     80,      8,      9,  0.71286367E-02,      3,     79,     10,      1,  0.46371985E+03
  0.28684666E+02,   2462,    741,5416392,      1,     80,      4,      4,  0.71272450E-02,      3,     79,     10,      1,  0.46371985E+03
  0.28684666E+02,   2462,    742,5416393,      2,      0,     19,      2,  0.71258513E-02,      3,     79,     10,      1,  0.46371985E+03
  0.28684666E+02,   2462,    743,5416394,      1,     80,     20,      2,  0.71244556E-02,      3,     79,     10,      1,  0.46371985E+03
  0.28684666E+02,   2462,    744,5416395,      1,     80,      8,      2,  0.71230580E-02,      3,     79,     10,      1,  0.46371985E+03
  0.28684666E+02,   2462,    745,5416396,      1,     80,     17,      5,  0.71216586E-02,      3,     79,     10,      1,  0.46371985E+03
  0.28684666E+02,   2462,    746,5416397,      1,     80,     12,      8,  0.71202572E-02,      3,     79,     10,      1,  0.46371985E+03
  0.28684666E+02,   2462,    747,5416398,      1,     80,     13,     15,  0.71188539E-02,      3,     79,     10,      1,  0.46371985E+03
  0.28684666E+02,   2462,    748,5416399,      1,     80,     11,      2,  0.71174488E-02,      3,     79,     10,      1,  0.46371985E+03
  0.28684666E+02,   2462,    749,5416400,      1,     80,      9,     19,  0.71160418E-02,      3,     79,     10,      1,  0.46371985E+03
  0.28684666E+02,   2462,    750,5416401,      1,     80,     16,      5,  0.71146330E-02,      3,     79,     10,      1,  0.46371985E+03
  0.28684666E+02,   2462,    751,5416402,      1,     80,      5,     10,  0.71132223E-02,      3,     79,     10,      1,  0.46371985E+03
  0.28684666E+02,   2462,    752,5416403,      1,     80,     19,     17,  0.71118098E-02,      3,     79,     10,      1,  0.46371985E+03
  0.28684666E+02,   2462,    753,5416404,      1,     80,     13,     16,  0.71103955E-02,      3,     79,     10,      1,  0.46371985E+03
  0.28684666E+02,   2462,    754,5416405,      2,      0,     14,     15,  0.71089794E-02,      3,     79,     10,      1,  0.46371985E+03
  0.28684666E+02,   2462,    755,5416406,      2,      0,      3,     16,  0.71075615E-02,      3,     79,     10,      1,  0.46371985E+03
  0.28684666E+02,   2462,    756,5416407,      1,     80,      6,     18,  0.71061418E-02,      3,     79,     10,      1,  0.46371985E+03
  0.28684666E+02,   2462,    757,5416408,      2,      0,      1,      4,  0.71047204E-02,      3,     79,     10,      1,  0.46371985E+03
  0.28684666E+02,   2462,    758,5416409,      1,     80,     11,     18,  0.71032972E-02,      3,     79,     10,      1,  0.46371985E+03
  0.28684666E+02,   2462,    759,5416410,      1,     80,     13,      7,  0.71018723E-02,      3,     79,     10,      1,  0.46371985E+03
  0.28684666E+02,   2462,    760,5416411,      1,     80,     10,      5,  0.71004456E-02,      3,     79,     10,      1,  0.46371985E+03
  0.28684666E+02,   2462,    761,5416412,      1,     80,     13,      8,  0.70990172E-02,      3,     79,     10,      1,  0.46371985E+03
  0.28684666E+02,   2462,    762,5416413,      1,     80,      4,     15,  0.70975872E-02,      3,     79,     10,      1,  0.46371985E+03
  0.28684666E+02,   2462,    763,5416414,      1,     80,     16,     18,  0.70961554E-02,      3,     79,     10,      1,  0.46371985E+03
  0.28684666E+02,   2462,    764,5416415,      2,      0,     15,      6,  0.70947219E-02,      3,     79,     10,      1,  0.46371985E+03
  0.28684666E+02,   2462,    765,5416416,      1,     80,     18,      8,  0.70932868E-02,      3,     79,     10,      1,  0.46371985E+03
  0.28684666E+02,   2462,    766,5416417,      1,     80,     17,     14,  0.70918500E-02,      3,     79,     10,      1,  0.46371985E+03
  0.28684666E+02,   2462,    767,5416418,      1,     80,     18,     11,  0.70904115E-02,      3,     79,     10,      1,  0.46371985E+03
  0.28684666E+02,   2462,    768,5416419,      1,     80,      8,      3,  0.70889714E-02,      3,     79,     10,      1,  0.46371985E+03
  0.28684666E+02,   2462,    769,5416420,      1,     80,     16,     18,  0.70875297E-02,      3,     79,     10,      1,  0.46371985E+03
  0.28684666E+02,   2462,    770,5416421,      2,      0,      1,      8,  0.70860863E-02,      3,     79,     10,      1,  0.46371985E+03
  0.28684666E+02,   2462,    771,5416422,      1,     80,      6,      7,  0.70846414E-02,      3,     79,     10,      1,  0.46371985E+03
  0.28684666E+02,   2462,    772,5416423,      1,     80,     18,     19,  0.70831948E-02,      3,     79,     10,      1,  0.46371985E+03
  0.28684666E+02,   2462,    773,5416424,      1,     80,      6,      3,  0.70817466E-02,      3,     79,     10,      1,  0.46371985E+03
  0.28684666E+02,   2462,    774,5416425,      2,      0,     13,      9,  0.70802969E-02,      3,     79,     10,      1,  0.46371985E+03
  0.28684666E+02,   2462,    775,5416426,      2,      0,      2,      5,  0.70788456E-02,      3,     79,     10,      1,  0.46371985E+03
  0.28684666E+02,   2462,    776,5416427,      1,     80,     19,     10,  0.70773928E-02,      3,     79,     10,      1,  0.46371985E+03
  0.28684666E+02,   2462,    777,5416428,      1,     80,      5,      9,  0.70759384E-02,      3,     79,     10,      1,  0.46371985E+03
  0.28684666E+02,   2462,    778,5416429,      1,     80,     13,      1,  0.70744825E-02,      3,     79,     10,      1,  0.46371985E+03
  0.28684666E+02,   2462,    779,5416430,      1,     80,     20,      5,  0.70730250E-02,      3,     79,     10,      1,  0.46371985E+03
  0.28684666E+02,   2462,    780,5416431,      1,     80,     11,     12,  0.70715660E-02,      3,     79,     10,      1,  0.46371985E+03
  0.28684666E+02,   2462,    781,5416432,      1,     80,      5,      9,  0.70701055E-02,      3,     79,     10,      1,  0.46371985E+03
  0.28684666E+02,   2462,    782,5416433,      1,     80,     18,     18,  0.70686436E-02,      3,     79,     10,      1,  0.46371985E+03
  0.28684666E+02,   2462,    783,5416434,      1,     80,      4,      4,  0.70671801E-02,      3,     79,     10,      1,  0.46371985E+03
  0.28684666E+02,   2462,    784,5416435,      1,     80,     11,     12,  0.70657152E-02,      3,     79,     10,      1,  0.46371985E+03
  0.28684666E+02,   2462,    785,5416436,      1,     80,     18,     11,  0.70642488E-02,      3,     79,     10,      1,  0.46371985E+03
  0.28684666E+02,   2462,    786,5416437,      2,      0,     12,     18,  0.70627809E-02,      3,     79,     10,      1,  0.46371985E+03
  0.28684666E+02,   2462,    787,5416438,      1,     80,     13,     16,  0.70613116E-02,      3,     79,     10,      1,  0.46371985E+03
  0.28684666E+02,   2462,    788,5416439,      1,     80,     20,     16,  0.70598408E-02,      3,     79,     10,      1,  0.46371985E+03
  0.28684666E+02,   2462,    789,5416440,      1,     80,      9,     18,  0.70583687E-02,      3,     79,     10,      1,  0.46371985E+03
  0.28684666E+02,   2462,    790,5416441,      1,     80,     16,     18,  0.70568951E-02,      3,     79,     10,      1,  0.46371985E+03
  0.28684666E+02,   2462,    791,5416442,      2,      0,      6,     15,  0.70554201E-02,      3,     79,     10,      1,  0.46371985E+03
  0.28684666E+02,   2462,    792,5416443,      1,     80,     12,     10,  0.70539437E-02,      3,     79,     10,      1,  0.46371985E+03
  0.28684666E+02,   2462,    793,5416444,      1,     80,     19,     15,  0.70524659E-02,      3,     79,     10,      1,  0.46371985E+03
  0.28684666E+02,   2462,    794,5416445,      1,     80,      4,     12,  0.70509867E-02,      3,     79,     10,      1,  0.46371985E+03
  0.28684666E+02,   2462,    795,5416446,      2,      0,     13,     19,  0.70495062E-02,      3,     79,     10,      1,  0.46371985E+03
  0.28684666E+02,   2462,    796,5416447,      1,     80,     16,      4,  0.70480242E-02,      3,     79,     10,      1,  0.46371985E+03
  0.28684666E+02,   2462,    797,5416448,      1,     80,      7,      7,  0.70465410E-02,      3,     79,     10,      1,  0.46371985E+03
  0.28684666E+02,   2462,    798,5416449,      2,      0,      5,      5,  0.70450564E-02,      3,     79,     10,      1,  0.46371985E+03
  0.28684666E+02,   2462,    799,5416450,      1,     80,      7,     17,  0.70435704E-02,      3,     79,     10,      1,  0.46371985E+03
  0.28684666E+02,   2462,    800,5416451,      1,     80,     11,     19,  0.70420832E-02,      3,     79,     10,      1,  0.46371985E+03
  0.28684666E+02,   2462,    801,5416452,      2,      0,     14,      5,  0.70405946E-02,      3,     79,     10,      1,  0.46371985E+03
  0.28684666E+02,   2462,    802,5416453,      1,     80,      3,      1,  0.70391047E-02,      3,     79,     10,      1,  0.46371985E+03
  0.28684666E+02,   2462,    803,5416454,      2,      0,     18,     17,  0.70376135E-02,      3,     79,     10,      1,  0.46371985E+03
  0.28684666E+02,   2462,    804,5416455,      1,     80,     12,      5,  0.70361210E-02,      3,     79,     10,      1,  0.46371985E+03
  0.28684666E+02,   2462,    805,5416456,      2,      0,     11,     15,  0.70346273E-02,      3,     79,     10,      1,  0.46371985E+03
  0.28684666E+02,   2462,    806,5416457,      1,     80,      6,     18,  0.70331322E-02,      3,     79,     10,      1,  0.46371985E+03
  0.28684666E+02,   2462,    807,5416458,      1,     80,     14,      1,  0.70316359E-02,      3,     79,     10,      1,  0.46371985E+03
  0.28684666E+02,   2462,    808,5416459,      2,      0,     16,     16,  0.70301384E-02,      3,     79,     10,      1,  0.46371985E+03
  0.28684666E+02,   2462,    809,5416460,      2,      0,     11,     15,  0.70286396E-02,      3,     79,     10,      1,  0.46371985E+03
  0.28684666E+02,   2462,    810,5416461,      1,     80,      2,     10,  0.70271395E-02,      3,     79,     10,      1,  0.46371985E+03
  0.28684666E+02,   2462,    811,5416462,      1,     80,     11,     14,  0.70256383E-02,      3,     79,     10,      1,  0.46371985E+03
  0.28684666E+02,   2462,    812,5416463,      1,     80,      9,      1,  0.70241358E-02,      3,     79,     10,      1,  0.46371985E+03
  0.28684666E+02,   2462,    813,5416464,      1,     80,     19,      4,  0.70226321E-02,      3,     79,     10,      1,  0.46371985E+03
  0.28684666E+02,   2462,    814,5416465,      1,     80,      3,     14,  0.70211272E-02,      3,     79,     10,      1,  0.46371985E+03
  0.28684666E+02,   2462,    815,5416466,      1,     80,      4,     14,  0.70196210E-02,      3,     79,     10,      1,  0.46371985E+03
  0.28684666E+02,   2462,    816,5416467,      1,     80,     19,      3,  0.70181137E-02,      3,     79,     10,      1,  0.46371985E+03
  0.28684666E+02,   2462,    817,5416468,      1,     80,     11,     14,  0.70166053E-02,      3,     79,     10,      1,  0.46371985E+03
  0.28684666E+02,   2462,    818,5416469,      1,     80,      4,      4,  0.70150956E-02,      3,     79,     10,      1,  0.46371985E+03
  0.28684666E+02,   2462,    819,5416470,      1,     80,     18,     11,  0.70135848E-02,      3,     79,     10,      1,  0.46371985E+03
  0.28684666E+02,   2462,    820,5416471,      1,     80,     19,      3,  0.70120728E-02,      3,     79,     10,      1,  0.46371985E+03
  0.28684666E+02,   2462,    821,5416472,      1,     80,     13,      8,  0.70105597E-02,      3,     79,     10,      1,  0.46371985E+03
  0.28684666E+02,   2462,    822,5416473,      2,      0,      6,     15,  0.70090454E-02,      3,     79,     10,      1,  0.46371985E+03
  0.28684666E+02,   2462,    823,5416474,      1,     80,      5,      2,  0.70075300E-02,      3,     79,     10,      1,  0.46371985E+03
  0.28684666E+02,   2462,    824,5416475,      1,     80,     15,      4,  0.70060135E-02,      3,     79,     10,      1,  0.46371985E+03
  0.28684666E+02,   2462,    825,5416476,      2,      0,     12,     18,  0.70044959E-02,      3,     79,     10,      1,  0.46371985E+03
  0.28684666E+02,   2462,    826,5416477,      1,     80,      9,      6,  0.70029771E-02,      3,     79,     10,      1,  0.46371985E+03
  0.28684666E+02,   2462,    827,5416478,      1,     80,     16,     10,  0.70014572E-02,      3,     79,     10,      1,  0.46371985E+03
  0.28684666E+02,   2462,    828,5416479,      1,     80,      2,     10,  0.69999363E-02,      3,     79,     10,      1,  0.46371985E+03
  0.28684666E+02,   2462,    829,5416480,      2,      0,     18,     14,  0.69984143E-02,      3,     79,     10,      1,  0.46371985E+03
  0.28684666E+02,   2462,    830,5416481,      1,     80,      2,     10,  0.69968911E-02,      3,     79,     10,      1,  0.46371985E+03
  0.28684666E+02,   2462,    831,5416482,      1,     80,     12,      9,  0.69953670E-02,      3,     79,     10,      1,  0.46371985E+03
  0.28684666E+02,   2462,    832,5416483,      2,      0,     16,     13,  0.69938417E-02,      3,     79,     10,      1,  0.46371985E+03
  0.28684666E+02,   2462,    833,5416484,      1,     80,     10,      5,  0.69923154E-02,      3,     79,     10,      1,  0.46371985E+03
  0.28684666E+02,   2462,    834,5416485,      1,     80,     14,      8,  0.69907880E-02,      3,     79,     10,      1,  0.46371985E+03
  0.28684666E+02,   2462,    835,5416486,      1,     80,      5,     11,  0.69892596E-02,      3,     79,     10,      1,  0.46371985E+03
  0.28684666E+02,   2462,    836,5416487,      1,     80,     14,      8,  0.69877302E-02,      3,     79,     10,      1,  0.46371985E+03
  0.28684666E+02,   2462,    837,5416488,      1,     80,     20,     11,  0.69861997E-02,      3,     79,     10,      1,  0.46371985E+03
  0.28684666E+02,   2462,    838,5416489,      1,     80,      7,      3,  0.69846682E-02,      3,     79,     10,      1,  0.46371985E+03
  0.28684666E+02,   2462,    839,5416490,      2,      0,     12,     18,  0.69831357E-02,      3,     79,     10,      1,  0.46371985E+03
  0.28684666E+02,   2462,    840,5416491,      1,     80,     11,     18,  0.69816022E-02,      3,     79,     10,      1,  0.46371985E+03
  0.28684666E+02,   2462,    841,5416492,      1,     80,      6,     17,  0.69800677E-02,      3,     79,     10,      1,  0.46371985E+03
  0.28684666E+02,   2462,    842,5416493,      1,     80,      7,      3,  0.69785322E-02,      3,     79,     10,      1,  0.46371985E+03
  0.28684666E+02,   2462,    843,5416494,      1,     80,     20,     10,  0.69769958E-02,      3,     79,     10,      1,  0.46371985E+03
  0.28684666E+02,   2462,    844,5416495,      1,     80,     16,     14,  0.69754583E-02,      3,     79,     10,      1,  0.46371985E+03
  0.28684666E+02,   2462,    845,5416496,      1,     80,     18,     16,  0.69739199E-02,      3,     79,     10,      1,  0.46371985E+03
  0.28684666E+02,   2462,    846,5416497,      1,     80,      5,     16,  0.69723805E-02,      3,     79,     10,      1,  0.46371985E+03
  0.28684666E+02,   2462,    847,5416498,      1,     80,      6,     16,  0.69708401E-02,      3,     79,     10,      1,  0.46371985E+03
  0.28684666E+02,   2462,    848,5416499,      1,     80,     12,     12,  0.69692988E-02,      3,     79,     10,      1,  0.46371985E+03
  0.28684666E+02,   2462,    849,5416500,      1,     80,      4,     11,  0.69677566E-02,      3,     79,     10,      1,  0.46371985E+03
  0.28684666E+02,   2462,    850,5416501,      1,     80,     10,      3,  0.69662134E-02,      3,     79,     10,      1,  0.46371985E+03
  0.28684666E+02,   2462,    851,5416502,      1,     80,     11,      3,  0.69646692E-02,      3,     79,     10,      1,  0.46371985E+03
  0.28684666E+02,   2462,    852,5416503,      2,      0,      8,      7,  0.69631242E-02,      3,     79,     10,      1,  0.46371985E+03
  0.28684666E+02,   2462,    853,5416504,      1,     80,     19,      5,  0.69615782E-02,      3,     79,     10,      1,  0.46371985E+03
  0.28684666E+02,   2462,    854,5416505,      1,     80,      8,      2,  0.69600314E-02,      3,     79,     10,      1,  0.46371985E+03
  0.28684666E+02,   2462,    855,5416506,      1,     80,      4,      4,  0.69584836E-02,      3,     79,     10,      1,  0.46371985E+03
  0.28684666E+02,   2462,    856,5416507,      1,     80,     11,      3,  0.69569349E-02,      3,     79,     10,      1,  0.46371985E+03
  0.28684666E+02,   2462,    857,5416508,      1,     80,      9,      3,  0.69553854E-02,      3,     79,     10,      1,  0.46371985E+03
  0.28684666E+02,   2462,    858,5416509,      1,     80,      1,      9,  0.69538349E-02,      3,     79,     10,      1,  0.46371985E+03
  0.28684666E+02,   2462,    859,5416510,      2,      0,      9,     10,  0.69522836E-02,      3,     79,     10,      1,  0.46371985E+03
  0.28684666E+02,   2462,    860,5416511,      1,     80,     10,     17,  0.69507314E-02,      3,     79,     10,      1,  0.46371985E+03
  0.28684666E+02,   2462,    861,5416512,      2,      0,      9,     10,  0.69491783E-02,      3,     79,     10,      1,  0.46371985E+03
  0.28684666E+02,   2462,    862,5416513,      2,      0,     15,      8,  0.69476244E-02,      3,     79,     10,      1,  0.46371985E+03
  0.28684666E+02,   2462,    863,5416514,      1,     80,      5,     20,  0.69460696E-02,      3,     79,     10,      1,  0.46371985E+03
  0.28684666E+02,   2462,    864,5416515,      2,      0,      6,     15,  0.69445140E-02,      3,     79,     10,      1,  0.46371985E+03
  0.28684666E+02,   2462,    865,5416516,      2,      0,     16,     13,  0.69429575E-02,      3,     79,     10,      1,  0.46371985E+03
  0.28684666E+02,   2462,    866,5416517,      1,     80,     19,     13,  0.69414002E-02,      3,     79,     10,      1,  0.46371985E+03
  0.28684666E+02,   2462,    867,5416518,      1,     80,     10,      3,  0.69398421E-02,      3,     79,     10,      1,  0.46371985E+03
  0.28684666E+02,   2462,    868,5416519,      1,     80,      3,     10,  0.69382831E-02,      3,     79,     10,      1,  0.46371985E+03
  0.28684666E+02,   2462,    869,5416520,      1,     80,     15,      7,  0.69367234E-02,      3,     79,     10,      1,  0.46371985E+03
  0.28684666E+02,   2462,    870,5416521,      1,     80,     16,      2,  0.69351628E-02,      3,     79,     10,      1,  0.46371985E+03
  0.28684666E+02,   2462,    871,5416522,      1,     80,      9,      1,  0.69336014E-02,      3,     79,     10,      1,  0.46371985E+03
  0.28684666E+02,   2462,    872,5416523,      1,     80,     14,     10,  0.69320392E-02,      3,     79,     10,      1,  0.46371985E+03
  0.28684666E+02,   2462,    873,5416524,      2,      0,      6,     13,  0.69304762E-02,      3,     79,     10,      1,  0.46371985E+03
  0.28684666E+02,   2462,    874,5416525,      1,     80,     17,      5,  0.69289125E-02,      3,     79,     10,      1,  0.46371985E+03
  0.28684666E+02,   2462,    875,5416526,      1,     80,     15,     18,  0.69273479E-02,      3,     79,     10,      1,  0.46371985E+03
  0.28684666E+02,   2462,    876,5416527,      1,     80,     13,     13,  0.69257826E-02,      3,     79,     10,      1,  0.46371985E+03
  0.28684666E+02,   2462,    877,5416528,      2,      0,      1,      7,  0.69242165E-02,      3,     79,     10,      1,  0.46371985E+03
  0.28684666E+02,   2462,    878,5416529,      2,      0,     16,     19,  0.69226497E-02,      3,     79,     10,      1,  0.46371985E+03
  0.28684666E+02,   2462,    879,5416530,      1,     80,      4,     15,  0.69210821E-02,      3,     79,     10,      1,  0.46371985E+03
  0.28684666E+02,   2462,    880,5416531,      1,     80,      6,      3,  0.69195137E-02,      3,     79,     10,      1,  0.46371985E+03
  0.28684666E+02,   2462,    881,5416532,      1,     80,     18,     11,  0.69179446E-02,      3,     79,     10,      1,  0.46371985E+03
  0.28684666E+02,   2462,    882,5416533,      2,      0,     12,     18,  0.69163747E-02,      3,     79,     10,      1,  0.46371985E+03
  0.28684666E+02,   2462,    883,5416534,      2,      0,     12,     20,  0.69148041E-02,      3,     79,     10,      1,  0.46371985E+03
  0.28684666E+02,   2462,    884,5416535,      2,      0,      6,      2,  0.69132328E-02,      3,     79,     10,      1,  0.46371985E+03
  0.28684666E+02,   2462,    885,5416536,      1,     80,     11,     12,  0.69116608E-02,      3,     79,     10,      1,  0.46371985E+03
  0.28684666E+02,   2462,    886,5416537,      2,      0,      6,     15,  0.69100880E-02,      3,     79,     10,      1,  0.46371985E+03
  0.28684666E+02,   2462,    887,5416538,      1,     80,     14,     16,  0.69085145E-02,      3,     79,     10,      1,  0.46371985E+03
  0.28684666E+02,   2462,    888,5416539,      1,     80,     10,      3,  0.69069404E-02,      3,     79,     10,      1,  0.46371985E+03
  0.28684666E+02,   2462,    889,5416540,      1,     80,     17,     15,  0.69053655E-02,      3,     79,     10,      1,  0.46371985E+03
  0.28684666E+02,   2462,    890,5416541,      1,     80,     13,     14,  0.69037899E-02,      3,     79,     10,      1,  0.46371985E+03
  0.28684666E+02,   2462,    891,5416542,      1,     80,      7,      2,  0.69022136E-02,      3,     79,     10,      1,  0.46371985E+03
  0.28684666E+02,   2462,    892,5416543,      2,      0,      6,     15,  0.69006367E-02,      3,     79,     10,      1,  0.46371985E+03
  0.28684666E+02,   2462,    893,5416544,      1,     80,     18,     10,  0.68990590E-02,      3,     79,     10,      1,  0.46371985E+03
  0.28684666E+02,   2462,    894,5416545,      1,     80,     15,      1,  0.68974807E-02,      3,     79,     10,      1,  0.46371985E+03
  0.28684666E+02,   2462,    895,5416546,      1,     80,      4,      5,  0.68959017E-02,      3,     79,     10,      1,  0.46371985E+03
  0.28684666E+02,   2462,    896,5416547,      2,      0,     12,     15,  0.68943220E-02,      3,     79,     10,      1,  0.46371985E+03
  0.28684666E+02,   2462,    897,5416548,      1,     80,     11,      1,  0.68927417E-02,      3,     79,     10,      1,  0.46371985E+03
  0.28684666E+02,   2462,    898,5416549,      1,     80,     16,      8,  0.68911607E-02,      3,     79,     10,      1,  0.46371985E+03
  0.28684666E+02,   2462,    899,5416550,      1,     80,     19,      4,  0.68895791E-02,      3,     79,     10,      1,  0.46371985E+03
  0.28684666E+02,   2462,    900,5416551,      1,     80,     11,     12,  0.68879969E-02,      3,     79,     10,      1,  0.46371985E+03
  0.28684666E+02,   2462,    901,5416552,      1,     80,      3,     18,  0.68864139E-02,      3,     79,     10,      1,  0.46371985E+03
  0.28684666E+02,   2462,    902,5416553,      2,      0,     12,      1,  0.68848304E-02,      3,     79,     10,      1,  0.46371985E+03
  0.28684666E+02,   2462,    903,5416554,      1,     80,     17,     19,  0.68832462E-02,      3,     79,     10,      1,  0.46371985E+03
  0.28684666E+02,   2462,    904,5416555,      1,     80,     11,     12,  0.68816614E-02,      3,     79,     10,      1,  0.46371985E+03
  0.28684666E+02,   2462,    905,5416556,      1,     80,      7,     19,  0.68800760E-02,      3,     79,     10,      1,  0.46371985E+03
  0.28684666E+02,   2462,    906,5416557,      2,      0,     17,     12,  0.68784900E-02,      3,     79,     10,      1,  0.46371985E+03
  0.28684666E+02,   2462,    907,5416558,      1,     80,      7,     19,  0.68769033E-02,      3,     79,     10,      1,  0.46371985E+03
  0.28684666E+02,   2462,    908,5416559,      1,     80,     11,     12,  0.68753161E-02,      3,     79,     10,      1,  0.46371985E+03
  0.28684666E+02,   2462,    909,5416560,      1,     80,      3,     15,  0.68737282E-02,      3,     79,     10,      1,  0.46371985E+03
  0.28684666E+02,   2462,    910,5416561,      1,     80,      5,     12,  0.68721398E-02,      3,     79,     10,      1,  0.46371985E+03
  0.28684666E+02,   2462,    911,5416562,      1,     80,      7,      7,  0.68705507E-02,      3,     79,     10,      1,  0.46371985E+03
  0.28684666E+02,   2462,    912,5416563,      1,     80,     16,      7,  0.68689611E-02,      3,     79,     10,      1,  0.46371985E+03
  0.28684666E+02,   2462,    913,5416564,      1,     80,      2,     16,  0.68673709E-02,      3,     79,     10,      1,  0.46371985E+03
  0.28684666E+02,   2462,    914,5416565,      1,     80,      4,      8,  0.68657801E-02,      3,     79,     10,      1,  0.46371985E+03
  0.28684666E+02,   2462,    915,5416566,      1,     80,      3,     18,  0.68641887E-02,      3,     79,     10,      1,  0.46371985E+03
  0.28684666E+02,   2462,    916,5416567,      1,     80,     11,     12,  0.68625968E-02,      3,     79,     10,      1,  0.46371985E+03
  0.28684666E+02,   2462,    917,5416568,      2,      0,      1,      4,  0.68610043E-02,      3,     79,     10,      1,  0.46371985E+03
  0.28684666E+02,   2462,    918,5416569,      1,     80,     13,      1,  0.68594113E-02,      3,     79,     10,      1,  0.46371985E+03
  0.28684666E+02,   2462,    919,5416570,      1,     80,      4,     11,  0.68578176E-02,      3,     79,     10,      1,  0.46371985E+03
  0.28684666E+02,   2462,    920,5416571,      1,     80,     15,     20,  0.68562235E-02,      3,     79,     10,      1,  0.46371985E+03
  0.28684666E+02,   2462,    921,5416572,      1,     80,      5,     10,  0.68546288E-02,      3,     79,     10,      1,  0.46371985E+03
  0.28684666E+02,   2462,    922,5416573,      1,     80,      4,      4,  0.68530336E-02,      3,     79,     10,      1,  0.46371985E+03
  0.28684666E+02,   2462,    923,5416574,      1,     80,      6,     14,  0.68514378E-02,      3,     79,     10,      1,  0.46371985E+03
  0.28684666E+02,   2462,    924,5416575,      1,     80,     18,     10,  0.68498415E-02,      3,     79,     10,      1,  0.46371985E+03
  0.28684666E+02,   2462,    925,5416576,      1,     80,     11,      3,  0.68482446E-02,      3,     79,     10,      1,  0.46371985E+03
  0.28684666E+02,   2462,    926,5416577,      1,     80,      9,      6,  0.68466473E-02,      3,     79,     10,      1,  0.46371985E+03
  0.28684666E+02,   2462,    927,5416578,      2,      0,     12,     19,  0.68450494E-02,      3,     79,     10,      1,  0.46371985E+03
  0.28684666E+02,   2462,    928,5416579,      1,     80,     10,     14,  0.68434510E-02,      3,     79,     10,      1,  0.46371985E+03
  0.28684666E+02,   2462,    929,5416580,      2,      0,      6,     13,  0.68418521E-02,      3,     79,     10,      1,  0.46371985E+03
  0.28684666E+02,   2462,    930,5416581,      1,     80,      1,     14,  0.68402527E-02,      3,     79,     10,      1,  0.46371985E+03
  0.28684666E+02,   2462,    931,5416582,      2,      0,     12,     19,  0.68386528E-02,      3,     79,     10,      1,  0.46371985E+03
  0.28684666E+02,   2462,    932,5416583,      1,     80,     20,      5,  0.68370524E-02,      3,     79,     10,      1,  0.46371985E+03
  0.28684666E+02,   2462,    933,5416584,      1,     80,      7,      6,  0.68354515E-02,      3,     79,     10,      1,  0.46371985E+03
  0.28684666E+02,   2462,    934,5416585,      2,      0,      6,     12,  0.68338501E-02,      3,     79,     10,      1,  0.46371985E+03
  0.28684666E+02,   2462,    935,5416586,      2,      0,     12,     19,  0.68322482E-02,      3,     79,     10,      1,  0.46371985E+03
  0.28684666E+02,   2462,    936,5416587,      2,      0,     12,     18,  0.68306459E-02,      3,     79,     10,      1,  0.46371985E+03
  0.28684666E+02,   2462,    937,5416588,      1,     80,     13,      1,  0.68290431E-02,      3,     79,     10,      1,  0.46371985E+03
  0.28684666E+02,   2462,    938,5416589,      1,     80,      9,     19,  0.68274398E-02,      3,     79,     10,      1,  0.46371985E+03
  0.28684666E+02,   2462,    939,5416590,      1,     80,     18,     20,  0.68258360E-02,      3,     79,     10,      1,  0.46371985E+03
  0.28684666E+02,   2462,    940,5416591,      1,     80,      3,      9,  0.68242318E-02,      3,     79,     10,      1,  0.46371985E+03
  0.28684666E+02,   2462,    941,5416592,      1,     80,     15,      9,  0.68226271E-02,      3,     79,     10,      1,  0.46371985E+03
  0.28684666E+02,   2462,    942,5416593,      1,     80,     16,      5,  0.68210219E-02,      3,     79,     10,      1,  0.46371985E+03
  0.28684666E+02,   2462,    943,5416594,      2,      0,     15,     16,  0.68194163E-02,      3,     79,     10,      1,  0.46371985E+03
  0.28684666E+02,   2462,    944,5416595,      1,     80,     11,      8,  0.68178103E-02,      3,     79,     10,      1,  0.46371985E+03
  0.28684666E+02,   2462,    945,5416596,      1,     80,     18,     11,  0.68162038E-02,      3,     79,     10,      1,  0.46371985E+03
  0.28684666E+02,   2462,    946,5416597,      1,     80,     10,     12,  0.68145969E-02,      3,     79,     10,      1,  0.46371985E+03
  0.28684666E+02,   2462,    947,5416598,      2,      0,     13,     19,  0.68129895E-02,      3,     79,     10,      1,  0.46371985E+03
  0.28684666E+02,   2462,    948,5416599,      1,     80,     16,     14,  0.68113817E-02,      3,     79,     10,      1,  0.46371985E+03
  0.28684666E+02,   2462,    949,5416600,      1,     80,      4,     15,  0.68097735E-02,      3,     79,     10,      1,  0.46371985E+03
  0.28684666E+02,   2462,    950,5416601,      1,     80,      8,      3,  0.68081648E-02,      3,     79,     10,      1,  0.46371985E+03
  0.28684666E+02,   2462,    951,5416602,      1,     80,     11,      4,  0.68065558E-02,      3,     79,     10,      1,  0.46371985E+03
  0.28684666E+02,   2462,    952,5416603,      1,     80,     13,     12,  0.68049463E-02,      3,     79,     10,      1,  0.46371985E+03
  0.28684666E+02,   2462,    953,5416604,      1,     80,      7,      3,  0.68033364E-02,      3,     79,     10,      1,  0.46371985E+03
  0.28684666E+02,   2462,    954,5416605,      1,     80,      3,     19,  0.68017261E-02,      3,     79,     10,      1,  0.46371985E+03
  0.28684666E+02,   2462,    955,5416606,      1,     80,     18,     11,  0.68001154E-02,      3,     79,     10,      1,  0.46371985E+03
  0.28684666E+02,   2462,    956,5416607,      1,     80,     13,     10,  0.67985043E-02,      3,     79,     10,      1,  0.46371985E+03
  0.28684666E+02,   2462,    957,5416608,      1,     80,     16,      7,  0.67968927E-02,      3,     79,     10,      1,  0.46371985E+03
  0.28684666E+02,   2462,    958,5416609,      1,     80,      3,      9,  0.67952808E-02,      3,     79,     10,      1,  0.46371985E+03
  0.28684666E+02,   2462,    959,5416610,      1,     80,      7,     15,  0.67936685E-02,      3,     79,     10,      1,  0.46371985E+03
  0.28684666E+02,   2462,    960,5416611,      1,     80,      8,     12,  0.67920559E-02,      3,     79,     10,      1,  0.46371985E+03
  0.28684666E+02,   2462,    961,5416612,      1,     80,     11,      9,  0.67904428E-02,      3,     79,     10,      1,  0.46371985E+03
  0.28684666E+02,   2462,    962,5416613,      2,      0,     12,     19,  0.67888293E-02,      3,     79,     10,      1,  0.46371985E+03
  0.28684666E+02,   2462,    963,5416614,      1,     80,      7,     13,  0.67872155E-02,      3,     79,     10,      1,  0.46371985E+03
  0.28684666E+02,   2462,    964,5416615,      1,     80,      9,     18,  0.67856013E-02,      3,     79,     10,      1,  0.46371985E+03
  0.28684666E+02,   2462,    965,5416616,      1,     80,      7,     13,  0.67839868E-02,      3,     79,     10,      1,  0.46371985E+03
  0.28684666E+02,   2462,    966,5416617,      2,      0,     18,      6,  0.67823718E-02,      3,     79,     10,      1,  0.46371985E+03
  0.28684666E+02,   2462,    967,5416618,      1,     80,     13,     11,  0.67807566E-02,      3,     79,     10,      1,  0.46371985E+03
  0.28684666E+02,   2462,    968,5416619,      1,     80,     11,     19,  0.67791409E-02,      3,     79,     10,      1,  0.46371985E+03
  0.28684666E+02,   2462,    969,5416620,      1,     80,     13,     18,  0.67775249E-02,      3,     79,     10,      1,  0.46371985E+03
  0.28684666E+02,   2462,    970,5416621,      1,     80,     10,     17,  0.67759085E-02,      3,     79,     10,      1,  0.46371985E+03
  0.28684666E+02,   2462,    971,5416622,      1,     80,     19,      5,  0.67742918E-02,      3,     79,     10,      1,  0.46371985E+03
  0.28684666E+02,   2462,    972,5416623,      2,      0,     11,     13,  0.67726748E-02,      3,     79,     10,      1,  0.46371985E+03
  0.28684666E+02,   2462,    973,5416624,      1,     80,      5,      7,  0.67710574E-02,      3,     79,     10,      1,  0.46371985E+03
  0.28684666E+02,   2462,    974,5416625,      1,     80,      3,     14,  0.67694397E-02,      3,     79,     10,      1,  0.46371985E+03
  0.28684666E+02,   2462,    975,5416626,      1,     80,     11,     12,  0.67678216E-02,      3,     79,     10,      1,  0.46371985E+03
  0.28684666E+02,   2462,    976,5416627,      1,     80,      1,      3,  0.67662032E-02,      3,     79,     10,      1,  0.46371985E+03
  0.28684666E+02,   2462,    977,5416628,      2,      0,      6,     13,  0.67645845E-02,      3,     79,     10,      1,  0.46371985E+03
  0.28684666E+02,   2462,    978,5416629,      1,     80,      8,     19,  0.67629655E-02,      3,     79,     10,      1,  0.46371985E+03
  0.28684666E+02,   2462,    979,5416630,      1,     80,     16,      4,  0.67613461E-02,      3,     79,     10,      1,  0.46371985E+03
  0.28684666E+02,   2462,    980,5416631,      1,     80,     18,      1,  0.67597264E-02,      3,     79,     10,      1,  0.46371985E+03
  0.28684666E+02,   2462,    981,5416632,      1,     80,     16,      4,  0.67581064E-02,      3,     79,     10,      1,  0.46371985E+03
  0.28684666E+02,   2462,    982,5416633,      1,     80,     18,     12,  0.67564861E-02,      3,     79,     10,      1,  0.46371985E+03
  0.28684666E+02,   2462,    983,5416634,      1,     80,     18,     10,  0.67548655E-02,      3,     79,     10,      1,  0.46371985E+03
  0.28684666E+02,   2462,    984,5416635,      2,      0,      6,     12,  0.67532446E-02,      3,     79,     10,      1,  0.46371985E+03
  0.28684666E+02,   2462,    985,5416636,      1,     80,     18,     10,  0.67516234E-02,      3,     79,     10,      1,  0.46371985E+03
  0.28684666E+02,   2462,    986,5416637,      1,     80,     11,      5,  0.67500019E-02,      3,     79,     10,      1,  0.46371985E+03
  0.28684666E+02,   2462,    987,5416638,      1,     80,     12,     16,  0.67483801E-02,      3,     79,     10,      1,  0.46371985E+03
  0.28684666E+02,   2462,    988,5416639,      1,     80,     16,      6,  0.67467580E-02,      3,     79,     10,      1,  0.46371985E+03
  0.28684666E+02,   2462,    989,5416640,      1,     80,      3,      9,  0.67451356E-02,      3,     79,     10,      1,  0.46371985E+03
  0.28684666E+02,   2462,    990,5416641,      1,     80,     16,      8,  0.67435129E-02,      3,     79,     10,      1,  0.46371985E+03
  0.28684666E+02,   2462,    991,5416642,      1,     80,      8,      3,  0.67418899E-02,      3,     79,     10,      1,  0.46371985E+03
  0.28684666E+02,   2462,    992,5416643,      1,     80,     13,      2,  0.67402667E-02,      3,     79,     10,      1,  0.46371985E+03
  0.28684666E+02,   2462,    993,5416644,      1,     80,     14,     12,  0.67386432E-02,      3,     79,     10,      1,  0.46371985E+03
  0.28684666E+02,   2462,    994,5416645,      1,     80,      1,     11,  0.67370194E-02,      3,     79,     10,      1,  0.46371985E+03
  0.28684666E+02,   2462,    995,5416646,      1,     80,      8,      3,  0.67353953E-02,      3,     79,     10,      1,  0.46371985E+03
  0.28684666E+02,   2462,    996,5416647,      1,     80,     16,      9,  0.67337710E-02,      3,     79,     10,      1,  0.46371985E+03
  0.28684666E+02,   2462,    997,5416648,      1,     80,      9,      3,  0.67321464E-02,      3,     79,     10,      1,  0.46371985E+03
  0.28684666E+02,   2462,    998,5416649,      1,     80,      5,     18,  0.67305215E-02,      3,     79,     10,      1,  0.46371985E+03
  0.28684666E+02,   2462,    999,5416650,      1,     80,     20,     19,  0.67288964E-02,      3,     79,     10,      1,  0.46371985E+03
  0.28684666E+02,   2462,   1000,5416651,      1,     80,     19,     16,  0.67272711E-02,      3,     79,     10,      1,  0.46371985E+03
  0.28684666E+02,   2462,   1001,5416652,      1,     80,     12,      4,  0.67256454E-02,      3,     79,     10,      1,  0.46371985E+03
  0.28684666E+02,   2462,   1002,5416653,      1,     80,     11,     12,  0.67240196E-02,      3,     79,     10,      1,  0.46371985E+03
  0.28684666E+02,   2462,   1003,5416654,      2,      0,     16,     19,  0.67223935E-02,      3,     79,     10,      1,  0.46371985E+03
  0.28684666E+02,   2462,   1004,5416655,      1,     80,     13,      4,  0.67207671E-02,      3,     79,     10,      1,  0.46371985E+03
  0.28684666E+02,   2462,   1005,5416656,      1,     80,     12,      4,  0.67191405E-02,      3,     79,     10,      1,  0.46371985E+03
  0.28684666E+02,   2462,   1006,5416657,      1,     80,      5,     12,  0.67175137E-02,      3,     79,     10,      1,  0.46371985E+03
  0.28684666E+02,   2462,   1007,5416658,      1,     80,     10,     14,  0.67158866E-02,      3,     79,     10,      1,  0.46371985E+03
  0.28684666E+02,   2462,   1008,5416659,      1,     80,      7,     19,  0.67142593E-02,      3,     79,     10,      1,  0.46371985E+03
  0.28684666E+02,   2462,   1009,5416660,      2,      0,      4,     13,  0.67126318E-02,      3,     79,     10,      1,  0.46371985E+03
  0.28684666E+02,   2462,   1010,5416661,      1,     80,      2,      2,  0.67110040E-02,      3,     79,     10,      1,  0.46371985E+03
  0.28684666E+02,   2462,   1011,5416662,      2,      0,     12,     15,  0.67093760E-02,      3,     79,     10,      1,  0.46371985E+03
  0.28684666E+02,   2462,   1012,5416663,      1,     80,      5,     19,  0.67077478E-02,      3,     79,     10,      1,  0.46371985E+03
  0.28684666E+02,   2462,   1013,5416664,      2,      0,      9,      4,  0.67061194E-02,      3,     79,     10,      1,  0.46371985E+03
  0.28684666E+02,   2462,   1014,5416665,      1,     80,     16,      5,  0.67044907E-02,      3,     79,     10,      1,  0.46371985E+03
  0.28684666E+02,   2462,   1015,5416666,      1,     80,      3,     10,  0.67028619E-02,      3,     79,     10,      1,  0.46371985E+03
  0.28684666E+02,   2462,   1016,5416667,      1,     80,      6,     10,  0.67012328E-02,      3,     79,     10,      1,  0.46371985E+03
  0.28684666E+02,   2462,   1017,5416668,      1,     80,      8,     15,  0.66996036E-02,      3,     79,     10,      1,  0.46371985E+03
  0.28684666E+02,   2462,   1018,5416669,      1,     80,     16,      5,  0.66979741E-02,      3,     79,     10,      1,  0.46371985E+03
  0.28684666E+02,   2462,   1019,5416670,      1,     80,     17,     17,  0.66963444E-02,      3,     79,     10,      1,  0.46371985E+03
  0.28684666E+02,   2462,   1020,5416671,      2,      0,     12,     19,  0.66947145E-02,      3,     79,     10,      1,  0.46371985E+03
  0.28684666E+02,   2462,   1021,5416672,      1,     80,      5,     17,  0.66930844E-02,      3,     79,     10,      1,  0.46371985E+03
  0.28684666E+02,   2462,   1022,5416673,      1,     80,     11,     14,  0.66914542E-02,      3,     79,     10,      1,  0.46371985E+03
  0.28684666E+02,   2462,   1023,5416674,      1,     80,      2,     16,  0.66898237E-02,      3,     79,     10,      1,  0.46371985E+03
  0.28684666E+02,   2462,   1024,5416675,      1,     80,     17,     15,  0.66881931E-02,      3,     79,     10,      1,  0.46371985E+03
  0.28684666E+02,   2462,   1025,5416676,      1,     80,     19,      9,  0.66865622E-02,      3,     79,     10,      1,  0.46371985E+03
  0.28684666E+02,   2462,   1026,5416677,      1,     80,      1,     11,  0.66849312E-02,      3,     79,     10,      1,  0.46371985E+03
  0.28684666E+02,   2462,   1027,5416678,      1,     80,      2,     20,  0.66833000E-02,      3,     79,     10,      1,  0.46371985E+03
  0.28684666E+02,   2462,   1028,5416679,      1,     80,     16,      2,  0.66816687E-02,      3,     79,     10,      1,  0.46371985E+03
  0.28684666E+02,   2462,   1029,5416680,      1,     80,      7,      6,  0.66800371E-02,      3,     79,     10,      1,  0.46371985E+03
  0.28684666E+02,   2462,   1030,5416681,      1,     80,     11,     19,  0.66784054E-02,      3,     79,     10,      1,  0.46371985E+03
  0.28684666E+02,   2462,   1031,5416682,      1,     80,      4,     12,  0.66767735E-02,      3,     79,     10,      1,  0.46371985E+03
  0.28684666E+02,   2462,   1032,5416683,      1,     80,     14,      9,  0.66751414E-02,      3,     79,     10,      1,  0.46371985E+03
  0.28684666E+02,   2462,   1033,5416684,      1,     80,     11,      3,  0.66735092E-02,      3,     79,     10,      1,  0.46371985E+03
  0.28684666E+02,   2462,   1034,5416685,      1,     80,      4,      4,  0.66718768E-02,      3,     79,     10,      1,  0.46371985E+03
  0.28684666E+02,   2462,   1035,5416686,      1,     80,      3,     10,  0.66702442E-02,      3,     79,     10,      1,  0.46371985E+03
  0.28684666E+02,   2462,   1036,5416687,      1,     80,      5,      6,  0.66686115E-02,      3,     79,     10,      1,  0.46371985E+03
  0.28684666E+02,   2462,   1037,5416688,      1,     80,      3,     10,  0.66669786E-02,      3,     79,     10,      1,  0.46371985E+03
  0.28684666E+02,   2462,   1038,5416689,      1,     80,     14,      4,  0.66653456E-02,      3,     79,     10,      1,  0.46371985E+03
  0.28684666E+02,   2462,   1039,5416690,      1,     80,      4,      8,  0.66637124E-02,      3,     79,     10,      1,  0.46371985E+03
  0.28684666E+02,   2462,   1040,5416691,      1,     80,     11,     18,  0.66620791E-02,      3,     79,     10,      1,  0.46371985E+03
  0.28684666E+02,   2462,   1041,5416692,      2,      0,      6,     12,  0.66604457E-02,      3,     79,     10,      1,  0.46371985E+03
  0.28684666E+02,   2462,   1042,5416693,      1,     80,     17,     16,  0.66588120E-02,      3,     79,     10,      1,  0.46371985E+03
  0.28684666E+02,   2462,   1043,5416694,      1,     80,     16,     18,  0.66571783E-02,      3,     79,     10,      1,  0.46371985E+03
  0.28684666E+02,   2462,   1044,5416695,      1,     80,     15,     18,  0.66555444E-02,      3,     79,     10,      1,  0.46371985E+03
  0.28684666E+02,   2462,   1045,5416696,      2,      0,     14,      5,  0.66539104E-02,      3,     79,     10,      1,  0.46371985E+03
  0.28684666E+02,   2462,   1046,5416697,      1,     80,     12,     13,  0.66522762E-02,      3,     79,     10,      1,  0.46371985E+03
  0.28684666E+02,   2462,   1047,5416698,      1,     80,     18,     18,  0.66506419E-02,      3,     79,     10,      1,  0.46371985E+03
  0.28684666E+02,   2462,   1048,5416699,      1,     80,     14,      4,  0.66490075E-02,      3,     79,     10,      1,  0.46371985E+03
  0.28684666E+02,   2462,   1049,5416700,      1,     80,     18,      9,  0.66473729E-02,      3,     79,     10,      1,  0.46371985E+03
  0.28684666E+02,   2462,   1050,5416701,      1,     80,     16,      4,  0.66457382E-02,      3,     79,     10,      1,  0.46371985E+03
  0.28684666E+02,   2462,   1051,5416702,      1,     80,      5,      2,  0.66441034E-02,      3,     79,     10,      1,  0.46371985E+03
  0.28684666E+02,   2462,   1052,5416703,      1,     80,     11,      3,  0.66424685E-02,      3,     79,     10,      1,  0.46371985E+03
  0.28684666E+02,   2462,   1053,5416704,      1,     80,      2,      7,  0.66408334E-02,      3,     79,     10,      1,  0.46371985E+03
  0.28684666E+02,   2462,   1054,5416705,      1,     80,     17,     15,  0.66391983E-02,      3,     79,     10,      1,  0.46371985E+03
  0.28684666E+02,   2462,   1055,5416706,      2,      0,     12,     19,  0.66375630E-02,      3,     79,     10,      1,  0.46371985E+03
  0.28684666E+02,   2462,   1056,5416707,      1,     80,      8,      1,  0.66359276E-02,      3,     79,     10,      1,  0.46371985E+03
  0.28684666E+02,   2462,   1057,5416708,      1,     80,     18,     13,  0.66342921E-02,      3,     79,     10,      1,  0.46371985E+03
  0.28684666E+02,   2462,   1058,5416709,      1,     80,      5,     18,  0.66326565E-02,      3,     79,     10,      1,  0.46371985E+03
  0.28684666E+02,   2462,   1059,5416710,      1,     80,     18,     13,  0.66310208E-02,      3,     79,     10,      1,  0.46371985E+03
  0.28684666E+02,   2462,   1060,5416711,      1,     80,     20,     20,  0.66293850E-02,      3,     79,     10,      1,  0.46371985E+03
  0.28684666E+02,   2462,   1061,5416712,      1,     80,     12,     13,  0.66277491E-02,      3,     79,     10,      1,  0.46371985E+03
  0.28684666E+02,   2462,   1062,5416713,      1,     80,      9,      1,  0.66261131E-02,      3,     79,     10,      1,  0.46371985E+03
  0.28684666E+02,   2462,   1063,5416714,      1,     80,     11,      4,  0.66244770E-02,      3,     79,     10,      1,  0.46371985E+03
  0.28684666E+02,   2462,   1064,5416715,      1,     80,     13,      5,  0.66228407E-02,      3,     79,     10,      1,  0.46371985E+03
  0.28684666E+02,   2462,   1065,5416716,      1,     80,     10,      2,  0.66212044E-02,      3,     79,     10,      1,  0.46371985E+03
  0.28684666E+02,   2462,   1066,5416717,      1,     80,     14,      4,  0.66195681E-02,      3,     79,     10,      1,  0.46371985E+03
  0.28684666E+02,   2462,   1067,5416718,      1,     80,     11,     18,  0.66179316E-02,      3,     79,     10,      1,  0.46371985E+03
  0.28684666E+02,   2462,   1068,5416719,      1,     80,     12,     12,  0.66162950E-02,      3,     79,     10,      1,  0.46371985E+03
  0.28684666E+02,   2462,   1069,5416720,      1,     80,      9,      3,  0.66146584E-02,      3,     79,     10,      1,  0.46371985E+03
  0.28684666E+02,   2462,   1070,5416721,      1,     80,     14,      4,  0.66130216E-02,      3,     79,     10,      1,  0.46371985E+03
  0.28684666E+02,   2462,   1071,5416722,      1,     80,     15,     10,  0.66113848E-02,      3,     79,     10,      1,  0.46371985E+03
  0.28684666E+02,   2462,   1072,5416723,      1,     80,     14,      4,  0.66097480E-02,      3,     79,     10,      1,  0.46371985E+03
  0.28684666E+02,   2462,   1073,5416724,      2,      0,      6,     15,  0.66081110E-02,      3,     79,     10,      1,  0.46371985E+03
  0.28684666E+02,   2462,   1074,5416725,      1,     80,     11,      2,  0.66064740E-02,      3,     79,     10,      1,  0.46371985E+03
  0.28684666E+02,   2462,   1075,5416726,      1,     80,     13,      4,  0.66048368E-02,      3,     79,     10,      1,  0.46371985E+03
  0.28684666E+02,   2462,   1076,5416727,      1,     80,     16,      4,  0.66031997E-02,      3,     79,     10,      1,  0.46371985E+03
  0.28684666E+02,   2462,   1077,5416728,      2,      0,     13,     17,  0.66015624E-02,      3,     79,     10,      1,  0.46371985E+03
  0.28684666E+02,   2462,   1078,5416729,      2,      0,     17,     12,  0.65999251E-02,      3,     79,     10,      1,  0.46371985E+03
  0.28684666E+02,   2462,   1079,5416730,      1,     80,     15,     10,  0.65982877E-02,      3,     79,     10,      1,  0.46371985E+03
  0.28684666E+02,   2462,   1080,5416731,      1,     80,     10,     13,  0.65966503E-02,      3,     79,     10,      1,  0.46371985E+03
  0.28684666E+02,   2462,   1081,5416732,      1,     80,     12,     13,  0.65950128E-02,      3,     79,     10,      1,  0.46371985E+03
  0.28684666E+02,   2462,   1082,5416733,      1,     80,      8,      1,  0.65933752E-02,      3,     79,     10,      1,  0.46371985E+03
  0.28684666E+02,   2462,   1083,5416734,      1,     80,     13,      1,  0.65917376E-02,      3,     79,     10,      1,  0.46371985E+03
  0.28684666E+02,   2462,   1084,5416735,      1,     80,     15,     17,  0.65901000E-02,      3,     79,     10,      1,  0.46371985E+03
  0.28684666E+02,   2462,   1085,5416736,      1,     80,     13,      4,  0.65884622E-02,      3,     79,     10,      1,  0.46371985E+03
  0.28684666E+02,   2462,   1086,5416737,      2,      0,     15,      6,  0.65868245E-02,      3,     79,     10,      1,  0.46371985E+03
  0.28684666E+02,   2462,   1087,5416738,      1,     80,      1,     18,  0.65851866E-02,      3,     79,     10,      1,  0.46371985E+03
  0.28684666E+02,   2462,   1088,5416739,      1,     80,     12,      9,  0.65835488E-02,      3,     79,     10,      1,  0.46371985E+03
  0.28684666E+02,   2462,   1089,5416740,      1,     80,     15,     12,  0.65819109E-02,      3,     79,     10,      1,  0.46371985E+03
  0.28684666E+02,   2462,   1090,5416741,      1,     80,     12,     13,  0.65802729E-02,      3,     79,     10,      1,  0.46371985E+03
  0.28684666E+02,   2462,   1091,5416742,      1,     80,     11,     19,  0.65786349E-02,      3,     79,     10,      1,  0.46371985E+03
  0.28684666E+02,   2462,   1092,5416743,      1,     80,     20,      2,  0.65769969E-02,      3,     79,     10,      1,  0.46371985E+03
  0.28684666E+02,   2462,   1093,5416744,      1,     80,     18,     11,  0.65753588E-02,      3,     79,     10,      1,  0.46371985E+03
  0.28684666E+02,   2462,   1094,5416745,      1,     80,     14,      4,  0.65737207E-02,      3,     79,     10,      1,  0.46371985E+03
  0.28684666E+02,   2462,   1095,5416746,      1,     80,     16,      9,  0.65720826E-02,      3,     79,     10,      1,  0.46371985E+03
  0.28684666E+02,   2462,   1096,5416747,      1,     80,     14,      4,  0.65704444E-02,      3,     79,     10,      1,  0.46371985E+03
  0.28684666E+02,   2462,   1097,5416748,      1,     80,     13,      2,  0.65688062E-02,      3,     79,     10,      1,  0.46371985E+03
  0.28684666E+02,   2462,   1098,5416749,      1,     80,     11,      5,  0.65671680E-02,      3,     79,     10,      1,  0.46371985E+03
  0.28684666E+02,   2462,   1099,5416750,      1,     80,      3,     14,  0.65655297E-02,      3,     79,     10,      1,  0.46371985E+03
  0.28684666E+02,   2462,   1100,5416751,      1,     80,      1,      5,  0.65638914E-02,      3,     79,     10,      1,  0.46371985E+03
  0.28684666E+02,   2462,   1101,5416752,      1,     80,      3,     15,  0.65622531E-02,      3,     79,     10,      1,  0.46371985E+03
  0.28684666E+02,   2462,   1102,5416753,      1,     80,     10,      4,  0.65606148E-02,      3,     79,     10,      1,  0.46371985E+03
  0.28684666E+02,   2462,   1103,5416754,      2,      0,     13,     17,  0.65589765E-02,      3,     79,     10,      1,  0.46371985E+03
  0.28684666E+02,   2462,   1104,5416755,      1,     80,      6,      3,  0.65573381E-02,      3,     79,     10,      1,  0.46371985E+03
  0.28684666E+02,   2462,   1105,5416756,      1,     80,     10,     14,  0.65556997E-02,      3,     79,     10,      1,  0.46371985E+03
  0.28684666E+02,   2462,   1106,5416757,      1,     80,     14,      4,  0.65540613E-02,      3,     79,     10,      1,  0.46371985E+03
  0.28684666E+02,   2462,   1107,5416758,      1,     80,     17,     15,  0.65524229E-02,      3,     79,     10,      1,  0.46371985E+03
  0.28684666E+02,   2462,   1108,5416759,      1,     80,     19,      4,  0.65507845E-02,      3,     79,     10,      1,  0.46371985E+03
  0.28684666E+02,   2462,   1109,5416760,      1,     80,      7,      2,  0.65491461E-02,      3,     79,     10,      1,  0.46371985E+03
  0.28684666E+02,   2462,   1110,5416761,      1,     80,     18,     15,  0.65475077E-02,      3,     79,     10,      1,  0.46371985E+03
  0.28684666E+02,   2462,   1111,5416762,      1,     80,     16,     17,  0.65458692E-02,      3,     79,     10,      1,  0.46371985E+03
  0.28684666E+02,   2462,   1112,5416763,      1,     80,     19,      3,  0.65442308E-02,      3,     79,     10,      1,  0.46371985E+03
  0.28684666E+02,   2462,   1113,5416764,      1,     80,     13,      7,  0.65425923E-02,      3,     79,     10,      1,  0.46371985E+03
  0.28684666E+02,   2462,   1114,5416765,      2,      0,      3,     11,  0.65409539E-02,      3,     79,     10,      1,  0.46371985E+03
  0.28684666E+02,   2462,   1115,5416766,      1,     80,     17,     15,  0.65393155E-02,      3,     79,     10,      1,  0.46371985E+03
  0.28684666E+02,   2462,   1116,5416767,      1,     80,     16,     15,  0.65376770E-02,      3,     79,     10,      1,  0.46371985E+03
  0.28684666E+02,   2462,   1117,5416768,      1,     80,      7,      2,  0.65360386E-02,      3,     79,     10,      1,  0.46371985E+03
  0.28684666E+02,   2462,   1118,5416769,      1,     80,     11,      5,  0.65344001E-02,      3,     79,     10,      1,  0.46371985E+03
  0.28684666E+02,   2462,   1119,5416770,      1,     80,      3,      2,  0.65327617E-02,      3,     79,     10,      1,  0.46371985E+03
  0.28684666E+02,   2462,   1120,5416771,      1,     80,     19,     16,  0.65311233E-02,      3,     79,     10,      1,  0.46371985E+03
  0.28684666E+02,   2462,   1121,5416772,      1,     80,     17,      6,  0.65294849E-02,      3,     79,     10,      1,  0.46371985E+03
  0.28684666E+02,   2462,   1122,5416773,      1,     80,     10,      3,  0.65278465E-02,      3,     79,     10,      1,  0.46371985E+03
  0.28684666E+02,   2462,   1123,5416774,      1,     80,      4,     15,  0.65262081E-02,      3,     79,     10,      1,  0.46371985E+03
  0.28684666E+02,   2462,   1124,5416775,      1,     80,     14,      4,  0.65245698E-02,      3,     79,     10,      1,  0.46371985E+03
  0.28684666E+02,   2462,   1125,5416776,      1,     80,      7,     15,  0.65229314E-02,      3,     79,     10,      1,  0.46371985E+03
  0.28684666E+02,   2462,   1126,5416777,      1,     80,     11,      9,  0.65212931E-02,      3,     79,     10,      1,  0.46371985E+03
  0.28684666E+02,   2462,   1127,5416778,      2,      0,      6,     13,  0.65196548E-02,      3,     79,     10,      1,  0.46371985E+03
  0.28684666E+02,   2462,   1128,5416779,      1,     80,     16,     18,  0.65180165E-02,      3,     79,     10,      1,  0.46371985E+03
  0.28684666E+02,   2462,   1129,5416780,      1,     80,     11,     12,  0.65163782E-02,      3,     79,     10,      1,  0.46371985E+03
  0.28684666E+02,   2462,   1130,5416781,      1,     80,      4,      5,  0.65147400E-02,      3,     79,     10,      1,  0.46371985E+03
  0.28684666E+02,   2462,   1131,5416782,      1,     80,     13,     20,  0.65131018E-02,      3,     79,     10,      1,  0.46371985E+03
  0.28684666E+02,   2462,   1132,5416783,      1,     80,      7,     14,  0.65114636E-02,      3,     79,     10,      1,  0.46371985E+03
  0.28684666E+02,   2462,   1133,5416784,      1,     80,     19,      8,  0.65098255E-02,      3,     79,     10,      1,  0.46371985E+03
  0.28684666E+02,   2462,   1134,5416785,      1,     80,      7,     14,  0.65081873E-02,      3,     79,     10,      1,  0.46371985E+03
  0.28684666E+02,   2462,   1135,5416786,      1,     80,     16,      2,  0.65065492E-02,      3,     79,     10,      1,  0.46371985E+03
  0.28684666E+02,   2462,   1136,5416787,      1,     80,      7,     14,  0.65049112E-02,      3,     79,     10,      1,  0.46371985E+03
  0.28684666E+02,   2462,   1137,5416788,      1,     80,      3,     10,  0.65032732E-02,      3,     79,     10,      1,  0.46371985E+03
  0.28684666E+02,   2462,   1138,5416789,      1,     80,     10,     14,  0.65016352E-02,      3,     79,     10,      1,  0.46371985E+03
  0.28684666E+02,   2462,   1139,5416790,      1,     80,     10,      2,  0.64999972E-02,      3,     79,     10,      1,  0.46371985E+03
  0.28684666E+02,   2462,   1140,5416791,      2,      0,      9,     10,  0.64983593E-02,      3,     79,     10,      1,  0.46371985E+03
  0.28684666E+02,   2462,   1141,5416792,      1,     80,      7,     10,  0.64967215E-02,      3,     79,     10,      1,  0.46371985E+03
  0.28684666E+02,   2462,   1142,5416793,      1,     80,      9,      3,  0.64950836E-02,      3,     79,     10,      1,  0.46371985E+03
  0.28684666E+02,   2462,   1143,5416794,      2,      0,     10,      7,  0.64934459E-02,      3,     79,     10,      1,  0.46371985E+03
  0.28684666E+02,   2462,   1144,5416795,      1,     80,     12,     13,  0.64918081E-02,      3,     79,     10,      1,  0.46371985E+03
  0.28684666E+02,   2462,   1145,5416796,      2,      0,     11,     13,  0.64901704E-02,      3,     79,     10,      1,  0.46371985E+03
  0.28684666E+02,   2462,   1146,5416797,      1,     80,      1,      2,  0.64885328E-02,      3,     79,     10,      1,  0.46371985E+03
  0.28684666E+02,   2462,   1147,5416798,      1,     80,      6,      8,  0.64868952E-02,      3,     79,     10,      1,  0.46371985E+03
  0.28684666E+02,   2462,   1148,5416799,      1,     80,      2,     18,  0.64852577E-02,      3,     79,     10,      1,  0.46371985E+03
  0.28684666E+02,   2462,   1149,5416800,      1,     80,     10,     14,  0.64836202E-02,      3,     79,     10,      1,  0.46371985E+03
  0.28684666E+02,   2462,   1150,5416801,      2,      0,     18,     17,  0.64819828E-02,      3,     79,     10,      1,  0.46371985E+03
  0.28684666E+02,   2462,   1151,5416802,      1,     80,     15,     14,  0.64803454E-02,      3,     79,     10,      1,  0.46371985E+03
  0.28684666E+02,   2462,   1152,5416803,      1,     80,     18,      2,  0.64787081E-02,      3,     79,     10,      1,  0.46371985E+03
  0.28684666E+02,   2462,   1153,5416804,      1,     80,      2,     14,  0.64770708E-02,      3,     79,     10,      1,  0.46371985E+03
  0.28684666E+02,   2462,   1154,5416805,      1,     80,     12,      4,  0.64754336E-02,      3,     79,     10,      1,  0.46371985E+03
  0.28684666E+02,   2462,   1155,5416806,      1,     80,     14,     19,  0.64737965E-02,      3,     79,     10,      1,  0.46371985E+03
  0.28684666E+02,   2462,   1156,5416807,      2,      0,     16,     19,  0.64721594E-02,      3,     79,     10,      1,  0.46371985E+03
  0.28684666E+02,   2462,   1157,5416808,      1,     80,     20,      1,  0.64705224E-02,      3,     79,     10,      1,  0.46371985E+03
  0.28684666E+02,   2462,   1158,5416809,      1,     80,      5,     12,  0.64688854E-02,      3,     79,     10,      1,  0.46371985E+03
  0.28684666E+02,   2462,   1159,5416810,      1,     80,      7,      3,  0.64672485E-02,      3,     79,     10,      1,  0.46371985E+03
  0.28684666E+02,   2462,   1160,5416811,      1,     80,      3,     14,  0.64656117E-02,      3,     79,     10,      1,  0.46371985E+03
  0.28684666E+02,   2462,   1161,5416812,      1,     80,     14,     19,  0.64639750E-02,      3,     79,     10,      1,  0.46371985E+03
  0.28684666E+02,   2462,   1162,5416813,      1,     80,     13,     11,  0.64623383E-02,      3,     79,     10,      1,  0.46371985E+03
  0.28684666E+02,   2462,   1163,5416814,      1,     80,      5,     16,  0.64607017E-02,      3,     79,     10,      1,  0.46371985E+03
  0.28684666E+02,   2462,   1164,5416815,      1,     80,      9,     12,  0.64590652E-02,      3,     79,     10,      1,  0.46371985E+03
  0.28684666E+02,   2462,   1165,5416816,      1,     80,      4,      1,  0.64574287E-02,      3,     79,     10,      1,  0.46371985E+03
  0.28684666E+02,   2462,   1166,5416817,      1,     80,     18,      9,  0.64557923E-02,      3,     79,     10,      1,  0.46371985E+03
  0.28684666E+02,   2462,   1167,5416818,      1,     80,     19,     11,  0.64541560E-02,      3,     79,     10,      1,  0.46371985E+03
  0.28684666E+02,   2462,   1168,5416819,      1,     80,     18,     11,  0.64525198E-02,      3,     79,     10,      1,  0.46371985E+03
  0.28684666E+02,   2462,   1169,5416820,      1,     80,     11,      8,  0.64508836E-02,      3,     79,     10,      1,  0.46371985E+03
  0.28684666E+02,   2462,   1170,5416821,      1,     80,     10,      5,  0.64492476E-02,      3,     79,     10,      1,  0.46371985E+03
  0.28684666E+02,   2462,   1171,5416822,      2,      0,     15,      6,  0.64476116E-02,      3,     79,     10,      1,  0.46371985E+03
  0.28684666E+02,   2462,   1172,5416823,      2,      0,     16,     19,  0.64459757E-02,      3,     79,     10,      1,  0.46371985E+03
  0.28684666E+02,   2462,   1173,5416824,      1,     80,     15,     12,  0.64443398E-02,      3,     79,     10,      1,  0.46371985E+03
  0.28684666E+02,   2462,   1174,5416825,      1,     80,      4,     15,  0.64427041E-02,      3,     79,     10,      1,  0.46371985E+03
  0.28684666E+02,   2462,   1175,5416826,      1,     80,     15,     20,  0.64410685E-02,      3,     79,     10,      1,  0.46371985E+03
  0.28684666E+02,   2462,   1176,5416827,      2,      0,      6,     12,  0.64394329E-02,      3,     79,     10,      1,  0.46371985E+03
  0.28684666E+02,   2462,   1177,5416828,      1,     80,     15,     18,  0.64377974E-02,      3,     79,     10,      1,  0.46371985E+03
  0.28684666E+02,   2462,   1178,5416829,      1,     80,     16,      6,  0.64361620E-02,      3,     79,     10,      1,  0.46371985E+03
  0.28684666E+02,   2462,   1179,5416830,      1,     80,      2,     16,  0.64345268E-02,      3,     79,     10,      1,  0.46371985E+03
  0.28684666E+02,   2462,   1180,5416831,      1,     80,      3,      5,  0.64328916E-02,      3,     79,     10,      1,  0.46371985E+03
  0.28684666E+02,   2462,   1181,5416832,      1,     80,      3,     10,  0.64312565E-02,      3,     79,     10,      1,  0.46371985E+03
  0.28684666E+02,   2462,   1182,5416833,      1,     80,     11,      4,  0.64296214E-02,      3,     79,     10,      1,  0.46371985E+03
  0.28684666E+02,   2462,   1183,5416834,      1,     80,      3,     14,  0.64279865E-02,      3,     79,     10,      1,  0.46371985E+03
  0.28684666E+02,   2462,   1184,5416835,      1,     80,     18,     11,  0.64263517E-02,      3,     79,     10,      1,  0.46371985E+03
  0.28684666E+02,   2462,   1185,5416836,      1,     80,     19,     17,  0.64247170E-02,      3,     79,     10,      1,  0.46371985E+03
  0.28684666E+02,   2462,   1186,5416837,      1,     80,      4,     14,  0.64230824E-02,      3,     79,     10,      1,  0.46371985E+03
  0.28684666E+02,   2462,   1187,5416838,      1,     80,     19,     17,  0.64214479E-02,      3,     79,     10,      1,  0.46371985E+03
  0.28684666E+02,   2462,   1188,5416839,      1,     80,      3,     18,  0.64198135E-02,      3,     79,     10,      1,  0.46371985E+03
  0.28684666E+02,   2462,   1189,5416840,      1,     80,      6,      4,  0.64181792E-02,      3,     79,     10,      1,  0.46371985E+03
  0.28684666E+02,   2462,   1190,5416841,      1,     80,      3,     18,  0.64165450E-02,      3,     79,     10,      1,  0.46371985E+03
  0.28684666E+02,   2462,   1191,5416842,      2,      0,     19,      2,  0.64149109E-02,      3,     79,     10,      1,  0.46371985E+03
  0.28684666E+02,   2462,   1192,5416843,      1,     80,     20,      2,  0.64132769E-02,      3,     79,     10,      1,  0.46371985E+03
  0.28684666E+02,   2462,   1193,5416844,      1,     80,      3,     10,  0.64116430E-02,      3,     79,     10,      1,  0.46371985E+03
  0.28684666E+02,   2462,   1194,5416845,      2,      0,      1,      4,  0.64100092E-02,      3,     79,     10,      1,  0.46371985E+03
  0.28684666E+02,   2462,   1195,5416846,      2,      0,      2,      5,  0.64083755E-02,      3,     79,     10,      1,  0.46371985E+03
  0.28684666E+02,   2462,   1196,5416847,      1,     80,      4,      3,  0.64067420E-02,      3,     79,     10,      1,  0.46371985E+03
  0.28684666E+02,   2462,   1197,5416848,      2,      0,      3,     17,  0.64051086E-02,      3,     79,     10,      1,  0.46371985E+03
  0.28684666E+02,   2462,   1198,5416849,      1,     80,     17,      3,  0.64034752E-02,      3,     79,     10,      1,  0.46371985E+03
  0.28684666E+02,   2462,   1199,5416850,      1,     80,      6,     17,  0.64018420E-02,      3,     79,     10,      1,  0.46371985E+03
  0.28684666E+02,   2462,   1200,5416851,      1,     80,      4,      5,  0.64002089E-02,      3,     79,     10,      1,  0.46371985E+03
  0.28684666E+02,   2462,   1201,5416852,      1,     80,     16,      4,  0.63985759E-02,      3,     79,     10,      1,  0.46371985E+03
  0.28684666E+02,   2462,   1202,5416853,      2,      0,     13,     17,  0.63969431E-02,      3,     79,     10,      1,  0.46371985E+03
  0.28684666E+02,   2462,   1203,5416854,      1,     80,     17,     10,  0.63953103E-02,      3,     79,     10,      1,  0.46371985E+03
  0.28684666E+02,   2462,   1204,5416855,      1,     80,      8,     20,  0.63936777E-02,      3,     79,     10,      1,  0.46371985E+03
  0.28684666E+02,   2462,   1205,5416856,      1,     80,      5,     12,  0.63920452E-02,      3,     79,     10,      1,  0.46371985E+03
  0.28684666E+02,   2462,   1206,5416857,      1,     80,     18,     10,  0.63904128E-02,      3,     79,     10,      1,  0.46371985E+03
  0.28684666E+02,   2462,   1207,5416858,      1,     80,     11,     18,  0.63887806E-02,      3,     79,     10,      1,  0.46371985E+03
  0.28684666E+02,   2462,   1208,5416859,      1,     80,      8,     12,  0.63871484E-02,      3,     79,     10,      1,  0.46371985E+03
  0.28684666E+02,   2462,   1209,5416860,      1,     80,     19,     13,  0.63855164E-02,      3,     79,     10,      1,  0.46371985E+03
  0.28684666E+02,   2462,   1210,5416861,      1,     80,     15,      9,  0.63838846E-02,      3,     79,     10,      1,  0.46371985E+03
  0.28684666E+02,   2462,   1211,5416862,      1,     80,     11,     16,  0.63822528E-02,      3,     79,     10,      1,  0.46371985E+03
  0.28684666E+02,   2462,   1212,5416863,      1,     80,      8,      1,  0.63806212E-02,      3,     79,     10,      1,  0.46371985E+03
  0.28684666E+02,   2462,   1213,5416864,      1,     80,      1,      5,  0.63789897E-02,      3,     79,     10,      1,  0.46371985E+03
  0.28684666E+02,   2462,   1214,5416865,      1,     80,      3,      9,  0.63773583E-02,      3,     79,     10,      1,  0.46371985E+03
  0.28684666E+02,   2462,   1215,5416866,      1,     80,      1,      5,  0.63757271E-02,      3,     79,     10,      1,  0.46371985E+03
  0.28684666E+02,   2462,   1216,5416867,      1,     80,     11,     18,  0.63740960E-02,      3,     79,     10,      1,  0.46371985E+03
  0.28684666E+02,   2462,   1217,5416868,      1,     80,     11,      7,  0.63724650E-02,      3,     79,     10,      1,  0.46371985E+03
  0.28684666E+02,   2462,   1218,5416869,      2,      0,     15,     11,  0.63708342E-02,      3,     79,     10,      1,  0.46371985E+03
  0.28684666E+02,   2462,   1219,5416870,      1,     80,      5,     16,  0.63692035E-02,      3,     79,     10,      1,  0.46371985E+03
  0.28684666E+02,   2462,   1220,5416871,      2,      0,      2,      5,  0.63675730E-02,      3,     79,     10,      1,  0.46371985E+03
  0.28684666E+02,   2462,   1221,5416872,      1,     80,     16,      2,  0.63659425E-02,      3,     79,     10,      1,  0.46371985E+03
  0.28684666E+02,   2462,   1222,5416873,      2,      0,     14,     17,  0.63643122E-02,      3,     79,     10,      1,  0.46371985E+03
  0.28684666E+02,   2462,   1223,5416874,      1,     80,     13,      8,  0.63626821E-02,      3,     79,     10,      1,  0.46371985E+03
  0.28684666E+02,   2462,   1224,5416875,      1,     80,     11,     10,  0.63610521E-02,      3,     79,     10,      1,  0.46371985E+03
  0.28684666E+02,   2462,   1225,5416876,      1,     80,     11,     12,  0.63594222E-02,      3,     79,     10,      1,  0.46371985E+03
  0.28684666E+02,   2462,   1226,5416877,      1,     80,     12,      5,  0.63577925E-02,      3,     79,     10,      1,  0.46371985E+03
  0.28684666E+02,   2462,   1227,5416878,      1,     80,     18,      2,  0.63561630E-02,      3,     79,     10,      1,  0.46371985E+03
  0.28684666E+02,   2462,   1228,5416879,      2,      0,     15,     11,  0.63545335E-02,      3,     79,     10,      1,  0.46371985E+03
  0.28684666E+02,   2462,   1229,5416880,      1,     80,     13,      1,  0.63529042E-02,      3,     79,     10,      1,  0.46371985E+03
  0.28684666E+02,   2462,   1230,5416881,      1,     80,      2,      2,  0.63512751E-02,      3,     79,     10,      1,  0.46371985E+03
  0.28684666E+02,   2462,   1231,5416882,      1,     80,      8,      6,  0.63496461E-02,      3,     79,     10,      1,  0.46371985E+03
  0.28684666E+02,   2462,   1232,5416883,      1,     80,      6,     14,  0.63480173E-02,      3,     79,     10,      1,  0.46371985E+03
  0.28684666E+02,   2462,   1233,5416884,      1,     80,     18,      9,  0.63463886E-02,      3,     79,     10,      1,  0.46371985E+03
  0.28684666E+02,   2462,   1234,5416885,      1,     80,      7,     14,  0.63447600E-02,      3,     79,     10,      1,  0.46371985E+03
  0.28684666E+02,   2462,   1235,5416886,      1,     80,     17,     15,  0.63431317E-02,      3,     79,     10,      1,  0.46371985E+03
  0.28684666E+02,   2462,   1236,5416887,      1,     80,      7,     16,  0.63415034E-02,      3,     79,     10,      1,  0.46371985E+03
  0.28684666E+02,   2462,   1237,5416888,      1,     80,      5,     14,  0.63398753E-02,      3,     79,     10,      1,  0.46371985E+03
  0.28684666E+02,   2462,   1238,5416889,      1,     80,      2,     11,  0.63382474E-02,      3,     79,     10,      1,  0.46371985E+03
  0.28684666E+02,   2462,   1239,5416890,      1,     80,     12,      5,  0.63366196E-02,      3,     79,     10,      1,  0.46371985E+03
  0.28684666E+02,   2462,   1240,5416891,      1,     80,      7,     18,  0.63349920E-02,      3,     79,     10,      1,  0.46371985E+03
  0.28684666E+02,   2462,   1241,5416892,      2,      0,      4,     13,  0.63333645E-02,      3,     79,     10,      1,  0.46371985E+03
  0.28684666E+02,   2462,   1242,5416893,      1,     80,     14,      4,  0.63317372E-02,      3,     79,     10,      1,  0.46371985E+03
  0.28684666E+02,   2462,   1243,5416894,      2,      0,     12,     19,  0.63301101E-02,      3,     79,     10,      1,  0.46371985E+03
  0.28684666E+02,   2462,   1244,5416895,      1,     80,     19,      1,  0.63284831E-02,      3,     79,     10,      1,  0.46371985E+03
  0.28684666E+02,   2462,   1245,5416896,      1,     80,      2,      6,  0.63268563E-02,      3,     79,     10,      1,  0.46371985E+03
  0.28684666E+02,   2462,   1246,5416897,      1,     80,      3,      4,  0.63252296E-02,      3,     79,     10,      1,  0.46371985E+03
  0.28684666E+02,   2462,   1247,5416898,      1,     80,      8,      3,  0.63236031E-02,      3,     79,     10,      1,  0.46371985E+03
  0.28684666E+02,   2462,   1248,5416899,      1,     80,     20,     10,  0.63219768E-02,      3,     79,     10,      1,  0.46371985E+03
  0.28684666E+02,   2462,   1249,5416900,      1,     80,     19,      3,  0.63203506E-02,      3,     79,     10,      1,  0.46371985E+03
  0.28684666E+02,   2462,   1250,5416901,      2,      0,     11,     13,  0.63187246E-02,      3,     79,     10,      1,  0.46371985E+03
  0.28684666E+02,   2462,   1251,5416902,      1,     80,     11,      4,  0.63170987E-02,      3,     79,     10,      1,  0.46371985E+03
  0.28684666E+02,   2462,   1252,5416903,      1,     80,      9,      2,  0.63154730E-02,      3,     79,     10,      1,  0.46371985E+03
  0.28684666E+02,   2462,   1253,5416904,      2,      0,      1,      4,  0.63138475E-02,      3,     79,     10,      1,  0.46371985E+03
  0.28684666E+02,   2462,   1254,5416905,      2,      0,     18,      3,  0.63122222E-02,      3,     79,     10,      1,  0.46371985E+03
  0.28684666E+02,   2462,   1255,5416906,      1,     80,      8,     18,  0.63105970E-02,      3,     79,     10,      1,  0.46371985E+03
  0.28684666E+02,   2462,   1256,5416907,      1,     80,      4,     20,  0.63089720E-02,      3,     79,     10,      1,  0.46371985E+03
  0.28684666E+02,   2462,   1257,5416908,      1,     80,     10,     12,  0.63073472E-02,      3,     79,     10,      1,  0.46371985E+03
  0.28684666E+02,   2462,   1258,5416909,      1,     80,     18,      1,  0.63057225E-02,      3,     79,     10,      1,  0.46371985E+03
  0.28684666E+02,   2462,   1259,5416910,      1,     80,     13,     12,  0.63040980E-02,      3,     79,     10,      1,  0.46371985E+03
  0.28684666E+02,   2462,   1260,5416911,      1,     80,     18,      9,  0.63024737E-02,      3,     79,     10,      1,  0.46371985E+03
  0.28684666E+02,   2462,   1261,5416912,      1,     80,     10,     14,  0.63008495E-02,      3,     79,     10,      1,  0.46371985E+03
  0.28684666E+02,   2462,   1262,5416913,      1,     80,     12,     16,  0.62992256E-02,      3,     79,     10,      1,  0.46371985E+03
  0.28684666E+02,   2462,   1263,5416914,      1,     80,     11,     18,  0.62976018E-02,      3,     79,     10,      1,  0.46371985E+03
  0.28684666E+02,   2462,   1264,5416915,      1,     80,     12,     16,  0.62959781E-02,      3,     79,     10,      1,  0.46371985E+03
  0.28684666E+02,   2462,   1265,5416916,      1,     80,     11,     18,  0.62943547E-02,      3,     79,     10,      1,  0.46371985E+03
  0.28684666E+02,   2462,   1266,5416917,      1,     80,      5,      3,  0.62927314E-02,      3,     79,     10,      1,  0.46371985E+03
  0.28684666E+02,   2462,   1267,5416918,      1,     80,     20,      4,  0.62911084E-02,      3,     79,     10,      1,  0.46371985E+03
  0.28684666E+02,   2462,   1268,5416919,      1,     80,      5,     10,  0.62894855E-02,      3,     79,     10,      1,  0.46371985E+03
  0.28684666E+02,   2462,   1269,5416920,      2,      0,     11,     13,  0.62878627E-02,      3,     79,     10,      1,  0.46371985E+03
  0.28684666E+02,   2462,   1270,5416921,      1,     80,     13,     13,  0.62862402E-02,      3,     79,     10,      1,  0.46371985E+03
  0.28684666E+02,   2462,   1271,5416922,      2,      0,     11,     13,  0.62846178E-02,      3,     79,     10,      1,  0.46371985E+03
  0.28684666E+02,   2462,   1272,5416923,      1,     80,      7,     15,  0.62829957E-02,      3,     79,     10,      1,  0.46371985E+03
  0.28684666E+02,   2462,   1273,5416924,      2,      0,      2,      5,  0.62813737E-02,      3,     79,     10,      1,  0.46371985E+03
  0.28684666E+02,   2462,   1274,5416925,      2,      0,     10,      8,  0.62797518E-02,      3,     79,     10,      1,  0.46371985E+03
  0.28684666E+02,   2462,   1275,5416926,      1,     80,     18,      9,  0.62781302E-02,      3,     79,     10,      1,  0.46371985E+03
  0.28684666E+02,   2462,   1276,5416927,      1,     80,     11,     18,  0.62765088E-02,      3,     79,     10,      1,  0.46371985E+03
  0.28684666E+02,   2462,   1277,5416928,      2,      0,     18,      3,  0.62748875E-02,      3,     79,     10,      1,  0.46371985E+03
  0.28684666E+02,   2462,   1278,5416929,      1,     80,      6,     18,  0.62732665E-02,      3,     79,     10,      1,  0.46371985E+03
  0.28684666E+02,   2462,   1279,5416930,      1,     80,     13,     13,  0.62716456E-02,      3,     79,     10,      1,  0.46371985E+03
  0.28684666E+02,   2462,   1280,5416931,      1,     80,     16,      2,  0.62700249E-02,      3,     79,     10,      1,  0.46371985E+03
  0.28684666E+02,   2462,   1281,5416932,      1,     80,      2,      3,  0.62684044E-02,      3,     79,     10,      1,  0.46371985E+03
  0.28684666E+02,   2462,   1282,5416933,      1,     80,     10,      6,  0.62667841E-02,      3,     79,     10,      1,  0.46371985E+03
  0.28684666E+02,   2462,   1283,5416934,      1,     80,     13,     12,  0.62651640E-02,      3,     79,     10,      1,  0.46371985E+03
  0.28684666E+02,   2462,   1284,5416935,      1,     80,      2,     16,  0.62635441E-02,      3,     79,     10,      1,  0.46371985E+03
  0.28684666E+02,   2462,   1285,5416936,      1,     80,      1,      9,  0.62619243E-02,      3,     79,     10,      1,  0.46371985E+03
  0.28684666E+02,   2462,   1286,5416937,      1,     80,     12,      3,  0.62603048E-02,      3,     79,     10,      1,  0.46371985E+03
  0.28684666E+02,   2462,   1287,5416938,      1,     80,     20,     15,  0.62586855E-02,      3,     79,     10,      1,  0.46371985E+03
  0.28684666E+02,   2462,   1288,5416939,      2,      0,      6,     15,  0.62570663E-02,      3,     79,     10,      1,  0.46371985E+03
  0.28684666E+02,   2462,   1289,5416940,      1,     80,     17,      3,  0.62554474E-02,      3,     79,     10,      1,  0.46371985E+03
  0.28684666E+02,   2462,   1290,5416941,      1,     80,     18,      1,  0.62538286E-02,      3,     79,     10,      1,  0.46371985E+03
  0.28684666E+02,   2462,   1291,5416942,      1,     80,      4,      5,  0.62522100E-02,      3,     79,     10,      1,  0.46371985E+03
  0.28684666E+02,   2462,   1292,5416943,      2,      0,      1,      8,  0.62505917E-02,      3,     79,     10,      1,  0.46371985E+03
  0.28684666E+02,   2462,   1293,5416944,      1,     80,     12,     11,  0.62489735E-02,      3,     79,     10,      1,  0.46371985E+03
  0.28684666E+02,   2462,   1294,5416945,      1,     80,      7,     19,  0.62473556E-02,      3,     79,     10,      1,  0.46371985E+03
  0.28684666E+02,   2462,   1295,5416946,      1,     80,     11,     19,  0.62457378E-02,      3,     79,     10,      1,  0.46371985E+03
  0.28684666E+02,   2462,   1296,5416947,      2,      0,      1,      4,  0.62441202E-02,      3,     79,     10,      1,  0.46371985E+03
  0.28684666E+02,   2462,   1297,5416948,      1,     80,      2,     10,  0.62425029E-02,      3,     79,     10,      1,  0.46371985E+03
  0.28684666E+02,   2462,   1298,5416949,      1,     80,      8,     15,  0.62408857E-02,      3,     79,     10,      1,  0.46371985E+03
  0.28684666E+02,   2462,   1299,5416950,      1,     80,     14,     10,  0.62392688E-02,      3,     79,     10,      1,  0.46371985E+03
  0.28684666E+02,   2462,   1300,5416951,      1,     80,     20,      2,  0.62376520E-02,      3,     79,     10,      1,  0.46371985E+03
  0.28684666E+02,   2462,   1301,5416952,      1,     80,     11,      3,  0.62360355E-02,      3,     79,     10,      1,  0.46371985E+03
  0.28684666E+02,   2462,   1302,5416953,      2,      0,     14,     15,  0.62344191E-02,      3,     79,     10,      1,  0.46371985E+03
  0.28684666E+02,   2462,   1303,5416954,      2,      0,     16,     19,  0.62328030E-02,      3,     79,     10,      1,  0.46371985E+03
  0.28684666E+02,   2462,   1304,5416955,      1,     80,      5,      3,  0.62311871E-02,      3,     79,     10,      1,  0.46371985E+03
  0.28684666E+02,   2462,   1305,5416956,      2,      0,     19,      2,  0.62295713E-02,      3,     79,     10,      1,  0.46371985E+03
  0.28684666E+02,   2462,   1306,5416957,      1,     80,     10,      1,  0.62279558E-02,      3,     79,     10,      1,  0.46371985E+03
  0.28684666E+02,   2462,   1307,5416958,      1,     80,     12,     13,  0.62263405E-02,      3,     79,     10,      1,  0.46371985E+03
  0.28684666E+02,   2462,   1308,5416959,      2,      0,     14,     18,  0.62247254E-02,      3,     79,     10,      1,  0.46371985E+03
  0.28684666E+02,   2462,   1309,5416960,      2,      0,      3,     11,  0.62231105E-02,      3,     79,     10,      1,  0.46371985E+03
  0.28684666E+02,   2462,   1310,5416961,      1,     80,     17,     15,  0.62214959E-02,      3,     79,     10,      1,  0.46371985E+03
  0.28684666E+02,   2462,   1311,5416962,      2,      0,     19,      2,  0.62198814E-02,      3,     79,     10,      1,  0.46371985E+03
  0.28684666E+02,   2462,   1312,5416963,      1,     80,      4,     12,  0.62182671E-02,      3,     79,     10,      1,  0.46371985E+03
  0.28684666E+02,   2462,   1313,5416964,      2,      0,      2,      5,  0.62166531E-02,      3,     79,     10,      1,  0.46371985E+03
  0.28684666E+02,   2462,   1314,5416965,      1,     80,     20,      7,  0.62150393E-02,      3,     79,     10,      1,  0.46371985E+03
  0.28684666E+02,   2462,   1315,5416966,      1,     80,     12,     13,  0.62134257E-02,      3,     79,     10,      1,  0.46371985E+03
  0.28684666E+02,   2462,   1316,5416967,      1,     80,      2,     16,  0.62118122E-02,      3,     79,     10,      1,  0.46371985E+03
  0.28684666E+02,   2462,   1317,5416968,      1,     80,     20,      8,  0.62101991E-02,      3,     79,     10,      1,  0.46371985E+03
  0.28684666E+02,   2462,   1318,5416969,      1,     80,     13,     12,  0.62085861E-02,      3,     79,     10,      1,  0.46371985E+03
  0.28684666E+02,   2462,   1319,5416970,      1,     80,      7,     20,  0.62069733E-02,      3,     79,     10,      1,  0.46371985E+03
  0.28684666E+02,   2462,   1320,5416971,      2,      0,      6,     11,  0.62053608E-02,      3,     79,     10,      1,  0.46371985E+03
  0.28684666E+02,   2462,   1321,5416972,      1,     80,     11,      5,  0.62037485E-02,      3,     79,     10,      1,  0.46371985E+03
  0.28684666E+02,   2462,   1322,5416973,      1,     80,      6,     14,  0.62021364E-02,      3,     79,     10,      1,  0.46371985E+03
  0.28684666E+02,   2462,   1323,5416974,      1,     80,     13,     14,  0.62005245E-02,      3,     79,     10,      1,  0.46371985E+03
  0.28684666E+02,   2462,   1324,5416975,      1,     80,      6,     14,  0.61989128E-02,      3,     79,     10,      1,  0.46371985E+03
  0.28684666E+02,   2462,   1325,5416976,      1,     80,      1,     15,  0.61973014E-02,      3,     79,     10,      1,  0.46371985E+03
  0.28684666E+02,   2462,   1326,5416977,      1,     80,      9,      2,  0.61956902E-02,      3,     79,     10,      1,  0.46371985E+03
  0.28684666E+02,   2462,   1327,5416978,      1,     80,     17,      3,  0.61940792E-02,      3,     79,     10,      1,  0.46371985E+03
  0.28684666E+02,   2462,   1328,5416979,      2,      0,      6,     15,  0.61924684E-02,      3,     79,     10,      1,  0.46371985E+03
  0.28684666E+02,   2462,   1329,5416980,      1,     80,     18,     10,  0.61908578E-02,      3,     79,     10,      1,  0.46371985E+03
  0.28684666E+02,   2462,   1330,5416981,      1,     80,      7,      7,  0.61892475E-02,      3,     79,     10,      1,  0.46371985E+03
  0.28684666E+02,   2462,   1331,5416982,      1,     80,      3,     14,  0.61876374E-02,      3,     79,     10,      1,  0.46371985E+03
  0.28684666E+02,   2462,   1332,5416983,      2,      0,     14,     15,  0.61860275E-02,      3,     79,     10,      1,  0.46371985E+03
  0.28684666E+02,   2462,   1333,5416984,      2,      0,      3,     11,  0.61844178E-02,      3,     79,     10,      1,  0.46371985E+03
  0.28684666E+02,   2462,   1334,5416985,      2,      0,     15,      6,  0.61828084E-02,      3,     79,     10,      1,  0.46371985E+03
  0.28684666E+02,   2462,   1335,5416986,      2,      0,      3,     17,  0.61811992E-02,      3,     79,     10,      1,  0.46371985E+03
  0.28684666E+02,   2462,   1336,5416987,      1,     80,     20,      2,  0.61795902E-02,      3,     79,     10,      1,  0.46371985E+03
  0.28684666E+02,   2462,   1337,5416988,      2,      0,      4,     13,  0.61779814E-02,      3,     79,     10,      1,  0.46371985E+03
  0.28684666E+02,   2462,   1338,5416989,      1,     80,     18,      5,  0.61763729E-02,      3,     79,     10,      1,  0.46371985E+03
  0.28684666E+02,   2462,   1339,5416990,      1,     80,     15,     18,  0.61747646E-02,      3,     79,     10,      1,  0.46371985E+03
  0.28684666E+02,   2462,   1340,5416991,      1,     80,     14,     19,  0.61731565E-02,      3,     79,     10,      1,  0.46371985E+03
  0.28684666E+02,   2462,   1341,5416992,      1,     80,     10,     17,  0.61715487E-02,      3,     79,     10,      1,  0.46371985E+03
  0.28684666E+02,   2462,   1342,5416993,      1,     80,      9,      3,  0.61699411E-02,      3,     79,     10,      1,  0.46371985E+03
  0.28684666E+02,   2462,   1343,5416994,      1,     80,     10,     19,  0.61683337E-02,      3,     79,     10,      1,  0.46371985E+03
  0.28684666E+02,   2462,   1344,5416995,      2,      0,     12,     18,  0.61667265E-02,      3,     79,     10,      1,  0.46371985E+03
  0.28684666E+02,   2462,   1345,5416996,      1,     80,     14,      4,  0.61651196E-02,      3,     79,     10,      1,  0.46371985E+03
  0.28684666E+02,   2462,   1346,5416997,      1,     80,      8,     18,  0.61635129E-02,      3,     79,     10,      1,  0.46371985E+03
  0.28684666E+02,   2462,   1347,5416998,      1,     80,     11,      2,  0.61619065E-02,      3,     79,     10,      1,  0.46371985E+03
  0.28684666E+02,   2462,   1348,5416999,      1,     80,      6,     18,  0.61603003E-02,      3,     79,     10,      1,  0.46371985E+03
  0.28684666E+02,   2462,   1349,5417000,      1,     80,      1,      6,  0.61586943E-02,      3,     79,     10,      1,  0.46371985E+03
  0.28684666E+02,   2462,   1350,5417001,      1,     80,     10,      1,  0.61570885E-02,      3,     79,     10,      1,  0.46371985E+03
  0.28684666E+02,   2462,   1351,5417002,      1,     80,      8,     10,  0.61554830E-02,      3,     79,     10,      1,  0.46371985E+03
  0.28684666E+02,   2462,   1352,5417003,      1,     80,     10,      1,  0.61538777E-02,      3,     79,     10,      1,  0.46371985E+03
  0.28684666E+02,   2462,   1353,5417004,      1,     80,      5,      1,  0.61522727E-02,      3,     79,     10,      1,  0.46371985E+03
  0.28684666E+02,   2462,   1354,5417005,      2,      0,     20,     14,  0.61506679E-02,      3,     79,     10,      1,  0.46371985E+03
  0.28684666E+02,   2462,   1355,5417006,      1,     80,      7,      7,  0.61490633E-02,      3,     79,     10,      1,  0.46371985E+03
  0.28684666E+02,   2462,   1356,5417007,      2,      0,      8,     13,  0.61474590E-02,      3,     79,     10,      1,  0.46371985E+03
  0.28684666E+02,   2462,   1357,5417008,      2,      0,      6,      2,  0.61458549E-02,      3,     79,     10,      1,  0.46371985E+03
  0.28684666E+02,   2462,   1358,5417009,      1,     80,      5,     18,  0.61442510E-02,      3,     79,     10,      1,  0.46371985E+03
  0.28684666E+02,   2462,   1359,5417010,      1,     80,     11,      3,  0.61426474E-02,      3,     79,     10,      1,  0.46371985E+03
  0.28684666E+02,   2462,   1360,5417011,      1,     80,     12,      8,  0.61410441E-02,      3,     79,     10,      1,  0.46371985E+03
  0.28684666E+02,   2462,   1361,5417012,      1,     80,     16,      1,  0.61394409E-02,      3,     79,     10,      1,  0.46371985E+03
  0.28684666E+02,   2462,   1362,5417013,      1,     80,     10,      3,  0.61378380E-02,      3,     79,     10,      1,  0.46371985E+03
  0.28684666E+02,   2462,   1363,5417014,      1,     80,      1,      5,  0.61362354E-02,      3,     79,     10,      1,  0.46371985E+03
  0.28684666E+02,   2462,   1364,5417015,      1,     80,      5,      6,  0.61346330E-02,      3,     79,     10,      1,  0.46371985E+03
  0.28684666E+02,   2462,   1365,5417016,      1,     80,     18,      1,  0.61330308E-02,      3,     79,     10,      1,  0.46371985E+03
  0.28684666E+02,   2462,   1366,5417017,      1,     80,     16,      5,  0.61314289E-02,      3,     79,     10,      1,  0.46371985E+03
  0.28684666E+02,   2462,   1367,5417018,      1,     80,      9,     13,  0.61298272E-02,      3,     79,     10,      1,  0.46371985E+03
  0.28684666E+02,   2462,   1368,5417019,      2,      0,      8,     14,  0.61282258E-02,      3,     79,     10,      1,  0.46371985E+03
  0.28684666E+02,   2462,   1369,5417020,      1,     80,      4,     15,  0.61266246E-02,      3,     79,     10,      1,  0.46371985E+03
  0.28684666E+02,   2462,   1370,5417021,      1,     80,     19,      1,  0.61250236E-02,      3,     79,     10,      1,  0.46371985E+03
  0.28684666E+02,   2462,   1371,5417022,      1,     80,      9,      3,  0.61234229E-02,      3,     79,     10,      1,  0.46371985E+03
  0.28684666E+02,   2462,   1372,5417023,      1,     80,     12,     14,  0.61218225E-02,      3,     79,     10,      1,  0.46371985E+03
  0.28684666E+02,   2462,   1373,5417024,      2,      0,      9,     10,  0.61202223E-02,      3,     79,     10,      1,  0.46371985E+03
  0.28684666E+02,   2462,   1374,5417025,      1,     80,     19,      1,  0.61186223E-02,      3,     79,     10,      1,  0.46371985E+03
  0.28684666E+02,   2462,   1375,5417026,      1,     80,     17,     13,  0.61170226E-02,      3,     79,     10,      1,  0.46371985E+03
  0.28684666E+02,   2462,   1376,5417027,      2,      0,     16,     16,  0.61154231E-02,      3,     79,     10,      1,  0.46371985E+03
  0.28684666E+02,   2462,   1377,5417028,      2,      0,     14,     15,  0.61138239E-02,      3,     79,     10,      1,  0.46371985E+03
  0.28684666E+02,   2462,   1378,5417029,      2,      0,     16,     16,  0.61122250E-02,      3,     79,     10,      1,  0.46371985E+03
  0.28684666E+02,   2462,   1379,5417030,      1,     80,      7,      1,  0.61106263E-02,      3,     79,     10,      1,  0.46371985E+03
  0.28684666E+02,   2462,   1380,5417031,      1,     80,      2,      4,  0.61090278E-02,      3,     79,     10,      1,  0.46371985E+03
  0.28684666E+02,   2462,   1381,5417032,      1,     80,     18,     12,  0.61074296E-02,      3,     79,     10,      1,  0.46371985E+03
  0.28684666E+02,   2462,   1382,5417033,      1,     80,     19,      5,  0.61058316E-02,      3,     79,     10,      1,  0.46371985E+03
  0.28684666E+02,   2462,   1383,5417034,      1,     80,     16,      6,  0.61042339E-02,      3,     79,     10,      1,  0.46371985E+03
  0.28684666E+02,   2462,   1384,5417035,      1,     80,     15,     13,  0.61026364E-02,      3,     79,     10,      1,  0.46371985E+03
  0.28684666E+02,   2462,   1385,5417036,      2,      0,      3,      6,  0.61010392E-02,      3,     79,     10,      1,  0.46371985E+03
  0.28684666E+02,   2462,   1386,5417037,      2,      0,      6,     15,  0.60994423E-02,      3,     79,     10,      1,  0.46371985E+03
  0.28684666E+02,   2462,   1387,5417038,      1,     80,      2,     16,  0.60978456E-02,      3,     79,     10,      1,  0.46371985E+03
  0.28684666E+02,   2462,   1388,5417039,      2,      0,      5,      5,  0.60962491E-02,      3,     79,     10,      1,  0.46371985E+03
  0.28684666E+02,   2462,   1389,5417040,      1,     80,      2,      8,  0.60946529E-02,      3,     79,     10,      1,  0.46371985E+03
  0.28684666E+02,   2462,   1390,5417041,      1,     80,      1,      3,  0.60930570E-02,      3,     79,     10,      1,  0.46371985E+03
  0.28684666E+02,   2462,   1391,5417042,      1,     80,     16,      5,  0.60914613E-02,      3,     79,     10,      1,  0.46371985E+03
  0.28684666E+02,   2462,   1392,5417043,      1,     80,     19,      4,  0.60898659E-02,      3,     79,     10,      1,  0.46371985E+03
  0.28684666E+02,   2462,   1393,5417044,      1,     80,      7,      1,  0.60882707E-02,      3,     79,     10,      1,  0.46371985E+03
  0.28684666E+02,   2462,   1394,5417045,      1,     80,     18,     10,  0.60866758E-02,      3,     79,     10,      1,  0.46371985E+03
  0.28684666E+02,   2462,   1395,5417046,      2,      0,     11,     20,  0.60850812E-02,      3,     79,     10,      1,  0.46371985E+03
  0.28684666E+02,   2462,   1396,5417047,      1,     80,     17,     16,  0.60834868E-02,      3,     79,     10,      1,  0.46371985E+03
  0.28684666E+02,   2462,   1397,5417048,      1,     80,      3,     19,  0.60818926E-02,      3,     79,     10,      1,  0.46371985E+03
  0.28684666E+02,   2462,   1398,5417049,      1,     80,      7,      2,  0.60802988E-02,      3,     79,     10,      1,  0.46371985E+03
  0.28684666E+02,   2462,   1399,5417050,      2,      0,      1,      8,  0.60787051E-02,      3,     79,     10,      1,  0.46371985E+03
  0.28684666E+02,   2462,   1400,5417051,      1,     80,      2,      7,  0.60771118E-02,      3,     79,     10,      1,  0.46371985E+03
  0.28684666E+02,   2462,   1401,5417052,      2,      0,     15,     19,  0.60755187E-02,      3,     79,     10,      1,  0.46371985E+03
  0.28684666E+02,   2462,   1402,5417053,      1,     80,     11,     18,  0.60739258E-02,      3,     79,     10,      1,  0.46371985E+03
  0.28684666E+02,   2462,   1403,5417054,      1,     80,     12,      7,  0.60723333E-02,      3,     79,     10,      1,  0.46371985E+03
  0.28684666E+02,   2462,   1404,5417055,      1,     80,      2,     14,  0.60707409E-02,      3,     79,     10,      1,  0.46371985E+03
  0.28684666E+02,   2462,   1405,5417056,      1,     80,     18,     13,  0.60691489E-02,      3,     79,     10,      1,  0.46371985E+03
  0.28684666E+02,   2462,   1406,5417057,      1,     80,      4,     19,  0.60675571E-02,      3,     79,     10,      1,  0.46371985E+03
  0.28684666E+02,   2462,   1407,5417058,      1,     80,      8,     11,  0.60659656E-02,      3,     79,     10,      1,  0.46371985E+03
  0.28684666E+02,   2462,   1408,5417059,      1,     80,     20,      4,  0.60643743E-02,      3,     79,     10,      1,  0.46371985E+03
  0.28684666E+02,   2462,   1409,5417060,      1,     80,      2,      4,  0.60627833E-02,      3,     79,     10,      1,  0.46371985E+03
  0.28684666E+02,   2462,   1410,5417061,      1,     80,     17,     10,  0.60611925E-02,      3,     79,     10,      1,  0.46371985E+03
  0.28684666E+02,   2462,   1411,5417062,      1,     80,     20,      3,  0.60596021E-02,      3,     79,     10,      1,  0.46371985E+03
  0.28684666E+02,   2462,   1412,5417063,      2,      0,      6,     11,  0.60580119E-02,      3,     79,     10,      1,  0.46371985E+03
  0.28684666E+02,   2462,   1413,5417064,      2,      0,     16,     11,  0.60564219E-02,      3,     79,     10,      1,  0.46371985E+03
  0.28684666E+02,   2462,   1414,5417065,      1,     80,      9,     14,  0.60548322E-02,      3,     79,     10,      1,  0.46371985E+03
  0.28684666E+02,   2462,   1415,5417066,      2,      0,     14,     15,  0.60532428E-02,      3,     79,     10,      1,  0.46371985E+03
  0.28684666E+02,   2462,   1416,5417067,      1,     80,     12,      3,  0.60516537E-02,      3,     79,     10,      1,  0.46371985E+03
  0.28684666E+02,   2462,   1417,5417068,      1,     80,      4,      5,  0.60500648E-02,      3,     79,     10,      1,  0.46371985E+03
  0.28684666E+02,   2462,   1418,5417069,      2,      0,      3,     17,  0.60484762E-02,      3,     79,     10,      1,  0.46371985E+03
  0.28684666E+02,   2462,   1419,5417070,      1,     80,      8,      2,  0.60468878E-02,      3,     79,     10,      1,  0.46371985E+03
  0.28684666E+02,   2462,   1420,5417071,      1,     80,      6,     14,  0.60452997E-02,      3,     79,     10,      1,  0.46371985E+03
  0.28684666E+02,   2462,   1421,5417072,      1,     80,      7,      3,  0.60437119E-02,      3,     79,     10,      1,  0.46371985E+03
  0.28684666E+02,   2462,   1422,5417073,      1,     80,     20,      2,  0.60421244E-02,      3,     79,     10,      1,  0.46371985E+03
  0.28684666E+02,   2462,   1423,5417074,      1,     80,     18,     20,  0.60405371E-02,      3,     79,     10,      1,  0.46371985E+03
  0.28684666E+02,   2462,   1424,5417075,      1,     80,      6,      8,  0.60389501E-02,      3,     79,     10,      1,  0.46371985E+03
  0.28684666E+02,   2462,   1425,5417076,      1,     80,     11,     10,  0.60373634E-02,      3,     79,     10,      1,  0.46371985E+03
  0.28684666E+02,   2462,   1426,5417077,      2,      0,     20,     14,  0.60357769E-02,      3,     79,     10,      1,  0.46371985E+03
  0.28684666E+02,   2462,   1427,5417078,      1,     80,     13,     13,  0.60341907E-02,      3,     79,     10,      1,  0.46371985E+03
  0.28684666E+02,   2462,   1428,5417079,      2,      0,      6,     13,  0.60326048E-02,      3,     79,     10,      1,  0.46371985E+03
  0.28684666E+02,   2462,   1429,5417080,      1,     80,     12,      8,  0.60310192E-02,      3,     79,     10,      1,  0.46371985E+03
  0.28684666E+02,   2462,   1430,5417081,      1,     80,     19,     13,  0.60294338E-02,      3,     79,     10,      1,  0.46371985E+03
  0.28684666E+02,   2462,   1431,5417082,      1,     80,     13,      5,  0.60278487E-02,      3,     79,     10,      1,  0.46371985E+03
  0.28684666E+02,   2462,   1432,5417083,      1,     80,     17,      5,  0.60262639E-02,      3,     79,     10,      1,  0.46371985E+03
  0.28684666E+02,   2462,   1433,5417084,      2,      0,      4,     18,  0.60246793E-02,      3,     79,     10,      1,  0.46371985E+03
  0.28684666E+02,   2462,   1434,5417085,      1,     80,     15,     13,  0.60230950E-02,      3,     79,     10,      1,  0.46371985E+03
  0.28684666E+02,   2462,   1435,5417086,      1,     80,      3,     12,  0.60215110E-02,      3,     79,     10,      1,  0.46371985E+03
  0.28684666E+02,   2462,   1436,5417087,      1,     80,     19,      4,  0.60199273E-02,      3,     79,     10,      1,  0.46371985E+03
  0.28684666E+02,   2462,   1437,5417088,      1,     80,     13,      4,  0.60183438E-02,      3,     79,     10,      1,  0.46371985E+03
  0.28684666E+02,   2462,   1438,5417089,      1,     80,      7,     19,  0.60167606E-02,      3,     79,     10,      1,  0.46371985E+03
  0.28684666E+02,   2462,   1439,5417090,      2,      0,      1,      8,  0.60151777E-02,      3,     79,     10,      1,  0.46371985E+03
  0.28684666E+02,   2462,   1440,5417091,      1,     80,     16,      8,  0.60135951E-02,      3,     79,     10,      1,  0.46371985E+03
  0.28684666E+02,   2462,   1441,5417092,      1,     80,      5,      9,  0.60120127E-02,      3,     79,     10,      1,  0.46371985E+03
  0.28684666E+02,   2462,   1442,5417093,      2,      0,      3,     17,  0.60104306E-02,      3,     79,     10,      1,  0.46371985E+03
  0.28684666E+02,   2462,   1443,5417094,      1,     80,      9,      3,  0.60088488E-02,      3,     79,     10,      1,  0.46371985E+03
  0.28684666E+02,   2462,   1444,5417095,      2,      0,      6,     15,  0.60072673E-02,      3,     79,     10,      1,  0.46371985E+03
  0.28684666E+02,   2462,   1445,5417096,      1,     80,     18,      9,  0.60056861E-02,      3,     79,     10,      1,  0.46371985E+03
  0.28684666E+02,   2462,   1446,5417097,      2,      0,     14,     18,  0.60041051E-02,      3,     79,     10,      1,  0.46371985E+03
  0.28684666E+02,   2462,   1447,5417098,      1,     80,     18,     11,  0.60025244E-02,      3,     79,     10,      1,  0.46371985E+03
  0.28684666E+02,   2462,   1448,5417099,      2,      0,     17,     18,  0.60009440E-02,      3,     79,     10,      1,  0.46371985E+03
  0.28684666E+02,   2462,   1449,5417100,      1,     80,     15,     12,  0.59993638E-02,      3,     79,     10,      1,  0.46371985E+03
  0.28684666E+02,   2462,   1450,5417101,      2,      0,      3,     16,  0.59977840E-02,      3,     79,     10,      1,  0.46371985E+03
  0.28684666E+02,   2462,   1451,5417102,      1,     80,     12,      4,  0.59962044E-02,      3,     79,     10,      1,  0.46371985E+03
  0.28684666E+02,   2462,   1452,5417103,      1,     80,     15,      1,  0.59946251E-02,      3,     79,     10,      1,  0.46371985E+03
  0.28684666E+02,   2462,   1453,5417104,      1,     80,     17,      4,  0.59930461E-02,      3,     79,     10,      1,  0.46371985E+03
  0.28684666E+02,   2462,   1454,5417105,      1,     80,      1,      3,  0.59914674E-02,      3,     79,     10,      1,  0.46371985E+03
  0.28684666E+02,   2462,   1455,5417106,      1,     80,     16,     18,  0.59898889E-02,      3,     79,     10,      1,  0.46371985E+03
  0.28684666E+02,   2462,   1456,5417107,      1,     80,      8,      3,  0.59883107E-02,      3,     79,     10,      1,  0.46371985E+03
  0.28684666E+02,   2462,   1457,5417108,      2,      0,     10,     10,  0.59867328E-02,      3,     79,     10,      1,  0.46371985E+03
  0.28684666E+02,   2462,   1458,5417109,      1,     80,      9,     13,  0.59851552E-02,      3,     79,     10,      1,  0.46371985E+03
  0.28684666E+02,   2462,   1459,5417110,      1,     80,      4,      5,  0.59835779E-02,      3,     79,     10,      1,  0.46371985E+03
  0.28684666E+02,   2462,   1460,5417111,      1,     80,     15,     18,  0.59820009E-02,      3,     79,     10,      1,  0.46371985E+03
  0.28684666E+02,   2462,   1461,5417112,      1,     80,     10,      2,  0.59804241E-02,      3,     79,     10,      1,  0.46371985E+03
  0.28684666E+02,   2462,   1462,5417113,      1,     80,      7,      4,  0.59788476E-02,      3,     79,     10,      1,  0.46371985E+03
  0.28684666E+02,   2462,   1463,5417114,      1,     80,      5,      1,  0.59772715E-02,      3,     79,     10,      1,  0.46371985E+03
  0.28684666E+02,   2462,   1464,5417115,      1,     80,     19,      9,  0.59756956E-02,      3,     79,     10,      1,  0.46371985E+03
  0.28684666E+02,   2462,   1465,5417116,      1,     80,     13,     14,  0.59741199E-02,      3,     79,     10,      1,  0.46371985E+03
  0.28684666E+02,   2462,   1466,5417117,      1,     80,      7,     19,  0.59725446E-02,      3,     79,     10,      1,  0.46371985E+03
  0.28684666E+02,   2462,   1467,5417118,      1,     80,     13,     12,  0.59709695E-02,      3,     79,     10,      1,  0.46371985E+03
  0.28684666E+02,   2462,   1468,5417119,      1,     80,     12,      3,  0.59693948E-02,      3,     79,     10,      1,  0.46371985E+03
  0.28684666E+02,   2462,   1469,5417120,      2,      0,      9,     10,  0.59678203E-02,      3,     79,     10,      1,  0.46371985E+03
  0.28684666E+02,   2462,   1470,5417121,      1,     80,      7,      2,  0.59662461E-02,      3,     79,     10,      1,  0.46371985E+03
  0.28684666E+02,   2462,   1471,5417122,      1,     80,     20,     18,  0.59646722E-02,      3,     79,     10,      1,  0.46371985E+03
  0.28684666E+02,   2462,   1472,5417123,      1,     80,      4,     12,  0.59630986E-02,      3,     79,     10,      1,  0.46371985E+03
  0.28684666E+02,   2462,   1473,5417124,      2,      0,     11,     20,  0.59615253E-02,      3,     79,     10,      1,  0.46371985E+03
  0.28684666E+02,   2462,   1474,5417125,      1,     80,      6,      8,  0.59599522E-02,      3,     79,     10,      1,  0.46371985E+03
  0.28684666E+02,   2462,   1475,5417126,      1,     80,      3,     12,  0.59583795E-02,      3,     79,     10,      1,  0.46371985E+03
  0.28684666E+02,   2462,   1476,5417127,      2,      0,     17,      2,  0.59568070E-02,      3,     79,     10,      1,  0.46371985E+03
  0.28684666E+02,   2462,   1477,5417128,      1,     80,     14,     19,  0.59552348E-02,      3,     79,     10,      1,  0.46371985E+03
  0.28684666E+02,   2462,   1478,5417129,      1,     80,     10,     15,  0.59536629E-02,      3,     79,     10,      1,  0.46371985E+03
  0.28684666E+02,   2462,   1479,5417130,      1,     80,     17,      9,  0.59520913E-02,      3,     79,     10,      1,  0.46371985E+03
  0.28684666E+02,   2462,   1480,5417131,      1,     80,      2,     18,  0.59505200E-02,      3,     79,     10,      1,  0.46371985E+03
  0.28684666E+02,   2462,   1481,5417132,      1,     80,     15,      7,  0.59489490E-02,      3,     79,     10,      1,  0.46371985E+03
  0.28684666E+02,   2462,   1482,5417133,      2,      0,     16,     19,  0.59473783E-02,      3,     79,     10,      1,  0.46371985E+03
  0.28684666E+02,   2462,   1483,5417134,      2,      0,      8,     13,  0.59458078E-02,      3,     79,     10,      1,  0.46371985E+03
  0.28684666E+02,   2462,   1484,5417135,      2,      0,     16,     16,  0.59442377E-02,      3,     79,     10,      1,  0.46371985E+03
  0.28684666E+02,   2462,   1485,5417136,      2,      0,     12,     19,  0.59426678E-02,      3,     79,     10,      1,  0.46371985E+03
  0.28684666E+02,   2462,   1486,5417137,      1,     80,     18,     18,  0.59410982E-02,      3,     79,     10,      1,  0.46371985E+03
  0.28684666E+02,   2462,   1487,5417138,      1,     80,     17,     15,  0.59395290E-02,      3,     79,     10,      1,  0.46371985E+03
  0.28684666E+02,   2462,   1488,5417139,      1,     80,     11,      3,  0.59379600E-02,      3,     79,     10,      1,  0.46371985E+03
  0.28684666E+02,   2462,   1489,5417140,      1,     80,      9,      2,  0.59363913E-02,      3,     79,     10,      1,  0.46371985E+03
  0.28684666E+02,   2462,   1490,5417141,      2,      0,     13,     17,  0.59348229E-02,      3,     79,     10,      1,  0.46371985E+03
  0.28684666E+02,   2462,   1491,5417142,      2,      0,     11,     15,  0.59332548E-02,      3,     79,     10,      1,  0.46371985E+03
  0.28684666E+02,   2462,   1492,5417143,      1,     80,      4,      9,  0.59316870E-02,      3,     79,     10,      1,  0.46371985E+03
  0.28684666E+02,   2462,   1493,5417144,      1,     80,      8,     15,  0.59301194E-02,      3,     79,     10,      1,  0.46371985E+03
  0.28684666E+02,   2462,   1494,5417145,      2,      0,      1,     10,  0.59285522E-02,      3,     79,     10,      1,  0.46371985E+03
  0.28684666E+02,   2462,   1495,5417146,      1,     80,     20,     19,  0.59269853E-02,      3,     79,     10,      1,  0.46371985E+03
  0.28684666E+02,   2462,   1496,5417147,      1,     80,      2,     16,  0.59254187E-02,      3,     79,     10,      1,  0.46371985E+03
  0.28684666E+02,   2462,   1497,5417148,      2,      0,     11,     13,  0.59238523E-02,      3,     79,     10,      1,  0.46371985E+03
  0.28684666E+02,   2462,   1498,5417149,      2,      0,     12,     19,  0.59222863E-02,      3,     79,     10,      1,  0.46371985E+03
  0.28684666E+02,   2462,   1499,5417150,      1,     80,     10,      3,  0.59207205E-02,      3,     79,     10,      1,  0.46371985E+03
  0.28684666E+02,   2462,   1500,5417151,      1,     80,      5,     14,  0.59191551E-02,      3,     79,     10,      1,  0.46371985E+03
  0.28684666E+02,   2462,   1501,5417152,      1,     80,     13,      3,  0.59175899E-02,      3,     79,     10,      1,  0.46371985E+03
  0.28684666E+02,   2462,   1502,5417153,      1,     80,      7,     12,  0.59160250E-02,      3,     79,     10,      1,  0.46371985E+03
  0.28684666E+02,   2462,   1503,5417154,      1,     80,     10,      3,  0.59144605E-02,      3,     79,     10,      1,  0.46371985E+03
  0.28684666E+02,   2462,   1504,5417155,      1,     80,     16,     18,  0.59128962E-02,      3,     79,     10,      1,  0.46371985E+03
  0.28684666E+02,   2462,   1505,5417156,      1,     80,     11,     12,  0.59113322E-02,      3,     79,     10,      1,  0.46371985E+03
  0.28684666E+02,   2462,   1506,5417157,      1,     80,     19,     17,  0.59097685E-02,      3,     79,     10,      1,  0.46371985E+03
  0.28684666E+02,   2462,   1507,5417158,      1,     80,     11,      9,  0.59082052E-02,      3,     79,     10,      1,  0.46371985E+03
  0.28684666E+02,   2462,   1508,5417159,      1,     80,      5,     17,  0.59066421E-02,      3,     79,     10,      1,  0.46371985E+03
  0.28684666E+02,   2462,   1509,5417160,      1,     80,     11,     18,  0.59050793E-02,      3,     79,     10,      1,  0.46371985E+03
  0.28684666E+02,   2462,   1510,5417161,      2,      0,     20,     14,  0.59035168E-02,      3,     79,     10,      1,  0.46371985E+03
  0.28684666E+02,   2462,   1511,5417162,      2,      0,      8,     14,  0.59019546E-02,      3,     79,     10,      1,  0.46371985E+03
  0.28684666E+02,   2462,   1512,5417163,      2,      0,      5,      4,  0.59003927E-02,      3,     79,     10,      1,  0.46371985E+03
  0.28684666E+02,   2462,   1513,5417164,      1,     80,     10,      3,  0.58988311E-02,      3,     79,     10,      1,  0.46371985E+03
  0.28684666E+02,   2462,   1514,5417165,      1,     80,      3,      2,  0.58972699E-02,      3,     79,     10,      1,  0.46371985E+03
  0.28684666E+02,   2462,   1515,5417166,      1,     80,     14,      9,  0.58957089E-02,      3,     79,     10,      1,  0.46371985E+03
  0.28684666E+02,   2462,   1516,5417167,      1,     80,      5,     16,  0.58941482E-02,      3,     79,     10,      1,  0.46371985E+03
  0.28684666E+02,   2462,   1517,5417168,      1,     80,     15,     14,  0.58925878E-02,      3,     79,     10,      1,  0.46371985E+03
  0.28684666E+02,   2462,   1518,5417169,      1,     80,     13,     18,  0.58910277E-02,      3,     79,     10,      1,  0.46371985E+03
  0.28684666E+02,   2462,   1519,5417170,      1,     80,     11,      3,  0.58894679E-02,      3,     79,     10,      1,  0.46371985E+03
  0.28684666E+02,   2462,   1520,5417171,      1,     80,     19,      1,  0.58879084E-02,      3,     79,     10,      1,  0.46371985E+03
  0.28684666E+02,   2462,   1521,5417172,      1,     80,     15,     13,  0.58863492E-02,      3,     79,     10,      1,  0.46371985E+03
  0.28684666E+02,   2462,   1522,5417173,      1,     80,     12,     16,  0.58847904E-02,      3,     79,     10,      1,  0.46371985E+03
  0.28684666E+02,   2462,   1523,5417174,      1,     80,     18,      5,  0.58832318E-02,      3,     79,     10,      1,  0.46371985E+03
  0.28684666E+02,   2462,   1524,5417175,      1,     80,      2,      3,  0.58816735E-02,      3,     79,     10,      1,  0.46371985E+03
  0.28684666E+02,   2462,   1525,5417176,      1,     80,     19,      7,  0.58801155E-02,      3,     79,     10,      1,  0.46371985E+03
  0.28684666E+02,   2462,   1526,5417177,      1,     80,      6,     17,  0.58785578E-02,      3,     79,     10,      1,  0.46371985E+03
  0.28684666E+02,   2462,   1527,5417178,      1,     80,     13,      5,  0.58770005E-02,      3,     79,     10,      1,  0.46371985E+03
  0.28684666E+02,   2462,   1528,5417179,      1,     80,     18,      8,  0.58754434E-02,      3,     79,     10,      1,  0.46371985E+03
  0.28684666E+02,   2462,   1529,5417180,      1,     80,     19,      7,  0.58738866E-02,      3,     79,     10,      1,  0.46371985E+03
  0.28684666E+02,   2462,   1530,5417181,      1,     80,      8,     19,  0.58723302E-02,      3,     79,     10,      1,  0.46371985E+03
  0.28684666E+02,   2462,   1531,5417182,      1,     80,      3,      8,  0.58707740E-02,      3,     79,     10,      1,  0.46371985E+03
  0.28684666E+02,   2462,   1532,5417183,      1,     80,     11,      4,  0.58692182E-02,      3,     79,     10,      1,  0.46371985E+03
  0.28684666E+02,   2462,   1533,5417184,      1,     80,      9,     19,  0.58676626E-02,      3,     79,     10,      1,  0.46371985E+03
  0.28684666E+02,   2462,   1534,5417185,      1,     80,     13,      6,  0.58661074E-02,      3,     79,     10,      1,  0.46371985E+03
  0.28684666E+02,   2462,   1535,5417186,      1,     80,      5,      8,  0.58645524E-02,      3,     79,     10,      1,  0.46371985E+03
  0.28684666E+02,   2462,   1536,5417187,      1,     80,     10,     13,  0.58629978E-02,      3,     79,     10,      1,  0.46371985E+03
  0.28684666E+02,   2462,   1537,5417188,      1,     80,      4,     12,  0.58614435E-02,      3,     79,     10,      1,  0.46371985E+03
  0.28684666E+02,   2462,   1538,5417189,      1,     80,     19,      4,  0.58598894E-02,      3,     79,     10,      1,  0.46371985E+03
  0.28684666E+02,   2462,   1539,5417190,      1,     80,      7,      3,  0.58583357E-02,      3,     79,     10,      1,  0.46371985E+03
  0.28684666E+02,   2462,   1540,5417191,      1,     80,      1,     11,  0.58567823E-02,      3,     79,     10,      1,  0.46371985E+03
  0.28684666E+02,   2462,   1541,5417192,      1,     80,     19,     18,  0.58552292E-02,      3,     79,     10,      1,  0.46371985E+03
  0.28684666E+02,   2462,   1542,5417193,      1,     80,     12,     16,  0.58536764E-02,      3,     79,     10,      1,  0.46371985E+03
  0.28684666E+02,   2462,   1543,5417194,      1,     80,      4,     16,  0.58521239E-02,      3,     79,     10,      1,  0.46371985E+03
  0.28684666E+02,   2462,   1544,5417195,      1,     80,      1,     14,  0.58505717E-02,      3,     79,     10,      1,  0.46371985E+03
  0.28684666E+02,   2462,   1545,5417196,      1,     80,     17,      4,  0.58490198E-02,      3,     79,     10,      1,  0.46371985E+03
  0.28684666E+02,   2462,   1546,5417197,      1,     80,     15,      1,  0.58474683E-02,      3,     79,     10,      1,  0.46371985E+03
  0.28684666E+02,   2462,   1547,5417198,      1,     80,      3,      1,  0.58459170E-02,      3,     79,     10,      1,  0.46371985E+03
  0.28684666E+02,   2462,   1548,5417199,      1,     80,     13,      2,  0.58443660E-02,      3,     79,     10,      1,  0.46371985E+03
  0.28684666E+02,   2462,   1549,5417200,      1,     80,      7,     10,  0.58428154E-02,      3,     79,     10,      1,  0.46371985E+03
  0.28684666E+02,   2462,   1550,5417201,      1,     80,      8,      2,  0.58412650E-02,      3,     79,     10,      1,  0.46371985E+03
  0.28684666E+02,   2462,   1551,5417202,      1,     80,     18,     20,  0.58397150E-02,      3,     79,     10,      1,  0.46371985E+03
  0.28684666E+02,   2462,   1552,5417203,      1,     80,      4,      4,  0.58381653E-02,      3,     79,     10,      1,  0.46371985E+03
  0.28684666E+02,   2462,   1553,5417204,      1,     80,      5,     10,  0.58366159E-02,      3,     79,     10,      1,  0.46371985E+03
  0.28684666E+02,   2462,   1554,5417205,      2,      0,     18,     17,  0.58350668E-02,      3,     79,     10,      1,  0.46371985E+03
  0.28684666E+02,   2462,   1555,5417206,      1,     80,     12,      6,  0.58335180E-02,      3,     79,     10,      1,  0.46371985E+03
  0.28684666E+02,   2462,   1556,5417207,      1,     80,      6,     14,  0.58319695E-02,      3,     79,     10,      1,  0.46371985E+03
  0.28684666E+02,   2462,   1557,5417208,      1,     80,      8,      9,  0.58304213E-02,      3,     79,     10,      1,  0.46371985E+03
  0.28684666E+02,   2462,   1558,5417209,      1,     80,     12,     16,  0.58288735E-02,      3,     79,     10,      1,  0.46371985E+03
  0.28684666E+02,   2462,   1559,5417210,      1,     80,     13,      2,  0.58273259E-02,      3,     79,     10,      1,  0.46371985E+03
  0.28684666E+02,   2462,   1560,5417211,      1,     80,      1,     15,  0.58257787E-02,      3,     79,     10,      1,  0.46371985E+03
  0.28684666E+02,   2462,   1561,5417212,      1,     80,     18,      8,  0.58242317E-02,      3,     79,     10,      1,  0.46371985E+03
  0.28684666E+02,   2462,   1562,5417213,      1,     80,     20,      5,  0.58226851E-02,      3,     79,     10,      1,  0.46371985E+03
  0.28684666E+02,   2462,   1563,5417214,      1,     80,      3,     10,  0.58211388E-02,      3,     79,     10,      1,  0.46371985E+03
  0.28684666E+02,   2462,   1564,5417215,      1,     80,     19,     10,  0.58195928E-02,      3,     79,     10,      1,  0.46371985E+03
  0.28684666E+02,   2462,   1565,5417216,      1,     80,      8,     20,  0.58180471E-02,      3,     79,     10,      1,  0.46371985E+03
  0.28684666E+02,   2462,   1566,5417217,      1,     80,      5,     15,  0.58165017E-02,      3,     79,     10,      1,  0.46371985E+03
  0.28684666E+02,   2462,   1567,5417218,      1,     80,     10,      4,  0.58149567E-02,      3,     79,     10,      1,  0.46371985E+03
  0.28684666E+02,   2462,   1568,5417219,      2,      0,     10,     10,  0.58134119E-02,      3,     79,     10,      1,  0.46371985E+03
  0.28684666E+02,   2462,   1569,5417220,      1,     80,     13,      3,  0.58118675E-02,      3,     79,     10,      1,  0.46371985E+03
  0.28684666E+02,   2462,   1570,5417221,      1,     80,     11,     17,  0.58103233E-02,      3,     79,     10,      1,  0.46371985E+03
  0.28684666E+02,   2462,   1571,5417222,      1,     80,      8,      6,  0.58087795E-02,      3,     79,     10,      1,  0.46371985E+03
  0.28684666E+02,   2462,   1572,5417223,      1,     80,      5,      8,  0.58072360E-02,      3,     79,     10,      1,  0.46371985E+03
  0.28684666E+02,   2462,   1573,5417224,      1,     80,     10,      4,  0.58056928E-02,      3,     79,     10,      1,  0.46371985E+03
  0.28684666E+02,   2462,   1574,5417225,      1,     80,     14,     14,  0.58041500E-02,      3,     79,     10,      1,  0.46371985E+03
  0.28684666E+02,   2462,   1575,5417226,      1,     80,      4,     12,  0.58026074E-02,      3,     79,     10,      1,  0.46371985E+03
  0.28684666E+02,   2462,   1576,5417227,      2,      0,      1,      8,  0.58010652E-02,      3,     79,     10,      1,  0.46371985E+03
  0.28684666E+02,   2462,   1577,5417228,      1,     80,     18,      5,  0.57995232E-02,      3,     79,     10,      1,  0.46371985E+03
  0.28684666E+02,   2462,   1578,5417229,      1,     80,      5,      2,  0.57979816E-02,      3,     79,     10,      1,  0.46371985E+03
  0.28684666E+02,   2462,   1579,5417230,      1,     80,     20,      5,  0.57964403E-02,      3,     79,     10,      1,  0.46371985E+03
  0.28684666E+02,   2462,   1580,5417231,      1,     80,      6,     20,  0.57948993E-02,      3,     79,     10,      1,  0.46371985E+03
  0.28684666E+02,   2462,   1581,5417232,      2,      0,      3,     17,  0.57933586E-02,      3,     79,     10,      1,  0.46371985E+03
  0.28684666E+02,   2462,   1582,5417233,      1,     80,     11,      2,  0.57918183E-02,      3,     79,     10,      1,  0.46371985E+03
  0.28684666E+02,   2462,   1583,5417234,      1,     80,     11,     16,  0.57902782E-02,      3,     79,     10,      1,  0.46371985E+03
  0.28684666E+02,   2462,   1584,5417235,      1,     80,      3,     10,  0.57887385E-02,      3,     79,     10,      1,  0.46371985E+03
  0.28684666E+02,   2462,   1585,5417236,      2,      0,     14,     15,  0.57871991E-02,      3,     79,     10,      1,  0.46371985E+03
  0.28684666E+02,   2462,   1586,5417237,      1,     80,     10,      4,  0.57856600E-02,      3,     79,     10,      1,  0.46371985E+03
  0.28684666E+02,   2462,   1587,5417238,      1,     80,     18,      1,  0.57841212E-02,      3,     79,     10,      1,  0.46371985E+03
  0.28684666E+02,   2462,   1588,5417239,      1,     80,     10,      2,  0.57825828E-02,      3,     79,     10,      1,  0.46371985E+03
  0.28684666E+02,   2462,   1589,5417240,      1,     80,      5,      8,  0.57810446E-02,      3,     79,     10,      1,  0.46371985E+03
  0.28684666E+02,   2462,   1590,5417241,      1,     80,      3,      4,  0.57795068E-02,      3,     79,     10,      1,  0.46371985E+03
  0.28684666E+02,   2462,   1591,5417242,      1,     80,      4,      5,  0.57779693E-02,      3,     79,     10,      1,  0.46371985E+03
  0.28684666E+02,   2462,   1592,5417243,      1,     80,      9,      6,  0.57764321E-02,      3,     79,     10,      1,  0.46371985E+03
  0.28684666E+02,   2462,   1593,5417244,      1,     80,     11,     19,  0.57748952E-02,      3,     79,     10,      1,  0.46371985E+03
  0.28684666E+02,   2462,   1594,5417245,      1,     80,     16,     18,  0.57733587E-02,      3,     79,     10,      1,  0.46371985E+03
  0.28684666E+02,   2462,   1595,5417246,      1,     80,     13,     13,  0.57718224E-02,      3,     79,     10,      1,  0.46371985E+03
  0.28684666E+02,   2462,   1596,5417247,      1,     80,      8,     18,  0.57702865E-02,      3,     79,     10,      1,  0.46371985E+03
  0.28684666E+02,   2462,   1597,5417248,      1,     80,      5,      9,  0.57687509E-02,      3,     79,     10,      1,  0.46371985E+03
  0.28684666E+02,   2462,   1598,5417249,      1,     80,     20,      5,  0.57672156E-02,      3,     79,     10,      1,  0.46371985E+03
  0.28684666E+02,   2462,   1599,5417250,      1,     80,     11,     19,  0.57656806E-02,      3,     79,     10,      1,  0.46371985E+03
  0.28684666E+02,   2462,   1600,5417251,      1,     80,     11,      6,  0.57641460E-02,      3,     79,     10,      1,  0.46371985E+03
  0.28684666E+02,   2462,   1601,5417252,      1,     80,      7,      8,  0.57626116E-02,      3,     79,     10,      1,  0.46371985E+03
  0.28684666E+02,   2462,   1602,5417253,      1,     80,     11,     18,  0.57610776E-02,      3,     79,     10,      1,  0.46371985E+03
  0.28684666E+02,   2462,   1603,5417254,      2,      0,      4,     18,  0.57595439E-02,      3,     79,     10,      1,  0.46371985E+03
  0.28684666E+02,   2462,   1604,5417255,      1,     80,      3,     14,  0.57580105E-02,      3,     79,     10,      1,  0.46371985E+03
  0.28684666E+02,   2462,   1605,5417256,      1,     80,     17,      7,  0.57564775E-02,      3,     79,     10,      1,  0.46371985E+03
  0.28684666E+02,   2462,   1606,5417257,      2,      0,      8,      8,  0.57549448E-02,      3,     79,     10,      1,  0.46371985E+03
  0.28684666E+02,   2462,   1607,5417258,      1,     80,     20,     13,  0.57534123E-02,      3,     79,     10,      1,  0.46371985E+03
  0.28684666E+02,   2462,   1608,5417259,      1,     80,     13,     20,  0.57518802E-02,      3,     79,     10,      1,  0.46371985E+03
  0.28684666E+02,   2462,   1609,5417260,      1,     80,     17,     14,  0.57503485E-02,      3,     79,     10,      1,  0.46371985E+03
  0.28684666E+02,   2462,   1610,5417261,      1,     80,      5,     11,  0.57488170E-02,      3,     79,     10,      1,  0.46371985E+03
  0.28684666E+02,   2462,   1611,5417262,      1,     80,      3,      5,  0.57472859E-02,      3,     79,     10,      1,  0.46371985E+03
  0.28684666E+02,   2462,   1612,5417263,      1,     80,     17,      6,  0.57457551E-02,      3,     79,     10,      1,  0.46371985E+03
  0.28684666E+02,   2462,   1613,5417264,      1,     80,     10,      2,  0.57442246E-02,      3,     79,     10,      1,  0.46371985E+03
  0.28684666E+02,   2462,   1614,5417265,      1,     80,      5,      2,  0.57426944E-02,      3,     79,     10,      1,  0.46371985E+03
  0.28684666E+02,   2462,   1615,5417266,      1,     80,     19,      5,  0.57411645E-02,      3,     79,     10,      1,  0.46371985E+03
  0.28684666E+02,   2462,   1616,5417267,      1,     80,     16,     14,  0.57396350E-02,      3,     79,     10,      1,  0.46371985E+03
  0.28684666E+02,   2462,   1617,5417268,      1,     80,     19,      5,  0.57381058E-02,      3,     79,     10,      1,  0.46371985E+03
  0.28684666E+02,   2462,   1618,5417269,      1,     80,      5,     16,  0.57365769E-02,      3,     79,     10,      1,  0.46371985E+03
  0.28684666E+02,   2462,   1619,5417270,      1,     80,      5,      1,  0.57350483E-02,      3,     79,     10,      1,  0.46371985E+03
  0.28684666E+02,   2462,   1620,5417271,      1,     80,     11,      4,  0.57335201E-02,      3,     79,     10,      1,  0.46371985E+03
  0.28684666E+02,   2462,   1621,5417272,      2,      0,     16,     11,  0.57319922E-02,      3,     79,     10,      1,  0.46371985E+03
  0.28684666E+02,   2462,   1622,5417273,      1,     80,     11,      4,  0.57304646E-02,      3,     79,     10,      1,  0.46371985E+03
  0.28684666E+02,   2462,   1623,5417274,      1,     80,     14,     19,  0.57289373E-02,      3,     79,     10,      1,  0.46371985E+03
  0.28684666E+02,   2462,   1624,5417275,      2,      0,     18,      3,  0.57274103E-02,      3,     79,     10,      1,  0.46371985E+03
  0.28684666E+02,   2462,   1625,5417276,      2,      0,      6,     15,  0.57258837E-02,      3,     79,     10,      1,  0.46371985E+03
  0.28684666E+02,   2462,   1626,5417277,      1,     80,     11,     10,  0.57243574E-02,      3,     79,     10,      1,  0.46371985E+03
  0.28684666E+02,   2462,   1627,5417278,      1,     80,     16,     20,  0.57228314E-02,      3,     79,     10,      1,  0.46371985E+03
  0.28684666E+02,   2462,   1628,5417279,      1,     80,     11,     18,  0.57213058E-02,      3,     79,     10,      1,  0.46371985E+03
  0.28684666E+02,   2462,   1629,5417280,      1,     80,     14,      1,  0.57197804E-02,      3,     79,     10,      1,  0.46371985E+03
  0.28684666E+02,   2462,   1630,5417281,      2,      0,     15,     16,  0.57182554E-02,      3,     79,     10,      1,  0.46371985E+03
  0.28684666E+02,   2462,   1631,5417282,      1,     80,     14,     14,  0.57167307E-02,      3,     79,     10,      1,  0.46371985E+03
  0.28684666E+02,   2462,   1632,5417283,      1,     80,     18,     10,  0.57152063E-02,      3,     79,     10,      1,  0.46371985E+03
  0.28684666E+02,   2462,   1633,5417284,      1,     80,     16,      3,  0.57136823E-02,      3,     79,     10,      1,  0.46371985E+03
  0.28684666E+02,   2462,   1634,5417285,      1,     80,      5,      3,  0.57121586E-02,      3,     79,     10,      1,  0.46371985E+03
  0.28684666E+02,   2462,   1635,5417286,      1,     80,     16,      2,  0.57106352E-02,      3,     79,     10,      1,  0.46371985E+03
  0.28684666E+02,   2462,   1636,5417287,      1,     80,      3,     14,  0.57091121E-02,      3,     79,     10,      1,  0.46371985E+03
  0.28684666E+02,   2462,   1637,5417288,      1,     80,      5,     11,  0.57075894E-02,      3,     79,     10,      1,  0.46371985E+03
  0.28684666E+02,   2462,   1638,5417289,      1,     80,     13,     13,  0.57060670E-02,      3,     79,     10,      1,  0.46371985E+03
  0.28684666E+02,   2462,   1639,5417290,      1,     80,     16,      3,  0.57045449E-02,      3,     79,     10,      1,  0.46371985E+03
  0.28684666E+02,   2462,   1640,5417291,      1,     80,     18,     10,  0.57030231E-02,      3,     79,     10,      1,  0.46371985E+03
  0.28684666E+02,   2462,   1641,5417292,      2,      0,     17,     12,  0.57015016E-02,      3,     79,     10,      1,  0.46371985E+03
  0.28684666E+02,   2462,   1642,5417293,      1,     80,     18,     15,  0.56999805E-02,      3,     79,     10,      1,  0.46371985E+03
  0.28684666E+02,   2462,   1643,5417294,      2,      0,      1,     10,  0.56984597E-02,      3,     79,     10,      1,  0.46371985E+03
  0.28684666E+02,   2462,   1644,5417295,      1,     80,     12,     12,  0.56969393E-02,      3,     79,     10,      1,  0.46371985E+03
  0.28684666E+02,   2462,   1645,5417296,      1,     80,      7,      7,  0.56954191E-02,      3,     79,     10,      1,  0.46371985E+03
  0.28684666E+02,   2462,   1646,5417297,      2,      0,     12,     19,  0.56938993E-02,      3,     79,     10,      1,  0.46371985E+03
  0.28684666E+02,   2462,   1647,5417298,      1,     80,      7,     13,  0.56923798E-02,      3,     79,     10,      1,  0.46371985E+03
  0.28684666E+02,   2462,   1648,5417299,      2,      0,     18,      3,  0.56908606E-02,      3,     79,     10,      1,  0.46371985E+03
  0.28684666E+02,   2462,   1649,5417300,      1,     80,     20,     16,  0.56893418E-02,      3,     79,     10,      1,  0.46371985E+03
  0.28684666E+02,   2462,   1650,5417301,      2,      0,     18,      3,  0.56878233E-02,      3,     79,     10,      1,  0.46371985E+03
  0.28684666E+02,   2462,   1651,5417302,      1,     80,      2,     17,  0.56863051E-02,      3,     79,     10,      1,  0.46371985E+03
  0.28684666E+02,   2462,   1652,5417303,      1,     80,      6,      8,  0.56847873E-02,      3,     79,     10,      1,  0.46371985E+03
  0.28684666E+02,   2462,   1653,5417304,      1,     80,      5,     18,  0.56832697E-02,      3,     79,     10,      1,  0.46371985E+03
  0.28684666E+02,   2462,   1654,5417305,      1,     80,      7,     13,  0.56817525E-02,      3,     79,     10,      1,  0.46371985E+03
  0.28684666E+02,   2462,   1655,5417306,      1,     80,      7,     19,  0.56802357E-02,      3,     79,     10,      1,  0.46371985E+03
  0.28684666E+02,   2462,   1656,5417307,      2,      0,      3,     16,  0.56787191E-02,      3,     79,     10,      1,  0.46371985E+03
  0.28684666E+02,   2462,   1657,5417308,      1,     80,     10,     17,  0.56772029E-02,      3,     79,     10,      1,  0.46371985E+03
  0.28684666E+02,   2462,   1658,5417309,      1,     80,      9,      3,  0.56756870E-02,      3,     79,     10,      1,  0.46371985E+03
  0.28684666E+02,   2462,   1659,5417310,      1,     80,     17,      3,  0.56741714E-02,      3,     79,     10,      1,  0.46371985E+03
  0.28684666E+02,   2462,   1660,5417311,      1,     80,     19,      5,  0.56726562E-02,      3,     79,     10,      1,  0.46371985E+03
  0.28684666E+02,   2462,   1661,5417312,      2,      0,     11,     13,  0.56711413E-02,      3,     79,     10,      1,  0.46371985E+03
  0.28684666E+02,   2462,   1662,5417313,      1,     80,     12,     16,  0.56696267E-02,      3,     79,     10,      1,  0.46371985E+03
  0.28684666E+02,   2462,   1663,5417314,      2,      0,      5,      5,  0.56681124E-02,      3,     79,     10,      1,  0.46371985E+03
  0.28684666E+02,   2462,   1664,5417315,      1,     80,      4,      3,  0.56665985E-02,      3,     79,     10,      1,  0.46371985E+03
  0.28684666E+02,   2462,   1665,5417316,      1,     80,      3,      4,  0.56650849E-02,      3,     79,     10,      1,  0.46371985E+03
  0.28684666E+02,   2462,   1666,5417317,      1,     80,      4,      7,  0.56635717E-02,      3,     79,     10,      1,  0.46371985E+03
  0.28684666E+02,   2462,   1667,5417318,      1,     80,     16,     14,  0.56620587E-02,      3,     79,     10,      1,  0.46371985E+03
  0.28684666E+02,   2462,   1668,5417319,      1,     80,      1,     11,  0.56605461E-02,      3,     79,     10,      1,  0.46371985E+03
  0.28684666E+02,   2462,   1669,5417320,      1,     80,     13,     20,  0.56590338E-02,      3,     79,     10,      1,  0.46371985E+03
  0.28684666E+02,   2462,   1670,5417321,      1,     80,     16,      4,  0.56575219E-02,      3,     79,     10,      1,  0.46371985E+03
  0.28684666E+02,   2462,   1671,5417322,      1,     80,      6,     19,  0.56560103E-02,      3,     79,     10,      1,  0.46371985E+03
  0.28684666E+02,   2462,   1672,5417323,      2,      0,     12,      2,  0.56544990E-02,      3,     79,     10,      1,  0.46371985E+03
  0.28684666E+02,   2462,   1673,5417324,      2,      0,      4,     13,  0.56529880E-02,      3,     79,     10,      1,  0.46371985E+03
  0.28684666E+02,   2462,   1674,5417325,      2,      0,     18,     14,  0.56514774E-02,      3,     79,     10,      1,  0.46371985E+03
  0.28684666E+02,   2462,   1675,5417326,      2,      0,      4,     13,  0.56499671E-02,      3,     79,     10,      1,  0.46371985E+03
  0.28684666E+02,   2462,   1676,5417327,      2,      0,     12,     18,  0.56484571E-02,      3,     79,     10,      1,  0.46371985E+03
  0.28684666E+02,   2462,   1677,5417328,      1,     80,     20,      8,  0.56469475E-02,      3,     79,     10,      1,  0.46371985E+03
  0.28684666E+02,   2462,   1678,5417329,      1,     80,     12,      6,  0.56454382E-02,      3,     79,     10,      1,  0.46371985E+03
  0.28684666E+02,   2462,   1679,5417330,      2,      0,      6,     13,  0.56439292E-02,      3,     79,     10,      1,  0.46371985E+03
  0.28684666E+02,   2462,   1680,5417331,      1,     80,     19,     14,  0.56424205E-02,      3,     79,     10,      1,  0.46371985E+03
  0.28684666E+02,   2462,   1681,5417332,      2,      0,     12,     19,  0.56409122E-02,      3,     79,     10,      1,  0.46371985E+03
  0.28684666E+02,   2462,   1682,5417333,      1,     80,     17,      7,  0.56394042E-02,      3,     79,     10,      1,  0.46371985E+03
  0.28684666E+02,   2462,   1683,5417334,      1,     80,     18,      2,  0.56378966E-02,      3,     79,     10,      1,  0.46371985E+03
  0.28684666E+02,   2462,   1684,5417335,      1,     80,      7,     19,  0.56363892E-02,      3,     79,     10,      1,  0.46371985E+03
  0.28684666E+02,   2462,   1685,5417336,      1,     80,      4,     19,  0.56348822E-02,      3,     79,     10,      1,  0.46371985E+03
  0.28684666E+02,   2462,   1686,5417337,      2,      0,      8,      7,  0.56333756E-02,      3,     79,     10,      1,  0.46371985E+03
  0.28684666E+02,   2462,   1687,5417338,      1,     80,     10,      2,  0.56318692E-02,      3,     79,     10,      1,  0.46371985E+03
  0.28684666E+02,   2462,   1688,5417339,      2,      0,      6,      1,  0.56303632E-02,      3,     79,     10,      1,  0.46371985E+03
  0.28684666E+02,   2462,   1689,5417340,      1,     80,     10,      2,  0.56288576E-02,      3,     79,     10,      1,  0.46371985E+03
  0.28684666E+02,   2462,   1690,5417341,      1,     80,      9,      3,  0.56273522E-02,      3,     79,     10,      1,  0.46371985E+03
  0.28684666E+02,   2462,   1691,5417342,      1,     80,      2,     15,  0.56258472E-02,      3,     79,     10,      1,  0.46371985E+03
  0.28684666E+02,   2462,   1692,5417343,      1,     80,     20,      7,  0.56243425E-02,      3,     79,     10,      1,  0.46371985E+03
  0.28684666E+02,   2462,   1693,5417344,      1,     80,     13,      5,  0.56228382E-02,      3,     79,     10,      1,  0.46371985E+03
  0.28684666E+02,   2462,   1694,5417345,      2,      0,     18,     17,  0.56213342E-02,      3,     79,     10,      1,  0.46371985E+03
  0.28684666E+02,   2462,   1695,5417346,      2,      0,     11,     15,  0.56198305E-02,      3,     79,     10,      1,  0.46371985E+03
  0.28684666E+02,   2462,   1696,5417347,      2,      0,      1,      7,  0.56183272E-02,      3,     79,     10,      1,  0.46371985E+03
  0.28684666E+02,   2462,   1697,5417348,      2,      0,     19,      2,  0.56168242E-02,      3,     79,     10,      1,  0.46371985E+03
  0.28684666E+02,   2462,   1698,5417349,      1,     80,      2,     12,  0.56153215E-02,      3,     79,     10,      1,  0.46371985E+03
  0.28684666E+02,   2462,   1699,5417350,      1,     80,     16,      6,  0.56138191E-02,      3,     79,     10,      1,  0.46371985E+03
  0.28684666E+02,   2462,   1700,5417351,      1,     80,      3,     10,  0.56123171E-02,      3,     79,     10,      1,  0.46371985E+03
  0.28684666E+02,   2462,   1701,5417352,      1,     80,      4,      8,  0.56108154E-02,      3,     79,     10,      1,  0.46371985E+03
  0.28684666E+02,   2462,   1702,5417353,      1,     80,      3,     10,  0.56093141E-02,      3,     79,     10,      1,  0.46371985E+03
  0.28684666E+02,   2462,   1703,5417354,      1,     80,     20,      7,  0.56078131E-02,      3,     79,     10,      1,  0.46371985E+03
  0.28684666E+02,   2462,   1704,5417355,      1,     80,     16,      2,  0.56063124E-02,      3,     79,     10,      1,  0.46371985E+03
  0.28684666E+02,   2462,   1705,5417356,      2,      0,      9,      8,  0.56048120E-02,      3,     79,     10,      1,  0.46371985E+03
  0.28684666E+02,   2462,   1706,5417357,      1,     80,      3,      7,  0.56033120E-02,      3,     79,     10,      1,  0.46371985E+03
  0.28684666E+02,   2462,   1707,5417358,      1,     80,     14,      2,  0.56018123E-02,      3,     79,     10,      1,  0.46371985E+03
  0.28684666E+02,   2462,   1708,5417359,      2,      0,      3,     17,  0.56003130E-02,      3,     79,     10,      1,  0.46371985E+03
  0.28684666E+02,   2462,   1709,5417360,      1,     80,      1,     11,  0.55988140E-02,      3,     79,     10,      1,  0.46371985E+03
  0.28684666E+02,   2462,   1710,5417361,      1,     80,      5,      6,  0.55973153E-02,      3,     79,     10,      1,  0.46371985E+03
  0.28684666E+02,   2462,   1711,5417362,      1,     80,      9,     16,  0.55958170E-02,      3,     79,     10,      1,  0.46371985E+03
  0.28684666E+02,   2462,   1712,5417363,      1,     80,      1,     11,  0.55943189E-02,      3,     79,     10,      1,  0.46371985E+03
  0.28684666E+02,   2462,   1713,5417364,      2,      0,     12,      2,  0.55928213E-02,      3,     79,     10,      1,  0.46371985E+03
  0.28684666E+02,   2462,   1714,5417365,      1,     80,     10,      3,  0.55913239E-02,      3,     79,     10,      1,  0.46371985E+03
  0.28684666E+02,   2462,   1715,5417366,      1,     80,      9,     20,  0.55898269E-02,      3,     79,     10,      1,  0.46371985E+03
  0.28684666E+02,   2462,   1716,5417367,      1,     80,      1,     14,  0.55883302E-02,      3,     79,     10,      1,  0.46371985E+03
  0.28684666E+02,   2462,   1717,5417368,      2,      0,     12,     18,  0.55868339E-02,      3,     79,     10,      1,  0.46371985E+03
  0.28684666E+02,   2462,   1718,5417369,      2,      0,      6,     13,  0.55853379E-02,      3,     79,     10,      1,  0.46371985E+03
  0.28684666E+02,   2462,   1719,5417370,      2,      0,      4,     13,  0.55838422E-02,      3,     79,     10,      1,  0.46371985E+03
  0.28684666E+02,   2462,   1720,5417371,      1,     80,      3,      1,  0.55823469E-02,      3,     79,     10,      1,  0.46371985E+03
  0.28684666E+02,   2462,   1721,5417372,      1,     80,      5,     15,  0.55808519E-02,      3,     79,     10,      1,  0.46371985E+03
  0.28684666E+02,   2462,   1722,5417373,      2,      0,      9,      4,  0.55793572E-02,      3,     79,     10,      1,  0.46371985E+03
  0.28684666E+02,   2462,   1723,5417374,      1,     80,     19,      4,  0.55778629E-02,      3,     79,     10,      1,  0.46371985E+03
  0.28684666E+02,   2462,   1724,5417375,      2,      0,      3,     20,  0.55763689E-02,      3,     79,     10,      1,  0.46371985E+03
  0.28684666E+02,   2462,   1725,5417376,      1,     80,      5,     19,  0.55748752E-02,      3,     79,     10,      1,  0.46371985E+03
  0.28684666E+02,   2462,   1726,5417377,      1,     80,      4,     15,  0.55733819E-02,      3,     79,     10,      1,  0.46371985E+03
  0.28684666E+02,   2462,   1727,5417378,      1,     80,     18,      2,  0.55718889E-02,      3,     79,     10,      1,  0.46371985E+03
  0.28684666E+02,   2462,   1728,5417379,      2,      0,     19,      2,  0.55703963E-02,      3,     79,     10,      1,  0.46371985E+03
  0.28684666E+02,   2462,   1729,5417380,      1,     80,      3,      3,  0.55689039E-02,      3,     79,     10,      1,  0.46371985E+03
  0.28684666E+02,   2462,   1730,5417381,      1,     80,      6,     17,  0.55674120E-02,      3,     79,     10,      1,  0.46371985E+03
  0.28684666E+02,   2462,   1731,5417382,      1,     80,      3,      3,  0.55659203E-02,      3,     79,     10,      1,  0.46371985E+03
  0.28684666E+02,   2462,   1732,5417383,      2,      0,     18,     14,  0.55644290E-02,      3,     79,     10,      1,  0.46371985E+03
  0.28684666E+02,   2462,   1733,5417384,      1,     80,     17,     14,  0.55629380E-02,      3,     79,     10,      1,  0.46371985E+03
  0.28684666E+02,   2462,   1734,5417385,      1,     80,     18,     15,  0.55614474E-02,      3,     79,     10,      1,  0.46371985E+03
  0.28684666E+02,   2462,   1735,5417386,      1,     80,      4,     14,  0.55599571E-02,      3,     79,     10,      1,  0.46371985E+03
  0.28684666E+02,   2462,   1736,5417387,      2,      0,      3,      6,  0.55584671E-02,      3,     79,     10,      1,  0.46371985E+03
  0.28684666E+02,   2462,   1737,5417388,      1,     80,      8,      3,  0.55569775E-02,      3,     79,     10,      1,  0.46371985E+03
  0.28684666E+02,   2462,   1738,5417389,      1,     80,     20,      4,  0.55554882E-02,      3,     79,     10,      1,  0.46371985E+03
  0.28684666E+02,   2462,   1739,5417390,      1,     80,     12,     12,  0.55539993E-02,      3,     79,     10,      1,  0.46371985E+03
  0.28684666E+02,   2462,   1740,5417391,      2,      0,     13,      9,  0.55525106E-02,      3,     79,     10,      1,  0.46371985E+03
  0.28684666E+02,   2462,   1741,5417392,      1,     80,     12,     14,  0.55510224E-02,      3,     79,     10,      1,  0.46371985E+03
  0.28684666E+02,   2462,   1742,5417393,      1,     80,     13,      3,  0.55495344E-02,      3,     79,     10,      1,  0.46371985E+03
  0.28684666E+02,   2462,   1743,5417394,      1,     80,     10,      6,  0.55480468E-02,      3,     79,     10,      1,  0.46371985E+03
  0.28684666E+02,   2462,   1744,5417395,      2,      0,      6,     15,  0.55465595E-02,      3,     79,     10,      1,  0.46371985E+03
  0.28684666E+02,   2462,   1745,5417396,      1,     80,     12,      8,  0.55450726E-02,      3,     79,     10,      1,  0.46371985E+03
  0.28684666E+02,   2462,   1746,5417397,      1,     80,     13,      2,  0.55435860E-02,      3,     79,     10,      1,  0.46371985E+03
  0.28684666E+02,   2462,   1747,5417398,      1,     80,     18,      9,  0.55420998E-02,      3,     79,     10,      1,  0.46371985E+03
  0.28684666E+02,   2462,   1748,5417399,      2,      0,     16,     19,  0.55406138E-02,      3,     79,     10,      1,  0.46371985E+03
  0.28684666E+02,   2462,   1749,5417400,      2,      0,      9,      8,  0.55391282E-02,      3,     79,     10,      1,  0.46371985E+03
  0.28684666E+02,   2462,   1750,5417401,      1,     80,     11,      7,  0.55376430E-02,      3,     79,     10,      1,  0.46371985E+03
  0.28684666E+02,   2462,   1751,5417402,      1,     80,      9,      2,  0.55361581E-02,      3,     79,     10,      1,  0.46371985E+03
  0.28684666E+02,   2462,   1752,5417403,      1,     80,     14,     11,  0.55346735E-02,      3,     79,     10,      1,  0.46371985E+03
  0.28684666E+02,   2462,   1753,5417404,      1,     80,     19,      7,  0.55331893E-02,      3,     79,     10,      1,  0.46371985E+03
  0.28684666E+02,   2462,   1754,5417405,      1,     80,     15,      2,  0.55317054E-02,      3,     79,     10,      1,  0.46371985E+03
  0.28684666E+02,   2462,   1755,5417406,      1,     80,     13,      2,  0.55302218E-02,      3,     79,     10,      1,  0.46371985E+03
  0.28684666E+02,   2462,   1756,5417407,      2,      0,     12,      2,  0.55287386E-02,      3,     79,     10,      1,  0.46371985E+03
  0.28684666E+02,   2462,   1757,5417408,      1,     80,      1,      2,  0.55272557E-02,      3,     79,     10,      1,  0.46371985E+03
  0.28684666E+02,   2462,   1758,5417409,      1,     80,      3,      3,  0.55257732E-02,      3,     79,     10,      1,  0.46371985E+03
  0.28684666E+02,   2462,   1759,5417410,      1,     80,      1,      2,  0.55242910E-02,      3,     79,     10,      1,  0.46371985E+03
  0.28684666E+02,   2462,   1760,5417411,      1,     80,     16,      3,  0.55228091E-02,      3,     79,     10,      1,  0.46371985E+03
  0.28684666E+02,   2462,   1761,5417412,      1,     80,      2,     16,  0.55213276E-02,      3,     79,     10,      1,  0.46371985E+03
  0.28684666E+02,   2462,   1762,5417413,      1,     80,     11,     18,  0.55198464E-02,      3,     79,     10,      1,  0.46371985E+03
  0.28684666E+02,   2462,   1763,5417414,      1,     80,      5,      3,  0.55183656E-02,      3,     79,     10,      1,  0.46371985E+03
  0.28684666E+02,   2462,   1764,5417415,      1,     80,     19,      9,  0.55168851E-02,      3,     79,     10,      1,  0.46371985E+03
  0.28684666E+02,   2462,   1765,5417416,      1,     80,     10,      4,  0.55154049E-02,      3,     79,     10,      1,  0.46371985E+03
  0.28684666E+02,   2462,   1766,5417417,      1,     80,     19,      3,  0.55139250E-02,      3,     79,     10,      1,  0.46371985E+03
  0.28684666E+02,   2462,   1767,5417418,      1,     80,      3,      2,  0.55124455E-02,      3,     79,     10,      1,  0.46371985E+03
  0.28684666E+02,   2462,   1768,5417419,      1,     80,     10,      3,  0.55109664E-02,      3,     79,     10,      1,  0.46371985E+03
  0.28684666E+02,   2462,   1769,5417420,      2,      0,      8,      7,  0.55094876E-02,      3,     79,     10,      1,  0.46371985E+03
  0.28684666E+02,   2462,   1770,5417421,      1,     80,      7,      2,  0.55080091E-02,      3,     79,     10,      1,  0.46371985E+03
  0.28684666E+02,   2462,   1771,5417422,      1,     80,     14,      9,  0.55065310E-02,      3,     79,     10,      1,  0.46371985E+03
  0.28684666E+02,   2462,   1772,5417423,      1,     80,      1,      1,  0.55050532E-02,      3,     79,     10,      1,  0.46371985E+03
  0.28684666E+02,   2462,   1773,5417424,      1,     80,     13,      5,  0.55035757E-02,      3,     79,     10,      1,  0.46371985E+03
  0.28684666E+02,   2462,   1774,5417425,      1,     80,      2,      7,  0.55020986E-02,      3,     79,     10,      1,  0.46371985E+03
  0.28684666E+02,   2462,   1775,5417426,      1,     80,     10,     16,  0.55006218E-02,      3,     79,     10,      1,  0.46371985E+03
  0.28684666E+02,   2462,   1776,5417427,      1,     80,      7,      4,  0.54991454E-02,      3,     79,     10,      1,  0.46371985E+03
  0.28684666E+02,   2462,   1777,5417428,      1,     80,      4,     15,  0.54976693E-02,      3,     79,     10,      1,  0.46371985E+03
  0.28684666E+02,   2462,   1778,5417429,      1,     80,     14,      9,  0.54961935E-02,      3,     79,     10,      1,  0.46371985E+03
  0.28684666E+02,   2462,   1779,5417430,      1,     80,      7,     11,  0.54947181E-02,      3,     79,     10,      1,  0.46371985E+03
  0.28684666E+02,   2462,   1780,5417431,      1,     80,     15,      9,  0.54932430E-02,      3,     79,     10,      1,  0.46371985E+03
  0.28684666E+02,   2462,   1781,5417432,      1,     80,      5,      9,  0.54917682E-02,      3,     79,     10,      1,  0.46371985E+03
  0.28684666E+02,   2462,   1782,5417433,      1,     80,     18,     13,  0.54902938E-02,      3,     79,     10,      1,  0.46371985E+03
  0.28684666E+02,   2462,   1783,5417434,      1,     80,      5,      9,  0.54888198E-02,      3,     79,     10,      1,  0.46371985E+03
  0.28684666E+02,   2462,   1784,5417435,      1,     80,      8,      3,  0.54873461E-02,      3,     79,     10,      1,  0.46371985E+03
  0.28684666E+02,   2462,   1785,5417436,      1,     80,      7,     15,  0.54858727E-02,      3,     79,     10,      1,  0.46371985E+03
  0.28684666E+02,   2462,   1786,5417437,      2,      0,     12,      1,  0.54843996E-02,      3,     79,     10,      1,  0.46371985E+03
  0.28684666E+02,   2462,   1787,5417438,      1,     80,     14,     14,  0.54829269E-02,      3,     79,     10,      1,  0.46371985E+03
  0.28684666E+02,   2462,   1788,5417439,      1,     80,      3,     10,  0.54814546E-02,      3,     79,     10,      1,  0.46371985E+03
  0.28684666E+02,   2462,   1789,5417440,      1,     80,     14,     14,  0.54799825E-02,      3,     79,     10,      1,  0.46371985E+03
  0.28684666E+02,   2462,   1790,5417441,      1,     80,     14,      2,  0.54785109E-02,      3,     79,     10,      1,  0.46371985E+03
  0.28684666E+02,   2462,   1791,5417442,      2,      0,     12,     15,  0.54770395E-02,      3,     79,     10,      1,  0.46371985E+03
  0.28684666E+02,   2462,   1792,5417443,      1,     80,      8,      1,  0.54755685E-02,      3,     79,     10,      1,  0.46371985E+03
  0.28684666E+02,   2462,   1793,5417444,      1,     80,     16,      8,  0.54740979E-02,      3,     79,     10,      1,  0.46371985E+03
  0.28684666E+02,   2462,   1794,5417445,      1,     80,     15,      2,  0.54726275E-02,      3,     79,     10,      1,  0.46371985E+03
  0.28684666E+02,   2462,   1795,5417446,      1,     80,      1,     12,  0.54711576E-02,      3,     79,     10,      1,  0.46371985E+03
  0.28684666E+02,   2462,   1796,5417447,      1,     80,     10,     12,  0.54696879E-02,      3,     79,     10,      1,  0.46371985E+03
  0.28684666E+02,   2462,   1797,5417448,      1,     80,      3,     14,  0.54682186E-02,      3,     79,     10,      1,  0.46371985E+03
  0.28684666E+02,   2462,   1798,5417449,      1,     80,     15,      2,  0.54667497E-02,      3,     79,     10,      1,  0.46371985E+03
  0.28684666E+02,   2462,   1799,5417450,      1,     80,     17,      3,  0.54652811E-02,      3,     79,     10,      1,  0.46371985E+03
  0.28684666E+02,   2462,   1800,5417451,      1,     80,     15,      2,  0.54638128E-02,      3,     79,     10,      1,  0.46371985E+03
  0.28684666E+02,   2462,   1801,5417452,      1,     80,     18,     20,  0.54623449E-02,      3,     79,     10,      1,  0.46371985E+03
  0.28684666E+02,   2462,   1802,5417453,      1,     80,     18,     19,  0.54608773E-02,      3,     79,     10,      1,  0.46371985E+03
  0.28684666E+02,   2462,   1803,5417454,      2,      0,     13,      9,  0.54594100E-02,      3,     79,     10,      1,  0.46371985E+03
  0.28684666E+02,   2462,   1804,5417455,      1,     80,      5,      7,  0.54579431E-02,      3,     79,     10,      1,  0.46371985E+03
  0.28684666E+02,   2462,   1805,5417456,      1,     80,      9,     14,  0.54564765E-02,      3,     79,     10,      1,  0.46371985E+03
  0.28684666E+02,   2462,   1806,5417457,      2,      0,      6,     13,  0.54550103E-02,      3,     79,     10,      1,  0.46371985E+03
  0.28684666E+02,   2462,   1807,5417458,      1,     80,      9,      3,  0.54535444E-02,      3,     79,     10,      1,  0.46371985E+03
  0.28684666E+02,   2462,   1808,5417459,      1,     80,      2,     12,  0.54520789E-02,      3,     79,     10,      1,  0.46371985E+03
  0.28684666E+02,   2462,   1809,5417460,      1,     80,     17,      8,  0.54506137E-02,      3,     79,     10,      1,  0.46371985E+03
  0.28684666E+02,   2462,   1810,5417461,      1,     80,     19,     18,  0.54491488E-02,      3,     79,     10,      1,  0.46371985E+03
  0.28684666E+02,   2462,   1811,5417462,      1,     80,      5,     20,  0.54476843E-02,      3,     79,     10,      1,  0.46371985E+03
  0.28684666E+02,   2462,   1812,5417463,      1,     80,     18,      8,  0.54462201E-02,      3,     79,     10,      1,  0.46371985E+03
  0.28684666E+02,   2462,   1813,5417464,      1,     80,      4,     15,  0.54447563E-02,      3,     79,     10,      1,  0.46371985E+03
  0.28684666E+02,   2462,   1814,5417465,      1,     80,     18,     16,  0.54432928E-02,      3,     79,     10,      1,  0.46371985E+03
  0.28684666E+02,   2462,   1815,5417466,      2,      0,     14,     13,  0.54418297E-02,      3,     79,     10,      1,  0.46371985E+03
  0.28684666E+02,   2462,   1816,5417467,      1,     80,     12,      5,  0.54403668E-02,      3,     79,     10,      1,  0.46371985E+03
  0.28684666E+02,   2462,   1817,5417468,      1,     80,     19,      4,  0.54389044E-02,      3,     79,     10,      1,  0.46371985E+03
  0.28684666E+02,   2462,   1818,5417469,      1,     80,     13,      3,  0.54374423E-02,      3,     79,     10,      1,  0.46371985E+03
  0.28684666E+02,   2462,   1819,5417470,      1,     80,     17,      3,  0.54359805E-02,      3,     79,     10,      1,  0.46371985E+03
  0.28684666E+02,   2462,   1820,5417471,      1,     80,     16,      3,  0.54345190E-02,      3,     79,     10,      1,  0.46371985E+03
  0.28684666E+02,   2462,   1821,5417472,      1,     80,      9,     19,  0.54330579E-02,      3,     79,     10,      1,  0.46371985E+03
  0.28684666E+02,   2462,   1822,5417473,      1,     80,      7,      2,  0.54315972E-02,      3,     79,     10,      1,  0.46371985E+03
  0.28684666E+02,   2462,   1823,5417474,      1,     80,     15,     14,  0.54301368E-02,      3,     79,     10,      1,  0.46371985E+03
  0.28684666E+02,   2462,   1824,5417475,      2,      0,     18,      6,  0.54286767E-02,      3,     79,     10,      1,  0.46371985E+03
  0.28684666E+02,   2462,   1825,5417476,      1,     80,      9,      3,  0.54272170E-02,      3,     79,     10,      1,  0.46371985E+03
  0.28684666E+02,   2462,   1826,5417477,      1,     80,      6,     17,  0.54257576E-02,      3,     79,     10,      1,  0.46371985E+03
  0.28684666E+02,   2462,   1827,5417478,      2,      0,      5,      4,  0.54242985E-02,      3,     79,     10,      1,  0.46371985E+03
  0.28684666E+02,   2462,   1828,5417479,      1,     80,     17,      3,  0.54228398E-02,      3,     79,     10,      1,  0.46371985E+03
  0.28684666E+02,   2462,   1829,5417480,      2,      0,      9,      8,  0.54213815E-02,      3,     79,     10,      1,  0.46371985E+03
  0.28684666E+02,   2462,   1830,5417481,      2,      0,      8,     13,  0.54199235E-02,      3,     79,     10,      1,  0.46371985E+03
  0.28684666E+02,   2462,   1831,5417482,      1,     80,     15,     18,  0.54184658E-02,      3,     79,     10,      1,  0.46371985E+03
  0.28684666E+02,   2462,   1832,5417483,      2,      0,      3,      6,  0.54170085E-02,      3,     79,     10,      1,  0.46371985E+03
  0.28684666E+02,   2462,   1833,5417484,      1,     80,      8,     10,  0.54155515E-02,      3,     79,     10,      1,  0.46371985E+03
  0.28684666E+02,   2462,   1834,5417485,      2,      0,     10,     10,  0.54140948E-02,      3,     79,     10,      1,  0.46371985E+03
  0.28684666E+02,   2462,   1835,5417486,      1,     80,      1,     12,  0.54126385E-02,      3,     79,     10,      1,  0.46371985E+03
  0.28684666E+02,   2462,   1836,5417487,      1,     80,     12,      5,  0.54111826E-02,      3,     79,     10,      1,  0.46371985E+03
  0.28684666E+02,   2462,   1837,5417488,      1,     80,     20,      2,  0.54097269E-02,      3,     79,     10,      1,  0.46371985E+03
  0.28684666E+02,   2462,   1838,5417489,      1,     80,     20,      4,  0.54082717E-02,      3,     79,     10,      1,  0.46371985E+03
  0.28684666E+02,   2462,   1839,5417490,      1,     80,     18,      8,  0.54068167E-02,      3,     79,     10,      1,  0.46371985E+03
  0.28684666E+02,   2462,   1840,5417491,      1,     80,     13,      6,  0.54053622E-02,      3,     79,     10,      1,  0.46371985E+03
  0.28684666E+02,   2462,   1841,5417492,      2,      0,     15,     11,  0.54039079E-02,      3,     79,     10,      1,  0.46371985E+03
  0.28684666E+02,   2462,   1842,5417493,      1,     80,     13,      8,  0.54024540E-02,      3,     79,     10,      1,  0.46371985E+03
  0.28684666E+02,   2462,   1843,5417494,      1,     80,      4,      1,  0.54010004E-02,      3,     79,     10,      1,  0.46371985E+03
  0.28684666E+02,   2462,   1844,5417495,      1,     80,      8,     16,  0.53995472E-02,      3,     79,     10,      1,  0.46371985E+03
  0.28684666E+02,   2462,   1845,5417496,      1,     80,     10,      5,  0.53980944E-02,      3,     79,     10,      1,  0.46371985E+03
  0.28684666E+02,   2462,   1846,5417497,      2,      0,      8,     13,  0.53966418E-02,      3,     79,     10,      1,  0.46371985E+03
  0.28684666E+02,   2462,   1847,5417498,      1,     80,     17,      3,  0.53951896E-02,      3,     79,     10,      1,  0.46371985E+03
  0.28684666E+02,   2462,   1848,5417499,      1,     80,     14,      3,  0.53937378E-02,      3,     79,     10,      1,  0.46371985E+03
  0.28684666E+02,   2462,   1849,5417500,      1,     80,      5,      9,  0.53922863E-02,      3,     79,     10,      1,  0.46371985E+03
  0.28684666E+02,   2462,   1850,5417501,      1,     80,     10,     13,  0.53908352E-02,      3,     79,     10,      1,  0.46371985E+03
  0.28684666E+02,   2462,   1851,5417502,      1,     80,     20,     15,  0.53893843E-02,      3,     79,     10,      1,  0.46371985E+03
  0.28684666E+02,   2462,   1852,5417503,      1,     80,      2,      2,  0.53879339E-02,      3,     79,     10,      1,  0.46371985E+03
  0.28684666E+02,   2462,   1853,5417504,      1,     80,     20,      5,  0.53864838E-02,      3,     79,     10,      1,  0.46371985E+03
  0.28684666E+02,   2462,   1854,5417505,      1,     80,      4,      5,  0.53850340E-02,      3,     79,     10,      1,  0.46371985E+03
  0.28684666E+02,   2462,   1855,5417506,      1,     80,     15,      7,  0.53835845E-02,      3,     79,     10,      1,  0.46371985E+03
  0.28684666E+02,   2462,   1856,5417507,      1,     80,      4,      1,  0.53821354E-02,      3,     79,     10,      1,  0.46371985E+03
  0.28684666E+02,   2462,   1857,5417508,      1,     80,      6,     17,  0.53806867E-02,      3,     79,     10,      1,  0.46371985E+03
  0.28684666E+02,   2462,   1858,5417509,      1,     80,      9,      2,  0.53792383E-02,      3,     79,     10,      1,  0.46371985E+03
  0.28684666E+02,   2462,   1859,5417510,      2,      0,      2,      5,  0.53777902E-02,      3,     79,     10,      1,  0.46371985E+03
  0.28684666E+02,   2462,   1860,5417511,      1,     80,     19,     15,  0.53763425E-02,      3,     79,     10,      1,  0.46371985E+03
  0.28684666E+02,   2462,   1861,5417512,      2,      0,     19,     12,  0.53748951E-02,      3,     79,     10,      1,  0.46371985E+03
  0.28684666E+02,   2462,   1862,5417513,      2,      0,     10,     10,  0.53734481E-02,      3,     79,     10,      1,  0.46371985E+03
  0.28684666E+02,   2462,   1863,5417514,      1,     80,     17,      4,  0.53720014E-02,      3,     79,     10,      1,  0.46371985E+03
  0.28684666E+02,   2462,   1864,5417515,      1,     80,      2,     16,  0.53705551E-02,      3,     79,     10,      1,  0.46371985E+03
  0.28684666E+02,   2462,   1865,5417516,      2,      0,      3,     13,  0.53691091E-02,      3,     79,     10,      1,  0.46371985E+03
  0.28684666E+02,   2462,   1866,5417517,      1,     80,      2,      4,  0.53676634E-02,      3,     79,     10,      1,  0.46371985E+03
  0.28684666E+02,   2462,   1867,5417518,      1,     80,      5,      8,  0.53662181E-02,      3,     79,     10,      1,  0.46371985E+03
  0.28684666E+02,   2462,   1868,5417519,      1,     80,     15,     14,  0.53647731E-02,      3,     79,     10,      1,  0.46371985E+03
  0.28684666E+02,   2462,   1869,5417520,      1,     80,     16,      4,  0.53633285E-02,      3,     79,     10,      1,  0.46371985E+03
  0.28684666E+02,   2462,   1870,5417521,      1,     80,     18,      9,  0.53618842E-02,      3,     79,     10,      1,  0.46371985E+03
  0.28684666E+02,   2462,   1871,5417522,      1,     80,      4,      1,  0.53604403E-02,      3,     79,     10,      1,  0.46371985E+03
  0.28684666E+02,   2462,   1872,5417523,      1,     80,     14,      1,  0.53589967E-02,      3,     79,     10,      1,  0.46371985E+03
  0.28684666E+02,   2462,   1873,5417524,      2,      0,     11,     15,  0.53575535E-02,      3,     79,     10,      1,  0.46371985E+03
  0.28684666E+02,   2462,   1874,5417525,      2,      0,      6,     13,  0.53561106E-02,      3,     79,     10,      1,  0.46371985E+03
  0.28684666E+02,   2462,   1875,5417526,      1,     80,     16,      7,  0.53546680E-02,      3,     79,     10,      1,  0.46371985E+03
  0.28684666E+02,   2462,   1876,5417527,      1,     80,      5,      6,  0.53532258E-02,      3,     79,     10,      1,  0.46371985E+03
  0.28684666E+02,   2462,   1877,5417528,      2,      0,      2,      5,  0.53517839E-02,      3,     79,     10,      1,  0.46371985E+03
  0.28684666E+02,   2462,   1878,5417529,      1,     80,      9,      2,  0.53503424E-02,      3,     79,     10,      1,  0.46371985E+03
  0.28684666E+02,   2462,   1879,5417530,      1,     80,      2,     15,  0.53489012E-02,      3,     79,     10,      1,  0.46371985E+03
  0.28684666E+02,   2462,   1880,5417531,      1,     80,     19,      4,  0.53474604E-02,      3,     79,     10,      1,  0.46371985E+03
  0.28684666E+02,   2462,   1881,5417532,      1,     80,     15,     10,  0.53460199E-02,      3,     79,     10,      1,  0.46371985E+03
  0.28684666E+02,   2462,   1882,5417533,      1,     80,      9,     19,  0.53445798E-02,      3,     79,     10,      1,  0.46371985E+03
  0.28684666E+02,   2462,   1883,5417534,      1,     80,     10,      1,  0.53431400E-02,      3,     79,     10,      1,  0.46371985E+03
  0.28684666E+02,   2462,   1884,5417535,      1,     80,     16,      4,  0.53417005E-02,      3,     79,     10,      1,  0.46371985E+03
  0.28684666E+02,   2462,   1885,5417536,      1,     80,      6,     14,  0.53402614E-02,      3,     79,     10,      1,  0.46371985E+03
  0.28684666E+02,   2462,   1886,5417537,      1,     80,     14,      6,  0.53388226E-02,      3,     79,     10,      1,  0.46371985E+03
  0.28684666E+02,   2462,   1887,5417538,      1,     80,     13,     15,  0.53373842E-02,      3,     79,     10,      1,  0.46371985E+03
  0.28684666E+02,   2462,   1888,5417539,      1,     80,     10,     14,  0.53359461E-02,      3,     79,     10,      1,  0.46371985E+03
  0.28684666E+02,   2462,   1889,5417540,      2,      0,     15,     11,  0.53345084E-02,      3,     79,     10,      1,  0.46371985E+03
  0.28684666E+02,   2462,   1890,5417541,      2,      0,      6,     15,  0.53330710E-02,      3,     79,     10,      1,  0.46371985E+03
  0.28684666E+02,   2462,   1891,5417542,      1,     80,     10,     15,  0.53316340E-02,      3,     79,     10,      1,  0.46371985E+03
  0.28684666E+02,   2462,   1892,5417543,      1,     80,     13,      2,  0.53301973E-02,      3,     79,     10,      1,  0.46371985E+03
  0.28684666E+02,   2462,   1893,5417544,      1,     80,     10,     15,  0.53287609E-02,      3,     79,     10,      1,  0.46371985E+03
  0.28684666E+02,   2462,   1894,5417545,      2,      0,      3,     16,  0.53273249E-02,      3,     79,     10,      1,  0.46371985E+03
  0.28684666E+02,   2462,   1895,5417546,      1,     80,     13,     11,  0.53258892E-02,      3,     79,     10,      1,  0.46371985E+03
  0.28684666E+02,   2462,   1896,5417547,      1,     80,      1,     11,  0.53244539E-02,      3,     79,     10,      1,  0.46371985E+03
  0.28684666E+02,   2462,   1897,5417548,      1,     80,      5,      7,  0.53230190E-02,      3,     79,     10,      1,  0.46371985E+03
  0.28684666E+02,   2462,   1898,5417549,      1,     80,     14,      4,  0.53215843E-02,      3,     79,     10,      1,  0.46371985E+03
  0.28684666E+02,   2462,   1899,5417550,      1,     80,      5,     10,  0.53201500E-02,      3,     79,     10,      1,  0.46371985E+03
  0.28684666E+02,   2462,   1900,5417551,      2,      0,      2,      5,  0.53187161E-02,      3,     79,     10,      1,  0.46371985E+03
  0.28684666E+02,   2462,   1901,5417552,      1,     80,      1,     16,  0.53172825E-02,      3,     79,     10,      1,  0.46371985E+03
  0.28684666E+02,   2462,   1902,5417553,      2,      0,      2,      5,  0.53158493E-02,      3,     79,     10,      1,  0.46371985E+03
  0.28684666E+02,   2462,   1903,5417554,      1,     80,      4,      4,  0.53144163E-02,      3,     79,     10,      1,  0.46371985E+03
  0.28684666E+02,   2462,   1904,5417555,      2,      0,     14,     17,  0.53129838E-02,      3,     79,     10,      1,  0.46371985E+03
  0.28684666E+02,   2462,   1905,5417556,      1,     80,     20,     13,  0.53115516E-02,      3,     79,     10,      1,  0.46371985E+03
  0.28684666E+02,   2462,   1906,5417557,      2,      0,      6,     15,  0.53101197E-02,      3,     79,     10,      1,  0.46371985E+03
  0.28684666E+02,   2462,   1907,5417558,      1,     80,     12,     16,  0.53086882E-02,      3,     79,     10,      1,  0.46371985E+03
  0.28684666E+02,   2462,   1908,5417559,      2,      0,      6,     15,  0.53072570E-02,      3,     79,     10,      1,  0.46371985E+03
  0.28684666E+02,   2462,   1909,5417560,      1,     80,     13,      3,  0.53058262E-02,      3,     79,     10,      1,  0.46371985E+03
  0.28684666E+02,   2462,   1910,5417561,      1,     80,      8,     16,  0.53043957E-02,      3,     79,     10,      1,  0.46371985E+03
  0.28684666E+02,   2462,   1911,5417562,      1,     80,     15,      1,  0.53029655E-02,      3,     79,     10,      1,  0.46371985E+03
  0.28684666E+02,   2462,   1912,5417563,      1,     80,      7,     18,  0.53015357E-02,      3,     79,     10,      1,  0.46371985E+03
  0.28684666E+02,   2462,   1913,5417564,      2,      0,     18,      3,  0.53001063E-02,      3,     79,     10,      1,  0.46371985E+03
  0.28684666E+02,   2462,   1914,5417565,      2,      0,     12,     19,  0.52986772E-02,      3,     79,     10,      1,  0.46371985E+03
  0.28684666E+02,   2462,   1915,5417566,      1,     80,      8,      6,  0.52972484E-02,      3,     79,     10,      1,  0.46371985E+03
  0.28684666E+02,   2462,   1916,5417567,      1,     80,      5,     10,  0.52958200E-02,      3,     79,     10,      1,  0.46371985E+03
  0.28684666E+02,   2462,   1917,5417568,      1,     80,      2,     13,  0.52943919E-02,      3,     79,     10,      1,  0.46371985E+03
  0.28684666E+02,   2462,   1918,5417569,      1,     80,     15,      3,  0.52929642E-02,      3,     79,     10,      1,  0.46371985E+03
  0.28684666E+02,   2462,   1919,5417570,      1,     80,     20,     18,  0.52915368E-02,      3,     79,     10,      1,  0.46371985E+03
  0.28684666E+02,   2462,   1920,5417571,      1,     80,      5,      6,  0.52901098E-02,      3,     79,     10,      1,  0.46371985E+03
  0.28684666E+02,   2462,   1921,5417572,      2,      0,     16,     13,  0.52886831E-02,      3,     79,     10,      1,  0.46371985E+03
  0.28684666E+02,   2462,   1922,5417573,      1,     80,     20,      4,  0.52872567E-02,      3,     79,     10,      1,  0.46371985E+03
  0.28684666E+02,   2462,   1923,5417574,      1,     80,      9,      3,  0.52858307E-02,      3,     79,     10,      1,  0.46371985E+03
  0.28684666E+02,   2462,   1924,5417575,      1,     80,     17,     11,  0.52844051E-02,      3,     79,     10,      1,  0.46371985E+03
  0.28684666E+02,   2462,   1925,5417576,      1,     80,     18,     10,  0.52829798E-02,      3,     79,     10,      1,  0.46371985E+03
  0.28684666E+02,   2462,   1926,5417577,      1,     80,     20,      4,  0.52815548E-02,      3,     79,     10,      1,  0.46371985E+03
  0.28684666E+02,   2462,   1927,5417578,      1,     80,     20,     19,  0.52801302E-02,      3,     79,     10,      1,  0.46371985E+03
  0.28684666E+02,   2462,   1928,5417579,      1,     80,     17,      9,  0.52787059E-02,      3,     79,     10,      1,  0.46371985E+03
  0.28684666E+02,   2462,   1929,5417580,      1,     80,      5,     13,  0.52772820E-02,      3,     79,     10,      1,  0.46371985E+03
  0.28684666E+02,   2462,   1930,5417581,      1,     80,      3,      1,  0.52758584E-02,      3,     79,     10,      1,  0.46371985E+03
  0.28684666E+02,   2462,   1931,5417582,      1,     80,     12,     11,  0.52744352E-02,      3,     79,     10,      1,  0.46371985E+03
  0.28684666E+02,   2462,   1932,5417583,      1,     80,     14,      2,  0.52730123E-02,      3,     79,     10,      1,  0.46371985E+03
  0.28684666E+02,   2462,   1933,5417584,      2,      0,     19,     20,  0.52715897E-02,      3,     79,     10,      1,  0.46371985E+03
  0.28684666E+02,   2462,   1934,5417585,      1,     80,     11,      1,  0.52701675E-02,      3,     79,     10,      1,  0.46371985E+03
  0.28684666E+02,   2462,   1935,5417586,      1,     80,     18,      9,  0.52687457E-02,      3,     79,     10,      1,  0.46371985E+03
  0.28684666E+02,   2462,   1936,5417587,      1,     80,      6,     19,  0.52673242E-02,      3,     79,     10,      1,  0.46371985E+03
  0.28684666E+02,   2462,   1937,5417588,      1,     80,     19,     11,  0.52659030E-02,      3,     79,     10,      1,  0.46371985E+03
  0.28684666E+02,   2462,   1938,5417589,      1,     80,      2,     10,  0.52644822E-02,      3,     79,     10,      1,  0.46371985E+03
  0.28684666E+02,   2462,   1939,5417590,      1,     80,     11,      4,  0.52630617E-02,      3,     79,     10,      1,  0.46371985E+03
  0.28684666E+02,   2462,   1940,5417591,      1,     80,      6,     14,  0.52616416E-02,      3,     79,     10,      1,  0.46371985E+03
  0.28684666E+02,   2462,   1941,5417592,      2,      0,     12,      2,  0.52602218E-02,      3,     79,     10,      1,  0.46371985E+03
  0.28684666E+02,   2462,   1942,5417593,      2,      0,     14,     18,  0.52588024E-02,      3,     79,     10,      1,  0.46371985E+03
  0.28684666E+02,   2462,   1943,5417594,      1,     80,     17,     13,  0.52573833E-02,      3,     79,     10,      1,  0.46371985E+03
  0.28684666E+02,   2462,   1944,5417595,      2,      0,      8,     13,  0.52559646E-02,      3,     79,     10,      1,  0.46371985E+03
  0.28684666E+02,   2462,   1945,5417596,      2,      0,     14,     17,  0.52545462E-02,      3,     79,     10,      1,  0.46371985E+03
  0.28684666E+02,   2462,   1946,5417597,      1,     80,      8,      2,  0.52531281E-02,      3,     79,     10,      1,  0.46371985E+03
  0.28684666E+02,   2462,   1947,5417598,      1,     80,      7,      7,  0.52517104E-02,      3,     79,     10,      1,  0.46371985E+03
  0.28684666E+02,   2462,   1948,5417599,      2,      0,      6,     15,  0.52502930E-02,      3,     79,     10,      1,  0.46371985E+03
  0.28684666E+02,   2462,   1949,5417600,      1,     80,      7,      7,  0.52488760E-02,      3,     79,     10,      1,  0.46371985E+03
  0.28684666E+02,   2462,   1950,5417601,      1,     80,     20,      4,  0.52474594E-02,      3,     79,     10,      1,  0.46371985E+03
  0.28684666E+02,   2462,   1951,5417602,      1,     80,     19,      4,  0.52460430E-02,      3,     79,     10,      1,  0.46371985E+03
  0.28684666E+02,   2462,   1952,5417603,      1,     80,     17,      9,  0.52446271E-02,      3,     79,     10,      1,  0.46371985E+03
  0.28684666E+02,   2462,   1953,5417604,      1,     80,      4,      6,  0.52432114E-02,      3,     79,     10,      1,  0.46371985E+03
  0.28684666E+02,   2462,   1954,5417605,      2,      0,      6,     15,  0.52417961E-02,      3,     79,     10,      1,  0.46371985E+03
  0.28684666E+02,   2462,   1955,5417606,      1,     80,     15,     18,  0.52403812E-02,      3,     79,     10,      1,  0.46371985E+03
  0.28684666E+02,   2462,   1956,5417607,      1,     80,      1,     19,  0.52389666E-02,      3,     79,     10,      1,  0.46371985E+03
  0.28684666E+02,   2462,   1957,5417608,      1,     80,     18,      9,  0.52375523E-02,      3,     79,     10,      1,  0.46371985E+03
  0.28684666E+02,   2462,   1958,5417609,      1,     80,     11,      4,  0.52361384E-02,      3,     79,     10,      1,  0.46371985E+03
  0.28684666E+02,   2462,   1959,5417610,      1,     80,     20,      9,  0.52347249E-02,      3,     79,     10,      1,  0.46371985E+03
  0.28684666E+02,   2462,   1960,5417611,      1,     80,     19,      9,  0.52333117E-02,      3,     79,     10,      1,  0.46371985E+03
  0.28684666E+02,   2462,   1961,5417612,      1,     80,      2,     16,  0.52318988E-02,      3,     79,     10,      1,  0.46371985E+03
  0.28684666E+02,   2462,   1962,5417613,      1,     80,     17,      4,  0.52304863E-02,      3,     79,     10,      1,  0.46371985E+03
  0.28684666E+02,   2462,   1963,5417614,      2,      0,     16,     13,  0.52290741E-02,      3,     79,     10,      1,  0.46371985E+03
  0.28684666E+02,   2462,   1964,5417615,      1,     80,     18,     20,  0.52276623E-02,      3,     79,     10,      1,  0.46371985E+03
  0.28684666E+02,   2462,   1965,5417616,      1,     80,      9,      2,  0.52262508E-02,      3,     79,     10,      1,  0.46371985E+03
  0.28684666E+02,   2462,   1966,5417617,      2,      0,      6,     13,  0.52248397E-02,      3,     79,     10,      1,  0.46371985E+03
  0.28684666E+02,   2462,   1967,5417618,      1,     80,     12,     16,  0.52234289E-02,      3,     79,     10,      1,  0.46371985E+03
  0.28684666E+02,   2462,   1968,5417619,      1,     80,     18,     19,  0.52220184E-02,      3,     79,     10,      1,  0.46371985E+03
  0.28684666E+02,   2462,   1969,5417620,      1,     80,     14,      3,  0.52206083E-02,      3,     79,     10,      1,  0.46371985E+03
  0.28684666E+02,   2462,   1970,5417621,      2,      0,     16,     19,  0.52191986E-02,      3,     79,     10,      1,  0.46371985E+03
  0.28684666E+02,   2462,   1971,5417622,      1,     80,      5,     11,  0.52177892E-02,      3,     79,     10,      1,  0.46371985E+03
  0.28684666E+02,   2462,   1972,5417623,      1,     80,     11,      8,  0.52163801E-02,      3,     79,     10,      1,  0.46371985E+03
  0.28684666E+02,   2462,   1973,5417624,      1,     80,     12,      3,  0.52149714E-02,      3,     79,     10,      1,  0.46371985E+03
  0.28684666E+02,   2462,   1974,5417625,      1,     80,      6,     14,  0.52135630E-02,      3,     79,     10,      1,  0.46371985E+03
  0.28684666E+02,   2462,   1975,5417626,      1,     80,      4,      2,  0.52121550E-02,      3,     79,     10,      1,  0.46371985E+03
  0.28684666E+02,   2462,   1976,5417627,      1,     80,      7,      3,  0.52107473E-02,      3,     79,     10,      1,  0.46371985E+03
  0.28684666E+02,   2462,   1977,5417628,      2,      0,     12,      2,  0.52093400E-02,      3,     79,     10,      1,  0.46371985E+03
  0.28684666E+02,   2462,   1978,5417629,      2,      0,     14,     17,  0.52079330E-02,      3,     79,     10,      1,  0.46371985E+03
  0.28684666E+02,   2462,   1979,5417630,      1,     80,     17,      4,  0.52065263E-02,      3,     79,     10,      1,  0.46371985E+03
  0.28684666E+02,   2462,   1980,5417631,      1,     80,     10,      2,  0.52051200E-02,      3,     79,     10,      1,  0.46371985E+03
  0.28684666E+02,   2462,   1981,5417632,      1,     80,     19,      1,  0.52037141E-02,      3,     79,     10,      1,  0.46371985E+03
  0.28684666E+02,   2462,   1982,5417633,      1,     80,     13,      5,  0.52023085E-02,      3,     79,     10,      1,  0.46371985E+03
  0.28684666E+02,   2462,   1983,5417634,      1,     80,     11,     19,  0.52009032E-02,      3,     79,     10,      1,  0.46371985E+03
  0.28684666E+02,   2462,   1984,5417635,      1,     80,     13,      3,  0.51994983E-02,      3,     79,     10,      1,  0.46371985E+03
  0.28684666E+02,   2462,   1985,5417636,      1,     80,     14,      6,  0.51980937E-02,      3,     79,     10,      1,  0.46371985E+03
  0.28684666E+02,   2462,   1986,5417637,      1,     80,      3,     15,  0.51966895E-02,      3,     79,     10,      1,  0.46371985E+03
  0.28684666E+02,   2462,   1987,5417638,      2,      0,     12,     19,  0.51952856E-02,      3,     79,     10,      1,  0.46371985E+03
  0.28684666E+02,   2462,   1988,5417639,      1,     80,      1,     12,  0.51938821E-02,      3,     79,     10,      1,  0.46371985E+03
  0.28684666E+02,   2462,   1989,5417640,      1,     80,      2,      1,  0.51924789E-02,      3,     79,     10,      1,  0.46371985E+03
  0.28684666E+02,   2462,   1990,5417641,      1,     80,      2,     16,  0.51910761E-02,      3,     79,     10,      1,  0.46371985E+03
  0.28684666E+02,   2462,   1991,5417642,      1,     80,      6,      6,  0.51896736E-02,      3,     79,     10,      1,  0.46371985E+03
  0.28684666E+02,   2462,   1992,5417643,      2,      0,     12,     18,  0.51882715E-02,      3,     79,     10,      1,  0.46371985E+03
  0.28684666E+02,   2462,   1993,5417644,      2,      0,      3,     16,  0.51868696E-02,      3,     79,     10,      1,  0.46371985E+03
  0.28684666E+02,   2462,   1994,5417645,      1,     80,      4,      4,  0.51854682E-02,      3,     79,     10,      1,  0.46371985E+03
  0.28684666E+02,   2462,   1995,5417646,      1,     80,      2,      3,  0.51840671E-02,      3,     79,     10,      1,  0.46371985E+03
  0.28684666E+02,   2462,   1996,5417647,      1,     80,      8,     11,  0.51826663E-02,      3,     79,     10,      1,  0.46371985E+03
  0.28684666E+02,   2462,   1997,5417648,      1,     80,     20,      5,  0.51812659E-02,      3,     79,     10,      1,  0.46371985E+03
  0.28684666E+02,   2462,   1998,5417649,      1,     80,      2,      9,  0.51798658E-02,      3,     79,     10,      1,  0.46371985E+03
  0.28684666E+02,   2462,   1999,5417650,      1,     80,      5,      9,  0.51784661E-02,      3,     79,     10,      1,  0.46371985E+03
  0.28684666E+02,   2462,   2000,5417651,      1,     80,     14,     12,  0.51770667E-02,      3,     79,     10,      1,  0.46371985E+03
