s,m3/s,m3/s,m3/s,m3/s,m/s,
Time,flow_in,flow_out,in_net,out_net,error,iter
 0.00000000000000E+000, 2.08963955007493E-003, 2.13885546028614E-003,-3.99721129238605E-004, 3.03432062268257E-004, 0.00000000000000E+000, 0.00000000000000E+000
 1.26226248568910E-001, 1.51490793206726E-005, 2.21566722414083E-003,-1.14871146756328E-005, 4.66424643126148E-004, 9.77159569407856E-004, 3.00000000000000E+000
 2.52452497137819E-001, 1.24877809042892E-001, 1.67417524441434E-002, 1.24877809042892E-001, 1.67417524441434E-002, 3.61729773231786E-003, 1.00000000000000E+003
 3.78678745706729E-001, 2.46366732376160E-001, 9.37218387871605E-002, 2.46366732376160E-001, 9.37218387871605E-002, 4.56720388987000E-003, 1.00000000000000E+003
 5.04904994275638E-001, 3.60852937689839E-001, 2.32604157425220E-001, 3.60852937689839E-001, 2.32604157425220E-001, 3.77423396831411E-003, 1.00000000000000E+003
 6.31131242844548E-001, 4.65630748694986E-001, 4.04822413606652E-001, 4.65630748694986E-001, 4.04822413606652E-001, 1.79165404776283E-003, 1.00000000000000E+003
 7.57357491413457E-001, 5.59052769650121E-001, 5.75624393666898E-001, 5.59052769650121E-001, 5.75624393666898E-001, 9.97973130410723E-004, 9.90000000000000E+001
 8.69486491588450E-001, 6.39862988963978E-001, 7.02353800008427E-001, 6.39862988963978E-001, 7.02353800008427E-001, 1.83361390068060E-003, 1.00000000000000E+003
 9.58372701729840E-001, 7.01468110149778E-001, 7.66256800302453E-001, 7.01468110149778E-001, 7.66256800302453E-001, 1.88278728011371E-003, 1.00000000000000E+003
 1.03517052665784E+000, 7.43841696903475E-001, 7.95731786503476E-001, 7.43841696903475E-001, 7.95731786503476E-001, 1.53837312247174E-003, 1.00000000000000E+003
 1.11196835158584E+000, 7.76189044303072E-001, 8.13671340780723E-001, 7.76189044303072E-001, 8.13671340780723E-001, 1.12451307188699E-003, 1.00000000000000E+003
 1.18876617651384E+000, 8.05109478913614E-001, 8.30565821167975E-001, 8.05109478913614E-001, 8.30565821167975E-001, 9.74601295744702E-004, 1.20000000000000E+001
 1.26556400144185E+000, 8.30425488607770E-001, 8.47035364926085E-001, 8.30425488607770E-001, 8.47035364926085E-001, 9.97713420580304E-004, 8.50000000000000E+001
 1.34236182636985E+000, 8.52808375357146E-001, 8.63196917061953E-001, 8.52808375357146E-001, 8.63196917061953E-001, 9.98942317941176E-004, 6.50000000000000E+001
 1.41915965129785E+000, 8.72455607156962E-001, 8.80542791409316E-001, 8.72455607156962E-001, 8.80542791409316E-001, 9.99502807071062E-004, 8.80000000000000E+001
 1.49595747622585E+000, 8.89637615477318E-001, 8.99407016513386E-001, 8.89637615477318E-001, 8.99407016513386E-001, 9.98744809649788E-004, 9.70000000000000E+001
 1.57275530115385E+000, 9.04627350224197E-001, 9.19308454447337E-001, 9.04627350224197E-001, 9.19308454447337E-001, 9.99547534239920E-004, 9.30000000000000E+001
 1.64955312608185E+000, 9.17730777281240E-001, 9.38673002479219E-001, 9.17730777281240E-001, 9.38673002479219E-001, 9.75809605114342E-004, 1.40000000000000E+001
 1.72635095100985E+000, 9.29082274736045E-001, 9.57444033576679E-001, 9.29082274736045E-001, 9.57444033576679E-001, 9.97843693899658E-004, 1.80000000000000E+001
 1.80314877593786E+000, 9.38824654827294E-001, 9.72209666153064E-001, 9.38824654827294E-001, 9.72209666153064E-001, 9.99969256795907E-004, 3.68000000000000E+002
 1.87994660086586E+000, 9.47317000512817E-001, 9.85264482990062E-001, 9.47317000512817E-001, 9.85264482990062E-001, 9.99680260516778E-004, 2.50000000000000E+001
 1.95674442579386E+000, 9.54664966703903E-001, 9.96704350940357E-001, 9.54664966703903E-001, 9.96704350940357E-001, 9.96898104835220E-004, 2.60000000000000E+001
 2.03354225072186E+000, 9.61007251498643E-001, 1.00399932117523E+000, 9.61007251498643E-001, 1.00399932117523E+000, 9.99834211884876E-004, 1.38000000000000E+002
 2.11034007564986E+000, 9.66507131734275E-001, 1.00826587267263E+000, 9.66507131734275E-001, 1.00826587267263E+000, 9.99984072369009E-004, 1.52000000000000E+002
 2.18713790057786E+000, 9.71230875962437E-001, 1.00490365875212E+000, 9.71230875962437E-001, 1.00490365875212E+000, 9.99923686839321E-004, 5.84000000000000E+002
 2.26393572550587E+000, 9.75302272815273E-001, 1.00116733740226E+000, 9.75302272815273E-001, 1.00116733740226E+000, 9.99479439639517E-004, 1.17000000000000E+002
 2.34073355043387E+000, 9.78809879844429E-001, 9.97918254673956E-001, 9.78809879844429E-001, 9.97918254673956E-001, 9.99524340084545E-004, 5.70000000000000E+001
 2.40649099555682E+000, 9.81814918938504E-001, 9.95461687203860E-001, 9.81814918938504E-001, 9.95461687203860E-001, 9.88520381018154E-004, 1.20000000000000E+001
 2.47224844067978E+000, 9.84094524691813E-001, 9.93332699373794E-001, 9.84094524691813E-001, 9.93332699373794E-001, 9.85721669713526E-004, 1.30000000000000E+001
 2.53800588580273E+000, 9.86082673825935E-001, 9.91589931568069E-001, 9.86082673825935E-001, 9.91589931568069E-001, 9.75829430624634E-004, 1.10000000000000E+001
 2.60376333092569E+000, 9.87814367634130E-001, 9.90249145060845E-001, 9.87814367634130E-001, 9.90249145060845E-001, 9.62400264586369E-004, 1.00000000000000E+001
 2.66952077604865E+000, 9.89322048854018E-001, 9.89264252617681E-001, 9.89322048854018E-001, 9.89264252617681E-001, 9.64845090050792E-004, 9.00000000000000E+000
 2.73527822117160E+000, 9.90632552513860E-001, 9.88585610502489E-001, 9.90632552513860E-001, 9.88585610502489E-001, 9.86987814903917E-004, 8.00000000000000E+000
 2.80761141080685E+000, 9.91767760595078E-001, 9.88100081977488E-001, 9.91767760595078E-001, 9.88100081977488E-001, 8.90963996761723E-004, 1.10000000000000E+001
 2.87994460044210E+000, 9.92835631586619E-001, 9.87809065870165E-001, 9.92835631586619E-001, 9.87809065870165E-001, 9.62499285424912E-004, 1.30000000000000E+001
 2.95227779007736E+000, 9.93758350558218E-001, 9.87723712715141E-001, 9.93758350558218E-001, 9.87723712715141E-001, 9.49773360900297E-004, 1.30000000000000E+001
 3.02461097971261E+000, 9.94562217889441E-001, 9.87935996512902E-001, 9.94562217889441E-001, 9.87935996512902E-001, 9.93196132279328E-004, 1.10000000000000E+001
 3.09694416934786E+000, 9.95262325199570E-001, 9.88469040964476E-001, 9.95262325199570E-001, 9.88469040964476E-001, 8.74446999016953E-004, 1.00000000000000E+001
 3.15821294250628E+000, 9.95867001565092E-001, 9.89124438142654E-001, 9.95867001565092E-001, 9.89124438142654E-001, 8.05193386444358E-004, 8.00000000000000E+000
 3.21948171566470E+000, 9.96320611374885E-001, 9.89973251575662E-001, 9.96320611374885E-001, 9.89973251575662E-001, 8.08829273648115E-004, 8.00000000000000E+000
 3.28075048882313E+000, 9.96716371935286E-001, 9.90968765556966E-001, 9.96716371935286E-001, 9.90968765556966E-001, 8.80461179336267E-004, 8.00000000000000E+000
 3.34201926198155E+000, 9.97062036961815E-001, 9.92059387518322E-001, 9.97062036961815E-001, 9.92059387518322E-001, 8.87856008676247E-004, 8.00000000000000E+000
 3.40328803513998E+000, 9.97363546456429E-001, 9.93212909017289E-001, 9.97363546456429E-001, 9.93212909017289E-001, 9.83344835029154E-004, 7.00000000000000E+000
 3.46455680829840E+000, 9.97626028043912E-001, 9.94294433989629E-001, 9.97626028043912E-001, 9.94294433989629E-001, 9.74763270163326E-004, 7.00000000000000E+000
 3.52582558145682E+000, 9.97853243510269E-001, 9.94834957129606E-001, 9.97853243510269E-001, 9.94834957129606E-001, 9.91018928828247E-004, 1.30000000000000E+001
 3.58709435461525E+000, 9.98063861234562E-001, 9.93958622409773E-001, 9.98063861234562E-001, 9.93958622409773E-001, 9.98614057067470E-004, 3.70000000000000E+001
 3.64836312777367E+000, 9.98264646377226E-001, 9.92162766042052E-001, 9.98264646377226E-001, 9.92162766042052E-001, 9.99201784543602E-004, 3.70000000000000E+001
 3.70963190093209E+000, 9.98447137554794E-001, 9.90188589704295E-001, 9.98447137554794E-001, 9.90188589704295E-001, 9.98343549607483E-004, 1.70000000000000E+001
 3.77090067409052E+000, 9.98610532247389E-001, 9.88172903923025E-001, 9.98610532247389E-001, 9.88172903923025E-001, 9.91062397437181E-004, 1.20000000000000E+001
 3.83216944724894E+000, 9.98756217904367E-001, 9.86150708338220E-001, 9.98756217904367E-001, 9.86150708338220E-001, 9.83414163458152E-004, 8.00000000000000E+000
 3.89343822040736E+000, 9.98886520305926E-001, 9.84051608801013E-001, 9.98886520305926E-001, 9.84051608801013E-001, 9.48226920142625E-004, 8.00000000000000E+000
 3.95470699356579E+000, 9.99002729798958E-001, 9.81902705123886E-001, 9.99002729798958E-001, 9.81902705123886E-001, 9.30528460732050E-004, 6.00000000000000E+000
 4.01597576672421E+000, 9.99107824929288E-001, 9.79636414885391E-001, 9.99107824929288E-001, 9.79636414885391E-001, 8.57445521223577E-004, 6.00000000000000E+000
 4.07724453988263E+000, 9.99203769086609E-001, 9.77302041998745E-001, 9.99203769086609E-001, 9.77302041998745E-001, 9.57964206151241E-004, 6.00000000000000E+000
 4.13851331304106E+000, 9.99293555422779E-001, 9.75010391326499E-001, 9.99293555422779E-001, 9.75010391326499E-001, 8.37658863585444E-004, 8.00000000000000E+000
 4.19354567550355E+000, 9.99377497528519E-001, 9.73178641786010E-001, 9.99377497528519E-001, 9.73178641786010E-001, 8.93395934723928E-004, 9.00000000000000E+000
 4.24857803796604E+000, 9.99454233759483E-001, 9.71655093121943E-001, 9.99454233759483E-001, 9.71655093121943E-001, 9.56978924640417E-004, 1.00000000000000E+001
 4.30361040042853E+000, 9.99527970626115E-001, 9.70466640796025E-001, 9.99527970626115E-001, 9.70466640796025E-001, 9.82091333315616E-004, 1.00000000000000E+001
 4.35864276289102E+000, 9.99597396186441E-001, 9.69637858177045E-001, 9.99597396186441E-001, 9.69637858177045E-001, 9.66904352925901E-004, 1.00000000000000E+001
 4.41367512535351E+000, 9.99659681044069E-001, 9.69217649227497E-001, 9.99659681044069E-001, 9.69217649227497E-001, 9.76002873705362E-004, 1.10000000000000E+001
 4.46870748781600E+000, 9.99710061995393E-001, 9.69363883796309E-001, 9.99710061995393E-001, 9.69363883796309E-001, 9.87316928793947E-004, 1.50000000000000E+001
 4.52373985027849E+000, 9.99745642709750E-001, 9.69963834478656E-001, 9.99745642709750E-001, 9.69963834478656E-001, 9.96412137375113E-004, 1.60000000000000E+001
 4.57877221274098E+000, 9.99767727134428E-001, 9.70974213584324E-001, 9.99767727134428E-001, 9.70974213584324E-001, 9.97029786619974E-004, 1.70000000000000E+001
 4.63380457520347E+000, 9.99780141967506E-001, 9.72334936270559E-001, 9.99780141967506E-001, 9.72334936270559E-001, 9.86678572495903E-004, 1.60000000000000E+001
 4.68883693766596E+000, 9.99786803252501E-001, 9.73989015453589E-001, 9.99786803252501E-001, 9.73989015453589E-001, 9.84256518338000E-004, 1.20000000000000E+001
 4.74386930012845E+000, 9.99790928062892E-001, 9.75900998838890E-001, 9.99790928062892E-001, 9.75900998838890E-001, 9.45136732048768E-004, 1.20000000000000E+001
 4.79890166259094E+000, 9.99794903583018E-001, 9.78030555222949E-001, 9.99794903583018E-001, 9.78030555222949E-001, 9.33366667822177E-004, 1.00000000000000E+001
 4.85943726129968E+000, 9.99799649553204E-001, 9.80589955640177E-001, 9.99799649553204E-001, 9.80589955640177E-001, 9.58206140726947E-004, 8.00000000000000E+000
 4.91997286000842E+000, 9.99806611333924E-001, 9.83331992475161E-001, 9.99806611333924E-001, 9.83331992475161E-001, 7.80670773700365E-004, 8.00000000000000E+000
 4.98050845871716E+000, 9.99815277110080E-001, 9.86204558688061E-001, 9.99815277110080E-001, 9.86204558688061E-001, 7.29661466999435E-004, 8.00000000000000E+000
 5.04104405742590E+000, 9.99825533846261E-001, 9.89220826642778E-001, 9.99825533846261E-001, 9.89220826642778E-001, 9.98320414424498E-004, 6.00000000000000E+000
 5.10157965613463E+000, 9.99836068296047E-001, 9.92330284093660E-001, 9.99836068296047E-001, 9.92330284093660E-001, 6.49438751693603E-004, 8.00000000000000E+000
 5.16211525484337E+000, 9.99848082906277E-001, 9.95577775635555E-001, 9.99848082906277E-001, 9.95577775635555E-001, 9.32904884525465E-004, 6.00000000000000E+000
 5.22265085355211E+000, 9.99861986380425E-001, 9.98902570615675E-001, 9.99861986380425E-001, 9.98902570615675E-001, 7.54654440797253E-004, 8.00000000000000E+000
 5.28318645226085E+000, 9.99881007323737E-001, 1.00229984702237E+000, 9.99881007323737E-001, 1.00229984702237E+000, 7.62945471042720E-004, 8.00000000000000E+000
 5.33701425051278E+000, 9.99905298179895E-001, 1.00533788832104E+000, 9.99905298179895E-001, 1.00533788832104E+000, 6.50272958046205E-004, 8.00000000000000E+000
 5.39084204876470E+000, 9.99936260644482E-001, 1.00835981477266E+000, 9.99936260644482E-001, 1.00835981477266E+000, 8.81719609369558E-004, 7.00000000000000E+000
 5.44466984701663E+000, 9.99972193552364E-001, 1.01133232600161E+000, 9.99972193552364E-001, 1.01133232600161E+000, 9.36540554246745E-004, 7.00000000000000E+000
 5.49849764526855E+000, 1.00001071010715E+000, 1.01420912537914E+000, 1.00001071010715E+000, 1.01420912537914E+000, 8.68163705951358E-004, 8.00000000000000E+000
 5.55232544352048E+000, 1.00004922397516E+000, 1.01693263144704E+000, 1.00004922397516E+000, 1.01693263144704E+000, 8.77168840611925E-004, 8.00000000000000E+000
 5.60615324177240E+000, 1.00008607984754E+000, 1.01950406268292E+000, 1.00008607984754E+000, 1.01950406268292E+000, 9.38663128695227E-004, 8.00000000000000E+000
 5.65998104002433E+000, 1.00012025248306E+000, 1.02196098345841E+000, 1.00012025248306E+000, 1.02196098345841E+000, 9.34478538844652E-004, 1.00000000000000E+001
 5.71380883827625E+000, 1.00015270400358E+000, 1.02431716800593E+000, 1.00015270400358E+000, 1.02431716800593E+000, 9.72542834365653E-004, 1.20000000000000E+001
 5.76763663652818E+000, 1.00017271267966E+000, 1.02665276944226E+000, 1.00017271267966E+000, 1.02665276944226E+000, 9.99562558668288E-004, 5.50000000000000E+001
 5.82684721460530E+000, 1.00017558968210E+000, 1.02822864403761E+000, 1.00017558968210E+000, 1.02822864403761E+000, 9.99586104093675E-004, 9.40000000000000E+001
 5.88605779268241E+000, 1.00017852536332E+000, 1.02950614266076E+000, 1.00017852536332E+000, 1.02950614266076E+000, 9.96077901616266E-004, 1.20000000000000E+001
 5.94526837075953E+000, 1.00017620581130E+000, 1.03025179945765E+000, 1.00017620581130E+000, 1.03025179945765E+000, 9.72539110817516E-004, 1.40000000000000E+001
 6.00447894883665E+000, 1.00017037624198E+000, 1.03048773178211E+000, 1.00017037624198E+000, 1.03048773178211E+000, 9.81577863182356E-004, 1.20000000000000E+001
 6.06368952691377E+000, 1.00016184313883E+000, 1.03024261744172E+000, 1.00016184313883E+000, 1.03024261744172E+000, 9.81993745973353E-004, 1.20000000000000E+001
 6.12290010499089E+000, 1.00015139619381E+000, 1.02957878250991E+000, 1.00015139619381E+000, 1.02957878250991E+000, 9.75606588434874E-004, 1.20000000000000E+001
 6.18211068306800E+000, 1.00013977806360E+000, 1.02855736937586E+000, 1.00013977806360E+000, 1.02855736937586E+000, 9.63844275519016E-004, 1.20000000000000E+001
 6.24132126114512E+000, 1.00012768897587E+000, 1.02722564167203E+000, 1.00012768897587E+000, 1.02722564167203E+000, 9.45661536748216E-004, 1.20000000000000E+001
 6.30053183922224E+000, 1.00011591226666E+000, 1.02562538832231E+000, 1.00011591226666E+000, 1.02562538832231E+000, 9.44097911185882E-004, 1.20000000000000E+001
 6.35974241729936E+000, 1.00010509574978E+000, 1.02380349078958E+000, 1.00010509574978E+000, 1.02380349078958E+000, 9.29246873559997E-004, 1.20000000000000E+001
 6.41895299537648E+000, 1.00009569451822E+000, 1.02181048973249E+000, 1.00009569451822E+000, 1.02181048973249E+000, 9.63260101156216E-004, 1.00000000000000E+001
 6.47816357345359E+000, 1.00008882200353E+000, 1.01968883832548E+000, 1.00008882200353E+000, 1.01968883832548E+000, 9.92098285201859E-004, 9.00000000000000E+000
 6.53737415153071E+000, 1.00008624704317E+000, 1.01755178049474E+000, 1.00008624704317E+000, 1.01755178049474E+000, 9.99797284062076E-004, 1.10000000000000E+001
 6.59658472960783E+000, 1.00008876974195E+000, 1.01549419448972E+000, 1.00008876974195E+000, 1.01549419448972E+000, 9.58849449633536E-004, 1.20000000000000E+001
 6.65579530768495E+000, 1.00009610430346E+000, 1.01348445031527E+000, 1.00009610430346E+000, 1.01348445031527E+000, 9.86553576097560E-004, 1.00000000000000E+001
 6.71500588576207E+000, 1.00010805898052E+000, 1.01152216557876E+000, 1.00010805898052E+000, 1.01152216557876E+000, 9.41792511759632E-004, 1.00000000000000E+001
 6.77421646383918E+000, 1.00012333698519E+000, 1.00960171200658E+000, 1.00012333698519E+000, 1.00960171200658E+000, 9.49900149437845E-004, 1.00000000000000E+001
 6.83342704191630E+000, 1.00014030321177E+000, 1.00772470641086E+000, 1.00014030321177E+000, 1.00772470641086E+000, 8.21671561042514E-004, 1.20000000000000E+001
 6.89263761999342E+000, 1.00015702936525E+000, 1.00585983315943E+000, 1.00015702936525E+000, 1.00585983315943E+000, 8.85890827157620E-004, 1.20000000000000E+001
 6.95184819807054E+000, 1.00017094114278E+000, 1.00399118695050E+000, 1.00017094114278E+000, 1.00399118695050E+000, 9.32601489809892E-004, 1.20000000000000E+001
 7.01105877614765E+000, 1.00017974131799E+000, 1.00212960353767E+000, 1.00017974131799E+000, 1.00212960353767E+000, 9.51235546526208E-004, 1.20000000000000E+001
 7.07026935422477E+000, 1.00018130693688E+000, 1.00030493303938E+000, 1.00018130693688E+000, 1.00030493303938E+000, 9.40703308794699E-004, 1.20000000000000E+001
 7.12947993230189E+000, 1.00017492574899E+000, 9.98567392185169E-001, 1.00017492574899E+000, 9.98567392185169E-001, 9.00403318891962E-004, 1.20000000000000E+001
 7.18869051037901E+000, 1.00016151124060E+000, 9.96963217960851E-001, 1.00016151124060E+000, 9.96963217960851E-001, 9.42893312071202E-004, 1.10000000000000E+001
 7.24790108845613E+000, 1.00014193231304E+000, 9.95546687492068E-001, 1.00014193231304E+000, 9.95546687492068E-001, 9.88308392491088E-004, 1.20000000000000E+001
 7.30711166653324E+000, 1.00011813549959E+000, 9.94325871620507E-001, 1.00011813549959E+000, 9.94325871620507E-001, 9.16090279804438E-004, 1.10000000000000E+001
 7.36632224461036E+000, 1.00009111337855E+000, 9.93298765478826E-001, 1.00009111337855E+000, 9.93298765478826E-001, 8.99366850311445E-004, 1.10000000000000E+001
 7.42553282268748E+000, 1.00006253019788E+000, 9.92425358230565E-001, 1.00006253019788E+000, 9.92425358230565E-001, 6.35619544447241E-004, 1.10000000000000E+001
 7.48474340076460E+000, 1.00003380262066E+000, 9.91665771148286E-001, 1.00003380262066E+000, 9.91665771148286E-001, 8.45452495841448E-004, 1.10000000000000E+001
 7.54395397884172E+000, 1.00000629507847E+000, 9.90966881012235E-001, 1.00000629507847E+000, 9.90966881012235E-001, 8.53918065554016E-004, 1.20000000000000E+001
 7.60316455691883E+000, 9.99981629608770E-001, 9.90298129680485E-001, 9.99981629608770E-001, 9.90298129680485E-001, 8.97142163496900E-004, 1.20000000000000E+001
 7.66237513499595E+000, 9.99960829953172E-001, 9.89621634354606E-001, 9.99960829953172E-001, 9.89621634354606E-001, 8.75633051705904E-004, 1.20000000000000E+001
 7.72158571307307E+000, 9.99944325717011E-001, 9.88970099014463E-001, 9.99944325717011E-001, 9.88906699030951E-001, 9.88311362172700E-004, 1.00000000000000E+001
 7.78079629115019E+000, 9.99933558920591E-001, 9.88852286416836E-001, 9.99933558920591E-001, 9.88034011622571E-001, 9.83439935660080E-004, 1.20000000000000E+001
 7.84000686922731E+000, 9.99928306032014E-001, 9.88676117560975E-001, 9.99928306032014E-001, 9.87083090942484E-001, 9.17770511386973E-004, 1.10000000000000E+001
 7.89921744730442E+000, 9.99927852486737E-001, 9.88426930800426E-001, 9.99927852486737E-001, 9.86061713771413E-001, 8.81950908409257E-004, 1.00000000000000E+001
 7.95842802538154E+000, 9.99931960992506E-001, 9.88099027631534E-001, 9.99931960992506E-001, 9.84989354732806E-001, 9.43851658465444E-004, 1.00000000000000E+001
 8.01763860345866E+000, 9.99940104034134E-001, 9.88238584545957E-001, 9.99940104034134E-001, 9.83919870403236E-001, 9.09622980355351E-004, 1.00000000000000E+001
 8.07684918153578E+000, 9.99951249579478E-001, 9.88275525046128E-001, 9.99951249579478E-001, 9.82852088554910E-001, 8.21617874807057E-004, 1.10000000000000E+001
 8.13605975961289E+000, 9.99963705368721E-001, 9.88089986534685E-001, 9.99963705368721E-001, 9.81701775312692E-001, 9.07699106872162E-004, 1.10000000000000E+001
 8.19527033769001E+000, 9.99975519833418E-001, 9.87547490687344E-001, 9.99975519833418E-001, 9.80350354423120E-001, 8.64264284201388E-004, 1.20000000000000E+001
 8.25448091576713E+000, 9.99983558869912E-001, 9.86494084960939E-001, 9.99983558869912E-001, 9.78657997793656E-001, 8.83429949399606E-004, 1.20000000000000E+001
 8.31369149384424E+000, 9.99984910344272E-001, 9.84927976004895E-001, 9.99984910344272E-001, 9.76561253257922E-001, 9.86106732487446E-004, 1.20000000000000E+001
 8.37290207192136E+000, 9.99976307890857E-001, 9.82800122299377E-001, 9.99976307890857E-001, 9.74177107295135E-001, 9.73900552832196E-004, 1.40000000000000E+001
 8.43211264999848E+000, 9.99955740096871E-001, 9.80135905678191E-001, 9.99955740096871E-001, 9.71691907762948E-001, 9.75049492322189E-004, 1.60000000000000E+001
 8.49132322807560E+000, 9.99926657074152E-001, 9.77234565445405E-001, 9.99926657074152E-001, 9.69328426721952E-001, 9.93469120273316E-004, 1.70000000000000E+001
 8.55053380615271E+000, 9.99894797293579E-001, 9.74291039474661E-001, 9.99894797293579E-001, 9.67242817254365E-001, 9.94086356999269E-004, 1.80000000000000E+001
 8.60974438422983E+000, 9.99863834554246E-001, 9.71171887119155E-001, 9.99863834554246E-001, 9.65399250200529E-001, 9.82001154357093E-004, 1.70000000000000E+001
 8.66895496230695E+000, 9.99834932193920E-001, 9.67795494315976E-001, 9.99834932193920E-001, 9.63720116567225E-001, 9.71677701813611E-004, 1.50000000000000E+001
 8.72816554038406E+000, 9.99809729031750E-001, 9.64950427026081E-001, 9.99809729031750E-001, 9.63048429817702E-001, 9.99936193600615E-004, 4.00000000000000E+001
 8.78737611846118E+000, 9.99809025683905E-001, 9.67079923170397E-001, 9.99809025683905E-001, 9.67079923170397E-001, 9.99817844197892E-004, 2.72000000000000E+002
 8.84658669653830E+000, 9.99811027511759E-001, 9.70678896821811E-001, 9.99811027511759E-001, 9.70678896821811E-001, 9.94716497383585E-004, 1.40000000000000E+001
 8.90579727461541E+000, 9.99815533513670E-001, 9.73871677763159E-001, 9.99815533513670E-001, 9.73871677763159E-001, 9.92106107876811E-004, 1.60000000000000E+001
 8.96500785269253E+000, 9.99820733633820E-001, 9.76805642662163E-001, 9.99820733633820E-001, 9.76805642662163E-001, 9.98340708707079E-004, 1.40000000000000E+001
 9.02421843076965E+000, 9.99826402957625E-001, 9.79665432352370E-001, 9.99826402957625E-001, 9.79665432352370E-001, 9.85299209408375E-004, 1.20000000000000E+001
 9.08342900884677E+000, 9.99832687294301E-001, 9.82580569676790E-001, 9.99832687294301E-001, 9.82580569676790E-001, 9.90503795138764E-004, 1.20000000000000E+001
 9.14263958692388E+000, 9.99839938099039E-001, 9.85690686393123E-001, 9.99839938099039E-001, 9.85690686393123E-001, 9.66690015661964E-004, 1.10000000000000E+001
 9.20185016500100E+000, 9.99848576338234E-001, 9.89010556750254E-001, 9.99848576338234E-001, 9.89010556750254E-001, 9.31422359730316E-004, 1.10000000000000E+001
 9.26106074307812E+000, 9.99858289191369E-001, 9.92603053107769E-001, 9.99858289191369E-001, 9.92603053107769E-001, 9.67321169428326E-004, 9.00000000000000E+000
 9.32027132115523E+000, 9.99869145501877E-001, 9.96264280452301E-001, 9.99869145501877E-001, 9.96264280452301E-001, 9.41606474868184E-004, 1.00000000000000E+001
 9.37948189923235E+000, 9.99881519615673E-001, 9.99875490767528E-001, 9.99881519615673E-001, 9.99875490767528E-001, 9.19862884334322E-004, 1.10000000000000E+001
 9.43869247730947E+000, 9.99896781651750E-001, 1.00322419282425E+000, 9.99896781651750E-001, 1.00322419282425E+000, 8.37512482249059E-004, 1.30000000000000E+001
 9.49790305538659E+000, 9.99916249669994E-001, 1.00615242517033E+000, 9.99916249669994E-001, 1.00615242517033E+000, 9.91402253863516E-004, 1.20000000000000E+001
 9.55711363346370E+000, 9.99940996801293E-001, 1.00849307077216E+000, 9.99940996801293E-001, 1.00849307077216E+000, 9.32659572399519E-004, 1.30000000000000E+001
 9.61632421154082E+000, 9.99971138524657E-001, 1.01020188246758E+000, 9.99971138524657E-001, 1.01020188246758E+000, 9.77833739454370E-004, 1.20000000000000E+001
 9.68145584742565E+000, 1.00000852296623E+000, 1.01140990629001E+000, 1.00000852296623E+000, 1.01140990629001E+000, 9.63014717407118E-004, 1.20000000000000E+001
 9.74658748331048E+000, 1.00004610957036E+000, 1.01208944863019E+000, 1.00004610957036E+000, 1.01208944863019E+000, 9.77126012230878E-004, 1.20000000000000E+001
 9.81171911919531E+000, 1.00008107349541E+000, 1.01231714996904E+000, 1.00008107349541E+000, 1.01231714996904E+000, 8.99933129952353E-004, 1.20000000000000E+001
 9.87685075508014E+000, 1.00011032774954E+000, 1.01209332890618E+000, 1.00011032774954E+000, 1.01209332890618E+000, 8.90235882837764E-004, 1.10000000000000E+001
 9.94198239096497E+000, 1.00013249898338E+000, 1.01147519678652E+000, 1.00013249898338E+000, 1.01147519678652E+000, 9.12143105822327E-004, 1.00000000000000E+001
 1.00071140268498E+001, 1.00014737934184E+000, 1.01038823947163E+000, 1.00014737934184E+000, 1.01038823947163E+000, 9.35827126614663E-004, 1.00000000000000E+001
 1.00722456627346E+001, 1.00015599516328E+000, 1.00903539799380E+000, 1.00015599516328E+000, 1.00874763218254E+000, 8.93826173673432E-004, 1.00000000000000E+001
 1.01373772986195E+001, 1.00015938998243E+000, 1.00703644613598E+000, 1.00015938998243E+000, 1.00669144230049E+000, 8.98642989308638E-004, 1.00000000000000E+001
 1.02025089345043E+001, 1.00015752888092E+000, 1.00438948948422E+000, 1.00015752888092E+000, 1.00438948948422E+000, 9.01037811790406E-004, 1.10000000000000E+001
 1.02676405703891E+001, 1.00015073209252E+000, 1.00175498551610E+000, 1.00015073209252E+000, 1.00175498551610E+000, 9.82896918611642E-004, 1.10000000000000E+001
 1.03327722062740E+001, 1.00013974043980E+000, 9.98993488481649E-001, 1.00013974043980E+000, 9.98993488481649E-001, 9.92465681125765E-004, 1.10000000000000E+001
 1.03979038421588E+001, 1.00012505786745E+000, 9.96642087703596E-001, 1.00012505786745E+000, 9.96642087703596E-001, 9.81457002974695E-004, 1.20000000000000E+001
 1.04630354780436E+001, 1.00010775485980E+000, 9.95157485453354E-001, 1.00010775485980E+000, 9.95157485453354E-001, 9.65584600439273E-004, 1.20000000000000E+001
 1.05281671139284E+001, 1.00008888925394E+000, 9.95103095675380E-001, 1.00008888925394E+000, 9.95103095675380E-001, 9.99091622005954E-004, 1.00000000000000E+001
 1.05932987498133E+001, 1.00006797526988E+000, 9.96649374984424E-001, 1.00006797526988E+000, 9.96649374984424E-001, 9.45925201098596E-004, 1.00000000000000E+001
 1.06503621875843E+001, 1.00004757287672E+000, 9.98884457517280E-001, 1.00004757287672E+000, 9.98884457517280E-001, 8.30619945530797E-004, 1.00000000000000E+001
 1.07074256253554E+001, 1.00002587494445E+000, 1.00183211387783E+000, 1.00002587494445E+000, 1.00183211387783E+000, 9.41361386189721E-004, 9.00000000000000E+000
 1.07644890631264E+001, 1.00000067795704E+000, 1.00480805353803E+000, 1.00000067795704E+000, 1.00480805353803E+000, 9.28350448955395E-004, 1.00000000000000E+001
 1.08215525008975E+001, 9.99971684061405E-001, 1.00759418974001E+000, 9.99971684061405E-001, 1.00759418974001E+000, 9.49870548885290E-004, 1.10000000000000E+001
 1.08786159386685E+001, 9.99939360112871E-001, 1.01015779467422E+000, 9.99939360112871E-001, 1.01015779467422E+000, 9.85778006280302E-004, 1.10000000000000E+001
 1.09356793764396E+001, 9.99905322930783E-001, 1.01248212253083E+000, 9.99905322930783E-001, 1.01248212253083E+000, 9.30865732239106E-004, 1.20000000000000E+001
 1.09927428142106E+001, 9.99874177517685E-001, 1.01424764509838E+000, 9.99874177517685E-001, 1.01424764509838E+000, 9.98237516831590E-004, 2.40000000000000E+001
 1.10498062519817E+001, 9.99865167758780E-001, 1.01509915407325E+000, 9.99865167758780E-001, 1.01509915407325E+000, 9.99226409378995E-004, 4.80000000000000E+001
 1.11068696897527E+001, 9.99871384410044E-001, 1.01592432612690E+000, 9.99871384410044E-001, 1.01592432612690E+000, 9.94318212410555E-004, 2.10000000000000E+001
 1.11639331275238E+001, 9.99887242295820E-001, 1.01679280766266E+000, 9.99887242295820E-001, 1.01679280766266E+000, 9.87316513614278E-004, 1.50000000000000E+001
 1.12209965652948E+001, 9.99910197063926E-001, 1.01734805845700E+000, 9.99910197063926E-001, 1.01734805845700E+000, 9.88680946591769E-004, 1.40000000000000E+001
 1.12780600030659E+001, 9.99937842581299E-001, 1.01749587828792E+000, 9.99937842581299E-001, 1.01749587828792E+000, 9.70600913629216E-004, 1.40000000000000E+001
 1.13351234408369E+001, 9.99967254986477E-001, 1.01738052907482E+000, 9.99967254986477E-001, 1.01738052907482E+000, 9.32455004752919E-004, 1.40000000000000E+001
 1.13921868786080E+001, 9.99995331404002E-001, 1.01713131842645E+000, 9.99995331404002E-001, 1.01713131842645E+000, 9.31802165561768E-004, 1.40000000000000E+001
 1.14492503163790E+001, 1.00001978356927E+000, 1.01682472720710E+000, 1.00001978356927E+000, 1.01682472720710E+000, 9.23251907237521E-004, 1.40000000000000E+001
 1.15063137541501E+001, 1.00003959698826E+000, 1.01646493220181E+000, 1.00003959698826E+000, 1.01646493220181E+000, 8.84956598587561E-004, 1.40000000000000E+001
 1.15633771919211E+001, 1.00005513980088E+000, 1.01599656375735E+000, 1.00005513980088E+000, 1.01599656375735E+000, 9.71354872697949E-004, 1.20000000000000E+001
 1.16204406296922E+001, 1.00006703647295E+000, 1.01539103688237E+000, 1.00006703647295E+000, 1.01539103688237E+000, 9.20552137508190E-004, 1.20000000000000E+001
 1.16775040674632E+001, 1.00007610306780E+000, 1.01454092607467E+000, 1.00007610306780E+000, 1.01454092607467E+000, 8.99675246231135E-004, 1.20000000000000E+001
 1.17345675052343E+001, 1.00008269469945E+000, 1.01337477695826E+000, 1.00008269469945E+000, 1.01337477695826E+000, 9.20709541183617E-004, 1.10000000000000E+001
 1.17916309430053E+001, 1.00008726560206E+000, 1.01185314462718E+000, 1.00008726560206E+000, 1.01185314462718E+000, 8.73923141542221E-004, 1.10000000000000E+001
 1.18486943807764E+001, 1.00009044836042E+000, 1.00994629868159E+000, 1.00009044836042E+000, 1.00994629868159E+000, 9.50755326172725E-004, 1.00000000000000E+001
 1.18998128069532E+001, 1.00009156015561E+000, 1.00815670255749E+000, 1.00009156015561E+000, 1.00815670255749E+000, 7.98246250657164E-004, 1.00000000000000E+001
 1.19509312331301E+001, 1.00009174816641E+000, 1.00605630826082E+000, 1.00009174816641E+000, 1.00605630826082E+000, 9.56652164172400E-004, 8.00000000000000E+000
 1.20020496593069E+001, 1.00008880890275E+000, 1.00400542736826E+000, 1.00008880890275E+000, 1.00400542736826E+000, 8.17002375462117E-004, 1.00000000000000E+001
 1.20531680854837E+001, 1.00008273251169E+000, 1.00248538038142E+000, 1.00008273251169E+000, 1.00192823418176E+000, 8.84072953845294E-004, 1.10000000000000E+001
 1.21042865116606E+001, 1.00007237523928E+000, 1.00106720526857E+000, 1.00007237523928E+000, 9.99755693264777E-001, 9.28966943444465E-004, 1.10000000000000E+001
 1.21554049378374E+001, 1.00005732211636E+000, 1.00098831952560E+000, 1.00005732211636E+000, 9.97433873814528E-001, 9.82749663485105E-004, 1.10000000000000E+001
 1.22065233640142E+001, 1.00003845969440E+000, 1.00042941982161E+000, 1.00003845969440E+000, 9.94931317406541E-001, 9.90549226236315E-004, 1.10000000000000E+001
 1.22576417901911E+001, 1.00001773026088E+000, 9.99372490636893E-001, 1.00001773026088E+000, 9.92269652727669E-001, 9.60936015799163E-004, 1.10000000000000E+001
 1.23087602163679E+001, 9.99998009541328E-001, 9.97953600461909E-001, 9.99998009541328E-001, 9.89633260189556E-001, 9.69087117037137E-004, 1.30000000000000E+001
 1.23649904851624E+001, 9.99983664234468E-001, 9.96151253700340E-001, 9.99983664234468E-001, 9.86996187446668E-001, 9.84354921970632E-004, 1.90000000000000E+001
 1.24212207539569E+001, 9.99986458834645E-001, 9.94413508643822E-001, 9.99986458834645E-001, 9.85009080263232E-001, 9.95761686752528E-004, 2.20000000000000E+001
 1.24774510227515E+001, 1.00000160118275E+000, 9.92296189884883E-001, 1.00000160118275E+000, 9.83183626600772E-001, 9.94505043106053E-004, 1.90000000000000E+001
 1.25336812915460E+001, 1.00002443318802E+000, 9.90311774847937E-001, 1.00002443318802E+000, 9.81916688534076E-001, 9.97120812902597E-004, 2.50000000000000E+001
 1.25899115603405E+001, 1.00004565515001E+000, 9.89140099404216E-001, 1.00004565515001E+000, 9.81194501945634E-001, 9.94522913894902E-004, 2.50000000000000E+001
 1.26461418291350E+001, 1.00005850376425E+000, 9.88166683742517E-001, 1.00005850376425E+000, 9.80890522806384E-001, 9.92895428458151E-004, 2.10000000000000E+001
 1.27023720979295E+001, 1.00006093433684E+000, 9.87482309551375E-001, 1.00006093433684E+000, 9.80975999215402E-001, 9.95486759778785E-004, 1.70000000000000E+001
 1.27586023667241E+001, 1.00005296369696E+000, 9.87163300679136E-001, 1.00005296369696E+000, 9.81429969831231E-001, 9.88314169002358E-004, 1.50000000000000E+001
 1.28148326355186E+001, 1.00003563730141E+000, 9.87183221319509E-001, 1.00003563730141E+000, 9.82161056736602E-001, 9.71656623990569E-004, 1.40000000000000E+001
 1.28710629043131E+001, 1.00001143171024E+000, 9.87491476433199E-001, 1.00001143171024E+000, 9.83088108162314E-001, 9.58163949907720E-004, 1.20000000000000E+001
 1.29272931731076E+001, 9.99982488577432E-001, 9.87917063852812E-001, 9.99982488577432E-001, 9.84029172505342E-001, 9.30887446406868E-004, 1.20000000000000E+001
 1.29835234419021E+001, 9.99951729396290E-001, 9.88440778038582E-001, 9.99951729396290E-001, 9.84971040685489E-001, 8.63770811871806E-004, 1.20000000000000E+001
 1.30397537106966E+001, 9.99922007381761E-001, 9.89148451551759E-001, 9.99922007381761E-001, 9.86014810325669E-001, 9.69879464079615E-004, 1.00000000000000E+001
 1.30959839794912E+001, 9.99895867594538E-001, 9.89941873280842E-001, 9.99895867594538E-001, 9.87074325815165E-001, 7.35789115049013E-004, 1.20000000000000E+001
 1.31522142482857E+001, 9.99875396456105E-001, 9.90817530093119E-001, 9.99875396456105E-001, 9.88170535559633E-001, 6.72506053755129E-004, 1.20000000000000E+001
 1.32084445170802E+001, 9.99860967319235E-001, 9.91847652241799E-001, 9.99860967319235E-001, 9.89402749849863E-001, 8.52229059102427E-004, 1.00000000000000E+001
 1.32646747858747E+001, 9.99853865930952E-001, 9.92957059086553E-001, 9.99853865930952E-001, 9.90713508392095E-001, 9.77021123459654E-004, 1.00000000000000E+001
 1.33209050546692E+001, 9.99855864913965E-001, 9.94078004512885E-001, 9.99855864913965E-001, 9.92051220481361E-001, 6.94476861178073E-004, 1.20000000000000E+001
 1.33771353234638E+001, 9.99866492386068E-001, 9.95195135357446E-001, 9.99866492386068E-001, 9.93415093678065E-001, 6.47354705190395E-004, 1.20000000000000E+001
 1.34333655922583E+001, 9.99884719864689E-001, 9.96309135326075E-001, 9.99884719864689E-001, 9.94812259417318E-001, 5.96826151058091E-004, 1.20000000000000E+001
 1.34835530549479E+001, 9.99906177955209E-001, 9.97323030106517E-001, 9.99906177955209E-001, 9.96103827407945E-001, 6.74454479800413E-004, 1.00000000000000E+001
 1.35337405176375E+001, 9.99930581301412E-001, 9.98416403007034E-001, 9.99930581301412E-001, 9.97486854682655E-001, 9.92870070244444E-004, 9.00000000000000E+000
 1.35839279803271E+001, 9.99956650663777E-001, 9.99590765825535E-001, 9.99956650663777E-001, 9.98944214103690E-001, 7.81966568591158E-004, 1.00000000000000E+001
 1.36341154430168E+001, 9.99982363953194E-001, 1.00095965838388E+000, 9.99982363953194E-001, 1.00057507882699E+000, 9.48260535226371E-004, 9.00000000000000E+000
 1.36843029057064E+001, 1.00000636607427E+000, 1.00250342096461E+000, 1.00000636607427E+000, 1.00234590972454E+000, 8.29972310665634E-004, 9.00000000000000E+000
 1.37344903683960E+001, 1.00002729390787E+000, 1.00429834356176E+000, 1.00002729390787E+000, 1.00429834356176E+000, 8.55324755672326E-004, 8.00000000000000E+000
 1.37846778310856E+001, 1.00004472338569E+000, 1.00632021987499E+000, 1.00004472338569E+000, 1.00632021987499E+000, 9.43733929980706E-004, 8.00000000000000E+000
 1.38348652937752E+001, 1.00005739405570E+000, 1.00820772273358E+000, 1.00005739405570E+000, 1.00820772273358E+000, 9.84703309053980E-004, 1.00000000000000E+001
 1.38850527564649E+001, 1.00006288950860E+000, 1.00986628484640E+000, 1.00006288950860E+000, 1.00986628484640E+000, 9.79988293979939E-004, 1.30000000000000E+001
 1.39352402191545E+001, 1.00005894104090E+000, 1.01126193973887E+000, 1.00005894104090E+000, 1.01126193973887E+000, 9.79320847753651E-004, 1.50000000000000E+001
 1.39854276818441E+001, 1.00003725706178E+000, 1.01182169665773E+000, 1.00003725706178E+000, 1.01182169665773E+000, 9.97185388946331E-004, 3.50000000000000E+001
 1.40356151445337E+001, 1.00000441373032E+000, 1.01187488409903E+000, 1.00000441373032E+000, 1.01172642806719E+000, 9.96133807726451E-004, 1.60000000000000E+001
 1.40858026072233E+001, 9.99968516298759E-001, 1.01180924703689E+000, 9.99968516298759E-001, 1.01131279102816E+000, 9.61740141869560E-004, 1.20000000000000E+001
 1.41359900699130E+001, 9.99933211102131E-001, 1.01147326121068E+000, 9.99933211102131E-001, 1.01050275122321E+000, 9.21816219628946E-004, 1.20000000000000E+001
 1.41861775326026E+001, 9.99901022422100E-001, 1.01092177162557E+000, 9.99901022422100E-001, 1.00934418997413E+000, 9.10655361026080E-004, 1.20000000000000E+001
 1.42363649952922E+001, 9.99873375662237E-001, 1.01025404192456E+000, 9.99873375662237E-001, 1.00795084074519E+000, 9.72301253835184E-004, 1.00000000000000E+001
 1.42865524579818E+001, 9.99853357847879E-001, 1.00956197239339E+000, 9.99853357847879E-001, 1.00645126611132E+000, 9.82226667424424E-004, 1.30000000000000E+001
 1.43367399206715E+001, 9.99841871582216E-001, 1.00892027631407E+000, 9.99841871582216E-001, 1.00496925105829E+000, 9.42482066705885E-004, 1.30000000000000E+001
 1.43869273833611E+001, 9.99839236962697E-001, 1.00832776209134E+000, 9.99839236962697E-001, 1.00356052485586E+000, 9.69741436557037E-004, 1.20000000000000E+001
 1.44371148460507E+001, 9.99844841530432E-001, 1.00774112896563E+000, 9.99844841530432E-001, 1.00224036627108E+000, 9.31032069523940E-004, 1.10000000000000E+001
 1.44873023087403E+001, 9.99857850466314E-001, 1.00711717076625E+000, 9.99857850466314E-001, 1.00102312713767E+000, 8.38679587304547E-004, 1.00000000000000E+001
 1.45374897714299E+001, 9.99878592049536E-001, 1.00651296781160E+000, 9.99878592049536E-001, 1.00002182864382E+000, 8.35192813595009E-004, 1.00000000000000E+001
 1.45876772341196E+001, 9.99905683386344E-001, 1.00583799846948E+000, 9.99905683386344E-001, 9.99181667211674E-001, 8.00543460002689E-004, 1.00000000000000E+001
 1.46378646968092E+001, 9.99936929644032E-001, 1.00494553358444E+000, 9.99936929644032E-001, 9.98367650774718E-001, 9.16812860551675E-004, 8.00000000000000E+000
 1.46880521594988E+001, 9.99972652905747E-001, 1.00392508080488E+000, 9.99972652905747E-001, 9.97667359410260E-001, 8.99215944292431E-004, 9.00000000000000E+000
 1.47382396221884E+001, 1.00001003788255E+000, 1.00270998710674E+000, 1.00001003788255E+000, 9.96986166293637E-001, 9.29717136677777E-004, 9.00000000000000E+000
 1.47884270848780E+001, 1.00004783228692E+000, 1.00135359307791E+000, 1.00004783228692E+000, 9.96343634063404E-001, 9.50156167484062E-004, 1.00000000000000E+001
 1.48386145475677E+001, 1.00008394284065E+000, 9.99849680682036E-001, 1.00008394284065E+000, 9.95694329426861E-001, 9.85488580056426E-004, 1.10000000000000E+001
 1.48888020102573E+001, 1.00011623731052E+000, 9.98177864808441E-001, 1.00011623731052E+000, 9.94983693964641E-001, 9.84487917263577E-004, 1.20000000000000E+001
 1.49389894729469E+001, 1.00014167483648E+000, 9.96298192559756E-001, 1.00014167483648E+000, 9.94140479818018E-001, 9.69043804120107E-004, 1.40000000000000E+001
 1.49891769356365E+001, 1.00015573388771E+000, 9.94256018058599E-001, 1.00015573388771E+000, 9.93180230391701E-001, 9.65608696169129E-004, 1.60000000000000E+001
 1.50393643983261E+001, 1.00015580573454E+000, 9.92253712717699E-001, 1.00015580573454E+000, 9.92253712717699E-001, 9.81589001632477E-004, 1.60000000000000E+001
 1.50895518610158E+001, 1.00014253488978E+000, 9.91560053553797E-001, 1.00014253488978E+000, 9.91560053553797E-001, 9.87041532479971E-004, 1.60000000000000E+001
 1.51397393237054E+001, 1.00011872823698E+000, 9.91245052054940E-001, 1.00011872823698E+000, 9.91245052054940E-001, 9.68401870025337E-004, 1.60000000000000E+001
 1.51899267863950E+001, 1.00008862623879E+000, 9.91348078411178E-001, 1.00008862623879E+000, 9.91348078411178E-001, 9.62830255871516E-004, 1.40000000000000E+001
 1.52401142490846E+001, 1.00005557398820E+000, 9.91816197342363E-001, 1.00005557398820E+000, 9.91816197342363E-001, 9.83254556791269E-004, 1.20000000000000E+001
 1.52903017117743E+001, 1.00002166245213E+000, 9.92534021879413E-001, 1.00002166245213E+000, 9.92534021879413E-001, 9.70465840588464E-004, 1.20000000000000E+001
 1.53404891744639E+001, 9.99988674751157E-001, 9.93373321719717E-001, 9.99988674751157E-001, 9.93373321719717E-001, 9.47331746818159E-004, 1.20000000000000E+001
 1.53906766371535E+001, 9.99957978116693E-001, 9.94189702796185E-001, 9.99957978116693E-001, 9.94189702796185E-001, 9.29887622925119E-004, 1.20000000000000E+001
 1.54408640998431E+001, 9.99930326150977E-001, 9.94905340342647E-001, 9.99930326150977E-001, 9.94905340342647E-001, 9.51614905827736E-004, 1.10000000000000E+001
 1.54859353194488E+001, 9.99908546995851E-001, 9.95381858951432E-001, 9.99908546995851E-001, 9.95381858951432E-001, 9.60511083301308E-004, 9.00000000000000E+000
 1.55310065390546E+001, 9.99889947346044E-001, 9.95694211494527E-001, 9.99889947346044E-001, 9.95694211494527E-001, 9.22594674996668E-004, 8.00000000000000E+000
 1.55760777586603E+001, 9.99873882041891E-001, 9.95860211464336E-001, 9.99873882041891E-001, 9.95860211464336E-001, 9.98442321877180E-004, 7.00000000000000E+000
 1.56211489782660E+001, 9.99861053948971E-001, 9.95872797702095E-001, 9.99861053948971E-001, 9.95872797702095E-001, 9.34560689670239E-004, 8.00000000000000E+000
 1.56662201978718E+001, 9.99850556007112E-001, 9.95671940144859E-001, 9.99850556007112E-001, 9.95671940144859E-001, 7.87254082201594E-004, 9.00000000000000E+000
 1.57157985394381E+001, 9.99841371768086E-001, 9.95247359543644E-001, 9.99841371768086E-001, 9.95247359543644E-001, 8.40378884054971E-004, 9.00000000000000E+000
 1.57653768810044E+001, 9.99834915589878E-001, 9.94695778079848E-001, 9.99834915589878E-001, 9.94695778079848E-001, 8.79598051185981E-004, 9.00000000000000E+000
 1.58199130567273E+001, 9.99830369356354E-001, 9.94055197877856E-001, 9.99830369356354E-001, 9.94055197877856E-001, 9.11637098679474E-004, 9.00000000000000E+000
 1.58799028500225E+001, 9.99827953770111E-001, 9.93451596633160E-001, 9.99827953770111E-001, 9.93451596633160E-001, 9.36645367177968E-004, 9.00000000000000E+000
 1.59398926433178E+001, 9.99828168110902E-001, 9.93004930489510E-001, 9.99828168110902E-001, 9.93004930489510E-001, 9.45349660053996E-004, 9.00000000000000E+000
 1.59998824366130E+001, 9.99830841629316E-001, 9.92772278545969E-001, 9.99830841629316E-001, 9.92772278545969E-001, 9.39287681027912E-004, 9.00000000000000E+000
 1.60598722299082E+001, 9.99836349099864E-001, 9.92731347396878E-001, 9.99836349099864E-001, 9.92731347396878E-001, 8.86722291063569E-004, 1.00000000000000E+001
 1.61198620232035E+001, 9.99844214862418E-001, 9.92888387687176E-001, 9.99844214862418E-001, 9.92888387687176E-001, 8.43430320761174E-004, 1.00000000000000E+001
 1.61798518164987E+001, 9.99854904465734E-001, 9.93289594475941E-001, 9.99854904465734E-001, 9.93289594475941E-001, 7.80757552250266E-004, 1.00000000000000E+001
 1.62335103760813E+001, 9.99866680669810E-001, 9.93842265658909E-001, 9.99866680669810E-001, 9.93842265658909E-001, 8.39526686799097E-004, 8.00000000000000E+000
 1.62871689356639E+001, 9.99882009578521E-001, 9.94492064013938E-001, 9.99882009578521E-001, 9.94492064013938E-001, 8.82243003755834E-004, 8.00000000000000E+000
 1.63408274952465E+001, 9.99901413273599E-001, 9.95152390316703E-001, 9.99901413273599E-001, 9.95152390316703E-001, 6.63903868150961E-004, 1.00000000000000E+001
 1.63944860548292E+001, 9.99923398101852E-001, 9.95732739573493E-001, 9.99923398101852E-001, 9.95732739573493E-001, 7.43081759444819E-004, 1.00000000000000E+001
 1.64481446144118E+001, 9.99946819187420E-001, 9.96129846799975E-001, 9.99946819187420E-001, 9.96129846799975E-001, 8.20337697543305E-004, 1.00000000000000E+001
 1.64961444319123E+001, 9.99966371222388E-001, 9.96481611943427E-001, 9.99966371222388E-001, 9.96481611943427E-001, 7.42638389256367E-004, 1.00000000000000E+001
 1.65441442494127E+001, 9.99982431876998E-001, 9.96707709963938E-001, 9.99982431876998E-001, 9.96707709963938E-001, 9.20532162073107E-004, 8.00000000000000E+000
 1.65921440669132E+001, 9.99993970181100E-001, 9.97054439908905E-001, 9.99993970181100E-001, 9.97054439908905E-001, 9.23841332333808E-004, 8.00000000000000E+000
 1.66401438844137E+001, 1.00000033689973E+000, 9.97704869123758E-001, 1.00000033689973E+000, 9.97704869123758E-001, 9.01882421370459E-004, 9.00000000000000E+000
 1.66881437019141E+001, 1.00000142645726E+000, 9.98719779030758E-001, 1.00000142645726E+000, 9.98719779030758E-001, 8.91911855866345E-004, 9.00000000000000E+000
 1.67841433369151E+001, 9.99996025647471E-001, 1.00072460777700E+000, 9.99996025647471E-001, 1.00072460777700E+000, 9.60145259793932E-004, 8.50000000000000E+000
 1.68369431361656E+001, 9.99987968943873E-001, 1.00304270390521E+000, 9.99987968943873E-001, 1.00304270390521E+000, 8.90075912724386E-004, 8.00000000000000E+000
 1.68897429354161E+001, 9.99984116387110E-001, 1.00461473504820E+000, 9.99984116387110E-001, 1.00461473504820E+000, 8.91059270497596E-004, 8.00000000000000E+000
 1.69425427346666E+001, 9.99986060493312E-001, 1.00632116398592E+000, 9.99986060493312E-001, 1.00632116398592E+000, 9.71271596104772E-004, 1.00000000000000E+001
 1.69953425339171E+001, 9.99997751009384E-001, 1.00807446779934E+000, 9.99997751009384E-001, 1.00807446779934E+000, 8.95775624823569E-004, 1.30000000000000E+001
 1.70481423331676E+001, 1.00001751503572E+000, 1.00944400832108E+000, 1.00001751503572E+000, 1.00944400832108E+000, 9.68524119608682E-004, 1.30000000000000E+001
 1.71009421324182E+001, 1.00003776378639E+000, 1.01014384813049E+000, 1.00003776378639E+000, 1.01014384813049E+000, 9.29766360814988E-004, 1.30000000000000E+001
 1.72118217108442E+001, 1.00005444970676E+000, 1.00967189741054E+000, 1.00005444970676E+000, 1.00967189741054E+000, 9.09155041983893E-004, 1.10000000000000E+001
 1.72699014900198E+001, 1.00005375058557E+000, 1.00804901932770E+000, 1.00005375058557E+000, 1.00804901932770E+000, 9.65593087731031E-004, 1.00000000000000E+001
 1.73211280243213E+001, 1.00004415452235E+000, 1.00678858888643E+000, 1.00004415452235E+000, 1.00678858888643E+000, 8.07182921707561E-004, 1.20000000000000E+001
 1.73723545586227E+001, 1.00003361443335E+000, 1.00537137047186E+000, 1.00003361443335E+000, 1.00537137047186E+000, 7.49091519545830E-004, 1.20000000000000E+001
 1.74235810929242E+001, 1.00002317176632E+000, 1.00401222878514E+000, 1.00002317176632E+000, 1.00401222878514E+000, 9.57507466451180E-004, 1.00000000000000E+001
 1.74748076272257E+001, 1.00001205547551E+000, 1.00287409004273E+000, 1.00001205547551E+000, 1.00287409004273E+000, 8.52245820331832E-004, 1.20000000000000E+001
 1.75260341615272E+001, 1.00000158840469E+000, 1.00203036078486E+000, 1.00000158840469E+000, 1.00203036078486E+000, 8.99913113000639E-004, 1.20000000000000E+001
 1.76284872301301E+001, 9.99990126201411E-001, 1.00142610446264E+000, 9.99990126201411E-001, 1.00142610446264E+000, 9.07701135190786E-004, 1.20000000000000E+001
 1.76797137644316E+001, 9.99989213416777E-001, 1.00140839026881E+000, 9.99989213416777E-001, 1.00140839026881E+000, 9.66445349461331E-004, 1.20000000000000E+001
 1.77309402987330E+001, 9.99998476920068E-001, 1.00170133766984E+000, 9.99998476920068E-001, 1.00170133766984E+000, 9.84688612236884E-004, 1.20000000000000E+001
 1.77821668330345E+001, 1.00001472949856E+000, 1.00214953037459E+000, 1.00001472949856E+000, 1.00214953037459E+000, 9.77863825570746E-004, 1.10000000000000E+001
 1.78333933673360E+001, 1.00003596822785E+000, 1.00263821765440E+000, 1.00003596822785E+000, 1.00263821765440E+000, 9.49683253530953E-004, 1.10000000000000E+001
 1.79251089317019E+001, 1.00006825496038E+000, 1.00318313811008E+000, 1.00006825496038E+000, 1.00318313811008E+000, 9.35562899531173E-004, 9.50000000000000E+000
 1.79709667138849E+001, 1.00009973975909E+000, 1.00359592401619E+000, 1.00009973975909E+000, 1.00359592401619E+000, 9.97832058435844E-004, 8.00000000000000E+000
 1.80168244960678E+001, 1.00011694840978E+000, 1.00370384765978E+000, 1.00011694840978E+000, 1.00370384765978E+000, 9.12115797959689E-004, 8.00000000000000E+000
 1.80626822782508E+001, 1.00012931975559E+000, 1.00365880158648E+000, 1.00012931975559E+000, 1.00365880158648E+000, 7.38063089248148E-004, 1.00000000000000E+001
 1.81543978426167E+001, 1.00013933582548E+000, 1.00343572047453E+000, 1.00013933582548E+000, 1.00343572047453E+000, 8.71138849806830E-004, 1.00000000000000E+001
 1.82002556247997E+001, 1.00014245458840E+000, 1.00317631077151E+000, 1.00014245458840E+000, 1.00317631077151E+000, 9.80025057861322E-004, 1.00000000000000E+001
 1.82461134069827E+001, 1.00014240483753E+000, 1.00302050402136E+000, 1.00014240483753E+000, 1.00302050402136E+000, 9.69571631508126E-004, 1.00000000000000E+001
 1.83378289713486E+001, 1.00014030656448E+000, 1.00290692767423E+000, 1.00014030656448E+000, 1.00290692767423E+000, 8.45615059518190E-004, 9.50000000000000E+000
 1.83836867535316E+001, 1.00013555335853E+000, 1.00293609435473E+000, 1.00013555335853E+000, 1.00293609435473E+000, 9.05485637410663E-004, 8.00000000000000E+000
 1.84295445357145E+001, 1.00012919187833E+000, 1.00307544021107E+000, 1.00012919187833E+000, 1.00307544021107E+000, 7.50794126927357E-004, 1.00000000000000E+001
 1.85212601000805E+001, 1.00011431084582E+000, 1.00347548486838E+000, 1.00011431084582E+000, 1.00347548486838E+000, 8.19596844804704E-004, 1.00000000000000E+001
 1.85671178822634E+001, 1.00009377613440E+000, 1.00390017548811E+000, 1.00009377613440E+000, 1.00390017548811E+000, 9.22752902650981E-004, 1.00000000000000E+001
 1.86129756644464E+001, 1.00007768240927E+000, 1.00415972359214E+000, 1.00007768240927E+000, 1.00415972359214E+000, 9.76124963764979E-004, 1.00000000000000E+001
 1.87046912288124E+001, 1.00004889495689E+000, 1.00463243712944E+000, 1.00004889495689E+000, 1.00463243712944E+000, 9.37289039793065E-004, 1.20000000000000E+001
 1.87505490109953E+001, 1.00001465657345E+000, 1.00537168803857E+000, 1.00001465657345E+000, 1.00537168803857E+000, 8.84769961051468E-004, 1.20000000000000E+001
 1.87964067931783E+001, 9.99989398713400E-001, 1.00617026797026E+000, 9.99989398713400E-001, 1.00617026797026E+000, 8.96883984395469E-004, 1.20000000000000E+001
 1.88422645753613E+001, 9.99964696965426E-001, 1.00724887890325E+000, 9.99964696965426E-001, 1.00724887890325E+000, 9.39948638395194E-004, 1.20000000000000E+001
 1.89339801397272E+001, 9.99936034381222E-001, 1.00932289314631E+000, 9.99936034381222E-001, 1.00932289314631E+000, 9.07506960892923E-004, 1.20000000000000E+001
 1.89798379219102E+001, 9.99920326038282E-001, 1.01163234624043E+000, 9.99920326038282E-001, 1.01163234624043E+000, 9.17202510047233E-004, 1.00000000000000E+001
 1.90302814823114E+001, 9.99918652140239E-001, 1.01327282977938E+000, 9.99918652140239E-001, 1.01327282977938E+000, 9.31195291860920E-004, 1.00000000000000E+001
 1.90807250427127E+001, 9.99925450711968E-001, 1.01463407089693E+000, 9.99925450711968E-001, 1.01463407089693E+000, 9.01883029055695E-004, 1.00000000000000E+001
 1.91816121635152E+001, 9.99951264779781E-001, 1.01582350616214E+000, 9.99951264779781E-001, 1.01582350616214E+000, 9.00654089434405E-004, 9.00000000000000E+000
 1.92320557239165E+001, 9.99989242901394E-001, 1.01598837063306E+000, 9.99989242901394E-001, 1.01598837063306E+000, 8.54831608589790E-004, 1.10000000000000E+001
 1.92875436403579E+001, 1.00002259960191E+000, 1.01534454946046E+000, 1.00002259960191E+000, 1.01534454946046E+000, 8.57877837227905E-004, 1.30000000000000E+001
 1.93430315567992E+001, 1.00005623730516E+000, 1.01437832401291E+000, 1.00005623730516E+000, 1.01437832401291E+000, 9.76252654718124E-004, 1.30000000000000E+001
 1.93985194732406E+001, 1.00008574033190E+000, 1.01340357582257E+000, 1.00008574033190E+000, 1.01340357582257E+000, 9.55020915785809E-004, 1.40000000000000E+001
 1.94540073896820E+001, 1.00010863697458E+000, 1.01270775567183E+000, 1.00010863697458E+000, 1.01270775567183E+000, 9.83975677917859E-004, 1.40000000000000E+001
 1.95094953061234E+001, 1.00012349238364E+000, 1.01246599152793E+000, 1.00012349238364E+000, 1.01246599152793E+000, 9.52639074151329E-004, 1.50000000000000E+001
 1.95705320142089E+001, 1.00013313372578E+000, 1.01267891868096E+000, 1.00013313372578E+000, 1.01267891868096E+000, 9.84624187947369E-004, 1.50000000000000E+001
 1.96315687222945E+001, 1.00013893143797E+000, 1.01338156813564E+000, 1.00013893143797E+000, 1.01338156813564E+000, 9.50192711731634E-004, 1.50000000000000E+001
 1.96926054303800E+001, 1.00014417331049E+000, 1.01450985751656E+000, 1.00014417331049E+000, 1.01450985751656E+000, 9.78099908811370E-004, 1.40000000000000E+001
 1.97536421384655E+001, 1.00015085072474E+000, 1.01590814315003E+000, 1.00015085072474E+000, 1.01590814315003E+000, 9.43859175829231E-004, 1.30000000000000E+001
 1.98072273185980E+001, 1.00015800013667E+000, 1.01715675211026E+000, 1.00015800013667E+000, 1.01715675211026E+000, 9.20069993727263E-004, 1.10000000000000E+001
 1.98608124987305E+001, 1.00016539817760E+000, 1.01819209809953E+000, 1.00016539817760E+000, 1.01819209809953E+000, 9.11896753383656E-004, 1.10000000000000E+001
 1.99679828589955E+001, 1.00017217592076E+000, 1.01886320280254E+000, 1.00017217592076E+000, 1.01886320280254E+000, 9.57052054634949E-004, 1.05000000000000E+001
 2.00153585210804E+001, 1.00016811566161E+000, 1.01854272596330E+000, 1.00016811566161E+000, 1.01854272596330E+000, 8.74715716727037E-004, 1.00000000000000E+001
 2.00627341831653E+001, 1.00015729200058E+000, 1.01764302064434E+000, 1.00015729200058E+000, 1.01764302064434E+000, 9.66469466794573E-004, 8.00000000000000E+000
 2.01101098452503E+001, 1.00014049577673E+000, 1.01642523654564E+000, 1.00014049577673E+000, 1.01642523654564E+000, 9.41023760473891E-004, 8.00000000000000E+000
 2.02048611694201E+001, 1.00010292663339E+000, 1.01424882598863E+000, 1.00010292663339E+000, 1.01424882598863E+000, 9.91846167102961E-004, 8.00000000000000E+000
 2.02522368315050E+001, 1.00005601204475E+000, 1.01175418866116E+000, 1.00005601204475E+000, 1.01175418866116E+000, 8.80211899548899E-004, 1.00000000000000E+001
 2.02996124935899E+001, 1.00002287846052E+000, 1.00983634027786E+000, 1.00002287846052E+000, 1.00983634027786E+000, 8.72561060587529E-004, 1.00000000000000E+001
 2.03469881556748E+001, 9.99993550695652E-001, 1.00775393653220E+000, 9.99993550695652E-001, 1.00775393653220E+000, 8.48086071889354E-004, 1.00000000000000E+001
 2.04417394798447E+001, 9.99962667652511E-001, 1.00449147709117E+000, 9.99962667652511E-001, 1.00449147709117E+000, 9.71588912860033E-004, 8.00000000000000E+000
 2.04891151419296E+001, 9.99949790197633E-001, 1.00099096190508E+000, 9.99949790197633E-001, 1.00099096190508E+000, 9.24370943107267E-004, 1.00000000000000E+001
 2.05364908040145E+001, 9.99952456221504E-001, 9.98393502577013E-001, 9.99952456221504E-001, 9.98393502577013E-001, 8.85970958247606E-004, 1.00000000000000E+001
 2.05838664660994E+001, 9.99960676795506E-001, 9.95715746075966E-001, 9.99960676795506E-001, 9.95715746075966E-001, 8.40625079671753E-004, 1.00000000000000E+001
 2.06786177902693E+001, 9.99975127282187E-001, 9.91551860708186E-001, 9.99975127282187E-001, 9.91551860708186E-001, 9.26634990369934E-004, 1.05000000000000E+001
 2.07259934523542E+001, 9.99983131746708E-001, 9.87110331783048E-001, 9.99983131746708E-001, 9.87110331783048E-001, 9.54270441102079E-004, 1.20000000000000E+001
 2.07733691144391E+001, 9.99980289795656E-001, 9.83964072363968E-001, 9.99980289795656E-001, 9.83964072363968E-001, 9.98176136582291E-004, 1.20000000000000E+001
 2.08207447765240E+001, 9.99970338860458E-001, 9.80744511156263E-001, 9.99970338860458E-001, 9.80744511156263E-001, 9.64225946857217E-004, 1.40000000000000E+001
 2.09154961006938E+001, 9.99944527092799E-001, 9.76190306571233E-001, 9.99944527092799E-001, 9.76190306571233E-001, 9.63900678417416E-004, 1.40000000000000E+001
 2.09628717627788E+001, 9.99915220772066E-001, 9.72273643939133E-001, 9.99915220772066E-001, 9.72273643939133E-001, 9.56703715963236E-004, 1.40000000000000E+001
 2.10102474248637E+001, 9.99897773398147E-001, 9.70308142177781E-001, 9.99897773398147E-001, 9.70308142177781E-001, 9.76246394002178E-004, 1.40000000000000E+001
 2.11049987490335E+001, 9.99880025224629E-001, 9.68733440584025E-001, 9.99880025224629E-001, 9.68733440584025E-001, 9.72371472941047E-004, 1.50000000000000E+001
 2.11523744111184E+001, 9.99871314316455E-001, 9.68754394946533E-001, 9.99871314316455E-001, 9.68754394946533E-001, 9.81220029890206E-004, 1.30000000000000E+001
 2.11997500732034E+001, 9.99869314694387E-001, 9.69767731977825E-001, 9.99869314694387E-001, 9.69767731977825E-001, 9.89910151990347E-004, 9.00000000000000E+000
 2.12471257352883E+001, 9.99869886806875E-001, 9.71418099683042E-001, 9.99869886806875E-001, 9.71418099683042E-001, 9.68171882932190E-004, 1.00000000000000E+001
 2.13513521918751E+001, 9.99872349425248E-001, 9.75541908195388E-001, 9.99872349425248E-001, 9.75541908195388E-001, 9.69445112133704E-004, 1.10000000000000E+001
 2.14034654201685E+001, 9.99876845739108E-001, 9.80954929611202E-001, 9.99876845739108E-001, 9.80954929611202E-001, 8.68485544847308E-004, 1.00000000000000E+001
 2.14555786484619E+001, 9.99882342101116E-001, 9.85211899411876E-001, 9.99882342101116E-001, 9.85211899411876E-001, 6.76341808237169E-004, 1.00000000000000E+001
 2.15076918767553E+001, 9.99889234615091E-001, 9.89780098645846E-001, 9.99889234615091E-001, 9.89780098645846E-001, 8.68315366253647E-004, 8.00000000000000E+000
 2.15598051050487E+001, 9.99898956158906E-001, 9.94419111185664E-001, 9.99898956158906E-001, 9.94419111185664E-001, 9.18548867974822E-004, 8.00000000000000E+000
 2.16119183333421E+001, 9.99911865941265E-001, 9.98927839826824E-001, 9.99911865941265E-001, 9.98927839826824E-001, 8.86834795522651E-004, 9.00000000000000E+000
 2.16640315616356E+001, 9.99928632905688E-001, 1.00315186706232E+000, 9.99928632905688E-001, 1.00315186706232E+000, 9.72053545607920E-004, 1.10000000000000E+001
 2.17682580182224E+001, 9.99961247777184E-001, 1.00859466888280E+000, 9.99961247777184E-001, 1.00859466888280E+000, 9.51268198880362E-004, 1.30000000000000E+001
 2.18203712465158E+001, 9.99997698502598E-001, 1.01290884909570E+000, 9.99997698502598E-001, 1.01290884909570E+000, 9.65911751852122E-004, 1.20000000000000E+001
 2.18724844748092E+001, 1.00002101485246E+000, 1.01510990102760E+000, 1.00002101485246E+000, 1.01510990102760E+000, 9.67585922409864E-004, 1.10000000000000E+001
 2.19245977031026E+001, 1.00004214092267E+000, 1.01700170934586E+000, 1.00004214092267E+000, 1.01700170934586E+000, 8.98840294892622E-004, 1.10000000000000E+001
 2.19767109313960E+001, 1.00006036755757E+000, 1.01877404931934E+000, 1.00006036755757E+000, 1.01877404931934E+000, 8.67608387147056E-004, 1.10000000000000E+001
 2.20288241596894E+001, 1.00007560133305E+000, 1.02055351013853E+000, 1.00007560133305E+000, 1.02055351013853E+000, 8.73453619828934E-004, 1.10000000000000E+001
 2.20809373879828E+001, 1.00008824345667E+000, 1.02241937634048E+000, 1.00008824345667E+000, 1.02241937634048E+000, 9.34382127827149E-004, 1.20000000000000E+001
 2.21851638445697E+001, 1.00010531867666E+000, 1.02544491066731E+000, 1.00010531867666E+000, 1.02544491066731E+000, 9.73795421288171E-004, 1.70000000000000E+001
 2.22372770728631E+001, 1.00012778022627E+000, 1.02866685965037E+000, 1.00012778022627E+000, 1.02866685965037E+000, 9.91926182215330E-004, 1.80000000000000E+001
 2.22893903011565E+001, 1.00015705272343E+000, 1.03067930402919E+000, 1.00015705272343E+000, 1.03067930402919E+000, 9.99771273207273E-004, 3.90000000000000E+001
 2.23415035294499E+001, 1.00018935933222E+000, 1.03153340771298E+000, 1.00018935933222E+000, 1.03153340771298E+000, 9.99864553967167E-004, 2.10000000000000E+002
 2.23936167577433E+001, 1.00019216540003E+000, 1.03084431996184E+000, 1.00019216540003E+000, 1.03084431996184E+000, 9.99875288595131E-004, 1.16000000000000E+002
 2.24457299860367E+001, 1.00019146160588E+000, 1.03022110494733E+000, 1.00019146160588E+000, 1.03022110494733E+000, 9.94917480481083E-004, 1.20000000000000E+001
 2.25499564426235E+001, 1.00018293825088E+000, 1.02914755941290E+000, 1.00018293825088E+000, 1.02914755941290E+000, 9.72258336396359E-004, 1.00000000000000E+001
 2.26020696709170E+001, 1.00016684974548E+000, 1.02776604888741E+000, 1.00016684974548E+000, 1.02776604888741E+000, 9.38555988635459E-004, 1.00000000000000E+001
 2.26541828992104E+001, 1.00015042173467E+000, 1.02660677085826E+000, 1.00015042173467E+000, 1.02660677085826E+000, 8.70754970779153E-004, 1.00000000000000E+001
 2.26991677820243E+001, 1.00013288523434E+000, 1.02545501757471E+000, 1.00013288523434E+000, 1.02545501757471E+000, 9.19999958650219E-004, 8.00000000000000E+000
 2.27441526648382E+001, 1.00011377606223E+000, 1.02420071195250E+000, 1.00011377606223E+000, 1.02420071195250E+000, 8.80512219695095E-004, 8.00000000000000E+000
 2.28341224304661E+001, 1.00008548163222E+000, 1.02212139798146E+000, 1.00008548163222E+000, 1.02212139798146E+000, 8.80904569571683E-004, 8.00000000000000E+000
 2.28745427960838E+001, 1.00006217200088E+000, 1.01999934054776E+000, 1.00006217200088E+000, 1.01999934054776E+000, 8.59939014145938E-004, 8.00000000000000E+000
 2.29553835273193E+001, 1.00004510539741E+000, 1.01781800150617E+000, 1.00004510539741E+000, 1.01781800150617E+000, 8.91310318213434E-004, 8.00000000000000E+000
 2.29958038929370E+001, 1.00003222274676E+000, 1.01554019227200E+000, 1.00003222274676E+000, 1.01554019227200E+000, 9.38978016437941E-004, 8.00000000000000E+000
 2.30766446241725E+001, 1.00002285800663E+000, 1.01313317058950E+000, 1.00002285800663E+000, 1.01313317058950E+000, 9.67566720980084E-004, 8.00000000000000E+000
 2.31170649897903E+001, 1.00001414204362E+000, 1.01065056353328E+000, 1.00001414204362E+000, 1.01065056353328E+000, 9.37622713625963E-004, 8.00000000000000E+000
 2.31979057210257E+001, 1.00000353401554E+000, 1.00813145268740E+000, 1.00000353401554E+000, 1.00813145268740E+000, 9.18342497005176E-004, 8.00000000000000E+000
 2.32383260866435E+001, 9.99990320546415E-001, 1.00561065575228E+000, 9.99990320546415E-001, 1.00561065575228E+000, 8.26421155140311E-004, 8.00000000000000E+000
 2.33232088544407E+001, 9.99973233384120E-001, 1.00294842176594E+000, 9.99973233384120E-001, 1.00294842176594E+000, 6.37829010803895E-004, 9.04761904761905E+000
 2.33676712566203E+001, 9.99954087298960E-001, 1.00018949372792E+000, 9.99954087298960E-001, 1.00018949372792E+000, 5.53629871898664E-004, 1.00000000000000E+001
 2.34121336587998E+001, 9.99941366602426E-001, 9.98327577137817E-001, 9.99941366602426E-001, 9.98327577137817E-001, 5.06002665312311E-004, 1.00000000000000E+001
 2.34610423011972E+001, 9.99928455976255E-001, 9.96292126704587E-001, 9.99928455976255E-001, 9.96292126704587E-001, 4.67443020077488E-004, 1.00000000000000E+001
 2.35637504502319E+001, 9.99911609204866E-001, 9.93097566450592E-001, 9.99911609204866E-001, 9.93097566450592E-001, 7.65454092490498E-004, 9.04761904761905E+000
 2.36175499568691E+001, 9.99898472444854E-001, 9.89967123732077E-001, 9.99898472444854E-001, 9.89967123732077E-001, 6.51895385169965E-004, 1.20000000000000E+001
 2.36713494635064E+001, 9.99892466545249E-001, 9.88062542461041E-001, 9.99892466545249E-001, 9.88062542461041E-001, 7.74538819416692E-004, 1.20000000000000E+001
 2.37251489701436E+001, 9.99888652670136E-001, 9.86365309134178E-001, 9.99888652670136E-001, 9.86365309134178E-001, 7.99342871250275E-004, 1.20000000000000E+001
 2.37789484767808E+001, 9.99886287940676E-001, 9.84836144422145E-001, 9.99886287940676E-001, 9.84836144422145E-001, 9.95263711948358E-004, 1.10000000000000E+001
 2.38327479834180E+001, 9.99884550641331E-001, 9.83423352526701E-001, 9.99884550641331E-001, 9.83423352526701E-001, 8.47226535185985E-004, 1.00000000000000E+001
 2.38865474900552E+001, 9.99882990938033E-001, 9.82049968071953E-001, 9.99882990938033E-001, 9.82049968071953E-001, 8.71506870931959E-004, 1.00000000000000E+001
 2.39403469966924E+001, 9.99880998024952E-001, 9.80625226118292E-001, 9.99880998024952E-001, 9.80625226118292E-001, 9.60403855095771E-004, 1.00000000000000E+001
 2.40587059112943E+001, 9.99876806279250E-001, 9.77905733118920E-001, 9.99876806279250E-001, 9.77905733118920E-001, 9.77564629353694E-004, 1.40000000000000E+001
 2.41081133500039E+001, 9.99873361386302E-001, 9.75065504013850E-001, 9.99873361386302E-001, 9.75065504013850E-001, 9.80288517381633E-004, 1.40000000000000E+001
 2.41575207887135E+001, 9.99870646923964E-001, 9.73138087706277E-001, 9.99870646923964E-001, 9.73138087706277E-001, 9.85747021249761E-004, 1.60000000000000E+001
 2.42069282274231E+001, 9.99866635326584E-001, 9.71215528124885E-001, 9.99866635326584E-001, 9.71215528124885E-001, 9.78684762636628E-004, 1.80000000000000E+001
 2.42563356661327E+001, 9.99860911798534E-001, 9.69388731676735E-001, 9.99860911798534E-001, 9.69388731676735E-001, 9.80674700289175E-004, 1.80000000000000E+001
 2.43057431048423E+001, 9.99854004645007E-001, 9.67749913068828E-001, 9.99854004645007E-001, 9.67749913068828E-001, 9.72181561630370E-004, 1.80000000000000E+001
 2.44045579822615E+001, 9.99843916687455E-001, 9.65844998345940E-001, 9.99843916687455E-001, 9.65844998345940E-001, 9.76135199953543E-004, 1.60000000000000E+001
 2.44539654209711E+001, 9.99835649310207E-001, 9.64617471397233E-001, 9.99835649310207E-001, 9.64617471397233E-001, 9.98106200884585E-004, 1.40000000000000E+001
 2.45033728596807E+001, 9.99831625980970E-001, 9.64261816003092E-001, 9.99831625980970E-001, 9.64261816003092E-001, 9.71513582403993E-004, 1.40000000000000E+001
 2.45527802983903E+001, 9.99828536079678E-001, 9.64251535663276E-001, 9.99828536079678E-001, 9.64251535663276E-001, 9.28262607203800E-004, 1.40000000000000E+001
 2.46021877370999E+001, 9.99825961437522E-001, 9.64512324418727E-001, 9.99825961437522E-001, 9.64512324418727E-001, 9.81676338662529E-004, 1.20000000000000E+001
 2.47010026145191E+001, 9.99823216603342E-001, 9.65382164612908E-001, 9.99823216603342E-001, 9.65382164612908E-001, 9.62050542190077E-004, 1.20000000000000E+001
 2.47504100532287E+001, 9.99821521270303E-001, 9.66597620202472E-001, 9.99821521270303E-001, 9.66597620202472E-001, 9.96958733994746E-004, 1.00000000000000E+001
 2.47998174919383E+001, 9.99821417271168E-001, 9.67552599517011E-001, 9.99821417271168E-001, 9.67552599517011E-001, 9.83448882189097E-004, 1.10000000000000E+001
 2.48541656745188E+001, 9.99822593812002E-001, 9.68647297434301E-001, 9.99822593812002E-001, 9.68647297434301E-001, 9.95201460167738E-004, 1.10000000000000E+001
 2.49085138570994E+001, 9.99825064291904E-001, 9.69724714851912E-001, 9.99825064291904E-001, 9.69724714851912E-001, 9.36680433065912E-004, 1.20000000000000E+001
 2.49628620396799E+001, 9.99829399141595E-001, 9.70700312843317E-001, 9.99829399141595E-001, 9.70700312843317E-001, 9.57681032640600E-004, 1.00000000000000E+001
 2.50715584048410E+001, 9.99839293722267E-001, 9.71809632024790E-001, 9.99839293722267E-001, 9.71809632024790E-001, 9.32354273877736E-004, 9.50000000000000E+000
 2.51259065874216E+001, 9.99852808354950E-001, 9.72549065658490E-001, 9.99852808354950E-001, 9.72549065658490E-001, 9.06616922041747E-004, 9.00000000000000E+000
 2.51802547700021E+001, 9.99863934441680E-001, 9.72865279727417E-001, 9.99863934441680E-001, 9.72865279727417E-001, 9.37153979046590E-004, 9.00000000000000E+000
 2.52346029525827E+001, 9.99876462958216E-001, 9.73143681077770E-001, 9.99876462958216E-001, 9.73143681077770E-001, 9.42836316399465E-004, 1.00000000000000E+001
 2.52889511351632E+001, 9.99890662266874E-001, 9.73475214621247E-001, 9.99890662266874E-001, 9.73475214621247E-001, 9.64077561786070E-004, 1.10000000000000E+001
 2.53432993177438E+001, 9.99906829227029E-001, 9.73921254233076E-001, 9.99906829227029E-001, 9.73921254233076E-001, 9.98009842330561E-004, 1.10000000000000E+001
 2.53976475003244E+001, 9.99925156414320E-001, 9.74555098585098E-001, 9.99925156414320E-001, 9.74555098585098E-001, 9.81310819050840E-004, 1.10000000000000E+001
 2.54519956829049E+001, 9.99945670734689E-001, 9.75420034551830E-001, 9.99945670734689E-001, 9.75420034551830E-001, 9.65580338173844E-004, 1.10000000000000E+001
 2.55063438654855E+001, 9.99967565238913E-001, 9.76518145498319E-001, 9.99967565238913E-001, 9.76518145498319E-001, 9.93412983446573E-004, 1.10000000000000E+001
 2.55606920480660E+001, 9.99988867609465E-001, 9.77826246383982E-001, 9.99988867609465E-001, 9.77826246383982E-001, 9.70703363483372E-004, 1.20000000000000E+001
 2.56693884132271E+001, 1.00001400241908E+000, 9.80077616097089E-001, 1.00001400241908E+000, 9.80077616097089E-001, 9.80399278790567E-004, 1.20000000000000E+001
 2.57174806549609E+001, 1.00002641250809E+000, 9.82426160998945E-001, 1.00002641250809E+000, 9.82426160998945E-001, 9.69893569490177E-004, 1.00000000000000E+001
 2.57655728966946E+001, 1.00002812975219E+000, 9.84091839989426E-001, 1.00002812975219E+000, 9.84091839989426E-001, 8.58400613980681E-004, 1.00000000000000E+001
 2.58136651384283E+001, 1.00002494014483E+000, 9.85852832063286E-001, 1.00002494014483E+000, 9.85852832063286E-001, 7.82254199227950E-004, 1.00000000000000E+001
 2.58617573801621E+001, 1.00001780904354E+000, 9.87680305458283E-001, 1.00001780904354E+000, 9.87680305458283E-001, 7.58838602169743E-004, 1.00000000000000E+001
 2.59579418636296E+001, 1.00000211024752E+000, 9.90506858590336E-001, 1.00000211024752E+000, 9.90506858590336E-001, 8.48606436859134E-004, 1.00000000000000E+001
 2.60060341053633E+001, 9.99984526983390E-001, 9.93409778978196E-001, 9.99984526983390E-001, 9.93409778978196E-001, 8.47190107120088E-004, 1.00000000000000E+001
 2.60541263470971E+001, 9.99973281110859E-001, 9.95391394158220E-001, 9.99973281110859E-001, 9.95391394158220E-001, 7.55289057371655E-004, 1.00000000000000E+001
 2.61022185888308E+001, 9.99963288859926E-001, 9.97365699779686E-001, 9.99963288859926E-001, 9.97365699779686E-001, 8.13013392594986E-004, 8.00000000000000E+000
 2.61984030722983E+001, 9.99949935408171E-001, 1.00020571493124E+000, 9.99949935408171E-001, 1.00020571493124E+000, 9.04074460264304E-004, 8.00000000000000E+000
 2.62400926695517E+001, 9.99937122986864E-001, 1.00256889655778E+000, 9.99937122986864E-001, 1.00256889655778E+000, 8.70515772164904E-004, 9.00000000000000E+000
 2.62817822668051E+001, 9.99929373192188E-001, 1.00392528436619E+000, 9.99929373192188E-001, 1.00392528436619E+000, 8.44464480414420E-004, 1.00000000000000E+001
 2.63651614613119E+001, 9.99917546436496E-001, 1.00568590795835E+000, 9.99917546436496E-001, 1.00568590795835E+000, 8.78431004946889E-004, 1.00000000000000E+001
 2.64068510585653E+001, 9.99908620378473E-001, 1.00712587582312E+000, 9.99908620378473E-001, 1.00712587582312E+000, 9.08764763330572E-004, 1.00000000000000E+001
 2.65031540282207E+001, 9.99909815425503E-001, 1.00850532145809E+000, 9.99909815425503E-001, 1.00850532145809E+000, 9.57288225670940E-004, 1.05238095238095E+001
 2.65535984408973E+001, 9.99923245140991E-001, 1.00992868438104E+000, 9.99923245140991E-001, 1.00992868438104E+000, 9.68694409183346E-004, 1.00000000000000E+001
 2.66090872948416E+001, 9.99942653739191E-001, 1.01105517138584E+000, 9.99942653739191E-001, 1.01105517138584E+000, 9.44946751512798E-004, 1.10000000000000E+001
 2.66645761487859E+001, 9.99967830557717E-001, 1.01222777854734E+000, 9.99967830557717E-001, 1.01222777854734E+000, 9.61515507159394E-004, 1.10000000000000E+001
 2.67200650027301E+001, 9.99997378784159E-001, 1.01335144288185E+000, 9.99997378784159E-001, 1.01335144288185E+000, 9.60128593052501E-004, 1.10000000000000E+001
 2.67811027420688E+001, 1.00003270693312E+000, 1.01441123175115E+000, 1.00003270693312E+000, 1.01441123175115E+000, 9.73973404736928E-004, 1.00000000000000E+001
 2.68421404814076E+001, 1.00006835681092E+000, 1.01525840013927E+000, 1.00006835681092E+000, 1.01525840013927E+000, 8.45001806141665E-004, 1.00000000000000E+001
 2.69092819946801E+001, 1.00010658110603E+000, 1.01594645770073E+000, 1.00010658110603E+000, 1.01594645770073E+000, 7.89155233968053E-004, 1.00000000000000E+001
 2.69663369903352E+001, 1.00013548768556E+000, 1.01644090613349E+000, 1.00013548768556E+000, 1.01644090613349E+000, 7.19128939211555E-004, 1.00000000000000E+001
 2.70233919859903E+001, 1.00016280543780E+000, 1.01657811321777E+000, 1.00016280543780E+000, 1.01657811321777E+000, 9.36436387738215E-004, 8.00000000000000E+000
 2.70804469816453E+001, 1.00018450282314E+000, 1.01652536797452E+000, 1.00018450282314E+000, 1.01652536797452E+000, 9.67247846066721E-004, 1.00000000000000E+001
 2.71375019773004E+001, 1.00019115215359E+000, 1.01735639646798E+000, 1.00019115215359E+000, 1.01735639646798E+000, 9.99768084960939E-004, 6.10000000000000E+001
 2.71945569729555E+001, 1.00019125895462E+000, 1.01784998463946E+000, 1.00019125895462E+000, 1.01784998463946E+000, 9.99785489368965E-004, 4.10000000000000E+001
 2.72516119686105E+001, 1.00018970348303E+000, 1.01754642361709E+000, 1.00018970348303E+000, 1.01754642361709E+000, 9.92310854882272E-004, 1.20000000000000E+001
 2.73086669642656E+001, 1.00018537033647E+000, 1.01688472409725E+000, 1.00018537033647E+000, 1.01688472409725E+000, 9.75616838230775E-004, 1.00000000000000E+001
 2.73657219599207E+001, 1.00017794373672E+000, 1.01630960885736E+000, 1.00017794373672E+000, 1.01630960885736E+000, 9.99223293306567E-004, 1.00000000000000E+001
 2.74227769555757E+001, 1.00016762463548E+000, 1.01611093705498E+000, 1.00016762463548E+000, 1.01611093705498E+000, 9.45002781992610E-004, 1.30000000000000E+001
 2.75368869468859E+001, 1.00014652134566E+000, 1.01573896959222E+000, 1.00014652134566E+000, 1.01573896959222E+000, 9.43399861704886E-004, 1.25000000000000E+001
 2.75939419425409E+001, 1.00011640904519E+000, 1.01509031387112E+000, 1.00011640904519E+000, 1.01509031387112E+000, 9.46662178968438E-004, 1.10000000000000E+001
 2.76509969381960E+001, 1.00008913278818E+000, 1.01459446085095E+000, 1.00008913278818E+000, 1.01459446085095E+000, 9.66440351801490E-004, 1.10000000000000E+001
 2.77080519338510E+001, 1.00005703109514E+000, 1.01403247342952E+000, 1.00005703109514E+000, 1.01403247342952E+000, 9.64193567175142E-004, 1.00000000000000E+001
 2.77651069295061E+001, 1.00002129361709E+000, 1.01340845898703E+000, 1.00002129361709E+000, 1.01340845898703E+000, 8.25801900611323E-004, 1.00000000000000E+001
 2.78221619251612E+001, 9.99983385665663E-001, 1.01270248589813E+000, 9.99983385665663E-001, 1.01270248589813E+000, 8.28135661738116E-004, 1.00000000000000E+001
 2.78792169208162E+001, 9.99944994492315E-001, 1.01190096309236E+000, 9.99944994492315E-001, 1.01190096309236E+000, 9.08413426420340E-004, 1.00000000000000E+001
 2.79362719164713E+001, 9.99909013261299E-001, 1.01097343398598E+000, 9.99909013261299E-001, 1.01097343398598E+000, 9.25718024726768E-004, 1.20000000000000E+001
 2.79933269121264E+001, 9.99878791189620E-001, 1.00993938985881E+000, 9.99878791189620E-001, 1.00993938985881E+000, 9.79574040635534E-004, 1.30000000000000E+001
 2.80419083541791E+001, 9.99861825680768E-001, 1.00900677029503E+000, 9.99861825680768E-001, 1.00900677029503E+000, 9.92371148074406E-004, 1.20000000000000E+001
 2.80904897962319E+001, 9.99851762225366E-001, 1.00809060387242E+000, 9.99851762225366E-001, 1.00809060387242E+000, 9.81290297618065E-004, 1.30000000000000E+001
 2.81876526803375E+001, 9.99851301186740E-001, 1.00691297587544E+000, 9.99851301186740E-001, 1.00691297587544E+000, 9.71072832524608E-004, 1.20000000000000E+001
 2.82362341223902E+001, 9.99862516747883E-001, 1.00590849354795E+000, 9.99862516747883E-001, 1.00590849354795E+000, 9.95924641421397E-004, 1.00000000000000E+001
 2.82896737086483E+001, 9.99876111347146E-001, 1.00521899562967E+000, 9.99876111347146E-001, 1.00521899562967E+000, 9.35078713660498E-004, 1.00000000000000E+001
 2.83431132949063E+001, 9.99893363331320E-001, 1.00455554589805E+000, 9.99893363331320E-001, 1.00455554589805E+000, 9.44940790372106E-004, 1.00000000000000E+001
 2.83965528811644E+001, 9.99912464568487E-001, 1.00386498624521E+000, 9.99912464568487E-001, 1.00386498624521E+000, 9.15072962095920E-004, 1.20000000000000E+001
 2.84499924674225E+001, 9.99929275309622E-001, 1.00306342058418E+000, 9.99929275309622E-001, 1.00306342058418E+000, 9.53257978884681E-004, 1.10000000000000E+001
 2.85034320536805E+001, 9.99941879374161E-001, 1.00208256958755E+000, 9.99941879374161E-001, 1.00208256958755E+000, 9.84958451436535E-004, 1.00000000000000E+001
 2.86033690533016E+001, 9.99949592519591E-001, 1.00025072126665E+000, 9.99949592519591E-001, 1.00025072126665E+000, 9.21781541993103E-004, 9.06946549247384E+000
 2.86498664666646E+001, 9.99945968105114E-001, 9.98024037313774E-001, 9.99945968105114E-001, 9.98024037313774E-001, 9.13133732122207E-004, 8.00000000000000E+000
 2.86963638800276E+001, 9.99937465290469E-001, 9.96288287226924E-001, 9.99937465290469E-001, 9.96288287226924E-001, 8.80127578954060E-004, 8.00000000000000E+000
 2.87428612933906E+001, 9.99926142285844E-001, 9.94389392164831E-001, 9.99926142285844E-001, 9.94389392164831E-001, 7.33159467713795E-004, 8.00000000000000E+000
 2.88243261237517E+001, 9.99910603387657E-001, 9.91767153128243E-001, 9.99910603387657E-001, 9.91767153128243E-001, 9.68079350156970E-004, 6.50000000000000E+000
 2.88650585389323E+001, 9.99898300510685E-001, 9.89113317098648E-001, 9.99898300510685E-001, 9.89113317098648E-001, 9.62808220708489E-004, 8.00000000000000E+000
 2.89465233692934E+001, 9.99898079129048E-001, 9.86726421068832E-001, 9.99898079129048E-001, 9.86726421068832E-001, 9.14508131592440E-004, 8.00000000000000E+000
 2.89872557844739E+001, 9.99910820464060E-001, 9.84698455163005E-001, 9.99910820464060E-001, 9.84698455163005E-001, 8.55224117203957E-004, 8.00000000000000E+000
 2.90687206148350E+001, 9.99938451076534E-001, 9.83102916011164E-001, 9.99938451076534E-001, 9.83102916011164E-001, 9.12292851978011E-004, 8.00000000000000E+000
 2.91094530300156E+001, 9.99973336890221E-001, 9.83994899954595E-001, 9.99973336890221E-001, 9.81914383430964E-001, 8.64706935856718E-004, 1.00000000000000E+001
 2.91909178603767E+001, 1.00000794954679E+000, 9.86103635069419E-001, 1.00000794954679E+000, 9.81302228080627E-001, 9.18723113166209E-004, 1.10000000000000E+001
 2.92316502755572E+001, 1.00003399573733E+000, 9.88137154895474E-001, 1.00003399573733E+000, 9.81140425612221E-001, 9.38229487372766E-004, 1.20000000000000E+001
 2.93131151059183E+001, 1.00004411696105E+000, 9.89960288648129E-001, 1.00004411696105E+000, 9.81377438222024E-001, 9.75238710285641E-004, 1.25000000000000E+001
 2.93538475210989E+001, 1.00004164449686E+000, 9.91611668865554E-001, 1.00004164449686E+000, 9.81884202201421E-001, 9.89537745010934E-004, 1.40000000000000E+001
 2.94353123514600E+001, 1.00002960351816E+000, 9.92964792194626E-001, 1.00002960351816E+000, 9.82576870111183E-001, 9.86205642415059E-004, 1.35000000000000E+001
 2.94760447666405E+001, 1.00001460619140E+000, 9.94014885172187E-001, 1.00001460619140E+000, 9.83304437640489E-001, 9.80622247328262E-004, 1.20000000000000E+001
 2.95575095970016E+001, 9.99998456882148E-001, 9.94683075427528E-001, 9.99998456882148E-001, 9.84043718678238E-001, 9.71235522383002E-004, 1.05000000000000E+001
 2.95982420121822E+001, 9.99981718200426E-001, 9.95032788010280E-001, 9.99981718200426E-001, 9.84774640433759E-001, 9.86306831713302E-004, 9.00000000000000E+000
 2.96797068425433E+001, 9.99964095792227E-001, 9.94953717142258E-001, 9.99964095792227E-001, 9.85455560287953E-001, 9.63817683983313E-004, 8.00000000000000E+000
 2.97204392577238E+001, 9.99945744666325E-001, 9.94564475644301E-001, 9.99945744666325E-001, 9.86113137073492E-001, 9.95033343555884E-004, 7.00000000000000E+000
 2.97611716729044E+001, 9.99933540761701E-001, 9.94133270930120E-001, 9.99933540761701E-001, 9.86558815433475E-001, 9.58383570563215E-004, 7.00000000000000E+000
 2.98507829863016E+001, 9.99914060709154E-001, 9.93225109645669E-001, 9.99914060709154E-001, 9.87389248843167E-001, 8.84455975710936E-004, 7.50000000000000E+000
 2.98955886430002E+001, 9.99895607185644E-001, 9.92152349729210E-001, 9.99895607185644E-001, 9.88372207324363E-001, 9.96225784787752E-004, 7.00000000000000E+000
 2.99448748653687E+001, 9.99884350610600E-001, 9.91203784847898E-001, 9.99884350610600E-001, 9.89212994649887E-001, 8.39190263817208E-004, 8.00000000000000E+000
 3.00434473101056E+001, 9.99870902183853E-001, 9.90728661076943E-001, 9.99870902183853E-001, 9.90728661076943E-001, 8.88465818669165E-004, 7.50000000000000E+000
 3.00927335324740E+001, 9.99863247348275E-001, 9.92450977544922E-001, 9.99863247348275E-001, 9.92450977544922E-001, 9.25564786964816E-004, 9.00000000000000E+000
 3.01469483770794E+001, 9.99861846351970E-001, 9.93911882607294E-001, 9.99861846351970E-001, 9.93911882607294E-001, 9.27345132224922E-004, 1.00000000000000E+001
 3.02011632216847E+001, 9.99863938731298E-001, 9.95611623418523E-001, 9.99863938731298E-001, 9.95611623418523E-001, 9.96131015818857E-004, 1.00000000000000E+001
 3.02553780662900E+001, 9.99869819348725E-001, 9.97536271252549E-001, 9.99869819348725E-001, 9.97536271252549E-001, 9.94074078036089E-004, 1.00000000000000E+001
 3.03095929108953E+001, 9.99879766206469E-001, 9.99628396259590E-001, 9.99879766206469E-001, 9.99628396259590E-001, 9.27797922612772E-004, 1.20000000000000E+001
 3.03638077555006E+001, 9.99891839405190E-001, 1.00199744642986E+000, 9.99891839405190E-001, 1.00199744642986E+000, 9.98420569579883E-004, 1.10000000000000E+001
 3.04722374447112E+001, 9.99915418975413E-001, 1.00571522809116E+000, 9.99915418975413E-001, 1.00571522809116E+000, 9.60689077909471E-004, 1.55000000000000E+001
 3.05264522893165E+001, 9.99943355038596E-001, 1.00953354082481E+000, 9.99943355038596E-001, 1.00953354082481E+000, 9.96623510132855E-004, 1.90000000000000E+001
 3.05806671339219E+001, 9.99966390325156E-001, 1.01199006896880E+000, 9.99966390325156E-001, 1.01199006896880E+000, 9.98189030185559E-004, 2.10000000000000E+001
 3.06348819785272E+001, 9.99992132535295E-001, 1.01425272325703E+000, 9.99992132535295E-001, 1.01425272325703E+000, 9.98650090921094E-004, 2.00000000000000E+001
 3.06890968231325E+001, 1.00001814374064E+000, 1.01619175476647E+000, 1.00001814374064E+000, 1.01619175476647E+000, 9.89141788765802E-004, 1.90000000000000E+001
 3.07433116677378E+001, 1.00004181454964E+000, 1.01775633027781E+000, 1.00004181454964E+000, 1.01775633027781E+000, 9.85693363445200E-004, 1.60000000000000E+001
 3.07975265123431E+001, 1.00006184091976E+000, 1.01896811758359E+000, 1.00006184091976E+000, 1.01896811758359E+000, 9.96955459557136E-004, 1.30000000000000E+001
 3.08517413569484E+001, 1.00007817241067E+000, 1.01989762620009E+000, 1.00007817241067E+000, 1.01989762620009E+000, 9.70106413587246E-004, 1.20000000000000E+001
 3.09059562015537E+001, 1.00009135159306E+000, 1.02057391554269E+000, 1.00009135159306E+000, 1.02057391554269E+000, 9.91491006564676E-004, 1.00000000000000E+001
 3.09601710461590E+001, 1.00010219643312E+000, 1.02111242681004E+000, 1.00010219643312E+000, 1.02111242681004E+000, 9.69139092489579E-004, 1.00000000000000E+001
 3.10610284324597E+001, 1.00011540516534E+000, 1.02190623171474E+000, 1.00011540516534E+000, 1.02190623171474E+000, 9.45517466812971E-004, 9.53753965469341E+000
 3.11076709741550E+001, 1.00012855655874E+000, 1.02296292678597E+000, 1.00012855655874E+000, 1.02296292678597E+000, 9.28259660283093E-004, 1.00000000000000E+001
 3.11543135158503E+001, 1.00013910699080E+000, 1.02380034995817E+000, 1.00013910699080E+000, 1.02380034995817E+000, 9.83051280256442E-004, 1.00000000000000E+001
 3.12009560575456E+001, 1.00015185878501E+000, 1.02473397352473E+000, 1.00015185878501E+000, 1.02473397352473E+000, 9.89953362123097E-004, 1.20000000000000E+001
 3.12942411409362E+001, 1.00017990516318E+000, 1.02664498943128E+000, 1.00017990516318E+000, 1.02664498943128E+000, 9.99804246571201E-004, 7.45000000000000E+001
 3.13408836826315E+001, 1.00019389844960E+000, 1.02794217245064E+000, 1.00019389844960E+000, 1.02794217245064E+000, 9.99842206989787E-004, 7.00000000000000E+001
 3.13875262243268E+001, 1.00019403103548E+000, 1.02805360510983E+000, 1.00019403103548E+000, 1.02805360510983E+000, 9.99225633801171E-004, 1.00000000000000E+001
 3.14808113077174E+001, 1.00018554162596E+000, 1.02768563547437E+000, 1.00018554162596E+000, 1.02768563547437E+000, 9.60552673069381E-004, 9.00000000000000E+000
 3.15274538494127E+001, 1.00016829487889E+000, 1.02686549354142E+000, 1.00016829487889E+000, 1.02686549354142E+000, 9.69393331257118E-004, 1.00000000000000E+001
 3.15740963911080E+001, 1.00015057160392E+000, 1.02590422997933E+000, 1.00015057160392E+000, 1.02590422997933E+000, 9.83673341699243E-004, 1.20000000000000E+001
 3.16207389328033E+001, 1.00012962193728E+000, 1.02448164058219E+000, 1.00012962193728E+000, 1.02448164058219E+000, 9.76338960593903E-004, 1.20000000000000E+001
 3.17140240161939E+001, 1.00009755165315E+000, 1.02109954530177E+000, 1.00009755165315E+000, 1.02109954530177E+000, 9.63235692355346E-004, 1.30000000000000E+001
 3.17606665578892E+001, 1.00007009006262E+000, 1.01597717859558E+000, 1.00007009006262E+000, 1.01597717859558E+000, 9.82679323898505E-004, 1.40000000000000E+001
 3.18073090995845E+001, 1.00005570156542E+000, 1.01168478330766E+000, 1.00005570156542E+000, 1.01168478330766E+000, 9.77072772684551E-004, 1.20000000000000E+001
 3.19005941829751E+001, 1.00003795866502E+000, 1.00464884164384E+000, 1.00003795866502E+000, 1.00464884164384E+000, 9.93777435187804E-004, 9.50000000000000E+000
 3.19472367246704E+001, 1.00002195474188E+000, 9.97410623782569E-001, 1.00002195474188E+000, 9.97410623782569E-001, 9.66714012582974E-004, 8.00000000000000E+000
 3.19938792663657E+001, 1.00001091499117E+000, 9.92585197360041E-001, 1.00001091499117E+000, 9.92585197360041E-001, 9.52907052788277E-004, 9.00000000000000E+000
 3.20405218080610E+001, 9.99998957868068E-001, 9.87893523994430E-001, 9.99998957868068E-001, 9.87893523994430E-001, 9.23818304941593E-004, 1.00000000000000E+001
 3.21338068914516E+001, 9.99979550543762E-001, 9.81615373472389E-001, 9.99979550543762E-001, 9.81615373472389E-001, 9.35618198807608E-004, 1.15000000000000E+001
 3.21804494331469E+001, 9.99960768782959E-001, 9.76561636671131E-001, 9.99960768782959E-001, 9.76561636671131E-001, 9.49607841841171E-004, 1.20000000000000E+001
 3.22270919748422E+001, 9.99949773963292E-001, 9.74117705127721E-001, 9.99949773963292E-001, 9.74117705127721E-001, 9.22131843502871E-004, 1.20000000000000E+001
 3.23203770582328E+001, 9.99934009487469E-001, 9.71524649822907E-001, 9.99934009487469E-001, 9.71524649822907E-001, 9.17956027267852E-004, 1.20000000000000E+001
 3.23670195999281E+001, 9.99915516241457E-001, 9.69604962358365E-001, 9.99915516241457E-001, 9.69604962358365E-001, 9.10153732222252E-004, 1.20000000000000E+001
 3.24136621416234E+001, 9.99899167850139E-001, 9.68539826478399E-001, 9.99899167850139E-001, 9.68539826478399E-001, 9.89402417516549E-004, 1.20000000000000E+001
 3.24603046833188E+001, 9.99873664303160E-001, 9.67593917014331E-001, 9.99873664303160E-001, 9.67593917014331E-001, 9.99641689819641E-004, 2.70000000000000E+001
 3.25535897667094E+001, 9.99822289568788E-001, 9.67697383376770E-001, 9.99822289568788E-001, 9.67697383376770E-001, 9.99808946643865E-004, 1.68000000000000E+002
 3.26002323084047E+001, 9.99806286848399E-001, 9.70761439025307E-001, 9.99806286848399E-001, 9.70761439025307E-001, 9.99463933680111E-004, 6.70000000000000E+001
 3.26468748501000E+001, 9.99808426534402E-001, 9.72954176275927E-001, 9.99808426534402E-001, 9.72954176275927E-001, 9.90256883430018E-004, 1.00000000000000E+001
 3.27401599334906E+001, 9.99819853722409E-001, 9.76076307566697E-001, 9.99819853722409E-001, 9.76076307566697E-001, 9.57191552480141E-004, 8.50000000000000E+000
 3.27868024751859E+001, 9.99839473863757E-001, 9.79224774274755E-001, 9.99839473863757E-001, 9.79224774274755E-001, 8.24503570428403E-004, 1.00000000000000E+001
 3.28334450168812E+001, 9.99857552566528E-001, 9.81463078848497E-001, 9.99857552566528E-001, 9.81463078848497E-001, 8.51055908146048E-004, 1.00000000000000E+001
 3.28800875585765E+001, 9.99877684639517E-001, 9.83821830319548E-001, 9.99877684639517E-001, 9.83821830319548E-001, 8.75816602944113E-004, 1.00000000000000E+001
 3.29733726419671E+001, 9.99908225191730E-001, 9.87694257410888E-001, 9.99908225191730E-001, 9.87694257410888E-001, 7.88932622496574E-004, 1.00000000000000E+001
 3.30200151836624E+001, 9.99938332790465E-001, 9.91923121316334E-001, 9.99938332790465E-001, 9.91923121316334E-001, 9.64555067583417E-004, 8.00000000000000E+000
 3.30666577253577E+001, 9.99958748559244E-001, 9.95051132281819E-001, 9.99958748559244E-001, 9.95051132281819E-001, 9.83441296297016E-004, 8.00000000000000E+000
 3.31599428087483E+001, 9.99991936045705E-001, 1.00038540119569E+000, 9.99991936045705E-001, 1.00038540119569E+000, 9.49635515684388E-004, 9.00000000000000E+000
 3.32112496046132E+001, 1.00003133495599E+000, 1.00652789800316E+000, 1.00003133495599E+000, 1.00652789800316E+000, 8.74768183595442E-004, 1.00000000000000E+001
 3.32625564004780E+001, 1.00006035125721E+000, 1.01092950055352E+000, 1.00006035125721E+000, 1.01092950055352E+000, 8.73854506079796E-004, 1.00000000000000E+001
 3.33138631963428E+001, 1.00008949658900E+000, 1.01539482639939E+000, 1.00008949658900E+000, 1.01539482639939E+000, 8.56817494135687E-004, 1.00000000000000E+001
 3.33651699922077E+001, 1.00011767255881E+000, 1.01985810409057E+000, 1.00011767255881E+000, 1.01985810409057E+000, 8.35487571771099E-004, 1.00000000000000E+001
 3.34677835839373E+001, 1.00015610487432E+000, 1.02653291786078E+000, 1.00015610487432E+000, 1.02653291786078E+000, 9.48704069291040E-004, 1.10000000000000E+001
 3.35190903798022E+001, 1.00018813196895E+000, 1.03312936727862E+000, 1.00018813196895E+000, 1.03312936727862E+000, 9.70476096292083E-004, 1.50000000000000E+001
 3.35755278552535E+001, 1.00019598026832E+000, 1.03654106743157E+000, 1.00019598026832E+000, 1.03654106743157E+000, 9.99970619614432E-004, 7.50000000000000E+001
 3.36319653307048E+001, 1.00019291627161E+000, 1.03782009642327E+000, 1.00019291627161E+000, 1.03782009642327E+000, 9.99890456079400E-004, 1.11000000000000E+002
 3.36884028061561E+001, 1.00019312019007E+000, 1.03541468296177E+000, 1.00019312019007E+000, 1.03541468296177E+000, 9.99972101263458E-004, 2.53000000000000E+002
 3.37448402816074E+001, 1.00019212652358E+000, 1.03286462267411E+000, 1.00019212652358E+000, 1.03286462267411E+000, 9.95492103810003E-004, 1.80000000000000E+001
 3.38012777570588E+001, 1.00018933977382E+000, 1.03021838637946E+000, 1.00018933977382E+000, 1.03021838637946E+000, 9.94977961879417E-004, 1.80000000000000E+001
 3.38577152325101E+001, 1.00018588213963E+000, 1.02767155580987E+000, 1.00018588213963E+000, 1.02767155580987E+000, 9.90727001155545E-004, 1.40000000000000E+001
 3.39141527079614E+001, 1.00018171373804E+000, 1.02527990036097E+000, 1.00018171373804E+000, 1.02527990036097E+000, 9.92573603509017E-004, 1.00000000000000E+001
 3.39705901834127E+001, 1.00017668053632E+000, 1.02287971536447E+000, 1.00017668053632E+000, 1.02287971536447E+000, 9.60996628595945E-004, 1.00000000000000E+001
 3.40270276588640E+001, 1.00017085788577E+000, 1.02059051695763E+000, 1.00017085788577E+000, 1.02059051695763E+000, 9.91126135157616E-004, 8.00000000000000E+000
 3.40834651343153E+001, 1.00016307623168E+000, 1.01817205145344E+000, 1.00016307623168E+000, 1.01817205145344E+000, 8.93104089001784E-004, 1.00000000000000E+001
 3.41963400852180E+001, 1.00014700763185E+000, 1.01469853433063E+000, 1.00014700763185E+000, 1.01469853433063E+000, 8.09491161365750E-004, 1.00000000000000E+001
 3.42527775606693E+001, 1.00012506135216E+000, 1.01131386045864E+000, 1.00012506135216E+000, 1.01131386045864E+000, 7.35267904411030E-004, 1.00000000000000E+001
 3.43092150361206E+001, 1.00010694036451E+000, 1.00917073061522E+000, 1.00010694036451E+000, 1.00917073061522E+000, 9.28410145979663E-004, 8.00000000000000E+000
 3.43656525115719E+001, 1.00008641639946E+000, 1.00688128563003E+000, 1.00008641639946E+000, 1.00688128563003E+000, 8.93386107435168E-004, 8.00000000000000E+000
 3.44220899870233E+001, 1.00006282207390E+000, 1.00429859278960E+000, 1.00006282207390E+000, 1.00429859278960E+000, 7.68422868516749E-004, 9.00000000000000E+000
 3.44785274624746E+001, 1.00003554309650E+000, 1.00163664104857E+000, 1.00003554309650E+000, 1.00163664104857E+000, 8.98635518040036E-004, 9.00000000000000E+000
 3.45349649379259E+001, 1.00000358011407E+000, 9.98879152258618E-001, 1.00000358011407E+000, 9.98879152258618E-001, 8.99631060909289E-004, 9.00000000000000E+000
 3.45914024133772E+001, 9.99967402201333E-001, 9.96036243328340E-001, 9.99967402201333E-001, 9.96036243328340E-001, 9.47411791719643E-004, 8.00000000000000E+000
 3.46478398888285E+001, 9.99927739643254E-001, 9.93040065726919E-001, 9.99927739643254E-001, 9.93040065726919E-001, 9.54609201618162E-004, 8.00000000000000E+000
 3.47042773642798E+001, 9.99885603340139E-001, 9.89910559855688E-001, 9.99885603340139E-001, 9.89910559855688E-001, 8.89807273303234E-004, 8.00000000000000E+000
 3.47607148397312E+001, 9.99841412734871E-001, 9.86631651968447E-001, 9.99841412734871E-001, 9.86631651968447E-001, 9.76816303612224E-004, 1.00000000000000E+001
 3.48171523151825E+001, 9.99802843967649E-001, 9.82999213963243E-001, 9.99802843967649E-001, 9.82999213963243E-001, 9.99168369565262E-004, 7.70000000000000E+001
 3.48735897906338E+001, 9.99798939803692E-001, 9.78539106035499E-001, 9.99798939803692E-001, 9.78539106035499E-001, 9.99010610058026E-004, 5.90000000000000E+001
 3.49300272660851E+001, 9.99803173770774E-001, 9.73423122595732E-001, 9.99803173770774E-001, 9.73423122595732E-001, 9.95874062291069E-004, 1.20000000000000E+001
 3.49864647415364E+001, 9.99811913971140E-001, 9.68112316848253E-001, 9.99811913971140E-001, 9.68112316848253E-001, 9.83105410421459E-004, 1.00000000000000E+001
 3.50429022169878E+001, 9.99824287162688E-001, 9.63468235600792E-001, 9.99824287162688E-001, 9.63468235600792E-001, 9.90460408493599E-004, 1.90000000000000E+001
 3.51557771678904E+001, 9.99834662947873E-001, 9.59716289390027E-001, 9.99834662947873E-001, 9.59716289390027E-001, 9.99904227424575E-004, 7.65000000000000E+001
 3.52059305075297E+001, 9.99828583504574E-001, 9.59156121951821E-001, 9.99828583504574E-001, 9.59156121951821E-001, 9.99580186637816E-004, 4.30000000000000E+001
 3.52560838471690E+001, 9.99818602522972E-001, 9.59972700056543E-001, 9.99818602522972E-001, 9.59972700056543E-001, 9.98176484203750E-004, 3.20000000000000E+001
 3.53062371868083E+001, 9.99811809412918E-001, 9.63072214623567E-001, 9.99811809412918E-001, 9.63072214623567E-001, 9.99991160596236E-004, 1.00000000000000E+002
 3.53563905264476E+001, 9.99811240656732E-001, 9.66831596597900E-001, 9.99811240656732E-001, 9.66831596597900E-001, 9.99953139737109E-004, 4.30000000000000E+001
 3.54065438660869E+001, 9.99813027489937E-001, 9.70677562884201E-001, 9.99813027489937E-001, 9.70677562884201E-001, 9.96636595376632E-004, 1.40000000000000E+001
 3.55068505453655E+001, 9.99818084787632E-001, 9.76692187699695E-001, 9.99818084787632E-001, 9.76692187699695E-001, 9.80279998339162E-004, 9.00000000000000E+000
 3.55570038850048E+001, 9.99826994829681E-001, 9.82981497046123E-001, 9.99826994829681E-001, 9.82981497046123E-001, 9.31945709615967E-004, 8.00000000000000E+000
 3.56071572246441E+001, 9.99836248245951E-001, 9.87331848163122E-001, 9.99836248245951E-001, 9.87331848163122E-001, 8.96728609553588E-004, 8.00000000000000E+000
 3.56516553510606E+001, 9.99847575008871E-001, 9.91264052776674E-001, 9.99847575008871E-001, 9.91264052776674E-001, 8.29840053131248E-004, 8.00000000000000E+000
 3.57406516038936E+001, 9.99869545894117E-001, 9.97284928442368E-001, 9.99869545894117E-001, 9.97284928442368E-001, 9.46010153527577E-004, 8.00000000000000E+000
 3.57851497303101E+001, 9.99898522896513E-001, 1.00349227868417E+000, 9.99898522896513E-001, 1.00349227868417E+000, 9.53578564524466E-004, 1.00000000000000E+001
 3.58296478567266E+001, 9.99920977281063E-001, 1.00767872176381E+000, 9.99920977281063E-001, 1.00767872176381E+000, 9.96345494538003E-004, 1.00000000000000E+001
 3.59186441095596E+001, 9.99953956531309E-001, 1.01377623573757E+000, 9.99953956531309E-001, 1.01377623573757E+000, 9.34786523244579E-004, 1.20000000000000E+001
 3.59631422359760E+001, 9.99982580906862E-001, 1.01954562590725E+000, 9.99982580906862E-001, 1.01954562590725E+000, 9.07021693736354E-004, 1.20000000000000E+001
 3.60076403623925E+001, 1.00000047471377E+000, 1.02312623163720E+000, 1.00000047471377E+000, 1.02312623163720E+000, 9.56148923604294E-004, 1.20000000000000E+001
 3.60966366152255E+001, 1.00003322561160E+000, 1.02801588180403E+000, 1.00003322561160E+000, 1.02801588180403E+000, 9.60482677363705E-004, 1.20000000000000E+001
 3.61411347416420E+001, 1.00007832129270E+000, 1.03217961563957E+000, 1.00007832129270E+000, 1.03217961563957E+000, 9.89592507428805E-004, 1.40000000000000E+001
 3.61856328680585E+001, 1.00012072175266E+000, 1.03406151623777E+000, 1.00012072175266E+000, 1.03406151623777E+000, 9.93342778519424E-004, 2.00000000000000E+001
 3.62746291208915E+001, 1.00017991891472E+000, 1.03362675354697E+000, 1.00017991891472E+000, 1.03362675354697E+000, 9.98696607910325E-004, 1.75000000000000E+002
 3.63191272473080E+001, 1.00019424226792E+000, 1.02866241046942E+000, 1.00019424226792E+000, 1.02866241046942E+000, 9.99960059699601E-004, 6.10000000000000E+001
 3.63636253737245E+001, 1.00019373720219E+000, 1.02517451763844E+000, 1.00019373720219E+000, 1.02517451763844E+000, 9.98559024275703E-004, 1.20000000000000E+001
 3.64664160457466E+001, 1.00018526520892E+000, 1.01900282175256E+000, 1.00018526520892E+000, 1.01900282175256E+000, 9.94348311485752E-004, 9.47619047619048E+000
 3.65202587787105E+001, 1.00016992258369E+000, 1.01271322508628E+000, 1.00016992258369E+000, 1.01271322508628E+000, 9.66729256689058E-004, 1.00000000000000E+001
 3.65741015116745E+001, 1.00015563906606E+000, 1.00878259106453E+000, 1.00015563906606E+000, 1.00878259106453E+000, 9.77310198728265E-004, 1.00000000000000E+001
 3.66279442446384E+001, 1.00013918927689E+000, 1.00539420665407E+000, 1.00013918927689E+000, 1.00539420665407E+000, 9.15947977451426E-004, 1.10000000000000E+001
 3.66817869776024E+001, 1.00012275312551E+000, 1.00273614244973E+000, 1.00012275312551E+000, 1.00273614244973E+000, 9.10257245996471E-004, 1.20000000000000E+001
 3.67356297105664E+001, 1.00010941386820E+000, 1.00089120385061E+000, 1.00010941386820E+000, 1.00089120385061E+000, 8.98732328823204E-004, 1.20000000000000E+001
 3.67894724435303E+001, 1.00010117419296E+000, 9.99810240404151E-001, 1.00010117419296E+000, 9.99810240404151E-001, 8.48896436027591E-004, 1.20000000000000E+001
 3.68433151764943E+001, 1.00009827099151E+000, 9.99387091042890E-001, 1.00009827099151E+000, 9.99387091042890E-001, 9.15166796465749E-004, 1.00000000000000E+001
 3.69510006424222E+001, 1.00010035901039E+000, 9.99627829899624E-001, 1.00010035901039E+000, 9.99627829899624E-001, 8.75685073167931E-004, 9.50000000000000E+000
 3.70048433753862E+001, 1.00010409769764E+000, 1.00038579571243E+000, 1.00010409769764E+000, 1.00038579571243E+000, 9.77987098330635E-004, 8.00000000000000E+000
 3.70586861083501E+001, 1.00010394410021E+000, 1.00103557472991E+000, 1.00010394410021E+000, 1.00103557472991E+000, 9.10042961153712E-004, 8.00000000000000E+000
 3.71125288413141E+001, 1.00009932144358E+000, 1.00162242643967E+000, 1.00009932144358E+000, 1.00162242643967E+000, 9.86516626959200E-004, 9.00000000000000E+000
 3.71663715742780E+001, 1.00008737299103E+000, 1.00203932621983E+000, 1.00008737299103E+000, 1.00203932621983E+000, 9.04647508804812E-004, 1.10000000000000E+001
 3.72202143072420E+001, 1.00006471498893E+000, 1.00220657004329E+000, 1.00006471498893E+000, 1.00220657004329E+000, 9.32764284420573E-004, 1.20000000000000E+001
 3.72740570402059E+001, 1.00002952162135E+000, 1.00205134329273E+000, 1.00002952162135E+000, 1.00205134329273E+000, 9.74095993873381E-004, 1.20000000000000E+001
 3.73332840464663E+001, 9.99978725664042E-001, 1.00148454473580E+000, 9.99978725664042E-001, 1.00148454473580E+000, 9.57006288675455E-004, 1.30000000000000E+001
 3.73925110527267E+001, 9.99918917844535E-001, 1.00045540064260E+000, 9.99918917844535E-001, 1.00045540064260E+000, 9.62878127497291E-004, 1.70000000000000E+001
 3.74517380589870E+001, 9.99858646071438E-001, 9.99012079779938E-001, 9.99858646071438E-001, 9.99012079779938E-001, 9.87713584484462E-004, 1.50000000000000E+001
 3.75109650652474E+001, 9.99804214921922E-001, 9.97208673397449E-001, 9.99804214921922E-001, 9.97208673397449E-001, 9.94148683714280E-004, 1.30000000000000E+001
 3.75636499360932E+001, 9.99796679270493E-001, 9.94602529219499E-001, 9.99796679270493E-001, 9.94602529219499E-001, 9.99349691551243E-004, 6.60000000000000E+001
 3.76690196777848E+001, 9.99803808333994E-001, 9.89998898779291E-001, 9.99803808333994E-001, 9.89998898779291E-001, 9.95721624395152E-004, 1.50000000000000E+001
 3.77217045486306E+001, 9.99816188020206E-001, 9.85297332725477E-001, 9.99816188020206E-001, 9.85297332725477E-001, 9.67654001445384E-004, 8.00000000000000E+000
 3.77743894194764E+001, 9.99826485121460E-001, 9.82366541824566E-001, 9.99826485121460E-001, 9.82366541824566E-001, 9.84407140058874E-004, 8.00000000000000E+000
 3.78270742903222E+001, 9.99841108556567E-001, 9.79807134878175E-001, 9.99841108556567E-001, 9.79807134878175E-001, 8.36424678191561E-004, 1.00000000000000E+001
 3.78797591611680E+001, 9.99863947909353E-001, 9.77778368000145E-001, 9.99863947909353E-001, 9.77778368000145E-001, 9.00120696615048E-004, 1.00000000000000E+001
 3.79324440320138E+001, 9.99895908605300E-001, 9.76361220354194E-001, 9.99895908605300E-001, 9.76361220354194E-001, 8.71535631314480E-004, 1.00000000000000E+001
 3.79851289028596E+001, 9.99933074443255E-001, 9.75576259570222E-001, 9.99933074443255E-001, 9.75576259570222E-001, 9.43992557187689E-004, 1.00000000000000E+001
 3.80904986445513E+001, 9.99982046671444E-001, 9.75617984276220E-001, 9.99982046671444E-001, 9.75617984276220E-001, 9.54376072696106E-004, 1.40000000000000E+001
 3.81431835153971E+001, 1.00000713760921E+000, 9.76646277092613E-001, 1.00000713760921E+000, 9.76646277092613E-001, 9.98294103620623E-004, 1.70000000000000E+001
 3.81958683862429E+001, 1.00000730579563E+000, 9.77689203611314E-001, 1.00000730579563E+000, 9.77689203611314E-001, 9.86715732824051E-004, 1.70000000000000E+001
 3.82538217441733E+001, 1.00000173122077E+000, 9.78906821390769E-001, 1.00000173122077E+000, 9.78906821390769E-001, 9.64951103807898E-004, 1.40000000000000E+001
 3.83117751021037E+001, 9.99994025953086E-001, 9.80075295789798E-001, 9.99994025953086E-001, 9.80075295789798E-001, 9.57685907621908E-004, 1.20000000000000E+001
 3.83697284600340E+001, 9.99985266901439E-001, 9.81142090880139E-001, 9.99985266901439E-001, 9.81142090880139E-001, 9.86349626593330E-004, 1.00000000000000E+001
 3.84276818179644E+001, 9.99974590336301E-001, 9.82095807856216E-001, 9.99974590336301E-001, 9.82095807856216E-001, 9.83284361215198E-004, 1.20000000000000E+001
 3.84856351758948E+001, 9.99959213414323E-001, 9.82995235424871E-001, 9.99959213414323E-001, 9.82995235424871E-001, 9.79912764287993E-004, 1.20000000000000E+001
 3.85435885338252E+001, 9.99937283166819E-001, 9.83838525884491E-001, 9.99937283166819E-001, 9.83838525884491E-001, 9.93002537797660E-004, 1.10000000000000E+001
 3.86015418917556E+001, 9.99908536128759E-001, 9.84573662613012E-001, 9.99908536128759E-001, 9.84573662613012E-001, 9.67477591435006E-004, 1.00000000000000E+001
 3.86594952496860E+001, 9.99872870384643E-001, 9.85111487233530E-001, 9.99872870384643E-001, 9.85111487233530E-001, 9.78740336839756E-004, 1.20000000000000E+001
 3.87174486076164E+001, 9.99832379153420E-001, 9.85372389978299E-001, 9.99832379153420E-001, 9.85372389978299E-001, 9.91188788605157E-004, 1.40000000000000E+001
 3.87754019655468E+001, 9.99810278368996E-001, 9.84118326128900E-001, 9.99810278368996E-001, 9.84118326128900E-001, 9.99491552343024E-004, 9.60000000000000E+001
 3.88333553234771E+001, 9.99802613352723E-001, 9.82770216409718E-001, 9.99802613352723E-001, 9.82770216409718E-001, 9.99688368149676E-004, 1.90000000000000E+001
 3.88913086814075E+001, 9.99803795214508E-001, 9.81520025605336E-001, 9.99803795214508E-001, 9.81520025605336E-001, 9.81434833917105E-004, 1.00000000000000E+001
 3.89492620393379E+001, 9.99813414297490E-001, 9.80465698912871E-001, 9.99813414297490E-001, 9.80465698912871E-001, 9.34352768686808E-004, 8.00000000000000E+000
 3.90072153972683E+001, 9.99830893455578E-001, 9.79638284458972E-001, 9.99830893455578E-001, 9.79638284458972E-001, 8.88455181344394E-004, 8.00000000000000E+000
 3.90651687551987E+001, 9.99857759415191E-001, 9.78931671218307E-001, 9.99857759415191E-001, 9.78931671218307E-001, 9.13134458710108E-004, 1.20000000000000E+001
 3.91231221131291E+001, 9.99890768128738E-001, 9.78370998888946E-001, 9.99890768128738E-001, 9.78370998888946E-001, 9.91563311697030E-004, 1.20000000000000E+001
 3.91810754710595E+001, 9.99924403833748E-001, 9.77913201020607E-001, 9.99924403833748E-001, 9.77913201020607E-001, 9.28720218543289E-004, 1.40000000000000E+001
 3.92969821869202E+001, 9.99962385574058E-001, 9.77609846961531E-001, 9.99962385574058E-001, 9.77609846961531E-001, 9.51822557874516E-004, 1.20000000000000E+001
 3.93549355448506E+001, 9.99982267376213E-001, 9.77681291959864E-001, 9.99982267376213E-001, 9.77681291959864E-001, 9.91184063959372E-004, 1.10000000000000E+001
 3.94128889027810E+001, 9.99984066350983E-001, 9.77935001390403E-001, 9.99984066350983E-001, 9.77935001390403E-001, 9.88815733800497E-004, 1.20000000000000E+001
 3.94708422607114E+001, 9.99980391947756E-001, 9.78271737380604E-001, 9.99980391947756E-001, 9.78271737380604E-001, 9.59897458413295E-004, 1.20000000000000E+001
 3.95287956186418E+001, 9.99973311318520E-001, 9.78582447960920E-001, 9.99973311318520E-001, 9.78582447960920E-001, 9.42173319412820E-004, 1.00000000000000E+001
 3.95867489765722E+001, 9.99962787412854E-001, 9.78897345517463E-001, 9.99962787412854E-001, 9.78897345517463E-001, 9.70653116337594E-004, 9.00000000000000E+000
 3.96447023345026E+001, 9.99947721138306E-001, 9.79399908193001E-001, 9.99947721138306E-001, 9.79399908193001E-001, 8.76167444201492E-004, 1.10000000000000E+001
 3.97026556924329E+001, 9.99928327379381E-001, 9.80184632792631E-001, 9.99928327379381E-001, 9.80184632792631E-001, 8.97440755226464E-004, 1.30000000000000E+001
 3.97606090503633E+001, 9.99907188149049E-001, 9.81238970134952E-001, 9.99907188149049E-001, 9.81238970134952E-001, 9.85412298708077E-004, 1.40000000000000E+001
 3.98185624082937E+001, 9.99888032919556E-001, 9.82559974872030E-001, 9.99888032919556E-001, 9.82559974872030E-001, 9.43865373538966E-004, 1.50000000000000E+001
 3.98765157662241E+001, 9.99874185571382E-001, 9.84132464622553E-001, 9.99874185571382E-001, 9.84132464622553E-001, 9.55684365709253E-004, 1.40000000000000E+001
 3.99344691241545E+001, 9.99867385037951E-001, 9.85886455125238E-001, 9.99867385037951E-001, 9.85886455125238E-001, 9.32233264242299E-004, 1.20000000000000E+001
 3.99834795707808E+001, 9.99867993294587E-001, 9.87518361332569E-001, 9.99867993294587E-001, 9.87518361332569E-001, 9.84568865999957E-004, 1.00000000000000E+001
 4.00324900174071E+001, 9.99875981366758E-001, 9.89259232992894E-001, 9.99875981366758E-001, 9.89259232992894E-001, 9.36902029694986E-004, 1.00000000000000E+001
 4.01199443725915E+001, 9.99898002997593E-001, 9.91739106931410E-001, 9.99898002997593E-001, 9.91739106931410E-001, 9.52694246692642E-004, 8.50000000000000E+000
 4.01636715501837E+001, 9.99928781443711E-001, 9.94240910130734E-001, 9.99928781443711E-001, 9.94240910130734E-001, 8.38631085211539E-004, 8.00000000000000E+000
 4.02073987277759E+001, 9.99952474011367E-001, 9.95873549534913E-001, 9.99952474011367E-001, 9.95873549534913E-001, 9.90678365518249E-004, 7.00000000000000E+000
 4.02850248795282E+001, 9.99985009289048E-001, 9.97866578985125E-001, 9.99985009289048E-001, 9.97866578985125E-001, 7.38952183427011E-004, 7.00000000000000E+000
 4.03238379554044E+001, 1.00001574173025E+000, 9.99636100426383E-001, 1.00001574173025E+000, 9.99636100426383E-001, 7.40910723412203E-004, 7.00000000000000E+000
 4.04014641071567E+001, 1.00004072949495E+000, 1.00107539307006E+000, 1.00004072949495E+000, 1.00107539307006E+000, 8.71567423697650E-004, 6.50000000000000E+000
 4.04402771830328E+001, 1.00005932266509E+000, 1.00219600297726E+000, 1.00005932266509E+000, 1.00219600297726E+000, 9.25956167417752E-004, 7.00000000000000E+000
 4.05179033347851E+001, 1.00006917883713E+000, 1.00287175023856E+000, 1.00006917883713E+000, 1.00287175023856E+000, 9.02935714645212E-004, 7.50000000000000E+000
 4.05955294865374E+001, 1.00007293704595E+000, 1.00332735046813E+000, 1.00007293704595E+000, 1.00332735046813E+000, 9.25807169636306E-004, 8.00000000000000E+000
 4.06343425624136E+001, 1.00007181705500E+000, 1.00359387848843E+000, 1.00007181705500E+000, 1.00359387848843E+000, 9.04739592031634E-004, 9.00000000000000E+000
 4.07119687141659E+001, 1.00007032344673E+000, 1.00414961581106E+000, 1.00007032344673E+000, 1.00414961581106E+000, 9.56404965086088E-004, 9.00000000000000E+000
 4.07507817900420E+001, 1.00007059577534E+000, 1.00513817984843E+000, 1.00007059577534E+000, 1.00513817984843E+000, 9.85785102993963E-004, 9.00000000000000E+000
 4.08284079417943E+001, 1.00007472323594E+000, 1.00678047650668E+000, 1.00007472323594E+000, 1.00678047650668E+000, 9.83820632461580E-004, 9.00000000000000E+000
 4.08672210176705E+001, 1.00008314837442E+000, 1.00897567992160E+000, 1.00008314837442E+000, 1.00897567992160E+000, 8.93491253554812E-004, 1.00000000000000E+001
 4.09448471694228E+001, 1.00009775330641E+000, 1.01168826091697E+000, 1.00009775330641E+000, 1.01168826091697E+000, 9.48963830613464E-004, 8.00000000000000E+000
 4.09836602452989E+001, 1.00011731058206E+000, 1.01472207782163E+000, 1.00011731058206E+000, 1.01472207782163E+000, 9.29205947311385E-004, 8.00000000000000E+000
 4.10612863970512E+001, 1.00014156708374E+000, 1.01806689649806E+000, 1.00014156708374E+000, 1.01806689649806E+000, 9.26047575637745E-004, 8.00000000000000E+000
 4.11000994729274E+001, 1.00016760569256E+000, 1.02159589572579E+000, 1.00016760569256E+000, 1.02159589572579E+000, 9.79821271441139E-004, 8.00000000000000E+000
 4.11816069322673E+001, 1.00018790712838E+000, 1.02528649674594E+000, 1.00018790712838E+000, 1.02528649674594E+000, 9.96450148384559E-004, 3.55714285714286E+001
 4.12243013157310E+001, 1.00019282727579E+000, 1.02895708656975E+000, 1.00019282727579E+000, 1.02895708656975E+000, 9.98385190472018E-004, 1.20000000000000E+001
 4.13139595210050E+001, 1.00018484953281E+000, 1.03270690409014E+000, 1.00018484953281E+000, 1.03270690409014E+000, 9.81942596609912E-004, 1.10476190476190E+001
 4.13656197249961E+001, 1.00016134759202E+000, 1.03591529133366E+000, 1.00016134759202E+000, 1.03591529133366E+000, 9.96205925313909E-004, 1.70000000000000E+001
 4.14172799289873E+001, 1.00014018002206E+000, 1.03725067983611E+000, 1.00014018002206E+000, 1.03725067983611E+000, 9.98042551572542E-004, 1.80000000000000E+001
 4.14741061533775E+001, 1.00012073480936E+000, 1.03825742438916E+000, 1.00012073480936E+000, 1.03825742438916E+000, 9.97388924758202E-004, 1.40000000000000E+001
 4.15309323777678E+001, 1.00010641685124E+000, 1.03887125058512E+000, 1.00010641685124E+000, 1.03887125058512E+000, 9.53475906410484E-004, 1.30000000000000E+001
 4.15877586021581E+001, 1.00009819907260E+000, 1.03878912111533E+000, 1.00009819907260E+000, 1.03878912111533E+000, 9.80061897432938E-004, 1.40000000000000E+001
 4.16445848265484E+001, 1.00009526967951E+000, 1.03780126771707E+000, 1.00009526967951E+000, 1.03780126771707E+000, 9.84232994642786E-004, 1.40000000000000E+001
 4.17014110509386E+001, 1.00009690379763E+000, 1.03594122399622E+000, 1.00009690379763E+000, 1.03594122399622E+000, 9.95822886707742E-004, 1.40000000000000E+001
 4.18090266492623E+001, 1.00010647780463E+000, 1.03196644559708E+000, 1.00010647780463E+000, 1.03196644559708E+000, 9.23936141670213E-004, 1.25280482130422E+001
 4.18598160231957E+001, 1.00012086666818E+000, 1.02704516600603E+000, 1.00012086666818E+000, 1.02704516600603E+000, 9.87912888691156E-004, 1.10000000000000E+001
 4.19106053971291E+001, 1.00013186584616E+000, 1.02331479187956E+000, 1.00013186584616E+000, 1.02331479187956E+000, 9.84218587189556E-004, 1.10000000000000E+001
 4.19613947710625E+001, 1.00014242236695E+000, 1.01931126338964E+000, 1.00014242236695E+000, 1.01931126338964E+000, 8.64766479411694E-004, 1.00000000000000E+001
 4.20121841449958E+001, 1.00015155052987E+000, 1.01511769288767E+000, 1.00015155052987E+000, 1.01511769288767E+000, 9.99666663719312E-004, 9.00000000000000E+000
 4.20680524563226E+001, 1.00015826818118E+000, 1.01039627585239E+000, 1.00015826818118E+000, 1.01039627585239E+000, 9.51295962975829E-004, 9.00000000000000E+000
 4.21239207676493E+001, 1.00016159671847E+000, 1.00577483913129E+000, 1.00016159671847E+000, 1.00577483913129E+000, 9.50759207247853E-004, 1.00000000000000E+001
 4.22356573903028E+001, 1.00015280200599E+000, 9.99194959525031E-001, 1.00015280200599E+000, 9.99194959525031E-001, 9.69756785096657E-004, 1.20000000000000E+001
 4.22915257016295E+001, 1.00012532147769E+000, 9.93063455563480E-001, 1.00012532147769E+000, 9.93063455563480E-001, 9.55595530267375E-004, 1.40000000000000E+001
 4.23473940129562E+001, 1.00009664558671E+000, 9.89361704287225E-001, 1.00009664558671E+000, 9.89361704287225E-001, 9.83650981819961E-004, 1.20000000000000E+001
 4.24032623242829E+001, 1.00006459800159E+000, 9.86052840647375E-001, 1.00006459800159E+000, 9.86052840647375E-001, 9.46730761205328E-004, 1.20000000000000E+001
 4.24591306356097E+001, 1.00003190129179E+000, 9.83156444504060E-001, 1.00003190129179E+000, 9.83156444504060E-001, 9.32649259506313E-004, 1.40000000000000E+001
 4.25149989469364E+001, 9.99999826144171E-001, 9.80613100843992E-001, 9.99999826144171E-001, 9.80613100843992E-001, 9.61245953866346E-004, 1.40000000000000E+001
 4.25708672582631E+001, 9.99969131157068E-001, 9.78306965514683E-001, 9.99969131157068E-001, 9.78306965514683E-001, 9.52085439538064E-004, 1.60000000000000E+001
 4.26267355695898E+001, 9.99939468585586E-001, 9.76109914439127E-001, 9.99939468585586E-001, 9.76109914439127E-001, 9.85202740918983E-004, 1.60000000000000E+001
 4.26722440066857E+001, 9.99916935223383E-001, 9.74297656297956E-001, 9.99916935223383E-001, 9.74297656297956E-001, 9.54355567194198E-004, 1.40000000000000E+001
 4.27632608808774E+001, 9.99879835827835E-001, 9.71531648080158E-001, 9.99879835827835E-001, 9.71531648080158E-001, 9.79819748493677E-004, 1.15000000000000E+001
 4.28087693179732E+001, 9.99842054057196E-001, 9.68627661645691E-001, 9.99842054057196E-001, 9.68627661645691E-001, 9.96593919228461E-004, 1.10000000000000E+001
 4.28542777550690E+001, 9.99815911243680E-001, 9.66595214769729E-001, 9.99815911243680E-001, 9.66595214769729E-001, 9.98976368622673E-004, 2.60000000000000E+001
 4.29452946292607E+001, 9.99806979129905E-001, 9.68725441788990E-001, 9.99806979129905E-001, 9.68725441788990E-001, 9.99507420438639E-004, 1.44000000000000E+002
 4.29908030663566E+001, 9.99808336122993E-001, 9.71325154305205E-001, 9.99808336122993E-001, 9.71325154305205E-001, 9.90049293717821E-004, 1.00000000000000E+001
 4.30363115034524E+001, 9.99812305795074E-001, 9.73078492091486E-001, 9.99812305795074E-001, 9.73078492091486E-001, 9.95550416645008E-004, 8.00000000000000E+000
 4.30818199405482E+001, 9.99818954128544E-001, 9.74820106937646E-001, 9.99818954128544E-001, 9.74820106937646E-001, 9.67156545329528E-004, 9.00000000000000E+000
 4.31728368147399E+001, 9.99831500546413E-001, 9.77639173495673E-001, 9.99831500546413E-001, 9.77639173495673E-001, 9.16212138819650E-004, 9.00000000000000E+000
 4.32183452518358E+001, 9.99844022572243E-001, 9.80857574061005E-001, 9.99844022572243E-001, 9.80857574061005E-001, 9.84179592780521E-004, 9.00000000000000E+000
 4.32684045326412E+001, 9.99853116749872E-001, 9.83579087107381E-001, 9.99853116749872E-001, 9.83579087107381E-001, 7.64442796791887E-004, 1.00000000000000E+001
 4.33234697415272E+001, 9.99865615004376E-001, 9.86851083691861E-001, 9.99865615004376E-001, 9.86851083691861E-001, 6.96065205534557E-004, 1.00000000000000E+001
 4.34336001592991E+001, 9.99895288835758E-001, 9.92202698040326E-001, 9.99895288835758E-001, 9.92202698040326E-001, 8.21938759616669E-004, 9.00000000000000E+000
 4.34886653681851E+001, 9.99941209898046E-001, 9.97952401270518E-001, 9.99941209898046E-001, 9.97952401270518E-001, 8.00644030608914E-004, 1.00000000000000E+001
 4.35437305770710E+001, 9.99983426409548E-001, 1.00189293021396E+000, 9.99983426409548E-001, 1.00189293021396E+000, 8.60906903208267E-004, 1.00000000000000E+001
 4.35987957859570E+001, 1.00003301607983E+000, 1.00574086437044E+000, 1.00003301607983E+000, 1.00574086437044E+000, 9.70093299768493E-004, 1.00000000000000E+001
 4.36538609948430E+001, 1.00008811353071E+000, 1.00945133521787E+000, 1.00008811353071E+000, 1.00945133521787E+000, 9.89214085302281E-004, 1.00000000000000E+001
 4.37089262037290E+001, 1.00014675544684E+000, 1.01300919823513E+000, 1.00014675544684E+000, 1.01300919823513E+000, 9.94058862514913E-004, 1.30000000000000E+001
 4.37639914126149E+001, 1.00019212167855E+000, 1.01618755029485E+000, 1.00019212167855E+000, 1.01618755029485E+000, 9.99232404305217E-004, 1.18000000000000E+002
 4.38190566215009E+001, 1.00019824482662E+000, 1.02002419475643E+000, 1.00019824482662E+000, 1.02002419475643E+000, 9.99671516869416E-004, 5.50000000000000E+001
 4.38741218303869E+001, 1.00019786017282E+000, 1.02387633033205E+000, 1.00019786017282E+000, 1.02387633033205E+000, 9.84374581927017E-004, 1.00000000000000E+001
 4.39291870392728E+001, 1.00018551257749E+000, 1.02784070762238E+000, 1.00018551257749E+000, 1.02784070762238E+000, 9.87650147643793E-004, 1.30000000000000E+001
 4.39842522481588E+001, 1.00015479960448E+000, 1.03120255199017E+000, 1.00015479960448E+000, 1.03120255199017E+000, 9.96268026630887E-004, 3.10000000000000E+001
 4.40885307806219E+001, 1.00009460420680E+000, 1.03286352625857E+000, 1.00009460420680E+000, 1.03286352625857E+000, 9.99600511794265E-004, 3.44489426669616E+001
 4.41377441041990E+001, 1.00004596649393E+000, 1.03195012507304E+000, 1.00004596649393E+000, 1.03195012507304E+000, 9.96549225775967E-004, 2.10000000000000E+001
 4.41869574277761E+001, 1.00002526398156E+000, 1.03038859663507E+000, 1.00002526398156E+000, 1.03038859663507E+000, 9.80159134860603E-004, 1.60000000000000E+001
 4.42361707513532E+001, 1.00001249513102E+000, 1.02838648472335E+000, 1.00001249513102E+000, 1.02838648472335E+000, 9.53300756582287E-004, 1.40000000000000E+001
 4.42853840749303E+001, 1.00000618739288E+000, 1.02608029596404E+000, 1.00000618739288E+000, 1.02608029596404E+000, 9.96234668797058E-004, 1.20000000000000E+001
 4.43838107220846E+001, 1.00000645787023E+000, 1.02216478010900E+000, 1.00000645787023E+000, 1.02216478010900E+000, 9.55363274560139E-004, 1.10000000000000E+001
 4.44330240456617E+001, 1.00001266254966E+000, 1.01787896205209E+000, 1.00001266254966E+000, 1.01787896205209E+000, 9.82578508976983E-004, 9.00000000000000E+000
 4.44822373692388E+001, 1.00001861695986E+000, 1.01479344503385E+000, 1.00001861695986E+000, 1.01479344503385E+000, 9.51004430426616E-004, 8.00000000000000E+000
 4.45314506928159E+001, 1.00002451073651E+000, 1.01158026088137E+000, 1.00002451073651E+000, 1.01158026088137E+000, 8.32984106705625E-004, 8.00000000000000E+000
 4.45806640163930E+001, 1.00002992670957E+000, 1.00830705997286E+000, 1.00002992670957E+000, 1.00830705997286E+000, 7.29775635562646E-004, 8.00000000000000E+000
 4.46790906635473E+001, 1.00003617985421E+000, 1.00345499909694E+000, 1.00003617985421E+000, 1.00345499909694E+000, 6.80106863490404E-004, 8.00000000000000E+000
 4.47283039871244E+001, 1.00004043635197E+000, 9.98837410147239E-001, 1.00004043635197E+000, 9.98837410147239E-001, 9.69006458143795E-004, 7.00000000000000E+000
 4.47775173107015E+001, 1.00004195578616E+000, 9.96177514625693E-001, 1.00004195578616E+000, 9.96177514625693E-001, 7.93213016920147E-004, 8.00000000000000E+000
 4.48267306342786E+001, 1.00004247516216E+000, 9.93955636535643E-001, 1.00004247516216E+000, 9.93955636535643E-001, 9.37882556994230E-004, 8.00000000000000E+000
 4.49251572814328E+001, 1.00004130657629E+000, 9.91637626484672E-001, 1.00004130657629E+000, 9.91637626484672E-001, 9.60833244212589E-004, 9.00000000000000E+000
 4.49743706050099E+001, 1.00003803909448E+000, 9.90157185782594E-001, 1.00003803909448E+000, 9.90157185782594E-001, 9.31008566568359E-004, 9.00000000000000E+000
 4.50235839285871E+001, 1.00003413988543E+000, 9.89575486318395E-001, 1.00003413988543E+000, 9.89575486318395E-001, 9.67225679386563E-004, 8.00000000000000E+000
 4.50727972521642E+001, 1.00002873039481E+000, 9.89214655024774E-001, 1.00002873039481E+000, 9.89214655024774E-001, 9.38868983160618E-004, 8.00000000000000E+000
 4.51220105757413E+001, 1.00002137771041E+000, 9.89014216562464E-001, 1.00002137771041E+000, 9.89014216562464E-001, 9.76356165261594E-004, 8.00000000000000E+000
 4.52204372228955E+001, 1.00000513814035E+000, 9.89039184940665E-001, 1.00000513814035E+000, 9.89039184940665E-001, 9.98551700261419E-004, 8.00000000000000E+000
 4.52696505464726E+001, 9.99983254654659E-001, 9.89564458622572E-001, 9.99983254654659E-001, 9.89564458622572E-001, 8.42346305669261E-004, 1.00000000000000E+001
 4.53188638700497E+001, 9.99965130197155E-001, 9.90448142785279E-001, 9.99965130197155E-001, 9.90448142785279E-001, 9.94328753599616E-004, 9.00000000000000E+000
 4.53680771936268E+001, 9.99946072200807E-001, 9.91830582820153E-001, 9.99946072200807E-001, 9.91830582820153E-001, 8.86003209733310E-004, 1.00000000000000E+001
 4.54665038407811E+001, 9.99918474331175E-001, 9.94844060996007E-001, 9.99918474331175E-001, 9.94844060996007E-001, 8.91660415879708E-004, 9.00000000000000E+000
 4.55157171643582E+001, 9.99895348519467E-001, 9.98518349786001E-001, 9.99895348519467E-001, 9.98518349786001E-001, 8.01330976327064E-004, 9.00000000000000E+000
 4.55649304879353E+001, 9.99884388374078E-001, 1.00120519328527E+000, 9.99884388374078E-001, 1.00120519328527E+000, 8.75486528929548E-004, 9.00000000000000E+000
 4.56190651438701E+001, 9.99876774995823E-001, 1.00425400258272E+000, 9.99876774995823E-001, 1.00425400258272E+000, 8.51446807358824E-004, 1.00000000000000E+001
 4.56731997998049E+001, 9.99874066253742E-001, 1.00728552288392E+000, 9.99874066253742E-001, 1.00728552288392E+000, 9.58817241617060E-004, 1.00000000000000E+001
 4.57273344557398E+001, 9.99876941314313E-001, 1.01004696366709E+000, 9.99876941314313E-001, 1.01004696366709E+000, 9.93649383792095E-004, 1.30000000000000E+001
 4.57814691116746E+001, 9.99885645476571E-001, 1.01235952675777E+000, 9.99885645476571E-001, 1.01235952675777E+000, 9.98958522448024E-004, 1.90000000000000E+001
 4.58897384235442E+001, 9.99904178858927E-001, 1.01457505581432E+000, 9.99904178858927E-001, 1.01457505581432E+000, 9.97139608984954E-004, 1.60000000000000E+001
 4.59438730794791E+001, 9.99926927950549E-001, 1.01531602263899E+000, 9.99926927950549E-001, 1.01531602263899E+000, 9.84376461209191E-004, 1.40000000000000E+001
 4.59980077354139E+001, 9.99946004950260E-001, 1.01495764235866E+000, 9.99946004950260E-001, 1.01495764235866E+000, 9.28964077246741E-004, 1.40000000000000E+001
 4.60521423913487E+001, 9.99968077812009E-001, 1.01418370954417E+000, 9.99968077812009E-001, 1.01418370954417E+000, 9.29984843014875E-004, 1.20000000000000E+001
 4.61062770472835E+001, 9.99992828090424E-001, 1.01316420690402E+000, 9.99992828090424E-001, 1.01316420690402E+000, 9.91222727649843E-004, 1.00000000000000E+001
 4.61604117032184E+001, 1.00001934874035E+000, 1.01204468362501E+000, 1.00001934874035E+000, 1.01204468362501E+000, 9.61468522785003E-004, 1.00000000000000E+001
 4.62145463591532E+001, 1.00004709747890E+000, 1.01094692099476E+000, 1.00004709747890E+000, 1.01094692099476E+000, 9.01233671971813E-004, 1.00000000000000E+001
 4.62686810150880E+001, 1.00007525624620E+000, 1.00998764819106E+000, 1.00007525624620E+000, 1.00998764819106E+000, 8.45705943922415E-004, 1.00000000000000E+001
 4.63228156710228E+001, 1.00010343818106E+000, 1.00922790655212E+000, 1.00010343818106E+000, 1.00922790655212E+000, 9.80861776810560E-004, 9.00000000000000E+000
 4.64310849828925E+001, 1.00014341736436E+000, 1.00866197742090E+000, 1.00014341736436E+000, 1.00866197742090E+000, 8.50783736908722E-004, 1.00000000000000E+001
 4.64852196388273E+001, 1.00018101276674E+000, 1.00856809872702E+000, 1.00018101276674E+000, 1.00856809872702E+000, 9.76151354875832E-004, 1.00000000000000E+001
 4.65393542947621E+001, 1.00019502179492E+000, 1.00975485095816E+000, 1.00019502179492E+000, 1.00975485095816E+000, 9.99972509361791E-004, 8.50000000000000E+001
 4.65934889506970E+001, 1.00020096112097E+000, 1.01043533938459E+000, 1.00020096112097E+000, 1.01043533938459E+000, 9.99730553505884E-004, 1.40000000000000E+001
 4.66476236066318E+001, 1.00019957144247E+000, 1.01069423315514E+000, 1.00019957144247E+000, 1.01069423315514E+000, 9.94749921440330E-004, 9.00000000000000E+000
 4.67017582625666E+001, 1.00018701881768E+000, 1.01088917467188E+000, 1.00018701881768E+000, 1.01088917467188E+000, 9.76563867928659E-004, 1.00000000000000E+001
 4.67558929185014E+001, 1.00016558728219E+000, 1.01120215835703E+000, 1.00016558728219E+000, 1.01120215835703E+000, 9.80300720991867E-004, 1.00000000000000E+001
 4.68100275744363E+001, 1.00013768431451E+000, 1.01160160704192E+000, 1.00013768431451E+000, 1.01160160704192E+000, 9.05093312224325E-004, 1.00000000000000E+001
 4.68641622303711E+001, 1.00010626634818E+000, 1.01197393133159E+000, 1.00010626634818E+000, 1.01197393133159E+000, 9.94299981490476E-004, 1.00000000000000E+001
 4.69724315422407E+001, 1.00006048231337E+000, 1.01202229286565E+000, 1.00006048231337E+000, 1.01202229286565E+000, 9.35079852651288E-004, 1.10000000000000E+001
 4.70265661981756E+001, 1.00002108002903E+000, 1.01116760124622E+000, 1.00002108002903E+000, 1.01116760124622E+000, 9.47571537796676E-004, 1.00000000000000E+001
 4.70807008541104E+001, 9.99999568007716E-001, 1.01006558704541E+000, 9.99999568007716E-001, 1.01006558704541E+000, 8.88035051710201E-004, 1.00000000000000E+001
 4.71348355100452E+001, 9.99980966672996E-001, 1.00869514851959E+000, 9.99980966672996E-001, 1.00869514851959E+000, 8.64306806783510E-004, 1.00000000000000E+001
 4.71889701659800E+001, 9.99964448635189E-001, 1.00713040104429E+000, 9.99964448635189E-001, 1.00713040104429E+000, 9.26840847576660E-004, 1.00000000000000E+001
 4.72431048219148E+001, 9.99949161801711E-001, 1.00545734029037E+000, 9.99949161801711E-001, 1.00545734029037E+000, 9.31014355742610E-004, 1.00000000000000E+001
 4.72972394778497E+001, 9.99934619344574E-001, 1.00371264759376E+000, 9.99934619344574E-001, 1.00371264759376E+000, 9.95354352768318E-004, 1.00000000000000E+001
 4.73513741337845E+001, 9.99920799418645E-001, 1.00188583806527E+000, 9.99920799418645E-001, 1.00188583806527E+000, 8.59552843132771E-004, 1.20000000000000E+001
 4.74055087897193E+001, 9.99907613713001E-001, 9.99890877169257E-001, 9.99907613713001E-001, 9.99890877169257E-001, 8.46479554440727E-004, 1.20000000000000E+001
 4.75137781015890E+001, 9.99892513355100E-001, 9.96660222002734E-001, 9.99892513355100E-001, 9.96660222002734E-001, 8.04600246175947E-004, 1.00000000000000E+001
 4.75679127575238E+001, 9.99885681356805E-001, 9.93303388925883E-001, 9.99885681356805E-001, 9.93303388925883E-001, 8.82546765597341E-004, 1.00000000000000E+001
 4.76220474134586E+001, 9.99888148253898E-001, 9.90901174595530E-001, 9.99888148253898E-001, 9.90901174595530E-001, 9.71951337934044E-004, 1.00000000000000E+001
 4.76761820693934E+001, 9.99896554417570E-001, 9.88341779125868E-001, 9.99896554417570E-001, 9.88341779125868E-001, 8.91051813460445E-004, 1.10000000000000E+001
 4.77303167253283E+001, 9.99909789811835E-001, 9.85705543314960E-001, 9.99909789811835E-001, 9.85705543314960E-001, 9.55370405180304E-004, 1.00000000000000E+001
 4.77844513812631E+001, 9.99927039353085E-001, 9.83156553870079E-001, 9.99927039353085E-001, 9.83156553870079E-001, 9.39970020426006E-004, 1.00000000000000E+001
 4.78385860371979E+001, 9.99946476034387E-001, 9.80860963262930E-001, 9.99946476034387E-001, 9.80860963262930E-001, 9.50495899039616E-004, 1.20000000000000E+001
 4.78927206931327E+001, 9.99965051662355E-001, 9.78890225969602E-001, 9.99965051662355E-001, 9.78890225969602E-001, 9.91736723059855E-004, 1.80000000000000E+001
 4.79468553490676E+001, 9.99977301261356E-001, 9.77640555295345E-001, 9.99977301261356E-001, 9.77640555295345E-001, 9.98722307954836E-004, 2.00000000000000E+001
 4.80009900050024E+001, 9.99979252454516E-001, 9.77257178262401E-001, 9.99979252454516E-001, 9.77257178262401E-001, 9.87811045864095E-004, 1.80000000000000E+001
 4.81092593168720E+001, 9.99958720230436E-001, 9.78027810015695E-001, 9.99958720230436E-001, 9.78027810015695E-001, 9.55858698819756E-004, 1.50000000000000E+001
 4.81574082101662E+001, 9.99920896005642E-001, 9.79559382639013E-001, 9.99920896005642E-001, 9.79559382639013E-001, 9.79146948731913E-004, 1.20000000000000E+001
 4.82055571034604E+001, 9.99888142858375E-001, 9.80898334155940E-001, 9.99888142858375E-001, 9.80898334155940E-001, 9.04781549254885E-004, 1.20000000000000E+001
 4.82537059967545E+001, 9.99853306377814E-001, 9.82432312915153E-001, 9.99853306377814E-001, 9.82432312915153E-001, 9.29185583318892E-004, 1.10000000000000E+001
 4.83018548900487E+001, 9.99819849310244E-001, 9.84118451255421E-001, 9.99819849310244E-001, 9.84118451255421E-001, 9.75465034439793E-004, 1.00000000000000E+001
 4.83981526766370E+001, 9.99807003459482E-001, 9.85698172467442E-001, 9.99807003459482E-001, 9.85698172467442E-001, 9.99148483779022E-004, 4.15000000000000E+001
 4.84463015699312E+001, 9.99806499386657E-001, 9.87251812943410E-001, 9.99806499386657E-001, 9.87251812943410E-001, 9.97569822942745E-004, 8.00000000000000E+000
 4.84944504632253E+001, 9.99813300112762E-001, 9.88047802940606E-001, 9.99813300112762E-001, 9.88047802940606E-001, 9.72728609032636E-004, 8.00000000000000E+000
 4.85425993565195E+001, 9.99823670242687E-001, 9.88667303998739E-001, 9.99823670242687E-001, 9.88667303998739E-001, 9.42537425547174E-004, 8.00000000000000E+000
 4.86388971431078E+001, 9.99840486011065E-001, 9.89495959716893E-001, 9.99840486011065E-001, 9.89495959716893E-001, 8.80762404957491E-004, 8.00000000000000E+000
 4.86870460364020E+001, 9.99856344231407E-001, 9.90322549955563E-001, 9.99856344231407E-001, 9.90322549955563E-001, 8.10589783168059E-004, 8.00000000000000E+000
 4.87351949296961E+001, 9.99868374007582E-001, 9.90845060529426E-001, 9.99868374007582E-001, 9.90845060529426E-001, 7.59655408027221E-004, 8.00000000000000E+000
 4.87833438229903E+001, 9.99883862024038E-001, 9.91348515209925E-001, 9.99883862024038E-001, 9.91348515209925E-001, 6.97874278627830E-004, 8.00000000000000E+000
 4.88796416095786E+001, 9.99914972242309E-001, 9.92085917943137E-001, 9.99914972242309E-001, 9.92085917943137E-001, 8.55472517606315E-004, 8.50000000000000E+000
 4.89277905028728E+001, 9.99950217510953E-001, 9.92762529124552E-001, 9.99950217510953E-001, 9.92762529124552E-001, 7.93068947831599E-004, 1.00000000000000E+001
 4.89759393961669E+001, 9.99971017990113E-001, 9.93144916771799E-001, 9.99971017990113E-001, 9.93144916771799E-001, 8.66971391966009E-004, 1.00000000000000E+001
 4.90240882894611E+001, 9.99986016551194E-001, 9.93506364102775E-001, 9.99986016551194E-001, 9.93506364102775E-001, 9.07545404976951E-004, 1.00000000000000E+001
 4.91203860760494E+001, 9.99995982961087E-001, 9.94178339986955E-001, 9.99995982961087E-001, 9.94178339986955E-001, 8.99665336475342E-004, 1.00000000000000E+001
 4.91733498586730E+001, 9.99996480430877E-001, 9.95172597603169E-001, 9.99996480430877E-001, 9.95172597603169E-001, 8.03626657247314E-004, 1.20000000000000E+001
 4.92263136412966E+001, 9.99993279489267E-001, 9.96048905404361E-001, 9.99993279489267E-001, 9.96048905404361E-001, 7.62012486170915E-004, 1.20000000000000E+001
 4.92792774239202E+001, 9.99989841006897E-001, 9.97023085395987E-001, 9.99989841006897E-001, 9.97023085395987E-001, 9.76235517662793E-004, 1.00000000000000E+001
 4.93322412065437E+001, 9.99986661690699E-001, 9.98049257747250E-001, 9.99986661690699E-001, 9.98049257747250E-001, 8.56137915276944E-004, 1.00000000000000E+001
 4.93852049891673E+001, 9.99983753951750E-001, 9.99091484691314E-001, 9.99983753951750E-001, 9.99091484691314E-001, 6.74461228836742E-004, 1.00000000000000E+001
 4.94850963765600E+001, 9.99978699125383E-001, 1.00035373705724E+000, 9.99978699125383E-001, 1.00035373705724E+000, 7.80791326344105E-004, 9.06042741033097E+000
 4.95320239813290E+001, 9.99971637085135E-001, 1.00125980523619E+000, 9.99971637085135E-001, 1.00125980523619E+000, 8.34002641891152E-004, 8.00000000000000E+000
 4.95789515860981E+001, 9.99964983919049E-001, 1.00163439678748E+000, 9.99964983919049E-001, 1.00163439678748E+000, 9.26807257543239E-004, 9.00000000000000E+000
 4.96258791908672E+001, 9.99957298321175E-001, 1.00187717741032E+000, 9.99957298321175E-001, 1.00187717741032E+000, 9.78405704952001E-004, 9.00000000000000E+000
 4.97197344004053E+001, 9.99946465137221E-001, 1.00209295791191E+000, 9.99946465137221E-001, 1.00209295791191E+000, 9.48140953639487E-004, 9.00000000000000E+000
 4.97666620051744E+001, 9.99939223537809E-001, 1.00218309962542E+000, 9.99939223537809E-001, 1.00218309962542E+000, 9.15060944533419E-004, 8.00000000000000E+000
 4.98135896099435E+001, 9.99938588645302E-001, 1.00213202193413E+000, 9.99938588645302E-001, 1.00213202193413E+000, 7.45857343975587E-004, 8.00000000000000E+000
 4.98605172147126E+001, 9.99942008998213E-001, 1.00198463172211E+000, 9.99942008998213E-001, 1.00198463172211E+000, 9.60060925737416E-004, 8.00000000000000E+000
 4.99637579452045E+001, 9.99957721920464E-001, 1.00147146521571E+000, 9.99957721920464E-001, 1.00147146521571E+000, 7.78444125050015E-004, 9.50000000000000E+000
 5.00205403469751E+001, 9.99982526955013E-001, 1.00076642408255E+000, 9.99982526955013E-001, 1.00076642408255E+000, 9.42764002134444E-004, 9.00000000000000E+000
 5.00773227487457E+001, 1.00000186561951E+000, 1.00020854777867E+000, 1.00000186561951E+000, 1.00020854777867E+000, 8.12710484800139E-004, 1.00000000000000E+001
 5.01341051505163E+001, 1.00002067688384E+000, 9.99691389194264E-001, 1.00002067688384E+000, 9.99691389194264E-001, 8.93820940335299E-004, 1.10000000000000E+001
 5.01908875522868E+001, 1.00003773647000E+000, 9.99384448498568E-001, 1.00003773647000E+000, 9.99384448498568E-001, 8.83473124282830E-004, 1.10000000000000E+001
 5.02476699540574E+001, 1.00005244676769E+000, 9.99361978564936E-001, 1.00005244676769E+000, 9.99361978564936E-001, 8.33591775823095E-004, 1.10000000000000E+001
 5.03044523558280E+001, 1.00006431962577E+000, 9.99636334758582E-001, 1.00006431962577E+000, 9.99636334758582E-001, 8.24619436500473E-004, 1.20000000000000E+001
 5.03612347575986E+001, 1.00007331274680E+000, 1.00019126198964E+000, 1.00007331274680E+000, 1.00019126198964E+000, 9.24651598885662E-004, 1.20000000000000E+001
 5.04180171593691E+001, 1.00007937048226E+000, 1.00091938112137E+000, 1.00007937048226E+000, 1.00091938112137E+000, 9.48659449309108E-004, 1.20000000000000E+001
 5.04689784060040E+001, 1.00008138187041E+000, 1.00161726579271E+000, 1.00008138187041E+000, 1.00161726579271E+000, 9.33677702016356E-004, 1.00000000000000E+001
 5.05709008992736E+001, 1.00007760551617E+000, 1.00256063527917E+000, 1.00007760551617E+000, 1.00256063527917E+000, 9.73799833563604E-004, 1.00000000000000E+001
 5.06218621459084E+001, 1.00006675860198E+000, 1.00326871045934E+000, 1.00006675860198E+000, 1.00326871045934E+000, 9.71900488361044E-004, 9.00000000000000E+000
 5.06728233925432E+001, 1.00005659277649E+000, 1.00354212376725E+000, 1.00005659277649E+000, 1.00354212376725E+000, 8.78123512132900E-004, 8.00000000000000E+000
 5.07237846391781E+001, 1.00004570583703E+000, 1.00373964841360E+000, 1.00004570583703E+000, 1.00373964841360E+000, 9.83759018631236E-004, 8.00000000000000E+000
 5.07747458858129E+001, 1.00003538475881E+000, 1.00392882808015E+000, 1.00003538475881E+000, 1.00392882808015E+000, 9.69294062177273E-004, 8.00000000000000E+000
 5.08257071324477E+001, 1.00002779148795E+000, 1.00416033768764E+000, 1.00002779148795E+000, 1.00416033768764E+000, 9.92431655563397E-004, 8.00000000000000E+000
 5.09276296257173E+001, 1.00002806304908E+000, 1.00482161483329E+000, 1.00002806304908E+000, 1.00482161483329E+000, 6.87153688076009E-004, 1.00000000000000E+001
 5.09785908723522E+001, 1.00004508509157E+000, 1.00574402489290E+000, 1.00004508509157E+000, 1.00574402489290E+000, 7.30217625664720E-004, 1.00000000000000E+001
 5.10295521189870E+001, 1.00006653052664E+000, 1.00653787607819E+000, 1.00006653052664E+000, 1.00653787607819E+000, 9.93824891562856E-004, 9.00000000000000E+000
 5.10805133656218E+001, 1.00009120261960E+000, 1.00749675102994E+000, 1.00009120261960E+000, 1.00749675102994E+000, 9.96643369014949E-004, 9.00000000000000E+000
 5.11314746122566E+001, 1.00011394378952E+000, 1.00860917396727E+000, 1.00011394378952E+000, 1.00860917396727E+000, 7.96999228611428E-004, 1.10000000000000E+001
 5.11824358588914E+001, 1.00013065587706E+000, 1.00982225601303E+000, 1.00013065587706E+000, 1.00982225601303E+000, 8.53511057288703E-004, 1.00000000000000E+001
 5.12843583521611E+001, 1.00013674327873E+000, 1.01177817733693E+000, 1.00013674327873E+000, 1.01177817733693E+000, 7.74661838235047E-004, 1.00000000000000E+001
 5.13353195987959E+001, 1.00012354554162E+000, 1.01375563924142E+000, 1.00012354554162E+000, 1.01375563924142E+000, 7.84281692600919E-004, 1.00000000000000E+001
 5.13862808454307E+001, 1.00010484190510E+000, 1.01502038681268E+000, 1.00010484190510E+000, 1.01502038681268E+000, 9.31261013199292E-004, 1.00000000000000E+001
 5.14372420920655E+001, 1.00008262506939E+000, 1.01614727341014E+000, 1.00008262506939E+000, 1.01614727341014E+000, 9.24435701811666E-004, 1.20000000000000E+001
 5.14882033387004E+001, 1.00006121300007E+000, 1.01704866772560E+000, 1.00006121300007E+000, 1.01704866772560E+000, 9.69238360277957E-004, 1.20000000000000E+001
 5.15901258319700E+001, 1.00003684056068E+000, 1.01774487335671E+000, 1.00003684056068E+000, 1.01774487335671E+000, 9.87810476769324E-004, 1.30000000000000E+001
 5.16410870786048E+001, 1.00002017054777E+000, 1.01757571245137E+000, 1.00002017054777E+000, 1.01757571245137E+000, 9.88986084367482E-004, 1.40000000000000E+001
 5.16920483252396E+001, 1.00001074643031E+000, 1.01685381396245E+000, 1.00001074643031E+000, 1.01685381396245E+000, 9.59713030376452E-004, 1.40000000000000E+001
 5.17430095718745E+001, 1.00000043716583E+000, 1.01575771488839E+000, 1.00000043716583E+000, 1.01575771488839E+000, 9.65335063898287E-004, 1.20000000000000E+001
 5.17939708185093E+001, 9.99988655761401E-001, 1.01436233858991E+000, 9.99988655761401E-001, 1.01436233858991E+000, 9.85182847029087E-004, 1.10000000000000E+001
 5.18449320651441E+001, 9.99975659311102E-001, 1.01273381211578E+000, 9.99975659311102E-001, 1.01273381211578E+000, 9.33704658690360E-004, 1.00000000000000E+001
 5.19468545584137E+001, 9.99955401280997E-001, 1.00991497564122E+000, 9.99955401280997E-001, 1.00991497564122E+000, 9.40100716380177E-004, 8.50000000000000E+000
 5.19978158050486E+001, 9.99937071685885E-001, 1.00679903200007E+000, 9.99937071685885E-001, 1.00679903200007E+000, 8.35718339093461E-004, 8.00000000000000E+000
 5.20487770516834E+001, 9.99927555531490E-001, 1.00457445457452E+000, 9.99927555531490E-001, 1.00457445457452E+000, 9.19177599825627E-004, 8.00000000000000E+000
 5.20997382983182E+001, 9.99922113567633E-001, 1.00228112393195E+000, 9.99922113567633E-001, 1.00228112393195E+000, 8.02439786763587E-004, 9.00000000000000E+000
 5.21557956696165E+001, 9.99919340668545E-001, 9.99579920355224E-001, 9.99919340668545E-001, 9.99579920355224E-001, 9.78473719768225E-004, 8.00000000000000E+000
 5.22118530409148E+001, 9.99923047360059E-001, 9.96770678083145E-001, 9.99923047360059E-001, 9.96770678083145E-001, 9.38529842912539E-004, 8.00000000000000E+000
 5.22679104122131E+001, 9.99934022956548E-001, 9.93981999477315E-001, 9.99934022956548E-001, 9.93981999477315E-001, 9.57003911156828E-004, 9.00000000000000E+000
 5.23239677835114E+001, 9.99952097241512E-001, 9.91265127012337E-001, 9.99952097241512E-001, 9.91265127012337E-001, 9.18565033156460E-004, 1.00000000000000E+001
 5.23800251548097E+001, 9.99977453602204E-001, 9.88673359652768E-001, 9.99977453602204E-001, 9.88673359652768E-001, 9.08002181817968E-004, 1.00000000000000E+001
 5.24850684028167E+001, 1.00002962744545E+000, 9.85457881299527E-001, 1.00002962744545E+000, 9.85457881299527E-001, 9.51588194912379E-004, 1.47980404816909E+001
 5.25340542795253E+001, 1.00008264112838E+000, 9.83107336362527E-001, 1.00008264112838E+000, 9.83107336362527E-001, 9.95423354121616E-004, 2.60000000000000E+001
 5.25830401562339E+001, 1.00008701975636E+000, 9.82392519732273E-001, 1.00008701975636E+000, 9.82392519732273E-001, 9.98509821468208E-004, 4.80000000000000E+001
 5.26320260329425E+001, 1.00007690353773E+000, 9.82402394217489E-001, 1.00007690353773E+000, 9.82402394217489E-001, 9.92869881007108E-004, 2.60000000000000E+001
 5.26810119096511E+001, 1.00006105864307E+000, 9.83060560688956E-001, 1.00006105864307E+000, 9.83060560688956E-001, 9.99618401759328E-004, 1.90000000000000E+001
 5.27684627979435E+001, 1.00003910023150E+000, 9.84982968963126E-001, 1.00003910023150E+000, 9.84982968963126E-001, 9.66938958331664E-004, 1.50000000000000E+001
 5.28121882420897E+001, 1.00002128484363E+000, 9.87710057100467E-001, 1.00002128484363E+000, 9.87710057100467E-001, 9.65868321711527E-004, 1.20000000000000E+001
 5.28996391303821E+001, 1.00001127569164E+000, 9.91061702578120E-001, 1.00001127569164E+000, 9.91061702578120E-001, 9.03658978745669E-004, 1.10000000000000E+001
 5.29433645745284E+001, 1.00000798848651E+000, 9.94677300255392E-001, 1.00000798848651E+000, 9.94677300255392E-001, 9.95494346065495E-004, 1.00000000000000E+001
 5.29870900186746E+001, 1.00001014653473E+000, 9.97167366304197E-001, 1.00001014653473E+000, 9.97167366304197E-001, 9.50716989863043E-004, 9.00000000000000E+000
 5.30745409069670E+001, 1.00002030739468E+000, 1.00089910863543E+000, 1.00002030739468E+000, 1.00089910863543E+000, 7.37983578284584E-004, 9.00000000000000E+000
 5.31182663511132E+001, 1.00003638433536E+000, 1.00461081725572E+000, 1.00003638433536E+000, 1.00461081725572E+000, 7.11799651248679E-004, 9.00000000000000E+000
 5.31619917952594E+001, 1.00004977379738E+000, 1.00708886060318E+000, 1.00004977379738E+000, 1.00708886060318E+000, 7.34569217272218E-004, 8.00000000000000E+000
 5.32538152279665E+001, 1.00007005397915E+000, 1.01092784263258E+000, 1.00007005397915E+000, 1.01092784263258E+000, 8.87497684668057E-004, 9.04761904761905E+000
 5.33019132165273E+001, 1.00008662409656E+000, 1.01477389358030E+000, 1.00008662409656E+000, 1.01477389358030E+000, 9.90384576832870E-004, 1.30000000000000E+001
 5.33500112050881E+001, 1.00009313801099E+000, 1.01740273008692E+000, 1.00009313801099E+000, 1.01740273008692E+000, 9.61942270513605E-004, 1.40000000000000E+001
 5.34462071822098E+001, 1.00009576503765E+000, 1.02137864497695E+000, 1.00009576503765E+000, 1.02137864497695E+000, 9.92000920682190E-004, 1.20000000000000E+001
 5.34943051707706E+001, 1.00009212786055E+000, 1.02520292836776E+000, 1.00009212786055E+000, 1.02520292836776E+000, 9.94160500429941E-004, 1.00000000000000E+001
 5.35424031593315E+001, 1.00008646814081E+000, 1.02745826087311E+000, 1.00008646814081E+000, 1.02745826087311E+000, 9.17793194244343E-004, 1.20000000000000E+001
 5.35905011478923E+001, 1.00007957870607E+000, 1.02944030607182E+000, 1.00007957870607E+000, 1.02944030607182E+000, 9.98367556084290E-004, 1.10000000000000E+001
 5.36866971250140E+001, 1.00006943522765E+000, 1.03107557971141E+000, 1.00006943522765E+000, 1.03107557971141E+000, 9.89381682363510E-004, 1.90000000000000E+001
 5.37347951135748E+001, 1.00006184112359E+000, 1.03071206578709E+000, 1.00006184112359E+000, 1.03071206578709E+000, 9.92288422491550E-004, 2.00000000000000E+001
 5.37828931021356E+001, 1.00005812988034E+000, 1.02939567589394E+000, 1.00005812988034E+000, 1.02939567589394E+000, 9.99966247044126E-004, 1.40000000000000E+001
 5.38309910906965E+001, 1.00005500784850E+000, 1.02739426572155E+000, 1.00005500784850E+000, 1.02739426572155E+000, 9.96801992402485E-004, 1.20000000000000E+001
 5.39271870678181E+001, 1.00004967170691E+000, 1.02318695830080E+000, 1.00004967170691E+000, 1.02318695830080E+000, 9.32340756425454E-004, 1.20000000000000E+001
 5.39752850563790E+001, 1.00004173720150E+000, 1.01798805553945E+000, 1.00004173720150E+000, 1.01798805553945E+000, 9.59359027786322E-004, 1.00000000000000E+001
 5.40233830449398E+001, 1.00003399323091E+000, 1.01394838195531E+000, 1.00003399323091E+000, 1.01394838195531E+000, 8.80790909448370E-004, 1.00000000000000E+001
 5.40714810335006E+001, 1.00002452709832E+000, 1.00952466004876E+000, 1.00002452709832E+000, 1.00952466004876E+000, 8.36265794520674E-004, 1.00000000000000E+001
 5.41676770106223E+001, 1.00000679954261E+000, 1.00220728420954E+000, 1.00000679954261E+000, 1.00220728420954E+000, 9.49880763099098E-004, 8.50000000000000E+000
 5.42157749991831E+001, 9.99982880982934E-001, 9.94314527359298E-001, 9.99982880982934E-001, 9.94314527359298E-001, 7.32943617075099E-004, 1.10000000000000E+001
 5.42638729877440E+001, 9.99960065248692E-001, 9.88589251171519E-001, 9.99960065248692E-001, 9.88589251171519E-001, 8.03337968946494E-004, 1.10000000000000E+001
 5.43119709763048E+001, 9.99929822879899E-001, 9.82468691016846E-001, 9.99929822879899E-001, 9.82468691016846E-001, 8.64968909785491E-004, 1.10000000000000E+001
 5.43600689648656E+001, 9.99891909986252E-001, 9.76055398310094E-001, 9.99891909986252E-001, 9.76055398310094E-001, 9.40134852291830E-004, 1.10000000000000E+001
 5.44562649419873E+001, 9.99827720788621E-001, 9.67792369958079E-001, 9.99827720788621E-001, 9.67792369958079E-001, 9.92450059948080E-004, 6.70000000000000E+001
 5.45043629305481E+001, 9.99806722613710E-001, 9.64742037542358E-001, 9.99806722613710E-001, 9.64742037542358E-001, 9.99953895809202E-004, 1.02000000000000E+002
 5.45524609191090E+001, 9.99808521669779E-001, 9.63482909800922E-001, 9.99808521669779E-001, 9.63482909800922E-001, 9.95050643064266E-004, 1.30000000000000E+001
 5.46005589076698E+001, 9.99812483886665E-001, 9.62354351838943E-001, 9.99812483886665E-001, 9.62354351838943E-001, 9.90317882710423E-004, 1.30000000000000E+001
 5.46967548847915E+001, 9.99821262797570E-001, 9.61118258997468E-001, 9.99821262797570E-001, 9.61118258997468E-001, 9.95785424876407E-004, 1.35000000000000E+001
 5.47448528733523E+001, 9.99827465862434E-001, 9.60533702338366E-001, 9.99827465862434E-001, 9.60533702338366E-001, 9.90972544337249E-004, 1.40000000000000E+001
 5.47929508619131E+001, 9.99830035047040E-001, 9.60643297603412E-001, 9.99830035047040E-001, 9.60643297603412E-001, 9.77121746343790E-004, 1.50000000000000E+001
 5.48410488504740E+001, 9.99832392234130E-001, 9.61235194807179E-001, 9.99832392234130E-001, 9.61235194807179E-001, 9.99192154231832E-004, 1.40000000000000E+001
 5.49372448275956E+001, 9.99837674773836E-001, 9.63279001857787E-001, 9.99837674773836E-001, 9.63279001857787E-001, 9.77744413892534E-004, 1.40000000000000E+001
 5.49853428161565E+001, 9.99846516225183E-001, 9.66526675118601E-001, 9.99846516225183E-001, 9.66526675118601E-001, 9.77454877679529E-004, 1.10000000000000E+001
 5.50382506035734E+001, 9.99855757125860E-001, 9.69652747615002E-001, 9.99855757125860E-001, 9.69652747615002E-001, 9.67155213901449E-004, 1.00000000000000E+001
 5.50911583909903E+001, 9.99866898575883E-001, 9.73307810748152E-001, 9.99866898575883E-001, 9.73307810748152E-001, 9.35643547183051E-004, 1.00000000000000E+001
 5.51440661784072E+001, 9.99880133629232E-001, 9.77442263529662E-001, 9.99880133629232E-001, 9.77442263529662E-001, 9.96627817278162E-004, 9.00000000000000E+000
 5.52498817532410E+001, 9.99903445240193E-001, 9.84527427845879E-001, 9.99903445240193E-001, 9.84527427845879E-001, 8.56713520140239E-004, 9.00000000000000E+000
 5.53027895406579E+001, 9.99929774063331E-001, 9.92313171666322E-001, 9.99929774063331E-001, 9.92313171666322E-001, 9.89624568678460E-004, 9.00000000000000E+000
 5.53609881068165E+001, 9.99951399115384E-001, 9.98316968799780E-001, 9.99951399115384E-001, 9.98316968799780E-001, 8.92659313435518E-004, 1.00000000000000E+001
 5.54191866729751E+001, 9.99974181634588E-001, 1.00426920479310E+000, 9.99974181634588E-001, 1.00426920479310E+000, 9.56063287581133E-004, 1.00000000000000E+001
 5.54773852391337E+001, 9.99998612925906E-001, 1.00998245561891E+000, 9.99998612925906E-001, 1.00998245561891E+000, 8.75313489758778E-004, 1.20000000000000E+001
 5.55355838052923E+001, 1.00002503318912E+000, 1.01530484160878E+000, 1.00002503318912E+000, 1.01530484160878E+000, 9.34069005992910E-004, 1.20000000000000E+001
 5.55937823714509E+001, 1.00005430159731E+000, 1.02023300289573E+000, 1.00005430159731E+000, 1.02023300289573E+000, 9.74671708829887E-004, 1.20000000000000E+001
 5.56519809376096E+001, 1.00008842120243E+000, 1.02475562939305E+000, 1.00008842120243E+000, 1.02475562939305E+000, 9.95863834345460E-004, 1.40000000000000E+001
 5.57101795037682E+001, 1.00012938390170E+000, 1.02885558656141E+000, 1.00012938390170E+000, 1.02885558656141E+000, 9.90652977785535E-004, 1.60000000000000E+001
 5.57683780699268E+001, 1.00018088753517E+000, 1.03232373724178E+000, 1.00018088753517E+000, 1.03232373724178E+000, 9.99491535309538E-004, 5.20000000000000E+001
 5.58323964927012E+001, 1.00019452336758E+000, 1.03183345870913E+000, 1.00019452336758E+000, 1.03183001005042E+000, 9.99653910589648E-004, 3.06000000000000E+002
 5.58964149154757E+001, 1.00020096298080E+000, 1.03313512201395E+000, 1.00020096298080E+000, 1.03115292174384E+000, 9.99957104413696E-004, 1.70000000000000E+001
 5.59604333382502E+001, 1.00019920469399E+000, 1.03416633412241E+000, 1.00019920469399E+000, 1.03047154198617E+000, 9.89827322048997E-004, 1.20000000000000E+001
 5.60161010345690E+001, 1.00018902532791E+000, 1.03476286716596E+000, 1.00018902532791E+000, 1.02981219698177E+000, 9.79582347048424E-004, 1.10000000000000E+001
 5.60717687308878E+001, 1.00017596724087E+000, 1.03503739097356E+000, 1.00017596724087E+000, 1.02907329235918E+000, 9.69441187377518E-004, 1.20000000000000E+001
 5.61274364272067E+001, 1.00016053656139E+000, 1.03493480602836E+000, 1.00016053656139E+000, 1.02821796167916E+000, 9.70933133263685E-004, 1.20000000000000E+001
 5.61831041235255E+001, 1.00014472969985E+000, 1.03440493783831E+000, 1.00014472969985E+000, 1.02720180422291E+000, 9.31905282341105E-004, 1.20000000000000E+001
 5.62387718198444E+001, 1.00013024427244E+000, 1.03345061304985E+000, 1.00013024427244E+000, 1.02601942856702E+000, 8.92222218708660E-004, 1.20000000000000E+001
 5.62944395161632E+001, 1.00011804351540E+000, 1.03216154532294E+000, 1.00011804351540E+000, 1.02473844840462E+000, 9.82847248812480E-004, 1.20000000000000E+001
 5.63501072124821E+001, 1.00010793506051E+000, 1.03066161327067E+000, 1.00010793506051E+000, 1.02345634714429E+000, 9.97753908914323E-004, 1.30000000000000E+001
 5.64057749088009E+001, 1.00009808576769E+000, 1.02906176119250E+000, 1.00009808576769E+000, 1.02226462704326E+000, 9.63535306166996E-004, 1.50000000000000E+001
 5.64614426051197E+001, 1.00008651770024E+000, 1.02743489199170E+000, 1.00008651770024E+000, 1.02122198405232E+000, 9.94776869511549E-004, 1.30000000000000E+001
 5.65727779977574E+001, 1.00006511064025E+000, 1.02500327452070E+000, 1.00006511064025E+000, 1.01999792172044E+000, 9.48301344637303E-004, 1.25000000000000E+001
 5.66284456940763E+001, 1.00004216044889E+000, 1.02258782958628E+000, 1.00004216044889E+000, 1.01911774507826E+000, 9.11296318765631E-004, 1.20000000000000E+001
 5.66841133903951E+001, 1.00002784680855E+000, 1.02099159941671E+000, 1.00002784680855E+000, 1.01876535247761E+000, 9.44993005113304E-004, 1.20000000000000E+001
 5.67397810867139E+001, 1.00001602334759E+000, 1.01943169063158E+000, 1.00001602334759E+000, 1.01860131126901E+000, 9.81676562756162E-004, 1.20000000000000E+001
 5.67954487830328E+001, 1.00000825042546E+000, 1.01867691486839E+000, 1.00000825042546E+000, 1.01867691486839E+000, 9.52282815612326E-004, 1.30000000000000E+001
 5.68511164793516E+001, 1.00000560573752E+000, 1.01908275157491E+000, 1.00000560573752E+000, 1.01908275157491E+000, 9.63667595729634E-004, 1.30000000000000E+001
 5.69067841756705E+001, 1.00000820825468E+000, 1.01982289653206E+000, 1.00000820825468E+000, 1.01982289653206E+000, 9.62344046088415E-004, 1.30000000000000E+001
 5.69624518719893E+001, 1.00001548561412E+000, 1.02082190373301E+000, 1.00001548561412E+000, 1.02082190373301E+000, 9.75526277876559E-004, 1.30000000000000E+001
 5.70181195683082E+001, 1.00002617157676E+000, 1.02198222103389E+000, 1.00002617157676E+000, 1.02198222103389E+000, 9.90295980261013E-004, 1.30000000000000E+001
 5.70737872646270E+001, 1.00003869723956E+000, 1.02325238765174E+000, 1.00003869723956E+000, 1.02325238765174E+000, 9.83614251270248E-004, 1.30000000000000E+001
 5.71210373753577E+001, 1.00005079260377E+000, 1.02431819959991E+000, 1.00005079260377E+000, 1.02431819959991E+000, 9.11835554464391E-004, 1.30000000000000E+001
 5.72155375968191E+001, 1.00006842411956E+000, 1.02588653413780E+000, 1.00006842411956E+000, 1.02588653413780E+000, 9.84670202894153E-004, 1.20000000000000E+001
 5.72627877075498E+001, 1.00008612975076E+000, 1.02721065899022E+000, 1.00008612975076E+000, 1.02721065899022E+000, 9.14309751973486E-004, 1.20000000000000E+001
 5.73100378182805E+001, 1.00009834874744E+000, 1.02789274797926E+000, 1.00009834874744E+000, 1.02789274797926E+000, 9.50083487001763E-004, 1.10000000000000E+001
 5.74045380397420E+001, 1.00011780621600E+000, 1.02840886693853E+000, 1.00011780621600E+000, 1.02840886693853E+000, 9.72279252782871E-004, 1.20000000000000E+001
 5.74517881504727E+001, 1.00013845502466E+000, 1.02839470822685E+000, 1.00013845502466E+000, 1.02839470822685E+000, 9.89444116879401E-004, 1.20000000000000E+001
 5.74990382612034E+001, 1.00015237951348E+000, 1.02802677655983E+000, 1.00015237951348E+000, 1.02802677655983E+000, 9.76119521089114E-004, 1.20000000000000E+001
 5.75510133830072E+001, 1.00016652887554E+000, 1.02739204637377E+000, 1.00016652887554E+000, 1.02739204637377E+000, 9.89614438259290E-004, 1.20000000000000E+001
 5.76081860169913E+001, 1.00017960244116E+000, 1.02648895875813E+000, 1.00017960244116E+000, 1.02648895875813E+000, 9.99424192056342E-004, 1.20000000000000E+001
 5.76653586509755E+001, 1.00018808800864E+000, 1.02544744263177E+000, 1.00018808800864E+000, 1.02544744263177E+000, 9.98910178633072E-004, 1.40000000000000E+001
 5.77225312849596E+001, 1.00018609512952E+000, 1.02447693774078E+000, 1.00018609512952E+000, 1.02447693774078E+000, 9.99868913436841E-004, 5.30000000000000E+001
 5.78368765529279E+001, 1.00017983870662E+000, 1.02184236851571E+000, 1.00017983870662E+000, 1.02184236851571E+000, 9.91926309774183E-004, 1.05000000000000E+001
 5.78940491869121E+001, 1.00016569396507E+000, 1.01905011849329E+000, 1.00016569396507E+000, 1.01905011849329E+000, 9.89239149758347E-004, 1.60000000000000E+001
 5.79512218208962E+001, 1.00015548586852E+000, 1.01726662274659E+000, 1.00015548586852E+000, 1.01726662274659E+000, 9.92593454585577E-004, 1.50000000000000E+001
 5.80083944548804E+001, 1.00014960395104E+000, 1.01506114653561E+000, 1.00014960395104E+000, 1.01506114653561E+000, 9.91403856176465E-004, 1.50000000000000E+001
 5.80655670888645E+001, 1.00014667356743E+000, 1.01239767941020E+000, 1.00014667356743E+000, 1.01239767941020E+000, 9.98670243650412E-004, 1.20000000000000E+001
 5.81227397228487E+001, 1.00014588563143E+000, 1.01046130106475E+000, 1.00014588563143E+000, 1.00952508689946E+000, 9.91574882865498E-004, 1.20000000000000E+001
 5.81740888148897E+001, 1.00014555263637E+000, 1.00864880863255E+000, 1.00014555263637E+000, 1.00699715639862E+000, 9.71021071410894E-004, 1.20000000000000E+001
 5.82254379069307E+001, 1.00014427795932E+000, 1.00752592548320E+000, 1.00014427795932E+000, 1.00433558819623E+000, 9.49001859718468E-004, 1.20000000000000E+001
 5.82767869989717E+001, 1.00014043098322E+000, 1.00589923225376E+000, 1.00014043098322E+000, 1.00156806962698E+000, 9.50268856527270E-004, 1.10000000000000E+001
 5.83281360910128E+001, 1.00013245034921E+000, 1.00386513354687E+000, 1.00013245034921E+000, 9.98812635943877E-001, 9.13136094386591E-004, 1.10000000000000E+001
 5.84308342750948E+001, 1.00010990880796E+000, 9.99964990670455E-001, 1.00010990880796E+000, 9.94826990601185E-001, 9.64479378492145E-004, 1.05000000000000E+001
 5.84821833671358E+001, 1.00007487141924E+000, 9.95185563550216E-001, 1.00007487141924E+000, 9.91269829519336E-001, 8.92475646936008E-004, 1.10000000000000E+001
 5.85335324591768E+001, 1.00004454520294E+000, 9.92891567228242E-001, 1.00004454520294E+000, 9.89067569541970E-001, 9.50981298734277E-004, 1.00000000000000E+001
 5.85848815512179E+001, 1.00001088756542E+000, 9.90778989679528E-001, 1.00001088756542E+000, 9.87047992237424E-001, 7.88007928897771E-004, 1.00000000000000E+001
 5.86362306432589E+001, 9.99975659406505E-001, 9.88755877811897E-001, 9.99975659406505E-001, 9.85170569647098E-001, 8.22067372759250E-004, 1.00000000000000E+001
 5.86875797352999E+001, 9.99940261035061E-001, 9.86853245021263E-001, 9.99940261035061E-001, 9.83426116848611E-001, 8.67954785764402E-004, 1.00000000000000E+001
 5.87902779193820E+001, 9.99890959044809E-001, 9.84475648131285E-001, 9.99890959044809E-001, 9.81211262188259E-001, 8.90486815281810E-004, 1.00000000000000E+001
 5.88364837214840E+001, 9.99852842776341E-001, 9.82900521721001E-001, 9.99852842776341E-001, 9.79661347169389E-001, 7.94532512352841E-004, 1.00000000000000E+001
 5.88826895235861E+001, 9.99833704086491E-001, 9.82403318898973E-001, 9.99833704086491E-001, 9.79089113551412E-001, 8.43308668161180E-004, 1.00000000000000E+001
 5.89288953256882E+001, 9.99818864212386E-001, 9.82346697103198E-001, 9.99818864212386E-001, 9.78900942725055E-001, 9.34696190656448E-004, 8.00000000000000E+000
 5.90213069298924E+001, 9.99807395742812E-001, 9.82599979013590E-001, 9.99807395742812E-001, 9.78876072035597E-001, 9.81463049843922E-004, 9.00000000000000E+000
 5.90675127319945E+001, 9.99805975475773E-001, 9.83004399224410E-001, 9.99805975475773E-001, 9.78976556531948E-001, 9.83634349252638E-004, 1.00000000000000E+001
 5.91137185340966E+001, 9.99809523792468E-001, 9.83347033666033E-001, 9.99809523792468E-001, 9.79138699235806E-001, 9.86350361817712E-004, 8.00000000000000E+000
 5.92107507185109E+001, 9.99821062093455E-001, 9.83613318390300E-001, 9.99821062093455E-001, 9.79207110054853E-001, 9.38010794320548E-004, 9.04761904761905E+000
 5.92666597390545E+001, 9.99836207879630E-001, 9.83595903979623E-001, 9.99836207879630E-001, 9.79092866127328E-001, 9.07837548421941E-004, 1.00000000000000E+001
 5.93281596616523E+001, 9.99847851081314E-001, 9.83284288938626E-001, 9.99847851081314E-001, 9.78778990788696E-001, 9.49097555283940E-004, 1.00000000000000E+001
 5.93896595842502E+001, 9.99860040262180E-001, 9.82725033820194E-001, 9.99860040262180E-001, 9.78238540526697E-001, 9.06443630461995E-004, 1.00000000000000E+001
 5.94511595068481E+001, 9.99872568959843E-001, 9.81798445840082E-001, 9.99872568959843E-001, 9.77332732997049E-001, 9.45540817112206E-004, 1.00000000000000E+001
 5.95126594294460E+001, 9.99886093436811E-001, 9.80677872346494E-001, 9.99886093436811E-001, 9.76257644864791E-001, 9.61837914001729E-004, 1.20000000000000E+001
 5.95741593520438E+001, 9.99901563292943E-001, 9.79525254340088E-001, 9.99901563292943E-001, 9.75112660862375E-001, 9.86229343457934E-004, 1.40000000000000E+001
 5.96356592746417E+001, 9.99919121441615E-001, 9.78330552689619E-001, 9.99919121441615E-001, 9.73986994900655E-001, 9.95916992121426E-004, 1.60000000000000E+001
 5.97033091894994E+001, 9.99939029920657E-001, 9.76957540426625E-001, 9.99939029920657E-001, 9.73018418208257E-001, 9.78766119874463E-004, 1.90000000000000E+001
 5.97709591043570E+001, 9.99955023920557E-001, 9.76013248578954E-001, 9.99955023920557E-001, 9.72436028566508E-001, 9.80536034427493E-004, 2.10000000000000E+001
 5.98315693128460E+001, 9.99960656404088E-001, 9.75568512809726E-001, 9.99960656404088E-001, 9.72198654847114E-001, 9.82927687571467E-004, 1.90000000000000E+001
 5.98921795213351E+001, 9.99956774571533E-001, 9.75097556220485E-001, 9.99956774571533E-001, 9.71989724210593E-001, 9.99715820609204E-004, 1.70000000000000E+001
 5.99527897298241E+001, 9.99943518620396E-001, 9.74620214726031E-001, 9.99943518620396E-001, 9.71877359276808E-001, 9.80626360326253E-004, 1.60000000000000E+001
 6.00000000000000E+001, 9.99926069487177E-001, 9.74433070847895E-001, 9.99926069487177E-001, 9.72042394610131E-001, 9.58352632995957E-004, 1.20000000000000E+001
