s,m3/s,m3/s,m3/s,m3/s,m/s,
Time,flow_in,flow_out,in_net,out_net,error,iter
 0.00000000000000E+000, 2.08963955007493E-003, 2.13885546028614E-003,-3.99721129238605E-004, 3.03432062268257E-004, 0.00000000000000E+000, 0.00000000000000E+000
 1.26226248568910E-001, 1.57810513678406E-004, 2.20250719996207E-003,-1.36115959335024E-004, 4.49000589334081E-004, 3.94950321720363E-003, 1.00000000000000E+000
 2.52452497137819E-001, 7.17074299277064E-002, 2.24140132162550E-003, 7.17074299277064E-002, 5.25408491471775E-004, 6.74029591416100E-002, 1.00000000000000E+000
 3.78678745706729E-001, 1.94092967581223E-001, 2.23488330392478E-003, 1.94092967581223E-001, 5.01007736586069E-004, 8.82643872098661E-002, 1.00000000000000E+000
 5.04904994275638E-001, 3.33376674114674E-001, 2.21637546645930E-003, 3.33376674114674E-001, 4.64310650618608E-004, 9.14993230553709E-002, 3.00000000000000E+000
 6.31131242844548E-001, 4.50631637029431E-001, 2.21915425124945E-003, 4.50631637029431E-001, 4.59590594254870E-004, 9.95390857697113E-002, 1.00000000000000E+000
 7.57357491413457E-001, 5.41179869918711E-001, 2.26107146329587E-003, 5.41179869918711E-001, 5.09135893234591E-004, 9.27780914735735E-002, 2.00000000000000E+000
 8.83583739982367E-001, 6.20980061982704E-001, 2.37558294382357E-003, 6.20980061982704E-001, 6.68989535507187E-004, 9.00502307214319E-002, 4.00000000000000E+000
 1.00980998855128E+000, 6.91540774216962E-001, 2.60731719693743E-003, 6.91540774216962E-001, 9.70049300050078E-004, 9.85871425582704E-002, 4.00000000000000E+000
 1.13603623712019E+000, 7.52512764843614E-001, 2.88706927159805E-003, 7.52512764843614E-001, 1.23913386899076E-003, 9.65433546061285E-002, 4.00000000000000E+000
 1.26226248568909E+000, 8.03857235632225E-001, 3.21709717575139E-003, 8.03857235632225E-001, 1.41870679232107E-003, 8.66802027132996E-002, 4.00000000000000E+000
 1.36760479873790E+000, 8.43599789098250E-001, 3.49413749043418E-003, 8.43599789098250E-001, 1.48964796289134E-003, 9.28021676088804E-002, 2.00000000000000E+000
 1.47294711178670E+000, 8.74266179729384E-001, 3.77508758679492E-003, 8.74266179729384E-001, 1.53600764980605E-003, 8.64303772715976E-002, 2.00000000000000E+000
 1.56265399335273E+000, 8.96490699179567E-001, 4.02710931433626E-003, 8.96490699179567E-001, 1.51927593410999E-003, 8.26417808840871E-002, 2.00000000000000E+000
 1.65236087491877E+000, 9.13990601007216E-001, 4.37601127026646E-003, 9.13990601007216E-001, 1.46114159110881E-003, 9.15373277054270E-002, 2.00000000000000E+000
 1.73086836695361E+000, 9.26804700760911E-001, 4.72698033481458E-003, 9.26804700760911E-001, 1.36142411183910E-003, 9.54728019830095E-002, 2.00000000000000E+000
 1.80937585898844E+000, 9.37184018994769E-001, 5.11542204738578E-003, 9.37184018994769E-001, 1.25674491078733E-003, 9.66324140312381E-002, 2.00000000000000E+000
 1.88788335102328E+000, 9.45475069842964E-001, 5.55165729378010E-003, 9.45475069842964E-001, 1.18914024644443E-003, 9.35086320001801E-002, 2.00000000000000E+000
 1.96639084305812E+000, 9.52310983751877E-001, 6.05975106820174E-003, 9.52310983751877E-001, 1.17077563550710E-003, 8.60449821938553E-002, 2.00000000000000E+000
 2.04489833509296E+000, 9.58060020103961E-001, 6.65639906206225E-003, 9.58060020103961E-001, 1.18811610528169E-003, 7.55514802583618E-002, 2.00000000000000E+000
 2.12340582712779E+000, 9.62900741289222E-001, 7.34555200495740E-003, 9.62900741289222E-001, 1.21139072960760E-003, 6.65049664099410E-002, 2.00000000000000E+000
 2.20191331916263E+000, 9.66983569434539E-001, 8.17265902378198E-003, 9.66983569434539E-001, 1.21177854302375E-003, 7.47724456220250E-002, 2.00000000000000E+000
 2.28042081119747E+000, 9.70539177214810E-001, 9.09200186774241E-003, 9.70539177214810E-001, 1.17746332874342E-003, 8.12020390464239E-002, 2.00000000000000E+000
 2.35892830323230E+000, 9.73774110511035E-001, 1.00774708708561E-002, 9.73774110511035E-001, 1.11213389074150E-003, 8.50702076780689E-002, 2.00000000000000E+000
 2.43743579526714E+000, 9.76800750650896E-001, 1.11200298198871E-002, 9.76800750650896E-001, 1.04188383607707E-003, 8.59002731333238E-002, 2.00000000000000E+000
 2.51594328730198E+000, 9.79622972820817E-001, 1.22119229642275E-002, 9.79622972820817E-001, 9.15689570503020E-004, 8.27173612732987E-002, 2.00000000000000E+000
 2.59445077933681E+000, 9.82372609788089E-001, 1.33312753257851E-002, 9.82372609788089E-001, 8.39843848310112E-004, 7.67817936539270E-002, 2.00000000000000E+000
 2.67295827137165E+000, 9.84986978922893E-001, 1.45543304799703E-002, 9.84986978922893E-001, 9.91934028363202E-004, 6.97305780902107E-002, 2.00000000000000E+000
 2.75146576340649E+000, 9.87298861873638E-001, 1.59022566810946E-002, 9.87298861873638E-001, 1.34664269876315E-003, 6.51309439115108E-002, 2.00000000000000E+000
 2.82997325544132E+000, 9.89251071333664E-001, 1.73699790031125E-002, 9.89251071333664E-001, 1.89869359432801E-003, 6.66917156941991E-002, 2.00000000000000E+000
 2.90848074747616E+000, 9.90857415349015E-001, 1.89415726022895E-002, 9.90857415349015E-001, 2.63603939989384E-003, 7.15530312044793E-002, 2.00000000000000E+000
 2.98698823951100E+000, 9.92095075920818E-001, 2.05549294122950E-002, 9.92095075920818E-001, 3.57329146995541E-003, 7.44387511377396E-002, 2.00000000000000E+000
 3.06549573154584E+000, 9.92947839015217E-001, 2.21208876392259E-002, 9.92947839015217E-001, 4.79421832797562E-003, 7.50461050260992E-002, 2.00000000000000E+000
 3.14400322358067E+000, 9.93436227419031E-001, 2.35884411677397E-002, 9.93436227419031E-001, 6.50628991563365E-003, 7.32223604095884E-002, 2.00000000000000E+000
 3.22251071561551E+000, 9.93623136467380E-001, 2.49355231658645E-002, 9.93623136467380E-001, 8.85119694567389E-003, 6.90568721854308E-002, 2.00000000000000E+000
 3.30101820765035E+000, 9.93600756391761E-001, 2.60917816003144E-002, 9.93600756391761E-001, 1.16553945071832E-002, 6.28298315959219E-002, 2.00000000000000E+000
 3.37952569968518E+000, 9.93490666150023E-001, 2.67778460202628E-002, 9.93490666150023E-001, 1.42975262417761E-002, 6.34299577494934E-002, 2.00000000000000E+000
 3.45803319172002E+000, 9.93403583838458E-001, 2.78142884673652E-002, 9.93403583838458E-001, 1.69791794677473E-002, 5.84835117286744E-002, 2.00000000000000E+000
 3.53654068375486E+000, 9.93437538580320E-001, 2.86849320922012E-002, 9.93437538580320E-001, 2.00007929736159E-002, 5.88023466936844E-002, 2.00000000000000E+000
 3.61504817578969E+000, 9.93605108854170E-001, 3.03151809653379E-002, 9.93605108854170E-001, 2.35212972924413E-002, 4.92084716271418E-002, 2.00000000000000E+000
 3.69355566782453E+000, 9.93843664824962E-001, 3.30221544390479E-002, 9.93843664824962E-001, 2.77394731193028E-002, 5.38306418500955E-002, 2.00000000000000E+000
 3.77206315985937E+000, 9.94182626312481E-001, 3.62188018647757E-002, 9.94182626312481E-001, 3.22131403654281E-002, 5.41816585550002E-002, 2.00000000000000E+000
 3.85057065189421E+000, 9.94470866172810E-001, 4.06753131310446E-002, 9.94470866172810E-001, 3.73168253374015E-002, 5.13783803536559E-002, 2.00000000000000E+000
 3.92907814392904E+000, 9.94700866618752E-001, 4.63512518357047E-002, 9.94700866618752E-001, 4.38738775691823E-002, 6.27361280493161E-002, 2.00000000000000E+000
 4.00758563596388E+000, 9.94857706657503E-001, 5.31198897441988E-002, 9.94857706657503E-001, 5.12936300217110E-002, 9.86650240903002E-002, 1.00000000000000E+000
 4.08609312799872E+000, 9.94743646957336E-001, 6.30862837660996E-002, 9.94743646957336E-001, 6.26023636683696E-002, 6.87857315412714E-002, 2.00000000000000E+000
 4.16460062003355E+000, 9.94559947775518E-001, 7.58576794025739E-002, 9.94559947775518E-001, 7.53297324352794E-002, 9.78824728198500E-002, 1.00000000000000E+000
 4.24310811206839E+000, 9.94158843070046E-001, 9.26099152721050E-002, 9.94158843070046E-001, 9.23028714492071E-002, 7.78538639663497E-002, 2.00000000000000E+000
 4.32161560410323E+000, 9.93667516210322E-001, 1.11581297891964E-001, 9.93667516210322E-001, 1.11581297891964E-001, 5.24152860577352E-002, 2.00000000000000E+000
 4.38634960137513E+000, 9.93271192306268E-001, 1.30335025021425E-001, 9.93271192306268E-001, 1.30335025021425E-001, 5.18540247267464E-002, 2.00000000000000E+000
 4.45108359864704E+000, 9.92842287195989E-001, 1.50291246562399E-001, 9.92842287195989E-001, 1.50291246562399E-001, 9.93242739777236E-002, 1.00000000000000E+000
 4.51581759591894E+000, 9.92451790699233E-001, 1.73246977076662E-001, 9.92451790699233E-001, 1.73246977076662E-001, 5.42759700667892E-002, 2.00000000000000E+000
 4.58055159319085E+000, 9.92128341430930E-001, 1.99521252595404E-001, 9.92128341430930E-001, 1.99521252595404E-001, 4.75042219513464E-002, 2.00000000000000E+000
 4.64528559046275E+000, 9.91839406663466E-001, 2.29373835314702E-001, 9.91839406663466E-001, 2.29373835314702E-001, 4.95268266440494E-002, 2.00000000000000E+000
 4.71001958773466E+000, 9.91565290529181E-001, 2.62771006564039E-001, 9.91565290529181E-001, 2.62771006564039E-001, 4.71709128803863E-002, 2.00000000000000E+000
 4.77475358500657E+000, 9.91300647514262E-001, 2.99542648513750E-001, 9.91300647514262E-001, 2.99542648513750E-001, 4.80278138355190E-002, 2.00000000000000E+000
 4.83948758227847E+000, 9.91073038266744E-001, 3.39427187657024E-001, 9.91073038266744E-001, 3.39427187657024E-001, 5.27012489391032E-002, 2.00000000000000E+000
 4.90422157955038E+000, 9.90727765558235E-001, 3.80257354027605E-001, 9.90727765558235E-001, 3.80257354027605E-001, 8.57247097406770E-002, 1.00000000000000E+000
 4.96895557682228E+000, 9.90756188987524E-001, 4.23440454602517E-001, 9.90756188987524E-001, 4.23440454602517E-001, 5.89054386518586E-002, 2.00000000000000E+000
 5.03368957409419E+000, 9.90970744276251E-001, 4.68158025758575E-001, 9.90970744276251E-001, 4.68158025758575E-001, 4.81270933623714E-002, 2.00000000000000E+000
 5.09842357136609E+000, 9.91228079413674E-001, 5.13464067115044E-001, 9.91228079413674E-001, 5.13464067115044E-001, 4.88106748114656E-002, 2.00000000000000E+000
 5.16315756863800E+000, 9.91505773891037E-001, 5.58527419613588E-001, 9.91505773891037E-001, 5.58527419613588E-001, 5.88137006892215E-002, 2.00000000000000E+000
 5.22026055276836E+000, 9.91842479527302E-001, 5.98069356303036E-001, 9.91842479527302E-001, 5.98069356303036E-001, 5.11292648188246E-002, 2.00000000000000E+000
 5.27736353689873E+000, 9.92081311382414E-001, 6.35146321078799E-001, 9.92081311382414E-001, 6.35146321078799E-001, 6.57013586846538E-002, 1.00000000000000E+000
 5.33446652102910E+000, 9.92514863719244E-001, 6.69864201852377E-001, 9.92514863719244E-001, 6.69864201852377E-001, 5.02161367156539E-002, 2.00000000000000E+000
 5.39156950515946E+000, 9.92864594046772E-001, 7.01162025464589E-001, 9.92864594046772E-001, 7.01162025464589E-001, 5.72174223901267E-002, 1.00000000000000E+000
 5.44867248928983E+000, 9.93308818191658E-001, 7.29046689167838E-001, 9.93308818191658E-001, 7.29046689167838E-001, 9.35452954781455E-002, 1.00000000000000E+000
 5.50577547342019E+000, 9.93770161261950E-001, 7.53086620691031E-001, 9.93770161261950E-001, 7.53086620691031E-001, 4.76651023324202E-002, 2.00000000000000E+000
 5.56287845755056E+000, 9.94107169569777E-001, 7.73910846068706E-001, 9.94107169569777E-001, 7.73055956825578E-001, 8.09555110487297E-002, 1.00000000000000E+000
 5.62569174009396E+000, 9.94465433951735E-001, 7.91899765431069E-001, 9.94465433951735E-001, 7.90513530652743E-001, 6.25611542387718E-002, 2.00000000000000E+000
 5.68850502263737E+000, 9.94707756758136E-001, 8.04630212996982E-001, 9.94707756758136E-001, 8.03485442027205E-001, 3.78362413515696E-002, 2.00000000000000E+000
 5.75131830518077E+000, 9.94953433882226E-001, 8.12567718405540E-001, 9.94953433882226E-001, 8.12391994364163E-001, 3.84058015597426E-002, 2.00000000000000E+000
 5.81413158772417E+000, 9.95233216705207E-001, 8.17672986861953E-001, 9.95233216705207E-001, 8.17672986861953E-001, 3.84378635918804E-002, 2.00000000000000E+000
 5.86692479025273E+000, 9.95487286665413E-001, 8.19756855808591E-001, 9.95487286665413E-001, 8.19756855808591E-001, 7.57111698482251E-002, 1.00000000000000E+000
 5.91971799278130E+000, 9.95840612122668E-001, 8.19088885227918E-001, 9.95840612122668E-001, 8.19088885227918E-001, 4.10034504769128E-002, 2.00000000000000E+000
 5.97251119530986E+000, 9.96250205964633E-001, 8.16999007907579E-001, 9.96250205964633E-001, 8.16999007907579E-001, 8.71811509715996E-002, 1.00000000000000E+000
 6.02530439783843E+000, 9.96626001022092E-001, 8.13006197160926E-001, 9.96626001022092E-001, 8.13006197160926E-001, 4.91066332944379E-002, 2.00000000000000E+000
 6.07809760036699E+000, 9.97036246401339E-001, 8.08327769847282E-001, 9.97036246401339E-001, 8.08327769847282E-001, 8.64380912917222E-002, 1.00000000000000E+000
 6.13089080289556E+000, 9.97293112503526E-001, 8.02289549898421E-001, 9.97293112503526E-001, 8.02289549898421E-001, 4.90087204040626E-002, 2.00000000000000E+000
 6.18368400542412E+000, 9.97617837939907E-001, 7.96247189013599E-001, 9.97617837939907E-001, 7.96247189013599E-001, 7.83821334832014E-002, 1.00000000000000E+000
 6.23647720795269E+000, 9.97895458276366E-001, 7.89761582148980E-001, 9.97895458276366E-001, 7.89761582148980E-001, 9.43671171892644E-002, 1.00000000000000E+000
 6.28927041048125E+000, 9.97824930164765E-001, 7.82246289098564E-001, 9.97824930164765E-001, 7.82246289098564E-001, 4.77833399331165E-002, 2.00000000000000E+000
 6.34734293326267E+000, 9.97919710713327E-001, 7.74514684793087E-001, 9.97919710713327E-001, 7.74514684793087E-001, 8.45111364509032E-002, 1.00000000000000E+000
 6.41122270832224E+000, 9.97931677910513E-001, 7.65622748204602E-001, 9.97931677910513E-001, 7.65622748204602E-001, 4.98840623757784E-002, 2.00000000000000E+000
 6.47510248338180E+000, 9.97927914743498E-001, 7.57476270136684E-001, 9.97927914743498E-001, 7.57476270136684E-001, 7.84446812522644E-002, 1.00000000000000E+000
 6.53898225844136E+000, 9.97651161409149E-001, 7.49313547508801E-001, 9.97651161409149E-001, 7.49313547508801E-001, 4.91785767325474E-002, 2.00000000000000E+000
 6.60286203350093E+000, 9.97312152120400E-001, 7.41972352260768E-001, 9.97312152120400E-001, 7.41972352260768E-001, 8.91460472141268E-002, 1.00000000000000E+000
 6.65867897818910E+000, 9.96894864431566E-001, 7.35492685145944E-001, 9.96894864431566E-001, 7.35492685145944E-001, 5.28209424513044E-002, 2.00000000000000E+000
 6.71449592287728E+000, 9.96503421366309E-001, 7.29481445267404E-001, 9.96503421366309E-001, 7.29481445267404E-001, 9.00661872369683E-002, 1.00000000000000E+000
 6.77031286756545E+000, 9.96238812485445E-001, 7.23967957730305E-001, 9.96238812485445E-001, 7.23967957730305E-001, 4.71860740399053E-002, 2.00000000000000E+000
 6.83171150672244E+000, 9.95953258713680E-001, 7.18573241589993E-001, 9.95953258713680E-001, 7.18573241589993E-001, 3.33635199755691E-002, 2.00000000000000E+000
 6.89311014587943E+000, 9.95682715328670E-001, 7.13905999741799E-001, 9.95682715328670E-001, 7.13905999741799E-001, 3.59665385441617E-002, 2.00000000000000E+000
 6.95450878503642E+000, 9.95372129088796E-001, 7.09586433217014E-001, 9.95372129088796E-001, 7.09586433217014E-001, 8.94380562217634E-002, 1.00000000000000E+000
 7.01590742419341E+000, 9.95260731407045E-001, 7.06140362919844E-001, 9.95260731407045E-001, 7.06140362919844E-001, 5.93829004492659E-002, 2.00000000000000E+000
 7.07730606335040E+000, 9.95116301778477E-001, 7.03028346493941E-001, 9.95116301778477E-001, 7.03028346493941E-001, 6.51968264374380E-002, 1.00000000000000E+000
 7.13870470250740E+000, 9.95126580718361E-001, 7.00693356611724E-001, 9.95126580718361E-001, 7.00693356611724E-001, 5.71533031770487E-002, 2.00000000000000E+000
 7.20010334166439E+000, 9.95118766530578E-001, 6.98733840037430E-001, 9.95118766530578E-001, 6.98733840037430E-001, 9.36636630338409E-002, 1.00000000000000E+000
 7.26150198082138E+000, 9.95284084527571E-001, 6.97378453802405E-001, 9.95284084527571E-001, 6.97378453802405E-001, 6.20955305810737E-002, 2.00000000000000E+000
 7.32290061997837E+000, 9.95486989888497E-001, 6.96599879367009E-001, 9.95486989888497E-001, 6.96599879367009E-001, 3.41220164395091E-002, 2.00000000000000E+000
 7.38429925913536E+000, 9.95634507725368E-001, 6.96424099044123E-001, 9.95634507725368E-001, 6.96424099044123E-001, 5.27522942245521E-002, 2.00000000000000E+000
 7.44569789829235E+000, 9.95866554427646E-001, 6.97097676324432E-001, 9.95866554427646E-001, 6.97097676324432E-001, 6.26859689326782E-002, 2.00000000000000E+000
 7.50709653744934E+000, 9.96160655395772E-001, 6.98687045102342E-001, 9.96160655395772E-001, 6.98687045102342E-001, 6.75892714387503E-002, 2.00000000000000E+000
 7.56849517660633E+000, 9.96556677116130E-001, 7.01271544164908E-001, 9.96556677116130E-001, 7.01271544164908E-001, 6.75376779861370E-002, 2.00000000000000E+000
 7.62989381576332E+000, 9.97073774400930E-001, 7.04914337874506E-001, 9.97073774400930E-001, 7.04914337874506E-001, 7.72631660000329E-002, 2.00000000000000E+000
 7.69129245492031E+000, 9.97642012079889E-001, 7.09618269643232E-001, 9.97642012079889E-001, 7.09618269643232E-001, 9.10599002810052E-002, 2.00000000000000E+000
 7.75269109407730E+000, 9.98245678572446E-001, 7.15309225494681E-001, 9.98245678572446E-001, 7.15309225494681E-001, 7.13939357471257E-002, 2.00000000000000E+000
 7.81408973323430E+000, 9.98797762211598E-001, 7.21870153143370E-001, 9.98797762211598E-001, 7.21870153143370E-001, 9.55098976978811E-002, 2.00000000000000E+000
 7.87548837239129E+000, 9.99256402276382E-001, 7.29181806345615E-001, 9.99256402276382E-001, 7.29181806345615E-001, 9.05299066564455E-002, 2.00000000000000E+000
 7.93688701154828E+000, 9.99664689183852E-001, 7.37093297220977E-001, 9.99664689183852E-001, 7.37093297220977E-001, 8.99385073571743E-002, 2.00000000000000E+000
 7.99828565070527E+000, 9.99989527356352E-001, 7.45458721460145E-001, 9.99989527356352E-001, 7.45458721460145E-001, 9.87486721861185E-002, 2.00000000000000E+000
 8.05968428986226E+000, 1.00022675732211E+000, 7.54141778650159E-001, 1.00022675732211E+000, 7.54141778650159E-001, 6.84498239260608E-002, 2.00000000000000E+000
 8.12108292901925E+000, 1.00038529457448E+000, 7.63032062174931E-001, 1.00038529457448E+000, 7.63032062174931E-001, 9.36853843084030E-002, 2.00000000000000E+000
 8.18248156817624E+000, 1.00050528619642E+000, 7.72042618247616E-001, 1.00050528619642E+000, 7.72042618247616E-001, 8.14766681582990E-002, 2.00000000000000E+000
 8.24388020733323E+000, 1.00055699018399E+000, 7.81045008003978E-001, 1.00055699018399E+000, 7.81045008003978E-001, 7.56650291685660E-002, 2.00000000000000E+000
 8.30527884649022E+000, 1.00058014332703E+000, 7.89934671695816E-001, 1.00058014332703E+000, 7.89934671695816E-001, 8.26222430706329E-002, 2.00000000000000E+000
 8.36667748564721E+000, 1.00056766968803E+000, 7.98635934075547E-001, 1.00056766968803E+000, 7.98635934075547E-001, 5.69678348254040E-002, 2.00000000000000E+000
 8.42807612480421E+000, 1.00052276536964E+000, 8.07095016182075E-001, 1.00052276536964E+000, 8.07095016182075E-001, 5.48348804996866E-002, 2.00000000000000E+000
 8.48947476396120E+000, 1.00050560883525E+000, 8.15228600364122E-001, 1.00050560883525E+000, 8.15228600364122E-001, 5.90531470915673E-002, 2.00000000000000E+000
 8.55087340311819E+000, 1.00041839191293E+000, 8.23163801350614E-001, 1.00041839191293E+000, 8.23163801350614E-001, 6.89137925228928E-002, 2.00000000000000E+000
 8.61227204227518E+000, 1.00028861837009E+000, 8.30828082012172E-001, 1.00028861837009E+000, 8.30828082012172E-001, 6.81496716494659E-002, 2.00000000000000E+000
 8.67367068143217E+000, 1.00008017075555E+000, 8.38184880650766E-001, 1.00008017075555E+000, 8.38184880650766E-001, 9.20280847700712E-002, 2.00000000000000E+000
 8.72442600108055E+000, 9.99902431171453E-001, 8.43929196786813E-001, 9.99902431171453E-001, 8.43929196786813E-001, 8.96110123384410E-002, 1.00000000000000E+000
 8.77518132072894E+000, 9.99623528315386E-001, 8.49436527940657E-001, 9.99623528315386E-001, 8.49436527940657E-001, 7.46872706439057E-002, 2.00000000000000E+000
 8.82593664037732E+000, 9.99313516392814E-001, 8.54537771427378E-001, 9.99313516392814E-001, 8.54537771427378E-001, 8.13423400189133E-002, 1.00000000000000E+000
 8.87669196002571E+000, 9.98920962122483E-001, 8.59184500417089E-001, 9.98920962122483E-001, 8.59184500417089E-001, 5.00239280296040E-002, 2.00000000000000E+000
 8.92744727967409E+000, 9.98489567322352E-001, 8.63410356702181E-001, 9.98489567322352E-001, 8.63410356702181E-001, 8.64782342581691E-002, 1.00000000000000E+000
 8.97820259932248E+000, 9.98074031576723E-001, 8.67100233856155E-001, 9.98074031576723E-001, 8.67100233856155E-001, 5.41879821182182E-002, 2.00000000000000E+000
 9.02895791897086E+000, 9.97640475246376E-001, 8.70408909072482E-001, 9.97640475246376E-001, 8.70408909072482E-001, 8.31596631497964E-002, 1.00000000000000E+000
 9.07971323861925E+000, 9.97261470364439E-001, 8.73042376878877E-001, 9.97261470364439E-001, 8.73042376878877E-001, 5.27621813756570E-002, 2.00000000000000E+000
 9.13046855826763E+000, 9.96879690719602E-001, 8.75329343792475E-001, 9.96879690719602E-001, 8.75329343792475E-001, 8.45336828170644E-002, 1.00000000000000E+000
 9.18629940988085E+000, 9.96582146413115E-001, 8.77168964044108E-001, 9.96582146413115E-001, 8.77168964044108E-001, 4.54521805872049E-002, 2.00000000000000E+000
 9.24213026149408E+000, 9.96436164719776E-001, 8.78405479711084E-001, 9.96436164719776E-001, 8.78405479711084E-001, 6.45379229690861E-002, 2.00000000000000E+000
 9.30354419826862E+000, 9.96289675300574E-001, 8.79124740680105E-001, 9.96289675300574E-001, 8.79124740680105E-001, 6.06878706694963E-002, 2.00000000000000E+000
 9.36495813504317E+000, 9.96183190222558E-001, 8.79259232425415E-001, 9.96183190222558E-001, 8.79259232425415E-001, 8.25976580315035E-002, 2.00000000000000E+000
 9.42637207181772E+000, 9.96123250979308E-001, 8.78879838499054E-001, 9.96123250979308E-001, 8.78879838499054E-001, 6.53259624335983E-002, 2.00000000000000E+000
 9.48778600859226E+000, 9.96148810907490E-001, 8.78008335019135E-001, 9.96148810907490E-001, 8.78008335019135E-001, 8.94007405934920E-002, 2.00000000000000E+000
 9.54919994536681E+000, 9.96214114358577E-001, 8.76815808432717E-001, 9.96214114358577E-001, 8.76815808432717E-001, 5.92317561451082E-002, 2.00000000000000E+000
 9.61061388214135E+000, 9.96280555860475E-001, 8.75412912064700E-001, 9.96280555860475E-001, 8.75412912064700E-001, 7.54581920026567E-002, 2.00000000000000E+000
 9.67202781891590E+000, 9.96332130582901E-001, 8.73951669745947E-001, 9.96332130582901E-001, 8.73951669745947E-001, 4.97320361065412E-002, 2.00000000000000E+000
 9.73344175569044E+000, 9.96337039463411E-001, 8.72484436187045E-001, 9.96337039463411E-001, 8.72484436187045E-001, 4.06392512648631E-002, 2.00000000000000E+000
 9.78760781581239E+000, 9.96346867068510E-001, 8.71202821728053E-001, 9.96346867068510E-001, 8.71202821728053E-001, 9.61263904102057E-002, 1.00000000000000E+000
 9.84177387593433E+000, 9.96406030508540E-001, 8.70030248776542E-001, 9.96406030508540E-001, 8.70030248776542E-001, 5.54588685827660E-002, 2.00000000000000E+000
 9.89593993605627E+000, 9.96426049316669E-001, 8.68789777841469E-001, 9.96426049316669E-001, 8.68789777841469E-001, 7.48567124667478E-002, 1.00000000000000E+000
 9.95010599617821E+000, 9.96535344834943E-001, 8.67641158150853E-001, 9.96535344834943E-001, 8.67641158150853E-001, 4.92963824204252E-002, 2.00000000000000E+000
 1.00042720563002E+001, 9.96587704613008E-001, 8.66239512194147E-001, 9.96587704613008E-001, 8.66239512194147E-001, 6.61124626685291E-002, 1.00000000000000E+000
 1.00584381164221E+001, 9.96619261390247E-001, 8.64727511338627E-001, 9.96619261390247E-001, 8.64727511338627E-001, 9.89991877469828E-002, 1.00000000000000E+000
 1.01126041765440E+001, 9.96752429102351E-001, 8.63340648590967E-001, 9.96752429102351E-001, 8.63340648590967E-001, 3.74423292432625E-002, 2.00000000000000E+000
 1.01667702366660E+001, 9.96845332348832E-001, 8.61611448400285E-001, 9.96845332348832E-001, 8.61611448400285E-001, 7.37621710128658E-002, 1.00000000000000E+000
 1.02209362967879E+001, 9.97029498457909E-001, 8.59775623488036E-001, 9.97029498457909E-001, 8.59775623488036E-001, 9.14130312014983E-002, 1.00000000000000E+000
 1.02751023569099E+001, 9.97212967465463E-001, 8.58186283044472E-001, 9.97212967465463E-001, 8.58186283044472E-001, 3.69891502146384E-002, 2.00000000000000E+000
 1.03292684170318E+001, 9.97418943797549E-001, 8.56397697668973E-001, 9.97418943797549E-001, 8.56397697668973E-001, 7.45781223464554E-002, 1.00000000000000E+000
 1.03834344771537E+001, 9.97651257075167E-001, 8.54633455272176E-001, 9.97651257075167E-001, 8.54633455272176E-001, 9.56872558024348E-002, 1.00000000000000E+000
 1.04376005372757E+001, 9.97872676643536E-001, 8.52891702332076E-001, 9.97872676643536E-001, 8.52891702332076E-001, 8.76586469175784E-002, 1.00000000000000E+000
 1.04917665973976E+001, 9.98090844775434E-001, 8.51099284990402E-001, 9.98090844775434E-001, 8.51099284990402E-001, 9.58021314975005E-002, 1.00000000000000E+000
 1.05459326575196E+001, 9.98171261525279E-001, 8.49653015816072E-001, 9.98171261525279E-001, 8.49653015816072E-001, 4.47239807105215E-002, 2.00000000000000E+000
 1.06055153236537E+001, 9.98321633938962E-001, 8.47608371017337E-001, 9.98321633938962E-001, 8.47608371017337E-001, 7.03059484641539E-002, 1.00000000000000E+000
 1.06650979897878E+001, 9.98405432920490E-001, 8.45756414820013E-001, 9.98405432920490E-001, 8.45756414820013E-001, 4.85781218527077E-002, 2.00000000000000E+000
 1.07246806559220E+001, 9.98478237192682E-001, 8.43636457459356E-001, 9.98478237192682E-001, 8.43636457459356E-001, 7.95951802001923E-002, 1.00000000000000E+000
 1.07842633220561E+001, 9.98428751722477E-001, 8.41575702843238E-001, 9.98428751722477E-001, 8.41575702843238E-001, 4.20138615326729E-002, 2.00000000000000E+000
 1.08438459881903E+001, 9.98399376941214E-001, 8.39048840789136E-001, 9.98399376941214E-001, 8.39048840789136E-001, 7.59059270228184E-002, 1.00000000000000E+000
 1.09034286543244E+001, 9.98380524036634E-001, 8.36201574669509E-001, 9.98380524036634E-001, 8.36201574669509E-001, 3.61618612383479E-002, 2.00000000000000E+000
 1.09564399563413E+001, 9.98355986662340E-001, 8.33201237327337E-001, 9.98355986662340E-001, 8.33201237327337E-001, 7.27337255074242E-002, 1.00000000000000E+000
 1.10094512583583E+001, 9.98426042068369E-001, 8.29921308641983E-001, 9.98426042068369E-001, 8.29921308641983E-001, 9.21066681172329E-002, 1.00000000000000E+000
 1.10624625603753E+001, 9.98446813209220E-001, 8.26134310103608E-001, 9.98446813209220E-001, 8.26134310103608E-001, 3.47975112550434E-002, 2.00000000000000E+000
 1.11154738623922E+001, 9.98544382794247E-001, 8.22404041841965E-001, 9.98544382794247E-001, 8.22404041841965E-001, 6.05438853408513E-002, 1.00000000000000E+000
 1.11684851644092E+001, 9.98667974090157E-001, 8.18547114844345E-001, 9.98667974090157E-001, 8.18547114844345E-001, 7.64111731108708E-002, 1.00000000000000E+000
 1.12214964664261E+001, 9.98824494601613E-001, 8.14769725390653E-001, 9.98824494601613E-001, 8.14769725390653E-001, 8.40316969651953E-002, 1.00000000000000E+000
 1.12798088986448E+001, 9.98961646651038E-001, 8.10397625755106E-001, 9.98961646651038E-001, 8.10397625755106E-001, 8.32785540072035E-002, 1.00000000000000E+000
 1.13439525740853E+001, 9.98924972606223E-001, 8.04875261380871E-001, 9.98924972606223E-001, 8.04875261380871E-001, 4.38981322391048E-002, 2.00000000000000E+000
 1.14080962495258E+001, 9.99000231309642E-001, 7.99724999483245E-001, 9.99000231309642E-001, 7.99724999483245E-001, 6.65103264819261E-002, 1.00000000000000E+000
 1.14722399249663E+001, 9.98966437025342E-001, 7.94058440574456E-001, 9.98966437025342E-001, 7.94058440574456E-001, 3.69838518589938E-002, 2.00000000000000E+000
 1.15363836004068E+001, 9.99045130686557E-001, 7.88745751227113E-001, 9.99045130686557E-001, 7.88745751227113E-001, 8.17981280480662E-002, 1.00000000000000E+000
 1.16005272758473E+001, 9.99089613808717E-001, 7.83197053829347E-001, 9.99089613808717E-001, 7.83197053829347E-001, 9.14166714091837E-002, 1.00000000000000E+000
 1.16646709512879E+001, 9.99031611294568E-001, 7.77501557686014E-001, 9.99031611294568E-001, 7.77501557686014E-001, 3.52476420395849E-002, 2.00000000000000E+000
 1.17288146267284E+001, 9.99082730421274E-001, 7.71722107394069E-001, 9.99082730421274E-001, 7.71722107394069E-001, 6.51186226982938E-002, 1.00000000000000E+000
 1.17929583021689E+001, 9.99132568471499E-001, 7.66255098855303E-001, 9.99132568471499E-001, 7.66255098855303E-001, 3.25863515940843E-002, 2.00000000000000E+000
 1.18571019776094E+001, 9.99272966984055E-001, 7.62834311150298E-001, 9.99272966984055E-001, 7.60583882314633E-001, 8.61628420736926E-002, 1.00000000000000E+000
 1.19212456530499E+001, 9.99365058363093E-001, 7.59836109441785E-001, 9.99365058363093E-001, 7.55379453412896E-001, 3.83466509564929E-002, 2.00000000000000E+000
 1.19853893284904E+001, 9.99583585177010E-001, 7.56352873827803E-001, 9.99583585177010E-001, 7.49896318154275E-001, 7.31013988076764E-002, 1.00000000000000E+000
 1.20377505667477E+001, 9.99738572451722E-001, 7.53896573329704E-001, 9.99738572451722E-001, 7.45945646978417E-001, 6.79269851818365E-002, 1.00000000000000E+000
 1.20901118050050E+001, 9.99933246803509E-001, 7.51398469899635E-001, 9.99933246803509E-001, 7.42105275239643E-001, 8.05707531017967E-002, 1.00000000000000E+000
 1.21424730432622E+001, 1.00009158368370E+000, 7.49106550513000E-001, 1.00009158368370E+000, 7.38620985156900E-001, 6.83798837973284E-002, 1.00000000000000E+000
 1.21948342815195E+001, 1.00027813556283E+000, 7.46908537025779E-001, 1.00027813556283E+000, 7.35373862065427E-001, 9.36488728930902E-002, 1.00000000000000E+000
 1.22416639277607E+001, 1.00028926432460E+000, 7.45338755843071E-001, 1.00028926432460E+000, 7.32993916947876E-001, 7.44344958935133E-002, 1.00000000000000E+000
 1.22884935740018E+001, 1.00031952256903E+000, 7.43901951065336E-001, 1.00031952256903E+000, 7.30851658638018E-001, 7.37195093640439E-002, 1.00000000000000E+000
 1.23353232202430E+001, 1.00033560967125E+000, 7.42543771326092E-001, 1.00033560967125E+000, 7.28873885164795E-001, 7.13517103614745E-002, 1.00000000000000E+000
 1.23821528664842E+001, 1.00029784883875E+000, 7.41323102559049E-001, 1.00029784883875E+000, 7.27109133878685E-001, 7.54684556100701E-002, 1.00000000000000E+000
 1.24289825127254E+001, 1.00015571136040E+000, 7.40231017139504E-001, 1.00015571136040E+000, 7.25533342333564E-001, 6.73763829436297E-002, 1.00000000000000E+000
 1.24758121589666E+001, 9.99928405792039E-001, 7.39367327556821E-001, 9.99928405792039E-001, 7.24248748410985E-001, 3.01245614495316E-002, 2.00000000000000E+000
 1.25226418052077E+001, 9.99771729552062E-001, 7.38664664375839E-001, 9.99771729552062E-001, 7.23181000553799E-001, 5.06516928011203E-002, 1.00000000000000E+000
 1.25694714514489E+001, 9.99688647178397E-001, 7.38109252935085E-001, 9.99688647178397E-001, 7.22321325002050E-001, 9.76036663260358E-002, 1.00000000000000E+000
 1.26163010976901E+001, 9.99610832489368E-001, 7.37973637370678E-001, 9.99610832489368E-001, 7.21959068902037E-001, 2.68917397786725E-002, 2.00000000000000E+000
 1.26631307439313E+001, 9.99630890732769E-001, 7.37939611683108E-001, 9.99630890732769E-001, 7.21754865470665E-001, 6.89742348456834E-002, 1.00000000000000E+000
 1.27099603901724E+001, 9.99689145462688E-001, 7.38206902606650E-001, 9.99689145462688E-001, 7.21917057480279E-001, 8.79616966147485E-002, 1.00000000000000E+000
 1.27567900364136E+001, 9.99800653131099E-001, 7.38799907711992E-001, 9.99800653131099E-001, 7.22471999120145E-001, 8.80338055060708E-002, 1.00000000000000E+000
 1.28036196826548E+001, 9.99951635109154E-001, 7.39583873155142E-001, 9.99951635109154E-001, 7.23280599965129E-001, 9.75739703246015E-002, 1.00000000000000E+000
 1.28504493288960E+001, 1.00006311581371E+000, 7.41188637126957E-001, 1.00006311581371E+000, 7.24519744329401E-001, 6.08768366444081E-002, 1.00000000000000E+000
 1.28972789751371E+001, 1.00016489275345E+000, 7.43045077878840E-001, 1.00016489275345E+000, 7.26010976982854E-001, 8.27612253854326E-002, 1.00000000000000E+000
 1.29441086213783E+001, 1.00016225078509E+000, 7.45144924914704E-001, 1.00016225078509E+000, 7.27818805806741E-001, 7.18838192565849E-002, 1.00000000000000E+000
 1.29909382676195E+001, 1.00010494779515E+000, 7.47296972834886E-001, 1.00010494779515E+000, 7.29744255881510E-001, 8.89886259450092E-002, 1.00000000000000E+000
 1.30377679138607E+001, 9.99925561213401E-001, 7.49770996333706E-001, 9.99925561213401E-001, 7.32086940986926E-001, 6.48333605681668E-002, 1.00000000000000E+000
 1.30845975601019E+001, 9.99724999740742E-001, 7.52296466447668E-001, 9.99724999740742E-001, 7.34542027060789E-001, 6.60450307679810E-002, 1.00000000000000E+000
 1.31314272063430E+001, 9.99469218459611E-001, 7.54990918971339E-001, 9.99469218459611E-001, 7.37232702696618E-001, 6.09420934221020E-002, 1.00000000000000E+000
 1.31782568525842E+001, 9.99192142955815E-001, 7.57878215993111E-001, 9.99192142955815E-001, 7.40186037444283E-001, 5.96861193384446E-002, 1.00000000000000E+000
 1.32250864988254E+001, 9.98929131419487E-001, 7.60866399593045E-001, 9.98929131419487E-001, 7.43287062323709E-001, 5.68941822168378E-002, 1.00000000000000E+000
 1.32719161450666E+001, 9.98695316303990E-001, 7.64035147839363E-001, 9.98695316303990E-001, 7.46623084926180E-001, 5.10491555375494E-002, 1.00000000000000E+000
 1.33187457913077E+001, 9.98499793686470E-001, 7.67359019591802E-001, 9.98499793686470E-001, 7.50161952121673E-001, 6.47784429699263E-002, 1.00000000000000E+000
 1.33655754375489E+001, 9.98368504597382E-001, 7.71008813539023E-001, 9.98368504597382E-001, 7.54075410438715E-001, 5.48154529588381E-002, 1.00000000000000E+000
 1.34124050837901E+001, 9.98219563407839E-001, 7.74795181290529E-001, 9.98219563407839E-001, 7.58142554005161E-001, 8.58589570903761E-002, 1.00000000000000E+000
 1.34592347300313E+001, 9.98129800608747E-001, 7.78930946499501E-001, 9.98129800608747E-001, 7.62592682362206E-001, 6.81215684365195E-002, 1.00000000000000E+000
 1.35060643762724E+001, 9.98054129861082E-001, 7.83204571448720E-001, 9.98054129861082E-001, 7.67180846855153E-001, 9.42010822293939E-002, 1.00000000000000E+000
 1.35528940225136E+001, 9.98084961663677E-001, 7.87802320956779E-001, 9.98084961663677E-001, 7.72096164954555E-001, 8.33415662069217E-002, 1.00000000000000E+000
 1.35997236687548E+001, 9.98163910651156E-001, 7.92532541935515E-001, 9.98163910651156E-001, 7.77117076833310E-001, 9.88738420941624E-002, 1.00000000000000E+000
 1.36465533149960E+001, 9.98341922258871E-001, 7.97571511312006E-001, 9.98341922258871E-001, 7.82430057126882E-001, 7.31712979708350E-002, 1.00000000000000E+000
 1.36980659258613E+001, 9.98573745857955E-001, 8.03237610677473E-001, 9.98573745857955E-001, 7.88360488452382E-001, 8.23048006283074E-002, 1.00000000000000E+000
 1.37495785367266E+001, 9.98877213890404E-001, 8.09102993524091E-001, 9.98877213890404E-001, 7.94439026588866E-001, 6.04858680228384E-002, 1.00000000000000E+000
 1.38010911475919E+001, 9.99231181677196E-001, 8.15035370133463E-001, 9.99231181677196E-001, 8.00531288468533E-001, 7.14243445593143E-002, 1.00000000000000E+000
 1.38526037584572E+001, 9.99582775369822E-001, 8.21206169746971E-001, 9.99582775369822E-001, 8.06812122172013E-001, 6.19644858413177E-002, 1.00000000000000E+000
 1.39041163693224E+001, 9.99908537599499E-001, 8.27390962904021E-001, 9.99908537599499E-001, 8.13058250724192E-001, 8.65979136308626E-002, 1.00000000000000E+000
 1.39556289801877E+001, 1.00013164956750E+000, 8.33775032112992E-001, 1.00013164956750E+000, 8.19461650020691E-001, 7.64467345903711E-002, 1.00000000000000E+000
 1.40122928521396E+001, 1.00015060757333E+000, 8.40971859261277E-001, 1.00015060757333E+000, 8.26638965379100E-001, 4.09889429836923E-002, 2.00000000000000E+000
 1.40689567240914E+001, 1.00017776623123E+000, 8.47849236361560E-001, 1.00017776623123E+000, 8.33464710610139E-001, 5.99472892072770E-002, 1.00000000000000E+000
 1.41256205960432E+001, 9.99992022066862E-001, 8.54612494548753E-001, 9.99992022066862E-001, 8.40132502172544E-001, 3.22094832100084E-002, 2.00000000000000E+000
 1.41822844679950E+001, 9.99791735443777E-001, 8.61089597166220E-001, 9.99791735443777E-001, 8.46435488253014E-001, 7.40700390986548E-002, 1.00000000000000E+000
 1.42389483399469E+001, 9.99454128935602E-001, 8.67604343802257E-001, 9.99454128935602E-001, 8.52646278552748E-001, 4.25993400518776E-002, 2.00000000000000E+000
 1.42956122118987E+001, 9.99188135828231E-001, 8.73940350516925E-001, 9.99188135828231E-001, 8.58680873873119E-001, 8.63143724081206E-002, 1.00000000000000E+000
 1.43522760838505E+001, 9.99048269941645E-001, 8.80228095974974E-001, 9.99048269941645E-001, 8.64688506707062E-001, 7.13095519327192E-002, 1.00000000000000E+000
 1.44089399558023E+001, 9.99005599401838E-001, 8.86284157851177E-001, 9.99005599401838E-001, 8.70466865819578E-001, 9.55812170865080E-002, 1.00000000000000E+000
 1.44656038277542E+001, 9.99089237664135E-001, 8.92040852824293E-001, 9.99089237664135E-001, 8.75930401657855E-001, 9.75862642823313E-002, 1.00000000000000E+000
 1.45222676997060E+001, 9.99270244251501E-001, 8.97450607396810E-001, 9.99270244251501E-001, 8.81011739353441E-001, 8.77522243681849E-002, 1.00000000000000E+000
 1.45789315716578E+001, 9.99530888442703E-001, 9.02685367196864E-001, 9.99530888442703E-001, 8.85882932360663E-001, 7.78684590831417E-002, 1.00000000000000E+000
 1.46355954436096E+001, 9.99821164082238E-001, 9.07221655254283E-001, 9.99821164082238E-001, 8.89995726979656E-001, 8.13704257295214E-002, 1.00000000000000E+000
 1.46922593155615E+001, 1.00009265650901E+000, 9.11241631212730E-001, 1.00009265650901E+000, 8.93520777856815E-001, 9.16800864819272E-002, 1.00000000000000E+000
 1.47489231875133E+001, 1.00035495281399E+000, 9.14865543339616E-001, 1.00035495281399E+000, 8.96585469899201E-001, 9.89294072526612E-002, 1.00000000000000E+000
 1.48055870594651E+001, 1.00047737203786E+000, 9.17892269958782E-001, 1.00047737203786E+000, 8.98995284524934E-001, 4.15023206639272E-002, 2.00000000000000E+000
 1.48562661940584E+001, 1.00059791890966E+000, 9.20767454755366E-001, 1.00059791890966E+000, 9.01117584023571E-001, 6.00397004055683E-002, 1.00000000000000E+000
 1.49069453286517E+001, 1.00067745539672E+000, 9.23817003065800E-001, 1.00067745539672E+000, 9.03384149471838E-001, 4.13467799677053E-002, 2.00000000000000E+000
 1.49576244632450E+001, 1.00081734952181E+000, 9.26428812348207E-001, 1.00081734952181E+000, 9.05269414916189E-001, 7.49096261822064E-002, 1.00000000000000E+000
 1.50083035978382E+001, 1.00086588227884E+000, 9.29033152543120E-001, 1.00086588227884E+000, 9.07286413209244E-001, 4.57925153708502E-002, 2.00000000000000E+000
 1.50589827324315E+001, 1.00102843547129E+000, 9.30907356374311E-001, 1.00102843547129E+000, 9.08698732432661E-001, 7.76568338409409E-002, 1.00000000000000E+000
 1.51096618670248E+001, 1.00111149613483E+000, 9.33060378746371E-001, 1.00111149613483E+000, 9.10602779353130E-001, 2.90134157155567E-002, 2.00000000000000E+000
 1.51548356993109E+001, 1.00123028341145E+000, 9.34404975557484E-001, 1.00123028341145E+000, 9.11883508035119E-001, 6.14717246337807E-002, 1.00000000000000E+000
 1.52000095315969E+001, 1.00136374260956E+000, 9.35489898507405E-001, 1.00136374260956E+000, 9.13084411548978E-001, 9.76650557131772E-002, 1.00000000000000E+000
 1.52451833638830E+001, 1.00133297568908E+000, 9.37387023021949E-001, 1.00133297568908E+000, 9.15355243851095E-001, 3.28031753078013E-002, 2.00000000000000E+000
 1.52903571961690E+001, 1.00136683920582E+000, 9.38868326544806E-001, 1.00136683920582E+000, 9.17379533478921E-001, 7.50462889345316E-002, 1.00000000000000E+000
 1.53355310284551E+001, 1.00132994226454E+000, 9.40877568528851E-001, 1.00132994226454E+000, 9.20125137096058E-001, 3.51440311565594E-002, 2.00000000000000E+000
 1.53807048607411E+001, 1.00128182067991E+000, 9.43188361654169E-001, 1.00128182067991E+000, 9.22915295343076E-001, 7.42785201644304E-002, 1.00000000000000E+000
 1.54211983796374E+001, 1.00129211518364E+000, 9.45656883416455E-001, 1.00129211518364E+000, 9.25847611462243E-001, 8.16081600673626E-002, 1.00000000000000E+000
 1.54616918985336E+001, 1.00129504420571E+000, 9.48213764515151E-001, 1.00129504420571E+000, 9.28861074389334E-001, 8.26855843366909E-002, 1.00000000000000E+000
 1.55021854174298E+001, 1.00132940793211E+000, 9.50691909963045E-001, 1.00132940793211E+000, 9.31756475173919E-001, 8.94766830429152E-002, 1.00000000000000E+000
 1.55426789363261E+001, 1.00129750270604E+000, 9.53120943780877E-001, 1.00129750270604E+000, 9.34540355302643E-001, 6.74331293070933E-002, 1.00000000000000E+000
 1.55831724552223E+001, 1.00130663110806E+000, 9.55319114157127E-001, 1.00130663110806E+000, 9.37024906347338E-001, 8.22369607713527E-002, 1.00000000000000E+000
 1.56236659741185E+001, 1.00126401986999E+000, 9.57531040233220E-001, 1.00126401986999E+000, 9.39455197073545E-001, 6.05805908156221E-002, 1.00000000000000E+000
 1.56682088449044E+001, 1.00133343243190E+000, 9.59779958491728E-001, 1.00133343243190E+000, 9.41886801262789E-001, 9.23594811199906E-002, 1.00000000000000E+000
 1.57127517156903E+001, 1.00137502072976E+000, 9.62300453543224E-001, 1.00137502072976E+000, 9.44550171240245E-001, 8.86560095410851E-002, 1.00000000000000E+000
 1.57523217487315E+001, 1.00134029740985E+000, 9.65183703155729E-001, 1.00134029740985E+000, 9.47572140426249E-001, 8.12721763222317E-002, 1.00000000000000E+000
 1.57918917817728E+001, 1.00134327016201E+000, 9.68014264189443E-001, 1.00134327016201E+000, 9.50559571921239E-001, 8.64643247127348E-002, 1.00000000000000E+000
 1.58314618148141E+001, 1.00125012953308E+000, 9.71159159637572E-001, 1.00125012953308E+000, 9.53909693762801E-001, 5.85659055052599E-002, 1.00000000000000E+000
 1.58710318478554E+001, 1.00126943807874E+000, 9.74331997318999E-001, 1.00126943807874E+000, 9.57343694461049E-001, 5.99180362886994E-002, 1.00000000000000E+000
 1.59106018808967E+001, 1.00121260905976E+000, 9.77647828083569E-001, 1.00121260905976E+000, 9.60990884188721E-001, 7.02123972683344E-002, 1.00000000000000E+000
 1.59501719139379E+001, 1.00120431409187E+000, 9.81177195664000E-001, 1.00120431409187E+000, 9.64942863718656E-001, 7.06824941722632E-002, 1.00000000000000E+000
 1.59897419469792E+001, 1.00120716669122E+000, 9.85271259792422E-001, 1.00120716669122E+000, 9.69603368689851E-001, 4.56308393914302E-002, 1.00000000000000E+000
 1.60293119800205E+001, 1.00121021746917E+000, 9.89595226864765E-001, 1.00121021746917E+000, 9.74626698189766E-001, 5.97555122366679E-002, 1.00000000000000E+000
 1.60688820130618E+001, 1.00123924547712E+000, 9.94343552233343E-001, 1.00123924547712E+000, 9.80228956203425E-001, 8.35548716503862E-002, 1.00000000000000E+000
 1.61084520461031E+001, 1.00121853437095E+000, 9.99589603540426E-001, 1.00121853437095E+000, 9.86518801963836E-001, 7.47236782178067E-002, 1.00000000000000E+000
 1.61480220791444E+001, 1.00118512719372E+000, 1.00494598167003E+000, 1.00118512719372E+000, 9.93111403006308E-001, 2.41781632065641E-002, 2.00000000000000E+000
 1.61875921121856E+001, 1.00116786000807E+000, 1.01096008180191E+000, 1.00116786000807E+000, 1.00042562875253E+000, 3.52887460980147E-002, 1.00000000000000E+000
 1.62271621452269E+001, 1.00108898119069E+000, 1.01789646759052E+000, 1.00108898119069E+000, 1.00814716153114E+000, 9.73229695064071E-002, 1.00000000000000E+000
 1.62667321782682E+001, 1.00103255480945E+000, 1.02443036026482E+000, 1.00103255480945E+000, 1.01554953752451E+000, 2.44760459474687E-002, 2.00000000000000E+000
 1.63063022113095E+001, 1.00098804715549E+000, 1.03133759626811E+000, 1.00098804715549E+000, 1.02339940277560E+000, 7.78711990835186E-002, 1.00000000000000E+000
 1.63458722443508E+001, 1.00085913719664E+000, 1.03779793560233E+000, 1.00085913719664E+000, 1.03090064304217E+000, 9.64318997699489E-002, 1.00000000000000E+000
 1.63854422773921E+001, 1.00080783285773E+000, 1.04359010021798E+000, 1.00080783285773E+000, 1.03781492138140E+000, 2.75561843167049E-002, 2.00000000000000E+000
 1.64250123104333E+001, 1.00073546825177E+000, 1.05018383837876E+000, 1.00073546825177E+000, 1.04436173723567E+000, 6.79822765963136E-002, 1.00000000000000E+000
 1.64645823434746E+001, 1.00064374446991E+000, 1.05699109948060E+000, 1.00064374446991E+000, 1.05048699205819E+000, 8.07317632266784E-002, 1.00000000000000E+000
 1.65041523765159E+001, 1.00055404237331E+000, 1.06340637757426E+000, 1.00055404237331E+000, 1.05620958829243E+000, 8.46289348332687E-002, 1.00000000000000E+000
 1.65437224095572E+001, 1.00045069823595E+000, 1.06943004585603E+000, 1.00045069823595E+000, 1.06157082265848E+000, 9.28728696545663E-002, 1.00000000000000E+000
 1.65832924425985E+001, 1.00048398731581E+000, 1.07548509140702E+000, 1.00048398731581E+000, 1.06698261868416E+000, 6.69864653300207E-002, 1.00000000000000E+000
 1.66228624756398E+001, 1.00042372383500E+000, 1.08113781566101E+000, 1.00042372383500E+000, 1.07202185435236E+000, 9.25434205691262E-002, 1.00000000000000E+000
 1.67020025417223E+001, 1.00033154009652E+000, 1.08950925977743E+000, 1.00033154009652E+000, 1.07960936680071E+000, 9.68242280359833E-002, 1.00000000000000E+000
 1.67415725747636E+001, 1.00032257823876E+000, 1.09785588088588E+000, 1.00032257823876E+000, 1.08738351667859E+000, 2.85960517547721E-002, 2.00000000000000E+000
 1.68246696441503E+001, 1.00027638085583E+000, 1.10522961480361E+000, 1.00027638085583E+000, 1.09434366369178E+000, 7.79597497069329E-002, 1.00000000000000E+000
 1.68681966804957E+001, 1.00021864306800E+000, 1.11223722932072E+000, 1.00021864306800E+000, 1.10105965965596E+000, 8.72600887898647E-002, 1.00000000000000E+000
 1.69552507531865E+001, 1.00026380173855E+000, 1.11953628647703E+000, 1.00026380173855E+000, 1.10810873065832E+000, 5.55238373404313E-002, 1.50000000000000E+000
 1.69987777895319E+001, 1.00037831040859E+000, 1.12689532902253E+000, 1.00037831040859E+000, 1.11521818385347E+000, 3.49454520895915E-002, 2.00000000000000E+000
 1.70423048258773E+001, 1.00043000243294E+000, 1.13223342283643E+000, 1.00043000243294E+000, 1.12030542201695E+000, 6.47906715817499E-002, 1.00000000000000E+000
 1.71380643058372E+001, 1.00058160873013E+000, 1.14239077076367E+000, 1.00058160873013E+000, 1.12899709060595E+000, 7.00933486192810E-002, 1.50000000000000E+000
 1.71859440458172E+001, 1.00065179275127E+000, 1.15317462937279E+000, 1.00065179275127E+000, 1.13793008620988E+000, 9.97681996238249E-002, 1.00000000000000E+000
 1.72338237857971E+001, 1.00072162296099E+000, 1.16039340312464E+000, 1.00072162296099E+000, 1.14363432767823E+000, 3.84318960014799E-002, 2.00000000000000E+000
 1.72817035257771E+001, 1.00077459519862E+000, 1.16759206394260E+000, 1.00077459519862E+000, 1.14918495503278E+000, 2.92110387707318E-002, 2.00000000000000E+000
 1.73774630057370E+001, 1.00083348366872E+000, 1.17708669547278E+000, 1.00083348366872E+000, 1.15608573429619E+000, 6.33367730277143E-002, 1.50000000000000E+000
 1.74253427457170E+001, 1.00080822561237E+000, 1.18427872949392E+000, 1.00080822561237E+000, 1.16071871919426E+000, 3.41448483896175E-002, 2.00000000000000E+000
 1.74732224856969E+001, 1.00079913534437E+000, 1.18829649379437E+000, 1.00079913534437E+000, 1.16177316766382E+000, 6.18584941322644E-002, 1.00000000000000E+000
 1.75211022256769E+001, 1.00085703763311E+000, 1.19080830191718E+000, 1.00085703763311E+000, 1.16128125916156E+000, 8.00422470145614E-002, 1.00000000000000E+000
 1.76168617056368E+001, 1.00089343224408E+000, 1.19042212807692E+000, 1.00089343224408E+000, 1.15814122629437E+000, 8.40301684198074E-002, 1.00000000000000E+000
 1.76647414456167E+001, 1.00101301139019E+000, 1.18827968225423E+000, 1.00101301139019E+000, 1.15549557678259E+000, 4.59796221453672E-002, 2.00000000000000E+000
 1.77126211855967E+001, 1.00127831977766E+000, 1.18654927533058E+000, 1.00127831977766E+000, 1.15328109151449E+000, 8.45116565682886E-002, 1.00000000000000E+000
 1.77605009255766E+001, 1.00135771795408E+000, 1.18447118355611E+000, 1.00135771795408E+000, 1.15141604146602E+000, 5.75181161752167E-002, 2.00000000000000E+000
 1.78562604055365E+001, 1.00171409893835E+000, 1.18019637892462E+000, 1.00171409893835E+000, 1.14819852202439E+000, 6.98795669775435E-002, 1.50000000000000E+000
 1.79041401455165E+001, 1.00196667954812E+000, 1.17676339634871E+000, 1.00196667954812E+000, 1.14615085268310E+000, 9.87659389648963E-002, 1.00000000000000E+000
 1.79520198854964E+001, 1.00204300553425E+000, 1.17599244229235E+000, 1.00204300553425E+000, 1.14649582746293E+000, 4.32138697271860E-002, 2.00000000000000E+000
 1.80046875994744E+001, 1.00206164422203E+000, 1.17782852984463E+000, 1.00206164422203E+000, 1.14821179558820E+000, 3.64270866365040E-002, 2.00000000000000E+000
 1.81100230274303E+001, 1.00218281374101E+000, 1.18323238508671E+000, 1.00218281374101E+000, 1.15294870685174E+000, 4.02072774149855E-002, 2.00000000000000E+000
 1.81562635771012E+001, 1.00225669847413E+000, 1.18889544602421E+000, 1.00225669847413E+000, 1.15848489297913E+000, 9.96913922962552E-002, 1.00000000000000E+000
 1.82025041267722E+001, 1.00234543735932E+000, 1.19164502547686E+000, 1.00234543735932E+000, 1.16186719858529E+000, 8.92670676801220E-002, 1.00000000000000E+000
 1.82487446764432E+001, 1.00225274986985E+000, 1.19527669759978E+000, 1.00225274986985E+000, 1.16591283245534E+000, 4.70475325168969E-002, 2.00000000000000E+000
 1.83306129423420E+001, 1.00203648113135E+000, 1.20208186634599E+000, 1.00203648113135E+000, 1.17199983778963E+000, 6.67899766217908E-002, 1.50000000000000E+000
 1.83715470752914E+001, 1.00180237072993E+000, 1.20975167288192E+000, 1.00180237072993E+000, 1.17932957197721E+000, 8.51211918262136E-002, 1.00000000000000E+000
 1.84534153411903E+001, 1.00170061229267E+000, 1.21913146674349E+000, 1.00170061229267E+000, 1.18880205704728E+000, 5.46469328240004E-002, 1.50000000000000E+000
 1.84943494741397E+001, 1.00154419154724E+000, 1.22980453580872E+000, 1.00154419154724E+000, 1.19983622160269E+000, 4.22305784518202E-002, 2.00000000000000E+000
 1.85762177400385E+001, 1.00151923141524E+000, 1.24300773785714E+000, 1.00151923141524E+000, 1.21364370111404E+000, 6.77197198990649E-002, 1.00000000000000E+000
 1.86171518729879E+001, 1.00149503357527E+000, 1.25749627866327E+000, 1.00149503357527E+000, 1.22883398154043E+000, 8.88315379154917E-002, 1.00000000000000E+000
 1.86990201388867E+001, 1.00161287816329E+000, 1.27139263323745E+000, 1.00161287816329E+000, 1.24334517854773E+000, 8.36087767498936E-002, 1.00000000000000E+000
 1.87399542718361E+001, 1.00190435790502E+000, 1.28399783575336E+000, 1.00190435790502E+000, 1.25647596809355E+000, 9.25096330555255E-002, 1.00000000000000E+000
 1.87808884047855E+001, 1.00218249940425E+000, 1.29198458594641E+000, 1.00218249940425E+000, 1.26478088981249E+000, 3.98049441830426E-002, 2.00000000000000E+000
 1.88627566706844E+001, 1.00250143435240E+000, 1.30166330654126E+000, 1.00250143435240E+000, 1.27512201690732E+000, 7.03905113949986E-002, 1.00000000000000E+000
 1.89036908036338E+001, 1.00306059235061E+000, 1.31196808419413E+000, 1.00306059235061E+000, 1.28645825126970E+000, 3.71749946358186E-002, 2.00000000000000E+000
 1.89896524828275E+001, 1.00353873242698E+000, 1.32249208580211E+000, 1.00353873242698E+000, 1.29776825141959E+000, 5.29220820295354E-002, 1.52380952380952E+000
 1.90346800290719E+001, 1.00420037058050E+000, 1.33531874657404E+000, 1.00420037058050E+000, 1.31023463090664E+000, 9.34239400019447E-002, 1.00000000000000E+000
 1.91247351215606E+001, 1.00465852938306E+000, 1.34951493935632E+000, 1.00465852938306E+000, 1.32498080607069E+000, 4.78994154258918E-002, 2.00000000000000E+000
 1.91697626678049E+001, 1.00470722400913E+000, 1.36427542243672E+000, 1.00470722400913E+000, 1.34085906996595E+000, 4.22522678825479E-002, 2.00000000000000E+000
 1.92147902140493E+001, 1.00541642600550E+000, 1.37350730755378E+000, 1.00541642600550E+000, 1.35092992500166E+000, 6.56196379572521E-002, 1.00000000000000E+000
 1.93048453065380E+001, 1.00517495008948E+000, 1.38749365461709E+000, 1.00517495008948E+000, 1.36457819463637E+000, 6.16262055395518E-002, 1.50000000000000E+000
 1.93498728527823E+001, 1.00514625214425E+000, 1.40068951454286E+000, 1.00514625214425E+000, 1.37672006947343E+000, 7.57622310750912E-002, 1.00000000000000E+000
 1.93949003990267E+001, 1.00497352315880E+000, 1.40968842565053E+000, 1.00497352315880E+000, 1.38381487419855E+000, 4.48486830788126E-002, 2.00000000000000E+000
 1.94849554915154E+001, 1.00460234060256E+000, 1.42061030860779E+000, 1.00460234060256E+000, 1.39300859339555E+000, 3.59623079550637E-002, 2.00000000000000E+000
 1.95299830377598E+001, 1.00415709906118E+000, 1.42883366849118E+000, 1.00415709906118E+000, 1.40130554718502E+000, 3.69668662991347E-002, 2.00000000000000E+000
 1.95750105840041E+001, 1.00375871596982E+000, 1.43288069925882E+000, 1.00375871596982E+000, 1.40696869676812E+000, 4.04710172575980E-002, 2.00000000000000E+000
 1.96200381302485E+001, 1.00370601607354E+000, 1.43590540382443E+000, 1.00370601607354E+000, 1.41294464538515E+000, 4.44139199965126E-002, 2.00000000000000E+000
 1.96982817714043E+001, 1.00354292479081E+000, 1.43927291590463E+000, 1.00354292479081E+000, 1.42154608433006E+000, 5.79117767861359E-002, 1.50000000000000E+000
 1.97765254125601E+001, 1.00282156422289E+000, 1.44436563180118E+000, 1.00282156422289E+000, 1.43310533932628E+000, 7.80960963155950E-002, 1.00000000000000E+000
 1.98156472331380E+001, 1.00245130812412E+000, 1.44715465874671E+000, 1.00245130812412E+000, 1.44241598003111E+000, 9.12594405680047E-002, 1.00000000000000E+000
 1.98978030563516E+001, 1.00210468984482E+000, 1.45367093731177E+000, 1.00210468984482E+000, 1.45322129763822E+000, 6.64918047163432E-002, 1.52380952380952E+000
 1.99408370589872E+001, 1.00228044121020E+000, 1.46481955818815E+000, 1.00228044121020E+000, 1.46481955818815E+000, 4.70741032341870E-002, 2.00000000000000E+000
 1.99838710616229E+001, 1.00209857271918E+000, 1.47364170385182E+000, 1.00209857271918E+000, 1.47364170385182E+000, 8.48212512616036E-002, 1.00000000000000E+000
 2.00699390668943E+001, 1.00230469216021E+000, 1.48644223159313E+000, 1.00230469216021E+000, 1.48644223159313E+000, 7.76107719304848E-002, 1.50000000000000E+000
 2.01129730695300E+001, 1.00232326428028E+000, 1.49794782154803E+000, 1.00232326428028E+000, 1.49794782154803E+000, 7.82555908334619E-002, 1.00000000000000E+000
 2.01990410748014E+001, 1.00240658218903E+000, 1.50648416009711E+000, 1.00240658218903E+000, 1.50648416009711E+000, 5.82784990781194E-002, 1.50000000000000E+000
 2.02420750774371E+001, 1.00251939110993E+000, 1.51227575373487E+000, 1.00251939110993E+000, 1.51227575373487E+000, 5.45747741709741E-002, 2.00000000000000E+000
 2.02851090800728E+001, 1.00240852452659E+000, 1.51434046568584E+000, 1.00240852452659E+000, 1.51434046568584E+000, 7.33803018869441E-002, 1.00000000000000E+000
 2.03667992514332E+001, 1.00257700353107E+000, 1.51441750217559E+000, 1.00257700353107E+000, 1.51441750217559E+000, 5.69310422152692E-002, 1.52679535272163E+000
 2.04054554201579E+001, 1.00270596520484E+000, 1.51190210918171E+000, 1.00270596520484E+000, 1.51190210918171E+000, 4.14268457409815E-002, 2.00000000000000E+000
 2.04827677576073E+001, 1.00255190710563E+000, 1.50615885911044E+000, 1.00255190710563E+000, 1.50615885911044E+000, 5.91970600782394E-002, 1.50000000000000E+000
 2.05214239263320E+001, 1.00228206817455E+000, 1.49851402992017E+000, 1.00228206817455E+000, 1.49851402992017E+000, 7.60262030480443E-002, 1.00000000000000E+000
 2.06064674975263E+001, 1.00231521153886E+000, 1.49146834770393E+000, 1.00231521153886E+000, 1.49146834770393E+000, 4.26817645422703E-002, 2.00000000000000E+000
 2.06489892831235E+001, 1.00242316119334E+000, 1.48765062694931E+000, 1.00242316119334E+000, 1.48765062694931E+000, 3.91981513056527E-002, 2.00000000000000E+000
 2.07340328543178E+001, 1.00205488736788E+000, 1.48853312602962E+000, 1.00205488736788E+000, 1.48853312602962E+000, 4.14933598120906E-002, 2.00000000000000E+000
 2.07765546399150E+001, 1.00211830400318E+000, 1.49259882016784E+000, 1.00211830400318E+000, 1.49259882016784E+000, 4.59416149937047E-002, 2.00000000000000E+000
 2.08615982111094E+001, 1.00187746700303E+000, 1.49900558495187E+000, 1.00187746700303E+000, 1.49900558495187E+000, 4.65852316187688E-002, 2.00000000000000E+000
 2.09041199967065E+001, 1.00225676001262E+000, 1.50621991575837E+000, 1.00225676001262E+000, 1.50621991575837E+000, 6.03549662252054E-002, 2.00000000000000E+000
 2.09466417823037E+001, 1.00205924771653E+000, 1.51046170443644E+000, 1.00205924771653E+000, 1.51046170443644E+000, 8.70866537169688E-002, 2.00000000000000E+000
 2.10227594688604E+001, 1.00205287643918E+000, 1.51477882570735E+000, 1.00205287643918E+000, 1.51477882570735E+000, 5.58865881165986E-002, 2.00000000000000E+000
 2.10608183121387E+001, 1.00224034335974E+000, 1.51841514266744E+000, 1.00224034335974E+000, 1.51841514266744E+000, 7.20990709108804E-002, 2.00000000000000E+000
 2.11369359986953E+001, 1.00229608115664E+000, 1.52086267316885E+000, 1.00229608115664E+000, 1.52086267316885E+000, 6.70286923774921E-002, 2.00000000000000E+000
 2.12130536852520E+001, 1.00297233601718E+000, 1.52145904965333E+000, 1.00297233601718E+000, 1.52145904965333E+000, 7.01611890584306E-002, 1.50000000000000E+000
 2.12511125285303E+001, 1.00289732875009E+000, 1.52013060640776E+000, 1.00289732875009E+000, 1.52013060640776E+000, 5.12138926796948E-002, 2.00000000000000E+000
 2.13348419837426E+001, 1.00364429672163E+000, 1.51799457457281E+000, 1.00364429672163E+000, 1.51799457457281E+000, 5.95500965359246E-002, 2.00000000000000E+000
 2.13767067113488E+001, 1.00335580577369E+000, 1.51548318622958E+000, 1.00335580577369E+000, 1.51548318622958E+000, 4.81108288374763E-002, 2.00000000000000E+000
 2.14604361665611E+001, 1.00424477143860E+000, 1.51215713418760E+000, 1.00424477143860E+000, 1.51215713418760E+000, 3.90701747413882E-002, 2.00000000000000E+000
 2.15023008941673E+001, 1.00417559130693E+000, 1.50822858667037E+000, 1.00417559130693E+000, 1.50822858667037E+000, 4.29715683716232E-002, 2.00000000000000E+000
 2.15441656217734E+001, 1.00409851069291E+000, 1.50517440565646E+000, 1.00409851069291E+000, 1.50517440565646E+000, 4.39192802581927E-002, 2.00000000000000E+000
 2.16362680225070E+001, 1.00421460219450E+000, 1.49891204883590E+000, 1.00421460219450E+000, 1.49891204883590E+000, 5.20759731438420E-002, 2.50000000000000E+000
 2.16823192228738E+001, 1.00418393274633E+000, 1.49093629724658E+000, 1.00418393274633E+000, 1.49093629724658E+000, 5.83274821717685E-002, 2.00000000000000E+000
 2.17283704232405E+001, 1.00421960972280E+000, 1.48493776723315E+000, 1.00421960972280E+000, 1.48493776723315E+000, 7.65494365428796E-002, 2.00000000000000E+000
 2.18073319505498E+001, 1.00386603348079E+000, 1.47708491348374E+000, 1.00386603348079E+000, 1.47708491348374E+000, 7.50229283057602E-002, 2.50000000000000E+000
 2.18468127142045E+001, 1.00361048031750E+000, 1.46958005417509E+000, 1.00361048031750E+000, 1.46958005417509E+000, 4.94134750690303E-002, 2.00000000000000E+000
 2.19177309084561E+001, 1.00328255591084E+000, 1.46449198248574E+000, 1.00328255591084E+000, 1.46449198248574E+000, 5.83699144511365E-002, 2.00000000000000E+000
 2.19886491027078E+001, 1.00283409778757E+000, 1.46006735368762E+000, 1.00283409778757E+000, 1.46006735368762E+000, 5.71782868933105E-002, 2.00000000000000E+000
 2.20276541095462E+001, 1.00236309761464E+000, 1.45760691300305E+000, 1.00236309761464E+000, 1.45760691300305E+000, 5.86992371055177E-002, 3.00000000000000E+000
 2.21134651245907E+001, 1.00174729839779E+000, 1.45521059253197E+000, 1.00174729839779E+000, 1.45521059253197E+000, 7.00250358048643E-002, 2.50000000000000E+000
 2.21563706321130E+001, 1.00096340779270E+000, 1.45118962549504E+000, 1.00096340779270E+000, 1.45118962549504E+000, 8.88738190445073E-002, 2.00000000000000E+000
 2.22357761810624E+001, 1.00069415477000E+000, 1.44531688491952E+000, 1.00069415477000E+000, 1.44531688491952E+000, 6.08449113845844E-002, 1.54033386948290E+000
 2.22722762224896E+001, 1.00054472867777E+000, 1.43832480057802E+000, 1.00054472867777E+000, 1.43832480057802E+000, 5.11281984168849E-002, 2.00000000000000E+000
 2.23452763053439E+001, 1.00050196662653E+000, 1.42902210408189E+000, 1.00050196662653E+000, 1.42902210408189E+000, 6.14778678432850E-002, 2.00000000000000E+000
 2.23817763467711E+001, 1.00031636369562E+000, 1.41778896535236E+000, 1.00031636369562E+000, 1.41778896535236E+000, 9.81869629436245E-002, 1.00000000000000E+000
 2.24584264337681E+001, 1.00036896109856E+000, 1.40430947123044E+000, 1.00036896109856E+000, 1.40430947123044E+000, 4.63329307636993E-002, 2.00000000000000E+000
 2.25387265249079E+001, 9.99962539975456E-001, 1.38412731216054E+000, 9.99962539975456E-001, 1.38412731216054E+000, 4.85438281149170E-002, 2.00000000000000E+000
 2.25788765704778E+001, 1.00075134039837E+000, 1.36865997350200E+000, 1.00075134039837E+000, 1.36865997350200E+000, 5.53760543159560E-002, 2.00000000000000E+000
 2.26591766616175E+001, 1.00044427080698E+000, 1.35374562980333E+000, 1.00044427080698E+000, 1.35374562980333E+000, 6.97864032030504E-002, 2.00000000000000E+000
 2.26993267071874E+001, 1.00066283250999E+000, 1.34021563210345E+000, 1.00066283250999E+000, 1.34021563210345E+000, 5.53515757501653E-002, 2.00000000000000E+000
 2.27796267983272E+001, 1.00127297154187E+000, 1.32894787940545E+000, 1.00127297154187E+000, 1.32894787940545E+000, 7.48317797595592E-002, 1.50000000000000E+000
 2.28197768438971E+001, 1.00123040290678E+000, 1.31846968622769E+000, 1.00123040290678E+000, 1.31846968622769E+000, 5.23630894955467E-002, 2.00000000000000E+000
 2.29000769350369E+001, 1.00132882298719E+000, 1.31039090775562E+000, 1.00132882298719E+000, 1.31039090775562E+000, 6.17913695179768E-002, 2.00000000000000E+000
 2.29402269806067E+001, 1.00153799264645E+000, 1.30417979347598E+000, 1.00153799264645E+000, 1.30417979347598E+000, 5.07273274395543E-002, 2.00000000000000E+000
 2.29803770261766E+001, 1.00137939660705E+000, 1.30092507762818E+000, 1.00137939660705E+000, 1.30092507762818E+000, 9.75096024034687E-002, 1.00000000000000E+000
 2.30606771173164E+001, 1.00122777245805E+000, 1.29780653478516E+000, 1.00122777245805E+000, 1.29780653478516E+000, 6.68657312042942E-002, 2.00000000000000E+000
 2.31298441910061E+001, 1.00133627723163E+000, 1.29578649396732E+000, 1.00133627723163E+000, 1.29578649396732E+000, 6.79673586041374E-002, 1.50000000000000E+000
 2.31644277278510E+001, 1.00162517379521E+000, 1.29395014271692E+000, 1.00162517379521E+000, 1.29395014271692E+000, 4.66250304382325E-002, 2.00000000000000E+000
 2.32370531552252E+001, 1.00160114777618E+000, 1.29024496117216E+000, 1.00160114777618E+000, 1.29024496117216E+000, 3.97709117880541E-002, 2.00000000000000E+000
 2.33131369362839E+001, 1.00205663897102E+000, 1.28288746472645E+000, 1.00205663897102E+000, 1.28288746472645E+000, 3.70905166435486E-002, 2.00000000000000E+000
 2.33511788268133E+001, 1.00219921207729E+000, 1.27610179651994E+000, 1.00219921207729E+000, 1.27610179651994E+000, 9.91708298092169E-002, 1.00000000000000E+000
 2.34272626078720E+001, 1.00242153148456E+000, 1.26681360412403E+000, 1.00242153148456E+000, 1.26681360412403E+000, 4.83382350369435E-002, 2.00000000000000E+000
 2.34691086874543E+001, 1.00231557968413E+000, 1.25470179088646E+000, 1.00231557968413E+000, 1.25470179088646E+000, 6.00256773262631E-002, 2.00000000000000E+000
 2.35528008466188E+001, 1.00224761224781E+000, 1.24065130914533E+000, 1.00224761224781E+000, 1.24065130914533E+000, 5.37826799543492E-002, 2.00000000000000E+000
 2.35946469262011E+001, 1.00231964760993E+000, 1.22536419730403E+000, 1.00231964760993E+000, 1.22536419730403E+000, 3.92723733756943E-002, 2.00000000000000E+000
 2.36783390853657E+001, 1.00202860089346E+000, 1.20925126056968E+000, 1.00202860089346E+000, 1.20925126056968E+000, 4.39469496758147E-002, 2.00000000000000E+000
 2.37201851649480E+001, 1.00174909975232E+000, 1.19333599658212E+000, 1.00174909975232E+000, 1.19333599658212E+000, 4.71278692686494E-002, 2.00000000000000E+000
 2.37620312445303E+001, 1.00176829709698E+000, 1.18363029983048E+000, 1.00176829709698E+000, 1.18363029983048E+000, 9.68394191567703E-002, 1.00000000000000E+000
 2.38457234036949E+001, 1.00164941390516E+000, 1.16937485925089E+000, 1.00164941390516E+000, 1.16937485925089E+000, 5.52181494834907E-002, 2.00000000000000E+000
 2.38875694832772E+001, 1.00131018078782E+000, 1.15684400184784E+000, 1.00131018078782E+000, 1.15684400184784E+000, 4.84642095442120E-002, 2.00000000000000E+000
 2.39712616424417E+001, 1.00163865515725E+000, 1.14554788753439E+000, 1.00163865515725E+000, 1.14554788753439E+000, 3.92523789623642E-002, 2.00000000000000E+000
 2.40065361981770E+001, 1.00157298718388E+000, 1.13567343558674E+000, 1.00157298718388E+000, 1.13567343558674E+000, 7.15428356892622E-002, 1.00000000000000E+000
 2.40770853096476E+001, 1.00166674207847E+000, 1.12664647128053E+000, 1.00166674207847E+000, 1.12664647128053E+000, 6.62024994405124E-002, 1.50000000000000E+000
 2.41399808467204E+001, 1.00153906738106E+000, 1.11499852717988E+000, 1.00153906738106E+000, 1.11499852717988E+000, 6.42858494511598E-002, 1.50000000000000E+000
 2.42028763837932E+001, 1.00142742245339E+000, 1.10217644918343E+000, 1.00142742245339E+000, 1.10217644918343E+000, 7.73916315720440E-002, 1.50000000000000E+000
 2.42657719208660E+001, 1.00158257163106E+000, 1.08846476845036E+000, 1.00158257163106E+000, 1.08846476845036E+000, 8.95569418385804E-002, 1.00000000000000E+000
 2.43003644662561E+001, 1.00132769024234E+000, 1.07821022795949E+000, 1.00132769024234E+000, 1.07821022795949E+000, 4.52923549012225E-002, 2.00000000000000E+000
 2.43730088115752E+001, 1.00127519681090E+000, 1.06857603056264E+000, 1.00127519681090E+000, 1.06854313518282E+000, 7.33673575484481E-002, 1.52380952380952E+000
 2.44491124114333E+001, 1.00088516425903E+000, 1.06088717035923E+000, 1.00088516425903E+000, 1.05935596018060E+000, 7.66338822372090E-002, 1.50000000000000E+000
 2.44871642113623E+001, 1.00075264960301E+000, 1.05847567674681E+000, 1.00075264960301E+000, 1.05586760156941E+000, 4.16708967491701E-002, 2.00000000000000E+000
 2.45708781712062E+001, 1.00056311691092E+000, 1.06032425118735E+000, 1.00056311691092E+000, 1.05727708372990E+000, 7.59362796025266E-002, 2.50000000000000E+000
 2.46127351511282E+001, 1.00034885570316E+000, 1.06600053148485E+000, 1.00034885570316E+000, 1.06256293281136E+000, 5.30227835911530E-002, 2.00000000000000E+000
 2.46964491109721E+001, 1.00040762456921E+000, 1.07519956285127E+000, 1.00040762456921E+000, 1.07161393754153E+000, 7.31872764317223E-002, 1.50000000000000E+000
 2.47383060908941E+001, 1.00014613807555E+000, 1.08545084368905E+000, 1.00014613807555E+000, 1.08205306915862E+000, 5.69330553762444E-002, 2.00000000000000E+000
 2.48117716450676E+001, 9.99853921232576E-001, 1.09378634159469E+000, 9.99853921232576E-001, 1.09086242562594E+000, 6.83522943757637E-002, 1.50000000000000E+000
 2.48485044221543E+001, 9.99483846026571E-001, 1.10167985738415E+000, 9.99483846026571E-001, 1.09952195950985E+000, 7.89364757217292E-002, 1.00000000000000E+000
 2.49219699763279E+001, 9.99123466179844E-001, 1.10780157941578E+000, 9.99123466179844E-001, 1.10679248717784E+000, 5.80985297435359E-002, 1.50000000000000E+000
 2.49954355305014E+001, 9.98842166136550E-001, 1.11450268250404E+000, 9.98842166136550E-001, 1.11450268250404E+000, 5.25678508674854E-002, 2.00000000000000E+000
 2.50358415852969E+001, 9.98707992867664E-001, 1.11837809166747E+000, 9.98707992867664E-001, 1.11837809166747E+000, 4.18850404117224E-002, 2.00000000000000E+000
 2.51166536948877E+001, 9.98232528572436E-001, 1.12172957655096E+000, 9.98232528572436E-001, 1.12006602599846E+000, 6.37674685269946E-002, 2.00000000000000E+000
 2.51570597496832E+001, 9.97886158733717E-001, 1.12774851339791E+000, 9.97886158733717E-001, 1.12019419246139E+000, 9.96179033424671E-002, 2.00000000000000E+000
 2.52378718592741E+001, 9.98608709546300E-001, 1.13292568399915E+000, 9.98608709546300E-001, 1.11901424299395E+000, 7.84800861168885E-002, 2.00000000000000E+000
 2.52782779140695E+001, 9.98152343371482E-001, 1.13510994920944E+000, 9.98152343371482E-001, 1.11614261251074E+000, 8.82037458942910E-002, 1.00000000000000E+000
 2.53590900236604E+001, 9.99062001592110E-001, 1.13551620004929E+000, 9.99062001592110E-001, 1.11339645110991E+000, 6.43740442235192E-002, 1.50000000000000E+000
 2.53994960784558E+001, 1.00137206238340E+000, 1.13371143847646E+000, 1.00137206238340E+000, 1.10995891121812E+000, 7.11276021806806E-002, 1.00000000000000E+000
 2.54803081880467E+001, 1.00053150188932E+000, 1.13310299541215E+000, 1.00053150188932E+000, 1.10992518885132E+000, 4.62356266943599E-002, 2.00000000000000E+000
 2.55207142428421E+001, 1.00254943129274E+000, 1.13097677255668E+000, 1.00254943129274E+000, 1.11017790720580E+000, 7.75923565213403E-002, 1.00000000000000E+000
 2.55611202976376E+001, 1.00243164351401E+000, 1.12855050205637E+000, 1.00243164351401E+000, 1.11009005614607E+000, 7.45067257579715E-002, 1.00000000000000E+000
 2.56419324072285E+001, 1.00294148901472E+000, 1.12246013096700E+000, 1.00294148901472E+000, 1.11005652384773E+000, 8.93880932000901E-002, 1.00000000000000E+000
 2.56823384620239E+001, 1.00161945262792E+000, 1.12007892799359E+000, 1.00161945262792E+000, 1.11094385900293E+000, 4.13765842931435E-002, 2.00000000000000E+000
 2.57631505716148E+001, 1.00105526928419E+000, 1.11799910621755E+000, 1.00105526928419E+000, 1.11170774106080E+000, 5.04765036178998E-002, 2.00000000000000E+000
 2.58035566264102E+001, 1.00080001428194E+000, 1.11480717494513E+000, 1.00080001428194E+000, 1.11209314939422E+000, 6.10857255767168E-002, 1.00000000000000E+000
 2.58843687360011E+001, 1.00216407477678E+000, 1.11308012413110E+000, 1.00216407477678E+000, 1.11308012413110E+000, 8.96509729729531E-002, 1.00000000000000E+000
 2.59247747907965E+001, 1.00163457885262E+000, 1.11250529002566E+000, 1.00163457885262E+000, 1.11250529002566E+000, 3.42637701220940E-002, 2.00000000000000E+000
 2.60055869003874E+001, 9.99946477005482E-001, 1.11033278635363E+000, 9.99946477005482E-001, 1.11033278635363E+000, 5.33598622590988E-002, 1.50000000000000E+000
 2.60459929551829E+001, 1.00088779691019E+000, 1.10599539087441E+000, 1.00088779691019E+000, 1.10599539087441E+000, 6.50635805184323E-002, 1.00000000000000E+000
 2.61268050647737E+001, 1.00059419525574E+000, 1.09845748363376E+000, 1.00059419525574E+000, 1.09845748363376E+000, 6.22791362213939E-002, 1.50000000000000E+000
 2.61672111195692E+001, 1.00063058453900E+000, 1.08919200778201E+000, 1.00063058453900E+000, 1.08919200778201E+000, 3.14685676088924E-002, 2.00000000000000E+000
 2.62520638346396E+001, 1.00052724549897E+000, 1.07814689665734E+000, 1.00052724549897E+000, 1.07814689665734E+000, 5.53464614803617E-002, 1.52380952380952E+000
 2.62965104949146E+001, 1.00127458333663E+000, 1.06598225125093E+000, 1.00127458333663E+000, 1.06598225125093E+000, 8.36415495499563E-002, 1.00000000000000E+000
 2.63409571551896E+001, 1.00098657666891E+000, 1.05730082556291E+000, 1.00098657666891E+000, 1.05730082556291E+000, 3.31299308994248E-002, 2.00000000000000E+000
 2.64298504757395E+001, 1.00102849224276E+000, 1.04466756747504E+000, 1.00102849224276E+000, 1.04466756747504E+000, 5.10433903711388E-002, 1.50000000000000E+000
 2.64742971360145E+001, 1.00203736316830E+000, 1.03317517433582E+000, 1.00203736316830E+000, 1.03317517433582E+000, 9.44580503609904E-002, 1.00000000000000E+000
 2.65631904565645E+001, 1.00185053067809E+000, 1.02400544540096E+000, 1.00185053067809E+000, 1.02400544540096E+000, 6.03359965852747E-002, 1.50000000000000E+000
 2.66076371168395E+001, 1.00198141519321E+000, 1.01639734548474E+000, 1.00198141519321E+000, 1.01639734548474E+000, 9.85586606296556E-002, 1.00000000000000E+000
 2.66520837771145E+001, 1.00153516881768E+000, 1.01272285770500E+000, 1.00153516881768E+000, 1.01272285770500E+000, 3.96518460424573E-002, 2.00000000000000E+000
 2.67409770976644E+001, 1.00218960271049E+000, 1.00800429649465E+000, 1.00218960271049E+000, 1.00800429649465E+000, 8.29441395947548E-002, 1.00000000000000E+000
 2.67854237579394E+001, 1.00151322696403E+000, 1.00478655043341E+000, 1.00151322696403E+000, 1.00478655043341E+000, 4.38359260453001E-002, 2.00000000000000E+000
 2.68298704182144E+001, 1.00104726020612E+000, 1.00372129894143E+000, 1.00104726020612E+000, 1.00372129894143E+000, 4.05667295604066E-002, 2.00000000000000E+000
 2.69187637387644E+001, 1.00113891700739E+000, 1.00361990632032E+000, 1.00113891700739E+000, 1.00361990632032E+000, 6.08984779274944E-002, 1.50000000000000E+000
 2.69676550650669E+001, 1.00087747018170E+000, 1.00418400078810E+000, 1.00087747018170E+000, 1.00418400078810E+000, 3.51131145052006E-002, 2.00000000000000E+000
 2.70165463913694E+001, 1.00060931878797E+000, 1.00507660017819E+000, 1.00060931878797E+000, 1.00507660017819E+000, 9.07483990610549E-002, 1.00000000000000E+000
 2.71017773133178E+001, 1.00030202139943E+000, 1.00555844682847E+000, 1.00030202139943E+000, 1.00555844682847E+000, 4.76545774331856E-002, 2.00000000000000E+000
 2.71443927742921E+001, 1.00013619117259E+000, 1.00534482634259E+000, 1.00013619117259E+000, 1.00534482634259E+000, 3.79973866612913E-002, 2.00000000000000E+000
 2.71870082352663E+001, 9.99955837004826E-001, 1.00664252890965E+000, 9.99955837004826E-001, 1.00456224034609E+000, 7.29430037262171E-002, 1.00000000000000E+000
 2.72722391572148E+001, 9.99716094202208E-001, 1.00842287129292E+000, 9.99716094202208E-001, 1.00274015138649E+000, 6.43210592779100E-002, 1.50000000000000E+000
 2.73148546181891E+001, 1.00002274504398E+000, 1.00945318003477E+000, 1.00002274504398E+000, 9.99996350917112E-001, 7.67440944870215E-002, 1.00000000000000E+000
 2.74000855401376E+001, 1.00026786512488E+000, 1.01063302475245E+000, 1.00026786512488E+000, 9.96970731036179E-001, 4.52221501650509E-002, 2.00000000000000E+000
 2.74427010011118E+001, 1.00046122231270E+000, 1.01357443974942E+000, 1.00046122231270E+000, 9.94298749539104E-001, 3.27268503509419E-002, 2.00000000000000E+000
 2.74853164620861E+001, 1.00041528461708E+000, 1.01610068870642E+000, 1.00041528461708E+000, 9.93189859191748E-001, 8.88034715167914E-002, 1.00000000000000E+000
 2.75705473840346E+001, 1.00045379122594E+000, 1.01963817153929E+000, 1.00045379122594E+000, 9.92332417418194E-001, 4.64840277208515E-002, 1.50000000000000E+000
 2.76131628450088E+001, 1.00057052866334E+000, 1.02241085084739E+000, 1.00057052866334E+000, 9.91920886469743E-001, 8.23287169396396E-002, 1.00000000000000E+000
 2.77026553130547E+001, 1.00040882109465E+000, 1.02329998387092E+000, 1.00040882109465E+000, 9.91856838883729E-001, 6.85137234990161E-002, 1.47619047619048E+000
 2.77495323201264E+001, 1.00031655359776E+000, 1.02268860409984E+000, 1.00031655359776E+000, 9.92430478111626E-001, 5.43518553126223E-002, 2.00000000000000E+000
 2.77964093271981E+001, 1.00013003945055E+000, 1.02122449173289E+000, 1.00013003945055E+000, 9.93436286900529E-001, 8.48803281719401E-002, 1.00000000000000E+000
 2.78432863342697E+001, 1.00006404491471E+000, 1.02059958607803E+000, 1.00006404491471E+000, 9.94675174614591E-001, 3.53401649815348E-002, 2.00000000000000E+000
 2.79370403484131E+001, 9.99772532408501E-001, 1.02147124524381E+000, 9.99772532408501E-001, 9.96940347415865E-001, 6.65692064289028E-002, 1.50000000000000E+000
 2.79839173554848E+001, 9.99931268344312E-001, 1.02144529522956E+000, 9.99931268344312E-001, 9.99005434898700E-001, 5.96764264459761E-002, 2.00000000000000E+000
 2.80307943625564E+001, 9.99766030022152E-001, 1.02107931339560E+000, 9.99766030022152E-001, 1.00044268739261E+000, 5.49230356746020E-002, 2.00000000000000E+000
 2.81245483766998E+001, 9.99865326131289E-001, 1.02106480606393E+000, 9.99865326131289E-001, 1.00223564579732E+000, 3.75510513293627E-002, 2.00000000000000E+000
 2.81714253837714E+001, 9.99494030238182E-001, 1.02233453953594E+000, 9.99494030238182E-001, 1.00313749605121E+000, 8.24199973639903E-002, 1.00000000000000E+000
 2.82183023908431E+001, 9.99872208136637E-001, 1.02228037399467E+000, 9.99872208136637E-001, 1.00310351915533E+000, 4.46991021291963E-002, 2.00000000000000E+000
 2.82651793979148E+001, 9.99276380663221E-001, 1.02101318980327E+000, 9.99276380663221E-001, 1.00242651964465E+000, 6.57553121719536E-002, 1.00000000000000E+000
 2.83589334120581E+001, 9.99956478081507E-001, 1.01810035904065E+000, 9.99956478081507E-001, 1.00096790468711E+000, 4.41240457462817E-002, 2.00000000000000E+000
 2.84009480661982E+001, 1.00033213767013E+000, 1.01567310450316E+000, 1.00033213767013E+000, 9.99514759812666E-001, 5.10403362964802E-002, 2.00000000000000E+000
 2.84429627203384E+001, 1.00009928942093E+000, 1.01800397014482E+000, 1.00009928942093E+000, 9.98241381160254E-001, 4.17084537593015E-002, 1.00000000000000E+000
 2.85269920286186E+001, 9.99961450309693E-001, 1.01988365358587E+000, 9.99961450309693E-001, 9.96008458486351E-001, 7.31879609203399E-002, 1.00000000000000E+000
 2.85690066827587E+001, 1.00026893171411E+000, 1.02078771264881E+000, 1.00026893171411E+000, 9.94078041313203E-001, 8.21760308369428E-002, 1.00000000000000E+000
 2.86530359910389E+001, 1.00031433184292E+000, 1.02122553677512E+000, 1.00031433184292E+000, 9.93308303464856E-001, 7.03247213553925E-002, 1.00000000000000E+000
 2.86992521105930E+001, 1.00072456281959E+000, 1.02101736718319E+000, 1.00072456281959E+000, 9.93144720960088E-001, 6.22211122765380E-002, 1.00000000000000E+000
 2.87454682301472E+001, 1.00084961155314E+000, 1.02031153419988E+000, 1.00084961155314E+000, 9.93302051965722E-001, 7.10534332867170E-002, 1.00000000000000E+000
 2.88379004692554E+001, 1.00068688456576E+000, 1.01830499071777E+000, 1.00068688456576E+000, 9.93712641462181E-001, 7.11610549799545E-002, 1.00000000000000E+000
 2.88841165888095E+001, 1.00085863886567E+000, 1.01481668015220E+000, 1.00085863886567E+000, 9.93729296067521E-001, 9.23800433269211E-002, 1.00000000000000E+000
 2.89303327083637E+001, 1.00099658465146E+000, 1.01279885056482E+000, 1.00099658465146E+000, 9.93291034835410E-001, 2.74847719741367E-002, 2.00000000000000E+000
 2.90227649474719E+001, 1.00096720330565E+000, 1.01113779841564E+000, 1.00096720330565E+000, 9.91777946163063E-001, 5.65394531983894E-002, 1.00000000000000E+000
 2.90689810670260E+001, 1.00039242404540E+000, 1.01062304709866E+000, 1.00039242404540E+000, 9.90307648962679E-001, 8.22654384105723E-002, 1.00000000000000E+000
 2.91151971865801E+001, 1.00082918243779E+000, 1.01051637219766E+000, 1.00082918243779E+000, 9.90209070151640E-001, 5.68875477491796E-002, 1.00000000000000E+000
 2.91614133061343E+001, 1.00039366986844E+000, 1.01024992879790E+000, 1.00039366986844E+000, 9.90416919605287E-001, 7.46999525013661E-002, 1.00000000000000E+000
 2.92538455452425E+001, 1.00044950446718E+000, 1.01014842368881E+000, 1.00044950446718E+000, 9.91989643007043E-001, 7.91995186047599E-002, 1.00000000000000E+000
 2.93000616647966E+001, 9.99992186272566E-001, 1.01002542156409E+000, 9.99992186272566E-001, 9.94405285437681E-001, 6.58000043994758E-002, 1.00000000000000E+000
 2.93462777843508E+001, 9.99775346611990E-001, 1.01289060727006E+000, 9.99775346611990E-001, 9.96582799452881E-001, 8.83458527874819E-002, 1.00000000000000E+000
 2.94387100234590E+001, 9.99757975317347E-001, 1.01740779957477E+000, 9.99757975317347E-001, 1.00066931818920E+000, 7.25286405696554E-002, 1.00000000000000E+000
 2.94849261430131E+001, 9.99640341823414E-001, 1.02193701399092E+000, 9.99640341823414E-001, 1.00534573675551E+000, 7.72843289039912E-002, 1.00000000000000E+000
 2.95311422625673E+001, 9.99371134340530E-001, 1.02491056956691E+000, 9.99371134340530E-001, 1.00877081162148E+000, 9.88701967050656E-002, 1.00000000000000E+000
 2.96235745016755E+001, 9.99471252840262E-001, 1.02930700288837E+000, 9.99471252840262E-001, 1.01428098985664E+000, 5.56567542951397E-002, 1.50000000000000E+000
 2.96697906212296E+001, 9.99261957667143E-001, 1.03330372345487E+000, 9.99261957667143E-001, 1.01976357987768E+000, 8.94297624465639E-002, 1.00000000000000E+000
 2.97160067407838E+001, 9.99467918408997E-001, 1.03558956706529E+000, 9.99467918408997E-001, 1.02318745644052E+000, 4.41970526089877E-002, 2.00000000000000E+000
 2.97668444722933E+001, 9.99834434867159E-001, 1.03688360212954E+000, 9.99834434867159E-001, 1.02587139071806E+000, 6.74675071454292E-002, 1.00000000000000E+000
 2.98227659769538E+001, 9.99697599793724E-001, 1.03749107797267E+000, 9.99697599793724E-001, 1.02806464862716E+000, 6.13384857554347E-002, 2.00000000000000E+000
 2.98842796320803E+001, 9.99530459452476E-001, 1.03663358312467E+000, 9.99530459452476E-001, 1.02900682944764E+000, 8.15919205896063E-002, 1.00000000000000E+000
 2.99457932872069E+001, 9.99946481237428E-001, 1.03521897291583E+000, 9.99946481237428E-001, 1.02926286191179E+000, 5.88647221502505E-002, 2.00000000000000E+000
 3.00073069423334E+001, 1.00042108057730E+000, 1.03208528110495E+000, 1.00042108057730E+000, 1.02765314117684E+000, 5.39538195954750E-002, 2.00000000000000E+000
 3.00688205974599E+001, 1.00052960574916E+000, 1.02743633123256E+000, 1.00052960574916E+000, 1.02432257402886E+000, 6.72341074564691E-002, 2.00000000000000E+000
 3.01303342525865E+001, 1.00045438355096E+000, 1.02329593514118E+000, 1.00045438355096E+000, 1.02128486143518E+000, 9.60396091472608E-002, 1.00000000000000E+000
 3.01979992732257E+001, 1.00077247894698E+000, 1.01697106556790E+000, 1.00077247894698E+000, 1.01588012792527E+000, 8.76368629879496E-002, 2.00000000000000E+000
 3.02656642938649E+001, 1.00092275776473E+000, 1.01028366922015E+000, 1.00092275776473E+000, 1.00982106093130E+000, 5.31775999504984E-002, 2.00000000000000E+000
 3.03333293145041E+001, 1.00100082953216E+000, 1.00343552583575E+000, 1.00100082953216E+000, 1.00336641424713E+000, 5.75606036664283E-002, 2.00000000000000E+000
 3.04009943351432E+001, 1.00069543311411E+000, 9.97990374562795E-001, 1.00069543311411E+000, 9.97990374562795E-001, 4.51394857919076E-002, 2.00000000000000E+000
 3.04686593557824E+001, 1.00052576417585E+000, 9.93302434449397E-001, 1.00052576417585E+000, 9.93302434449397E-001, 4.40568779922678E-002, 2.00000000000000E+000
 3.05363243764216E+001, 1.00086263467423E+000, 9.89500392468170E-001, 1.00086263467423E+000, 9.89500392468170E-001, 3.45635060523428E-002, 2.00000000000000E+000
 3.06039893970608E+001, 1.00069304720590E+000, 9.86407571960498E-001, 1.00069304720590E+000, 9.86407571960498E-001, 5.87952462583772E-002, 2.00000000000000E+000
 3.06716544177000E+001, 1.00042623941747E+000, 9.84148193598223E-001, 1.00042623941747E+000, 9.84148193598223E-001, 7.58941967830684E-002, 2.00000000000000E+000
 3.07393194383392E+001, 1.00064605270690E+000, 9.82925649311638E-001, 1.00064605270690E+000, 9.82925649311638E-001, 5.89104064239341E-002, 2.00000000000000E+000
 3.08069844589784E+001, 1.00026949437848E+000, 9.83011297759862E-001, 1.00026949437848E+000, 9.83011297759862E-001, 4.03843249726422E-002, 2.00000000000000E+000
 3.08746494796176E+001, 9.99683734997025E-001, 9.84026463927497E-001, 9.99683734997025E-001, 9.84026463927497E-001, 7.61543907754765E-002, 1.00000000000000E+000
 3.09423145002568E+001, 1.00015869567415E+000, 9.86005359105211E-001, 1.00015869567415E+000, 9.86005359105211E-001, 4.60460811301924E-002, 2.00000000000000E+000
 3.10024413395314E+001, 1.00032331977682E+000, 9.88675518034785E-001, 1.00032331977682E+000, 9.88675518034785E-001, 7.37582144678566E-002, 1.00000000000000E+000
 3.10625681788061E+001, 1.00003255968974E+000, 9.92070378906679E-001, 1.00003255968974E+000, 9.92070378906679E-001, 3.05503414453729E-002, 2.00000000000000E+000
 3.11226950180807E+001, 9.99718632278315E-001, 9.95373251084057E-001, 9.99718632278315E-001, 9.95373251084057E-001, 7.80997316925092E-002, 1.00000000000000E+000
 3.11828218573554E+001, 9.99602363877497E-001, 9.98607916121403E-001, 9.99602363877497E-001, 9.98607916121403E-001, 9.19577997345991E-002, 1.00000000000000E+000
 3.12429486966300E+001, 9.99478251214819E-001, 1.00110108824016E+000, 9.99478251214819E-001, 1.00110108824016E+000, 3.57287238022352E-002, 2.00000000000000E+000
 3.13030755359047E+001, 9.99436549290153E-001, 1.00296049839620E+000, 9.99436549290153E-001, 1.00296049839620E+000, 5.84726804901334E-002, 1.00000000000000E+000
 3.13632023751793E+001, 9.99303804253280E-001, 1.00384392175277E+000, 9.99303804253280E-001, 1.00384392175277E+000, 7.27118416208470E-002, 1.00000000000000E+000
 3.14233292144540E+001, 9.98953585430045E-001, 1.00343670604630E+000, 9.98953585430045E-001, 1.00343670604630E+000, 9.77150409489496E-002, 1.00000000000000E+000
 3.14834560537286E+001, 9.98866715635518E-001, 1.00073923391668E+000, 9.98866715635518E-001, 1.00073923391668E+000, 3.47606342069875E-002, 2.00000000000000E+000
 3.15435828930033E+001, 9.98814244734039E-001, 9.97196453171252E-001, 9.98814244734039E-001, 9.97196453171252E-001, 7.24914382918989E-002, 1.00000000000000E+000
 3.16037097322779E+001, 9.98759952149301E-001, 9.92337709205983E-001, 9.98759952149301E-001, 9.92337709205983E-001, 8.76119608379609E-002, 1.00000000000000E+000
 3.16638365715526E+001, 9.98695439056675E-001, 9.85512516084684E-001, 9.98695439056675E-001, 9.85512516084684E-001, 3.27876152134290E-002, 2.00000000000000E+000
 3.17239634108272E+001, 9.98258810324351E-001, 9.77932801857833E-001, 9.98258810324351E-001, 9.77932801857833E-001, 6.16325686808659E-002, 1.00000000000000E+000
 3.17840902501019E+001, 9.98541996979933E-001, 9.69935152073686E-001, 9.98541996979933E-001, 9.69442594466898E-001, 6.83756330406278E-002, 1.00000000000000E+000
 3.18442170893765E+001, 9.98343352992295E-001, 9.62102044646698E-001, 9.98343352992295E-001, 9.60267942996718E-001, 3.23209104686264E-002, 2.00000000000000E+000
 3.19043439286512E+001, 9.98370309043285E-001, 9.53902051528266E-001, 9.98370309043285E-001, 9.50890000966845E-001, 4.44759926315490E-002, 1.00000000000000E+000
 3.19644707679258E+001, 9.98206769652375E-001, 9.45663288343637E-001, 9.98206769652375E-001, 9.41693613405295E-001, 7.96349165649306E-002, 1.00000000000000E+000
 3.20245976072005E+001, 9.98152508177167E-001, 9.38178730801829E-001, 9.98152508177167E-001, 9.33533924686976E-001, 3.29866658341351E-002, 2.00000000000000E+000
 3.20847244464751E+001, 9.98158953370586E-001, 9.33214567945835E-001, 9.98158953370586E-001, 9.26141414191283E-001, 8.63921984959277E-002, 1.00000000000000E+000
 3.21448512857498E+001, 9.98254536564119E-001, 9.29945335983254E-001, 9.98254536564119E-001, 9.20266133690515E-001, 3.10343903198715E-002, 2.00000000000000E+000
 3.22049781250245E+001, 9.98124295663801E-001, 9.27223026778740E-001, 9.98124295663801E-001, 9.15451780483223E-001, 4.76541196101715E-002, 1.00000000000000E+000
 3.22651049642991E+001, 9.98102539561671E-001, 9.24892219055638E-001, 9.98102539561671E-001, 9.11431897940750E-001, 9.10869397994511E-002, 1.00000000000000E+000
 3.23252318035738E+001, 9.98288291421296E-001, 9.22730729810009E-001, 9.98288291421296E-001, 9.07895606781834E-001, 2.93592211821658E-002, 2.00000000000000E+000
 3.23853586428484E+001, 9.98456677135512E-001, 9.20752398590834E-001, 9.98456677135512E-001, 9.04693109923739E-001, 7.55718116413155E-002, 1.00000000000000E+000
 3.24454854821231E+001, 9.98378455772368E-001, 9.18438196356342E-001, 9.98378455772368E-001, 9.01235046570449E-001, 8.85673899598698E-002, 1.00000000000000E+000
 3.25056123213977E+001, 9.98417351881300E-001, 9.15470382347259E-001, 9.98417351881300E-001, 8.97134451286898E-001, 9.33118080451887E-002, 1.00000000000000E+000
 3.25657391606724E+001, 9.98651347754264E-001, 9.11482522313414E-001, 9.98651347754264E-001, 8.91990198605289E-001, 9.78552192843598E-002, 1.00000000000000E+000
 3.26258659999470E+001, 9.98414569666169E-001, 9.06186023707209E-001, 9.98414569666169E-001, 8.85512109510159E-001, 9.85914683811755E-002, 1.00000000000000E+000
 3.26859928392217E+001, 9.98670603678536E-001, 9.00915604862704E-001, 9.98670603678536E-001, 8.77795100675498E-001, 9.38454994121729E-002, 1.00000000000000E+000
 3.27461196784963E+001, 9.98791389870298E-001, 8.95775481725247E-001, 9.98791389870298E-001, 8.68174568720176E-001, 6.82872959135732E-002, 1.00000000000000E+000
 3.28062465177710E+001, 9.98812791982739E-001, 8.88929411486096E-001, 9.98812791982739E-001, 8.56958540300209E-001, 9.42059679780349E-002, 1.00000000000000E+000
 3.28723860409731E+001, 9.98668301483461E-001, 8.79966687703748E-001, 9.98668301483461E-001, 8.43639950714522E-001, 3.30530563122347E-002, 2.00000000000000E+000
 3.29385255641752E+001, 9.98743229469121E-001, 8.68890760111455E-001, 9.98743229469121E-001, 8.28978290992983E-001, 7.37162542946550E-002, 1.00000000000000E+000
 3.30046650873773E+001, 9.98588628497339E-001, 8.57365165708728E-001, 9.98588628497339E-001, 8.15017620092191E-001, 2.82764555885251E-002, 2.00000000000000E+000
 3.30708046105794E+001, 9.98426278448950E-001, 8.43268760051467E-001, 9.98426278448950E-001, 7.99434687184852E-001, 5.90915336865090E-002, 1.00000000000000E+000
 3.31369441337816E+001, 9.98380691406243E-001, 8.28616975821345E-001, 9.98380691406243E-001, 7.84439199575101E-001, 5.99982325347004E-002, 1.00000000000000E+000
 3.32030836569837E+001, 9.98225260983169E-001, 8.13254751217312E-001, 9.98225260983169E-001, 7.69755538421973E-001, 8.25069672624084E-002, 1.00000000000000E+000
 3.32692231801858E+001, 9.98097689030004E-001, 8.03104125136941E-001, 9.98097689030004E-001, 7.57345102073624E-001, 9.94195366623423E-002, 1.00000000000000E+000
 3.33274865598195E+001, 9.98010606583386E-001, 7.97784481897664E-001, 9.98010606583386E-001, 7.51299984661545E-001, 2.61280929227465E-002, 2.00000000000000E+000
 3.33857499394533E+001, 9.98026137789520E-001, 7.92326129346499E-001, 9.98026137789520E-001, 7.45267127533585E-001, 4.71445375713095E-002, 1.00000000000000E+000
 3.34440133190870E+001, 9.98110213246802E-001, 7.88714620862075E-001, 9.98110213246802E-001, 7.40081437416205E-001, 5.12748035054336E-002, 1.00000000000000E+000
 3.35022766987207E+001, 9.98127383504471E-001, 7.85165618088264E-001, 9.98127383504471E-001, 7.35404322980725E-001, 7.14220571861068E-002, 1.00000000000000E+000
 3.35605400783544E+001, 9.98000315623281E-001, 7.82460431022251E-001, 9.98000315623281E-001, 7.31366220773804E-001, 6.23045307461956E-002, 1.00000000000000E+000
 3.36188034579882E+001, 9.98160851101430E-001, 7.79521950702031E-001, 9.98160851101430E-001, 7.27731653190359E-001, 6.85295832431085E-002, 1.00000000000000E+000
 3.36770668376219E+001, 9.98226127697415E-001, 7.76070273169405E-001, 9.98226127697415E-001, 7.24223067284550E-001, 7.68116530919964E-002, 1.00000000000000E+000
 3.37353302172556E+001, 9.98281304064805E-001, 7.71875233564071E-001, 9.98281304064805E-001, 7.20536673878747E-001, 6.46649520987141E-002, 1.00000000000000E+000
 3.37935935968894E+001, 9.98369638604564E-001, 7.67136904135213E-001, 9.98369638604564E-001, 7.16861368743450E-001, 8.65001455792305E-002, 1.00000000000000E+000
 3.38518569765231E+001, 9.98505569459533E-001, 7.61800577141833E-001, 9.98505569459533E-001, 7.13131846273725E-001, 6.50821467988663E-002, 1.00000000000000E+000
 3.39101203561568E+001, 9.98604325726412E-001, 7.56123643550160E-001, 9.98604325726412E-001, 7.09624711705861E-001, 6.82034459182301E-002, 1.00000000000000E+000
 3.39683837357905E+001, 9.98577945107814E-001, 7.50146493646064E-001, 9.98577945107814E-001, 7.06378889292448E-001, 7.16211274911951E-002, 1.00000000000000E+000
 3.40266471154243E+001, 9.98629539918671E-001, 7.44506851203984E-001, 9.98629539918671E-001, 7.03347827492090E-001, 7.10500726183303E-002, 1.00000000000000E+000
 3.40849104950580E+001, 9.98610962029600E-001, 7.40224954038046E-001, 9.98610962029600E-001, 7.00370727253769E-001, 6.51109163541299E-002, 1.00000000000000E+000
 3.41431738746917E+001, 9.98566751351749E-001, 7.35867163408088E-001, 9.98566751351749E-001, 6.97211834039910E-001, 6.97092294259549E-002, 1.00000000000000E+000
 3.42014372543255E+001, 9.98577390539880E-001, 7.31619826932954E-001, 9.98577390539880E-001, 6.93803338875530E-001, 7.17079452326611E-002, 1.00000000000000E+000
 3.42655269719226E+001, 9.98529151717600E-001, 7.25677053920068E-001, 9.98529151717600E-001, 6.89522157464433E-001, 6.16608698868083E-002, 1.00000000000000E+000
 3.43296166895197E+001, 9.98474094909186E-001, 7.21841060918477E-001, 9.98474094909186E-001, 6.85259496697549E-001, 9.12614950224919E-002, 1.00000000000000E+000
 3.43937064071168E+001, 9.98350339174270E-001, 7.16930310258935E-001, 9.98350339174270E-001, 6.80440894614001E-001, 7.87858655647921E-002, 1.00000000000000E+000
 3.44577961247139E+001, 9.98263481599974E-001, 7.11463790622157E-001, 9.98263481599974E-001, 6.75441263012937E-001, 9.95036414360279E-002, 1.00000000000000E+000
 3.45218858423110E+001, 9.98259121560315E-001, 7.05365281866047E-001, 9.98259121560315E-001, 6.70260099633257E-001, 7.51576317440277E-002, 1.00000000000000E+000
 3.45859755599081E+001, 9.98178437357531E-001, 6.99181439919112E-001, 9.98178437357531E-001, 6.65164102164845E-001, 8.64193516143904E-002, 1.00000000000000E+000
 3.46500652775052E+001, 9.98137684386934E-001, 6.93897366495387E-001, 9.98137684386934E-001, 6.60214762439070E-001, 7.22488839297273E-002, 1.00000000000000E+000
 3.47029808825776E+001, 9.98111941717854E-001, 6.89313265151306E-001, 9.98111941717854E-001, 6.56203197719955E-001, 7.20730469119342E-002, 1.00000000000000E+000
 3.47558964876500E+001, 9.98081837322269E-001, 6.84311098212622E-001, 9.98081837322269E-001, 6.52126520374165E-001, 7.31856380654197E-002, 1.00000000000000E+000
 3.48088120927225E+001, 9.98111910675147E-001, 6.79684159950077E-001, 9.98111910675147E-001, 6.48219514843670E-001, 7.13280120214568E-002, 1.00000000000000E+000
 3.48617276977949E+001, 9.98118963693806E-001, 6.75678354198984E-001, 9.98118963693806E-001, 6.44930939166756E-001, 6.62304686580484E-002, 1.00000000000000E+000
 3.49146433028673E+001, 9.98185575598021E-001, 6.72256013836472E-001, 9.98185575598021E-001, 6.42428319701853E-001, 5.90551692331975E-002, 1.00000000000000E+000
 3.49675589079398E+001, 9.98201844292672E-001, 6.69411754373634E-001, 9.98201844292672E-001, 6.40652447628169E-001, 5.54766079851886E-002, 1.00000000000000E+000
 3.50204745130122E+001, 9.98197550624392E-001, 6.66927857636462E-001, 9.98197550624392E-001, 6.39300316361654E-001, 5.63378439481435E-002, 1.00000000000000E+000
 3.50733901180846E+001, 9.98185198072408E-001, 6.64622716856159E-001, 9.98185198072408E-001, 6.38111959461550E-001, 5.71847597376365E-002, 1.00000000000000E+000
 3.51263057231571E+001, 9.98155743131943E-001, 6.62372696917960E-001, 9.98155743131943E-001, 6.36894771182480E-001, 5.69482387748447E-002, 1.00000000000000E+000
 3.51792213282295E+001, 9.98168941780506E-001, 6.60203412688761E-001, 9.98168941780506E-001, 6.35638832817667E-001, 5.61666252298019E-002, 1.00000000000000E+000
 3.52321369333019E+001, 9.98127584995534E-001, 6.58180851117555E-001, 9.98127584995534E-001, 6.34417221800710E-001, 5.59702905436315E-002, 1.00000000000000E+000
 3.52850525383744E+001, 9.98044961827944E-001, 6.56305162171017E-001, 9.98044961827944E-001, 6.33250261254866E-001, 5.65594787838151E-002, 1.00000000000000E+000
 3.53379681434468E+001, 9.97959518190209E-001, 6.54700320464949E-001, 9.97959518190209E-001, 6.32185170234086E-001, 5.64198798337940E-002, 1.00000000000000E+000
 3.53908837485193E+001, 9.97885258836241E-001, 6.53335404738695E-001, 9.97885258836241E-001, 6.31379219625497E-001, 5.56419328180865E-002, 1.00000000000000E+000
 3.54437993535917E+001, 9.97773908890771E-001, 6.52155878992693E-001, 9.97773908890771E-001, 6.30864889008959E-001, 5.61036653374244E-002, 1.00000000000000E+000
 3.54967149586641E+001, 9.97604778787580E-001, 6.51159024981814E-001, 9.97604778787580E-001, 6.30694028839441E-001, 5.78528545268273E-002, 1.00000000000000E+000
 3.55496305637366E+001, 9.97454258693271E-001, 6.50303998867892E-001, 9.97454258693271E-001, 6.30876956331821E-001, 5.74196478279944E-002, 1.00000000000000E+000
 3.56025461688090E+001, 9.97321790366982E-001, 6.49529666752703E-001, 9.97321790366982E-001, 6.31406560351251E-001, 5.49511731507137E-002, 1.00000000000000E+000
 3.56607533343887E+001, 9.97116890069745E-001, 6.48534309075371E-001, 9.97116890069745E-001, 6.32178349742145E-001, 5.39829942283272E-002, 1.00000000000000E+000
 3.57189604999684E+001, 9.96885833710879E-001, 6.48487012332136E-001, 9.96885833710879E-001, 6.33237313804759E-001, 6.19324579351737E-002, 1.00000000000000E+000
 3.57829883821060E+001, 9.96663468734980E-001, 6.48342295702476E-001, 9.96663468734980E-001, 6.34573223181457E-001, 7.41341429248932E-002, 1.00000000000000E+000
 3.58470162642437E+001, 9.96446042575290E-001, 6.48387396831029E-001, 9.96446042575290E-001, 6.36651873653830E-001, 6.79590699728161E-002, 1.00000000000000E+000
 3.59110441463813E+001, 9.96219401997065E-001, 6.47994520139324E-001, 9.96219401997065E-001, 6.38682615783413E-001, 8.36556570510811E-002, 1.00000000000000E+000
 3.59750720285190E+001, 9.95987889573647E-001, 6.47698585867234E-001, 9.95987889573647E-001, 6.41209712738755E-001, 7.06283081561918E-002, 1.00000000000000E+000
 3.60390999106566E+001, 9.95771560532930E-001, 6.49258425437828E-001, 9.95771560532930E-001, 6.43651730718325E-001, 7.18967404574735E-002, 1.00000000000000E+000
 3.61095305810080E+001, 9.95548079216351E-001, 6.50804362452417E-001, 9.95548079216351E-001, 6.46210773471175E-001, 7.33268828083808E-002, 1.00000000000000E+000
 3.61799612513594E+001, 9.95316572180444E-001, 6.52406652632513E-001, 9.95316572180444E-001, 6.48700024275071E-001, 5.75147784347934E-002, 1.00000000000000E+000
 3.62503919217109E+001, 9.95157064355625E-001, 6.54363933997836E-001, 9.95157064355625E-001, 6.51023470182797E-001, 7.38245968279667E-002, 1.00000000000000E+000
 3.63208225920623E+001, 9.95003660575597E-001, 6.55907934417994E-001, 9.95003660575597E-001, 6.53181163577347E-001, 7.30192820680968E-002, 1.00000000000000E+000
 3.63912532624137E+001, 9.95027972859767E-001, 6.56712395441054E-001, 9.95027972859767E-001, 6.54818561756171E-001, 5.05790645934274E-002, 1.00000000000000E+000
 3.64616839327651E+001, 9.94974319582108E-001, 6.57196711405417E-001, 9.94974319582108E-001, 6.56301771269092E-001, 6.98688427845635E-002, 1.00000000000000E+000
 3.65321146031165E+001, 9.94924559805842E-001, 6.57352702106782E-001, 9.94924559805842E-001, 6.57352702106782E-001, 6.23450345527945E-002, 1.00000000000000E+000
 3.66025452734679E+001, 9.94905267964454E-001, 6.58582725122450E-001, 9.94905267964454E-001, 6.58582725122450E-001, 7.92807961778310E-002, 1.00000000000000E+000
 3.66729759438193E+001, 9.94871285697163E-001, 6.59566909439418E-001, 9.94871285697163E-001, 6.59566909439418E-001, 6.33063204630595E-002, 1.00000000000000E+000
 3.67434066141707E+001, 9.94849964977072E-001, 6.60717906341116E-001, 9.94849964977072E-001, 6.60717906341116E-001, 7.72920563316775E-002, 1.00000000000000E+000
 3.68138372845222E+001, 9.94855623915750E-001, 6.61182109852236E-001, 9.94855623915750E-001, 6.61182109852236E-001, 7.59421352107092E-002, 1.00000000000000E+000
 3.68842679548736E+001, 9.94920738216579E-001, 6.60843029431519E-001, 9.94920738216579E-001, 6.60293660866849E-001, 3.86225715099233E-002, 2.00000000000000E+000
 3.69546986252250E+001, 9.94972307108094E-001, 6.60386416774734E-001, 9.94972307108094E-001, 6.58882054865377E-001, 4.30671655258306E-002, 1.00000000000000E+000
 3.70251292955764E+001, 9.94985210377416E-001, 6.59286476095957E-001, 9.94985210377416E-001, 6.56751114786484E-001, 9.24953501117074E-002, 1.00000000000000E+000
 3.70955599659278E+001, 9.95127623213339E-001, 6.57532224898079E-001, 9.95127623213339E-001, 6.53290625195096E-001, 4.01264087632742E-002, 2.00000000000000E+000
 3.71659906362792E+001, 9.95054324157662E-001, 6.56863475690065E-001, 9.95054324157662E-001, 6.48671564589640E-001, 6.00818139018738E-002, 1.00000000000000E+000
 3.72364213066306E+001, 9.95097167853773E-001, 6.55576591117234E-001, 9.95097167853773E-001, 6.42721682498998E-001, 6.90196674270862E-002, 1.00000000000000E+000
 3.73068519769821E+001, 9.95125138391977E-001, 6.52226642675780E-001, 9.95125138391977E-001, 6.35358123734513E-001, 8.75521806881901E-002, 1.00000000000000E+000
 3.73772826473335E+001, 9.95327699340574E-001, 6.46484239770393E-001, 9.95327699340574E-001, 6.27012306405705E-001, 8.23965278320618E-002, 1.00000000000000E+000
 3.74477133176849E+001, 9.95563336541187E-001, 6.38843262082189E-001, 9.95563336541187E-001, 6.18590450506384E-001, 9.81739078789763E-002, 1.00000000000000E+000
 3.75181439880363E+001, 9.95891949497509E-001, 6.31802331788026E-001, 9.95891949497509E-001, 6.11727322981252E-001, 4.12958455246077E-002, 2.00000000000000E+000
 3.75885746583877E+001, 9.95933621778665E-001, 6.27187193162159E-001, 9.95933621778665E-001, 6.05901330001580E-001, 7.90005678512518E-002, 1.00000000000000E+000
 3.76590053287391E+001, 9.95992978506925E-001, 6.23517839818331E-001, 9.95992978506925E-001, 6.01240911591956E-001, 8.00437877822791E-002, 1.00000000000000E+000
 3.77294359990905E+001, 9.95998839587626E-001, 6.20394706006524E-001, 9.95998839587626E-001, 5.97171145032261E-001, 8.88596765767932E-002, 1.00000000000000E+000
 3.77998666694419E+001, 9.95978803393093E-001, 6.17329490087382E-001, 9.95978803393093E-001, 5.93078585904377E-001, 8.73936986318166E-002, 1.00000000000000E+000
 3.78702973397934E+001, 9.95902292413584E-001, 6.14535768103642E-001, 9.95902292413584E-001, 5.88501928480973E-001, 9.91222891527503E-002, 1.00000000000000E+000
 3.79477710771799E+001, 9.95877197205767E-001, 6.12843306164865E-001, 9.95877197205767E-001, 5.82040858007570E-001, 5.08808194842947E-002, 2.00000000000000E+000
 3.80252448145665E+001, 9.95736765261639E-001, 6.12739364770940E-001, 9.95736765261639E-001, 5.75419925259409E-001, 6.76090560578757E-002, 1.00000000000000E+000
 3.81027185519530E+001, 9.95701884707004E-001, 6.12494175700494E-001, 9.95701884707004E-001, 5.68183290635784E-001, 4.79013204106091E-002, 2.00000000000000E+000
 3.81801922893396E+001, 9.95596222778301E-001, 6.12467993027795E-001, 9.95596222778301E-001, 5.61059245120302E-001, 7.92484655862462E-002, 1.00000000000000E+000
 3.82576660267261E+001, 9.95551428008794E-001, 6.13158732489415E-001, 9.95551428008794E-001, 5.53783919563072E-001, 4.46349873822868E-002, 2.00000000000000E+000
 3.83351397641127E+001, 9.95476260457171E-001, 6.13067537609537E-001, 9.95476260457171E-001, 5.46476560689505E-001, 7.92746515798238E-002, 1.00000000000000E+000
 3.84126135014992E+001, 9.95540543165268E-001, 6.12348975182044E-001, 9.95540543165268E-001, 5.39628009785239E-001, 6.01431219420192E-002, 2.00000000000000E+000
 3.84900872388858E+001, 9.95640549429199E-001, 6.11771210391976E-001, 9.95640549429199E-001, 5.33200839830903E-001, 9.50461550032244E-002, 1.00000000000000E+000
 3.85595019533609E+001, 9.95839526984568E-001, 6.11779941646396E-001, 9.95839526984568E-001, 5.28457850617286E-001, 5.07615673472124E-002, 2.00000000000000E+000
 3.86289166678360E+001, 9.96038263379043E-001, 6.11200525817587E-001, 9.96038263379043E-001, 5.23861051071561E-001, 9.27714283672088E-002, 1.00000000000000E+000
 3.86983313823111E+001, 9.96245253719905E-001, 6.10041714901449E-001, 9.96245253719905E-001, 5.19374370151096E-001, 4.97213286405682E-002, 2.00000000000000E+000
 3.87677460967862E+001, 9.96418579367028E-001, 6.07566963864314E-001, 9.96418579367028E-001, 5.14309519245914E-001, 9.12295739637539E-002, 1.00000000000000E+000
 3.88371608112613E+001, 9.96507036615688E-001, 6.04028997571181E-001, 9.96507036615688E-001, 5.09005048647048E-001, 5.32274884690338E-002, 2.00000000000000E+000
 3.89065755257365E+001, 9.96525773020066E-001, 6.00301468173354E-001, 9.96525773020066E-001, 5.03236468392408E-001, 6.59698963308526E-002, 1.00000000000000E+000
 3.89759902402116E+001, 9.96540809770403E-001, 5.97268449182188E-001, 9.96540809770403E-001, 4.97319427850510E-001, 9.22727732311270E-002, 1.00000000000000E+000
 3.90454049546867E+001, 9.96488649601039E-001, 5.93751168158117E-001, 9.96488649601039E-001, 4.91317926996501E-001, 9.70662189843683E-002, 1.00000000000000E+000
 3.91148196691618E+001, 9.96333761454880E-001, 5.90294727831318E-001, 9.96333761454880E-001, 4.85133698502601E-001, 8.57510928075815E-002, 1.00000000000000E+000
 3.91842343836369E+001, 9.96191321470830E-001, 5.85860313555425E-001, 9.96191321470830E-001, 4.78875374548993E-001, 8.89665937984208E-002, 1.00000000000000E+000
 3.92536490981120E+001, 9.95997336946082E-001, 5.80571735501061E-001, 9.95997336946082E-001, 4.72830646957859E-001, 4.58613889921777E-002, 2.00000000000000E+000
 3.93230638125871E+001, 9.95646656712280E-001, 5.74280133345370E-001, 9.95646656712280E-001, 4.66711040642322E-001, 9.13097039914161E-002, 1.00000000000000E+000
 3.93924785270622E+001, 9.95419265654754E-001, 5.67135720631345E-001, 9.95419265654754E-001, 4.60765706239025E-001, 4.48554946353403E-002, 2.00000000000000E+000
 3.94618932415373E+001, 9.95011665237864E-001, 5.59302034679529E-001, 9.95011665237864E-001, 4.54802994549159E-001, 5.68183245009310E-002, 1.00000000000000E+000
 3.95313079560124E+001, 9.94570105480267E-001, 5.53006806408870E-001, 9.94570105480267E-001, 4.48791566957928E-001, 9.64033594284239E-002, 1.00000000000000E+000
 3.96007226704875E+001, 9.94356522062010E-001, 5.47845359884471E-001, 9.94356522062010E-001, 4.42511162889204E-001, 3.65156330882603E-002, 2.00000000000000E+000
 3.96614818719166E+001, 9.94144926196677E-001, 5.42799078452195E-001, 9.94144926196677E-001, 4.36975513079826E-001, 5.70822181774253E-002, 1.00000000000000E+000
 3.97222410733456E+001, 9.94031844978769E-001, 5.37367310769017E-001, 9.94031844978769E-001, 4.31464399894552E-001, 7.12410438164736E-002, 1.00000000000000E+000
 3.97830002747747E+001, 9.93923765857774E-001, 5.31840742587668E-001, 9.93923765857774E-001, 4.26199742787533E-001, 8.67012461310391E-002, 1.00000000000000E+000
 3.98437594762037E+001, 9.94018823656163E-001, 5.26221332327021E-001, 9.94018823656163E-001, 4.21098168012826E-001, 7.15277262720946E-002, 1.00000000000000E+000
 3.99045186776328E+001, 9.94229342184074E-001, 5.20469441425072E-001, 9.94229342184074E-001, 4.15925645804547E-001, 3.92749070809700E-002, 2.00000000000000E+000
 3.99652778790618E+001, 9.94313630112235E-001, 5.15398512106834E-001, 9.94313630112235E-001, 4.11549393222351E-001, 5.10533807048659E-002, 1.00000000000000E+000
 4.00260370804909E+001, 9.94461703287972E-001, 5.10670033216533E-001, 9.94461703287972E-001, 4.07522312290350E-001, 7.07937127380658E-002, 1.00000000000000E+000
 4.00867962819199E+001, 9.94572004152194E-001, 5.06248005253489E-001, 9.94572004152194E-001, 4.03713964457915E-001, 3.85736605520680E-002, 2.00000000000000E+000
 4.01475554833490E+001, 9.94520528418636E-001, 5.02593017396075E-001, 9.94520528418636E-001, 4.00802685909709E-001, 7.01010513342557E-002, 1.00000000000000E+000
 4.02083146847780E+001, 9.94605954808193E-001, 4.99605878121690E-001, 9.94605954808193E-001, 3.98526567423940E-001, 3.78140537267811E-002, 2.00000000000000E+000
 4.02690738862071E+001, 9.94638366663073E-001, 4.97364502110393E-001, 9.94638366663073E-001, 3.97075405848690E-001, 6.33602282400356E-002, 1.00000000000000E+000
 4.03298330876361E+001, 9.94729965477523E-001, 4.95891386021277E-001, 9.94729965477523E-001, 3.96340126844293E-001, 3.84893759978736E-002, 2.00000000000000E+000
 4.03905922890652E+001, 9.94804088917289E-001, 4.95033399212232E-001, 9.94804088917289E-001, 3.96194773713324E-001, 6.72101421291164E-002, 1.00000000000000E+000
 4.04513514904942E+001, 9.94964423155529E-001, 4.94641762482637E-001, 9.94964423155529E-001, 3.96321781930768E-001, 4.12671251628137E-002, 2.00000000000000E+000
 4.05121106919233E+001, 9.95127031073920E-001, 4.95147669476496E-001, 9.95127031073920E-001, 3.96766321036023E-001, 6.88711505637497E-002, 1.00000000000000E+000
 4.05728698933523E+001, 9.95274128483260E-001, 4.97072355487205E-001, 9.95274128483260E-001, 3.97160746384327E-001, 3.85545022906026E-002, 2.00000000000000E+000
 4.06336290947814E+001, 9.95458053978828E-001, 4.99173219436067E-001, 9.95458053978828E-001, 3.97796126100174E-001, 6.93761541259023E-002, 1.00000000000000E+000
 4.06943882962104E+001, 9.95553251138685E-001, 5.01588628600731E-001, 9.95553251138685E-001, 3.98931286078468E-001, 4.74469617536514E-002, 2.00000000000000E+000
 4.07551474976395E+001, 9.95646980022086E-001, 5.04008276218164E-001, 9.95646980022086E-001, 4.00395811193048E-001, 8.83700110952595E-002, 1.00000000000000E+000
 4.08159066990685E+001, 9.95679438590488E-001, 5.06542220464406E-001, 9.95679438590488E-001, 4.02479351160038E-001, 4.69906612873031E-002, 2.00000000000000E+000
 4.08766659004976E+001, 9.95714796474657E-001, 5.08754145787449E-001, 9.95714796474657E-001, 4.04725563037639E-001, 8.51506279659561E-002, 1.00000000000000E+000
 4.09374251019266E+001, 9.95658515982788E-001, 5.11819715479966E-001, 9.95658515982788E-001, 4.07970344813768E-001, 5.21116815385527E-002, 2.00000000000000E+000
 4.09889958073490E+001, 9.95606486705166E-001, 5.16337134573329E-001, 9.95606486705166E-001, 4.11226954553646E-001, 5.74957400746959E-002, 1.00000000000000E+000
 4.10405665127714E+001, 9.95608804851502E-001, 5.20386226147119E-001, 9.95608804851502E-001, 4.14762929805020E-001, 9.62601621038144E-002, 1.00000000000000E+000
 4.10921372181938E+001, 9.95546238227649E-001, 5.24252962413534E-001, 9.95546238227649E-001, 4.18799345041740E-001, 4.52601529093618E-002, 2.00000000000000E+000
 4.11437079236162E+001, 9.95487021480397E-001, 5.27422527585749E-001, 9.95487021480397E-001, 4.22669194526774E-001, 5.50164816240824E-002, 1.00000000000000E+000
 4.11952786290385E+001, 9.95399293447676E-001, 5.30141509836836E-001, 9.95399293447676E-001, 4.26498616128350E-001, 5.29978656358725E-002, 2.00000000000000E+000
 4.12520064050032E+001, 9.95268125496752E-001, 5.32285842063961E-001, 9.95268125496752E-001, 4.30269099941306E-001, 5.68301744515383E-002, 1.00000000000000E+000
 4.13087341809678E+001, 9.95107699100218E-001, 5.33901689734119E-001, 9.95107699100218E-001, 4.33765244063700E-001, 4.76811009808163E-002, 2.00000000000000E+000
 4.13654619569324E+001, 9.94925050922212E-001, 5.34793337153754E-001, 9.94925050922212E-001, 4.36802033250271E-001, 6.09201521846457E-002, 1.00000000000000E+000
 4.14221897328970E+001, 9.94791503110655E-001, 5.35427544982067E-001, 9.94791503110655E-001, 4.39772406334954E-001, 5.39543887079173E-002, 2.00000000000000E+000
 4.14789175088616E+001, 9.94665882753523E-001, 5.35422495135593E-001, 9.94665882753523E-001, 4.42284622001072E-001, 4.71432918131216E-002, 1.00000000000000E+000
 4.15356452848262E+001, 9.94585664576430E-001, 5.35053808659323E-001, 9.94585664576430E-001, 4.44585813707800E-001, 6.96128465866676E-002, 1.00000000000000E+000
 4.15980458383873E+001, 9.94616989234279E-001, 5.34810105776968E-001, 9.94616989234279E-001, 4.47402736089106E-001, 4.24889499234536E-002, 2.00000000000000E+000
 4.16604463919484E+001, 9.94581685513467E-001, 5.36641910819147E-001, 9.94581685513467E-001, 4.49517457325469E-001, 6.52690684928304E-002, 1.00000000000000E+000
 4.17228469455095E+001, 9.94664435953725E-001, 5.40016444715200E-001, 9.94664435953725E-001, 4.51589528254446E-001, 7.40972515895224E-002, 1.00000000000000E+000
 4.17852474990706E+001, 9.94776088416926E-001, 5.42588824559973E-001, 9.94776088416926E-001, 4.53577266036081E-001, 9.62509833543748E-002, 1.00000000000000E+000
 4.18476480526317E+001, 9.94941945210638E-001, 5.44933689346124E-001, 9.94941945210638E-001, 4.56082232065935E-001, 3.79361475689469E-002, 2.00000000000000E+000
 4.19100486061927E+001, 9.94999590203682E-001, 5.50374682717487E-001, 9.94999590203682E-001, 4.57905832428954E-001, 8.01339698088893E-002, 1.00000000000000E+000
 4.19724491597538E+001, 9.95139504252855E-001, 5.54819492319868E-001, 9.95139504252855E-001, 4.59800778799075E-001, 9.16936743804053E-002, 1.00000000000000E+000
 4.20348497133149E+001, 9.95238460714817E-001, 5.58030562861469E-001, 9.95238460714817E-001, 4.61786021538510E-001, 9.49516984196523E-002, 1.00000000000000E+000
 4.20972502668760E+001, 9.95322044926141E-001, 5.60291496747800E-001, 9.95322044926141E-001, 4.64212537953336E-001, 4.64831668422057E-002, 2.00000000000000E+000
 4.21596508204371E+001, 9.95350036342777E-001, 5.60911360289900E-001, 9.95350036342777E-001, 4.66362257860765E-001, 7.06969530080944E-002, 1.00000000000000E+000
 4.22220513739982E+001, 9.95424985181764E-001, 5.60663802945920E-001, 9.95424985181764E-001, 4.68395922821398E-001, 8.66681583626672E-002, 1.00000000000000E+000
 4.22844519275592E+001, 9.95506963665541E-001, 5.59410103174799E-001, 9.95506963665541E-001, 4.70655282435456E-001, 3.38086178371291E-002, 2.00000000000000E+000
 4.23468524811203E+001, 9.95471628762098E-001, 5.57165122664417E-001, 9.95471628762098E-001, 4.72704656675509E-001, 8.33042537966348E-002, 1.00000000000000E+000
 4.24092530346814E+001, 9.95510951293893E-001, 5.54392834688637E-001, 9.95510951293893E-001, 4.75168140844992E-001, 3.23219817216487E-002, 2.00000000000000E+000
 4.24716535882425E+001, 9.95444874852654E-001, 5.50608096113756E-001, 9.95444874852654E-001, 4.77808415368722E-001, 7.54045506769289E-002, 1.00000000000000E+000
 4.25340541418036E+001, 9.95444868122273E-001, 5.48556258484696E-001, 9.95444868122273E-001, 4.80972015102103E-001, 9.24233684509086E-002, 1.00000000000000E+000
 4.25964546953647E+001, 9.95486166198047E-001, 5.48653329641500E-001, 9.95486166198047E-001, 4.84594969516495E-001, 3.66354686613907E-002, 2.00000000000000E+000
 4.26588552489257E+001, 9.95366029842363E-001, 5.49664867669575E-001, 9.95366029842363E-001, 4.89108930427751E-001, 7.36912165862350E-002, 1.00000000000000E+000
 4.27212558024868E+001, 9.95343314982037E-001, 5.51135999382053E-001, 9.95343314982037E-001, 4.94297949925218E-001, 8.02707857784526E-002, 1.00000000000000E+000
 4.27836563560479E+001, 9.95357744492897E-001, 5.52985148904696E-001, 9.95357744492897E-001, 4.99367851241746E-001, 4.14981983064032E-002, 2.00000000000000E+000
 4.28460569096090E+001, 9.95226865023217E-001, 5.56471969611316E-001, 9.95226865023217E-001, 5.05871722243963E-001, 6.89431749252222E-002, 1.00000000000000E+000
 4.29084574631701E+001, 9.95204778949666E-001, 5.60485675252179E-001, 9.95204778949666E-001, 5.12713159739416E-001, 8.63570357384711E-002, 1.00000000000000E+000
 4.29708580167312E+001, 9.95212383990898E-001, 5.64548707666464E-001, 9.95212383990898E-001, 5.19699147503766E-001, 9.56051094893447E-002, 1.00000000000000E+000
 4.30332585702922E+001, 9.95248770015651E-001, 5.68646451685886E-001, 9.95248770015651E-001, 5.26641010815229E-001, 9.44532414187925E-002, 1.00000000000000E+000
 4.30956591238533E+001, 9.95343331468092E-001, 5.73143987930155E-001, 9.95343331468092E-001, 5.33446343040961E-001, 9.69854067858961E-002, 1.00000000000000E+000
 4.31580596774144E+001, 9.95494728558510E-001, 5.79168545788707E-001, 9.95494728558510E-001, 5.39468410760192E-001, 3.56929067168884E-002, 2.00000000000000E+000
 4.32267002863316E+001, 9.95556133820182E-001, 5.86519099274669E-001, 9.95556133820182E-001, 5.46412070032447E-001, 9.44284271690622E-002, 1.00000000000000E+000
 4.32953408952488E+001, 9.95690904724044E-001, 5.93597585399241E-001, 9.95690904724044E-001, 5.53057404464389E-001, 4.32764061602507E-002, 2.00000000000000E+000
 4.33639815041660E+001, 9.95724942822733E-001, 6.00300711753797E-001, 9.95724942822733E-001, 5.59378405019457E-001, 8.26246856220182E-002, 1.00000000000000E+000
 4.34326221130832E+001, 9.95788035059740E-001, 6.06916110905650E-001, 9.95788035059740E-001, 5.65581194351990E-001, 4.91929683698754E-002, 2.00000000000000E+000
 4.35012627220004E+001, 9.95839795947844E-001, 6.13071632190942E-001, 9.95839795947844E-001, 5.71159019589524E-001, 9.50148170744662E-002, 1.00000000000000E+000
 4.35699033309176E+001, 9.96004135954573E-001, 6.18997536468615E-001, 9.96004135954573E-001, 5.76197875165879E-001, 9.76724948416913E-002, 1.00000000000000E+000
 4.36385439398348E+001, 9.96235675687337E-001, 6.24268541237761E-001, 9.96235675687337E-001, 5.80709371941042E-001, 9.68068589533295E-002, 1.00000000000000E+000
 4.37071845487519E+001, 9.96387912680447E-001, 6.29568700253090E-001, 9.96387912680447E-001, 5.85307189324212E-001, 4.13857348008541E-002, 2.00000000000000E+000
 4.37758251576691E+001, 9.96535352443689E-001, 6.33955123269337E-001, 9.96535352443689E-001, 5.89124454585433E-001, 8.31402718277026E-002, 1.00000000000000E+000
 4.38444657665863E+001, 9.96625056384817E-001, 6.38314471892334E-001, 9.96625056384817E-001, 5.92753865850643E-001, 4.78457720539461E-002, 2.00000000000000E+000
 4.39131063755035E+001, 9.96629630274881E-001, 6.42835847939421E-001, 9.96629630274881E-001, 5.95865500096736E-001, 8.04639361972319E-002, 1.00000000000000E+000
 4.39817469844207E+001, 9.96572350766310E-001, 6.46902679216243E-001, 9.96572350766310E-001, 5.99088913483167E-001, 4.20476063466898E-002, 2.00000000000000E+000
 4.40503875933379E+001, 9.96472131133039E-001, 6.50362540853185E-001, 9.96472131133039E-001, 6.02219426954596E-001, 9.10736145916318E-002, 1.00000000000000E+000
 4.41190282022551E+001, 9.96423424541289E-001, 6.53602624483376E-001, 9.96423424541289E-001, 6.05756104106725E-001, 4.87837970908183E-002, 2.00000000000000E+000
 4.41876688111723E+001, 9.96374345900665E-001, 6.56435599280666E-001, 9.96374345900665E-001, 6.09445899328877E-001, 7.52698596633873E-002, 1.00000000000000E+000
 4.42563094200895E+001, 9.96394647734509E-001, 6.59135704747888E-001, 9.96394647734509E-001, 6.13666873600069E-001, 4.84345625696926E-002, 2.00000000000000E+000
 4.43249500290067E+001, 9.96393090043238E-001, 6.61514735696197E-001, 9.96393090043238E-001, 6.18161615031556E-001, 9.58135838131522E-002, 1.00000000000000E+000
 4.43935906379239E+001, 9.96420589567652E-001, 6.63515835445743E-001, 9.96420589567652E-001, 6.23029991188938E-001, 4.59272011156431E-002, 2.00000000000000E+000
 4.44622312468411E+001, 9.96428168289299E-001, 6.64984636698760E-001, 9.96428168289299E-001, 6.28053038419390E-001, 9.47466944750758E-002, 1.00000000000000E+000
 4.45308718557583E+001, 9.96454653943181E-001, 6.65709394981799E-001, 9.96454653943181E-001, 6.33277781390427E-001, 4.48189889542672E-002, 2.00000000000000E+000
 4.45995124646754E+001, 9.96460050218387E-001, 6.65787280553140E-001, 9.96460050218387E-001, 6.38778767230180E-001, 9.19984534134362E-002, 1.00000000000000E+000
 4.46681530735926E+001, 9.96550500376416E-001, 6.64896210417514E-001, 9.96550500376416E-001, 6.44651191309949E-001, 9.95994183461696E-002, 1.00000000000000E+000
 4.47367936825098E+001, 9.96550328893022E-001, 6.67054085192886E-001, 9.96550328893022E-001, 6.50718142241562E-001, 4.05082848164646E-002, 2.00000000000000E+000
 4.48054342914270E+001, 9.96554989725244E-001, 6.71609391009353E-001, 9.96554989725244E-001, 6.57145328735334E-001, 6.56002729911003E-002, 1.00000000000000E+000
 4.48740749003442E+001, 9.96659957829474E-001, 6.76837650115849E-001, 9.96659957829474E-001, 6.64039017577417E-001, 8.37650747160371E-002, 1.00000000000000E+000
 4.49427155092614E+001, 9.96748345285278E-001, 6.82374213787700E-001, 9.96748345285278E-001, 6.71233254995174E-001, 9.28906251256398E-002, 1.00000000000000E+000
 4.50113561181786E+001, 9.96646159277578E-001, 6.87285026275440E-001, 9.96646159277578E-001, 6.77912835578375E-001, 4.48553838732060E-002, 2.00000000000000E+000
 4.50799967270958E+001, 9.96583596484531E-001, 6.93399416242685E-001, 9.96583596484531E-001, 6.84868382273253E-001, 7.94948677351562E-002, 1.00000000000000E+000
 4.51486373360130E+001, 9.96478190163212E-001, 6.98937503204222E-001, 9.96478190163212E-001, 6.91178775459409E-001, 3.16728801462559E-002, 2.00000000000000E+000
 4.52172779449302E+001, 9.96363826065755E-001, 7.04104052245825E-001, 9.96363826065755E-001, 6.97298715547151E-001, 6.40224177309108E-002, 1.00000000000000E+000
 4.52859185538474E+001, 9.96247882681485E-001, 7.08404815539533E-001, 9.96247882681485E-001, 7.02762045563213E-001, 3.15157783101990E-002, 2.00000000000000E+000
 4.53545591627646E+001, 9.96115943192011E-001, 7.12477352491523E-001, 9.96115943192011E-001, 7.07775174065372E-001, 5.66204390586240E-002, 1.00000000000000E+000
 4.54231997716818E+001, 9.96060347052182E-001, 7.15835735845323E-001, 9.96060347052182E-001, 7.11992682685495E-001, 3.25130212218314E-002, 2.00000000000000E+000
 4.54918403805990E+001, 9.95990742716756E-001, 7.18967349037879E-001, 9.95990742716756E-001, 7.16059324996414E-001, 5.70890580904181E-002, 1.00000000000000E+000
 4.55604809895161E+001, 9.95937510079381E-001, 7.22022167618893E-001, 9.95937510079381E-001, 7.19040513262293E-001, 3.75544750654775E-002, 2.00000000000000E+000
 4.56291215984333E+001, 9.95842868730760E-001, 7.26658037576085E-001, 9.95842868730760E-001, 7.22140754557478E-001, 6.90794718321478E-002, 1.00000000000000E+000
 4.56977622073505E+001, 9.95762121956022E-001, 7.30689595277258E-001, 9.95762121956022E-001, 7.24792548043206E-001, 3.55718321399755E-002, 2.00000000000000E+000
 4.57664028162677E+001, 9.95657550950822E-001, 7.34837615369206E-001, 9.95657550950822E-001, 7.27930067655982E-001, 6.33800380247952E-002, 1.00000000000000E+000
 4.58350434251849E+001, 9.95657224731995E-001, 7.38569899847910E-001, 9.95657224731995E-001, 7.30967494814423E-001, 3.61615584138377E-002, 2.00000000000000E+000
 4.59036840341021E+001, 9.95636456767038E-001, 7.42286554177839E-001, 9.95636456767038E-001, 7.34442691165001E-001, 7.84203577129202E-002, 1.00000000000000E+000
 4.59723246430193E+001, 9.95687232527700E-001, 7.45847763432875E-001, 9.95687232527700E-001, 7.38207975465793E-001, 8.76108909189462E-002, 1.00000000000000E+000
 4.60409652519365E+001, 9.95798569609843E-001, 7.49030329806441E-001, 9.95798569609843E-001, 7.42146035190330E-001, 9.55908787013313E-002, 1.00000000000000E+000
 4.61096058608537E+001, 9.95994534906695E-001, 7.53157176092590E-001, 9.95994534906695E-001, 7.46323548314556E-001, 9.32028994417145E-002, 1.00000000000000E+000
 4.61782464697709E+001, 9.96250283511650E-001, 7.57686784159075E-001, 9.96250283511650E-001, 7.50826915615046E-001, 8.68515006426961E-002, 1.00000000000000E+000
 4.62468870786881E+001, 9.96512075199679E-001, 7.62350742313580E-001, 9.96512075199679E-001, 7.55127100531266E-001, 8.61218027545612E-002, 1.00000000000000E+000
 4.63155276876053E+001, 9.96605982849307E-001, 7.68835427254257E-001, 9.96605982849307E-001, 7.58957910727615E-001, 4.05662276584381E-002, 2.00000000000000E+000
 4.63841682965225E+001, 9.96680592989013E-001, 7.73729012311022E-001, 9.96680592989013E-001, 7.61609769302241E-001, 8.26884103051402E-002, 1.00000000000000E+000
 4.64528089054396E+001, 9.96597347766539E-001, 7.77076085422580E-001, 9.96597347766539E-001, 7.63220262306968E-001, 4.11043943740803E-002, 2.00000000000000E+000
 4.65214495143568E+001, 9.96505486394483E-001, 7.79662846283063E-001, 9.96505486394483E-001, 7.63845269219934E-001, 8.69794389301049E-002, 1.00000000000000E+000
 4.65900901232740E+001, 9.96390301237936E-001, 7.81069927734108E-001, 9.96390301237936E-001, 7.63472994354706E-001, 3.49957796768244E-002, 2.00000000000000E+000
 4.66587307321912E+001, 9.96372289157482E-001, 7.83748051675835E-001, 9.96372289157482E-001, 7.62557241838581E-001, 8.90585564991993E-002, 1.00000000000000E+000
 4.67273713411084E+001, 9.96545279059647E-001, 7.86274323558186E-001, 9.96545279059647E-001, 7.61133880068268E-001, 9.64848835231183E-002, 1.00000000000000E+000
 4.67960119500256E+001, 9.96695791505373E-001, 7.93218617267185E-001, 9.96695791505373E-001, 7.59738561140876E-001, 4.78909263017911E-002, 2.00000000000000E+000
 4.68646525589428E+001, 9.96860573789070E-001, 8.00619944802710E-001, 9.96860573789070E-001, 7.59437723118695E-001, 4.41351943681405E-002, 2.00000000000000E+000
 4.69332931678600E+001, 9.97089728622505E-001, 8.08205040908527E-001, 9.97089728622505E-001, 7.60415394475596E-001, 4.27707721590020E-002, 2.00000000000000E+000
 4.70019337767772E+001, 9.97238052543031E-001, 8.15402327280938E-001, 9.97238052543031E-001, 7.62524932317845E-001, 4.67853858323795E-002, 2.00000000000000E+000
 4.70705743856944E+001, 9.97401644197993E-001, 8.21721777229654E-001, 9.97401644197993E-001, 7.65613979673879E-001, 4.12764903744827E-002, 2.00000000000000E+000
 4.71392149946116E+001, 9.97530406667767E-001, 8.26626987110538E-001, 9.97530406667767E-001, 7.69315318812439E-001, 5.08286121159043E-002, 2.00000000000000E+000
 4.72078556035288E+001, 9.97732349414264E-001, 8.31433374067869E-001, 9.97732349414264E-001, 7.73280509153934E-001, 3.69779617960371E-002, 2.00000000000000E+000
 4.72764962124460E+001, 9.98052554136852E-001, 8.35980902613726E-001, 9.98052554136852E-001, 7.77369743752238E-001, 8.37391046459621E-002, 1.00000000000000E+000
 4.73451368213631E+001, 9.98412762287413E-001, 8.39435385885912E-001, 9.98412762287413E-001, 7.81578374553634E-001, 9.16303263993374E-002, 1.00000000000000E+000
 4.74137774302803E+001, 9.98456404448254E-001, 8.41599494655372E-001, 9.98456404448254E-001, 7.85312098774359E-001, 3.33961754008651E-002, 2.00000000000000E+000
 4.74824180391975E+001, 9.98479407595606E-001, 8.42300134865573E-001, 9.98479407595606E-001, 7.88463173021725E-001, 4.26681845767825E-002, 2.00000000000000E+000
 4.75510586481147E+001, 9.98439603021889E-001, 8.41650582619642E-001, 9.98439603021889E-001, 7.90907771402762E-001, 4.66396337768702E-002, 2.00000000000000E+000
 4.76196992570319E+001, 9.98466436925723E-001, 8.40008943379893E-001, 9.98466436925723E-001, 7.92923151239309E-001, 4.87382646542707E-002, 2.00000000000000E+000
 4.76883398659491E+001, 9.98310222653912E-001, 8.37433862390896E-001, 9.98310222653912E-001, 7.94363926296706E-001, 5.68546123858475E-002, 2.00000000000000E+000
 4.77569804748663E+001, 9.98189270342724E-001, 8.34064373408538E-001, 9.98189270342724E-001, 7.95334055138125E-001, 5.11248744586212E-002, 2.00000000000000E+000
 4.78178238183325E+001, 9.98099329409726E-001, 8.30492317954612E-001, 9.98099329409726E-001, 7.95821854538459E-001, 9.66215251978364E-002, 1.00000000000000E+000
 4.78786671617987E+001, 9.98092462618889E-001, 8.26354690129851E-001, 9.98092462618889E-001, 7.95913754541624E-001, 3.58259182007352E-002, 2.00000000000000E+000
 4.79395105052649E+001, 9.98171148342589E-001, 8.21650064085254E-001, 9.98171148342589E-001, 7.95533224710586E-001, 6.44290725085796E-002, 1.00000000000000E+000
 4.80003538487311E+001, 9.98189299693394E-001, 8.16713395998706E-001, 9.98189299693394E-001, 7.94979782708980E-001, 2.92992085341914E-002, 2.00000000000000E+000
 4.80611971921973E+001, 9.98235935797195E-001, 8.11486182262190E-001, 9.98235935797195E-001, 7.94094466408551E-001, 5.82510223762835E-002, 1.00000000000000E+000
 4.81220405356635E+001, 9.98320751411903E-001, 8.08180942232298E-001, 9.98320751411903E-001, 7.93007620073397E-001, 9.19924232377212E-002, 1.00000000000000E+000
 4.81828838791297E+001, 9.98385019647363E-001, 8.05440525343384E-001, 9.98385019647363E-001, 7.91846096457138E-001, 4.00845170645814E-002, 2.00000000000000E+000
 4.82437272225959E+001, 9.98462638053543E-001, 8.02540818322695E-001, 9.98462638053543E-001, 7.90462310303988E-001, 7.67565350420232E-002, 1.00000000000000E+000
 4.83045705660621E+001, 9.98544198631190E-001, 7.99642857864120E-001, 9.98544198631190E-001, 7.89078407580932E-001, 2.95533229060621E-002, 2.00000000000000E+000
 4.83654139095283E+001, 9.98660727916440E-001, 7.96476526195391E-001, 9.98660727916440E-001, 7.87434950748262E-001, 8.51006063837347E-002, 1.00000000000000E+000
 4.84262572529945E+001, 9.98885363972481E-001, 7.93198689552708E-001, 9.98885363972481E-001, 7.85745856589505E-001, 9.51985513958145E-002, 1.00000000000000E+000
 4.84806990164817E+001, 9.98981602918684E-001, 7.90459817016410E-001, 9.98981602918684E-001, 7.84535670738374E-001, 8.42484660032894E-002, 1.00000000000000E+000
 4.85351407799688E+001, 9.99194530506124E-001, 7.87592214216142E-001, 9.99194530506124E-001, 7.83286208065660E-001, 9.95021953471336E-002, 1.00000000000000E+000
 4.85895825434560E+001, 9.99354828979512E-001, 7.84904107281078E-001, 9.99354828979512E-001, 7.82352466895399E-001, 6.37535828931733E-002, 1.00000000000000E+000
 4.86440243069432E+001, 9.99610758861487E-001, 7.82200835110054E-001, 9.99610758861487E-001, 7.81519004330348E-001, 7.86924811327026E-002, 1.00000000000000E+000
 4.86984660704304E+001, 9.99771181770698E-001, 7.81111651929586E-001, 9.99771181770698E-001, 7.81111651929586E-001, 7.26762578432976E-002, 1.00000000000000E+000
 4.87529078339176E+001, 1.00001871393024E+000, 7.80834022571528E-001, 1.00001871393024E+000, 7.80834022571528E-001, 9.50549562575635E-002, 1.00000000000000E+000
 4.88073495974048E+001, 1.00010284518774E+000, 7.80991187784052E-001, 1.00010284518774E+000, 7.80991187784052E-001, 7.93008229282148E-002, 1.00000000000000E+000
 4.88617913608920E+001, 1.00023781575614E+000, 7.81313749684310E-001, 1.00023781575614E+000, 7.81313749684310E-001, 9.61881038760508E-002, 1.00000000000000E+000
 4.89162331243792E+001, 1.00032332157346E+000, 7.81994613427038E-001, 1.00032332157346E+000, 7.81994613427038E-001, 7.85008612776663E-002, 1.00000000000000E+000
 4.89706748878664E+001, 1.00040643995153E+000, 7.82764462959007E-001, 1.00040643995153E+000, 7.82764462959007E-001, 8.89262357285019E-002, 1.00000000000000E+000
 4.90251166513536E+001, 1.00040885393149E+000, 7.83670969886961E-001, 1.00040885393149E+000, 7.83670969886961E-001, 6.40947085345858E-002, 1.00000000000000E+000
 4.90795584148407E+001, 1.00049139375671E+000, 7.84610194425154E-001, 1.00049139375671E+000, 7.84610194425154E-001, 8.69598690119837E-002, 1.00000000000000E+000
 4.91340001783279E+001, 1.00046872052272E+000, 7.85423570612815E-001, 1.00046872052272E+000, 7.85423570612815E-001, 6.98077823268346E-002, 1.00000000000000E+000
 4.91884419418151E+001, 1.00048460168545E+000, 7.86205490871081E-001, 1.00048460168545E+000, 7.86205490871081E-001, 8.00450992448285E-002, 1.00000000000000E+000
 4.92428837053023E+001, 1.00036622287181E+000, 7.86835181304723E-001, 1.00036622287181E+000, 7.86835181304723E-001, 5.85480537247118E-002, 1.00000000000000E+000
 4.92973254687895E+001, 1.00027450707620E+000, 7.87444759001006E-001, 1.00027450707620E+000, 7.87444759001006E-001, 6.74262293961644E-002, 1.00000000000000E+000
 4.93462134072513E+001, 1.00009984137984E+000, 7.88227078466626E-001, 1.00009984137984E+000, 7.87993512832085E-001, 5.82942884417774E-002, 1.00000000000000E+000
 4.93951013457132E+001, 9.99952292242917E-001, 7.89543072014095E-001, 9.99952292242917E-001, 7.88662244504554E-001, 6.11893139753338E-002, 1.00000000000000E+000
 4.94439892841750E+001, 9.99786146742735E-001, 7.90834579760914E-001, 9.99786146742735E-001, 7.89426596616008E-001, 6.51050821161817E-002, 1.00000000000000E+000
 4.94928772226368E+001, 9.99644941175357E-001, 7.92145300467806E-001, 9.99644941175357E-001, 7.90345295400763E-001, 6.84665850457502E-002, 1.00000000000000E+000
 4.95417651610986E+001, 9.99554490663368E-001, 7.93536841508803E-001, 9.99554490663368E-001, 7.91485605753520E-001, 6.27221117276347E-002, 1.00000000000000E+000
 4.95906530995605E+001, 9.99448676729823E-001, 7.94987411864483E-001, 9.99448676729823E-001, 7.92824533379721E-001, 6.65913059831246E-002, 1.00000000000000E+000
 4.96395410380223E+001, 9.99407922635441E-001, 7.96615048820958E-001, 9.99407922635441E-001, 7.94475557470784E-001, 7.32794881417710E-002, 1.00000000000000E+000
 4.96884289764841E+001, 9.99357121404989E-001, 7.98567098098045E-001, 9.99357121404989E-001, 7.96580212651231E-001, 5.07605000850726E-002, 1.00000000000000E+000
 4.97373169149459E+001, 9.99327097834375E-001, 8.00656931381970E-001, 9.99327097834375E-001, 7.98920321640180E-001, 5.56201603376961E-002, 1.00000000000000E+000
 4.97862048534078E+001, 9.99299043707937E-001, 8.02972630906595E-001, 9.99299043707937E-001, 8.01569706803806E-001, 5.96336089178837E-002, 1.00000000000000E+000
 4.98350927918696E+001, 9.99284863873959E-001, 8.05518580000251E-001, 9.99284863873959E-001, 8.04508550659512E-001, 5.65233850802943E-002, 1.00000000000000E+000
 4.98839807303314E+001, 9.99283979207489E-001, 8.08334811957922E-001, 9.99283979207489E-001, 8.07750177263038E-001, 5.52568190409533E-002, 1.00000000000000E+000
 4.99328686687932E+001, 9.99360990877777E-001, 8.11404193966929E-001, 9.99360990877777E-001, 8.11249451320566E-001, 6.38519744744048E-002, 1.00000000000000E+000
 4.99817566072551E+001, 9.99404945216389E-001, 8.14990793376966E-001, 9.99404945216389E-001, 8.14990793376966E-001, 5.13939228708482E-002, 1.00000000000000E+000
 5.00306445457169E+001, 9.99458646257010E-001, 8.18828341904907E-001, 9.99458646257010E-001, 8.18828341904907E-001, 6.75812019889475E-002, 1.00000000000000E+000
 5.00795324841787E+001, 9.99488675522255E-001, 8.22687482012091E-001, 9.99488675522255E-001, 8.22687482012091E-001, 7.22123543301731E-002, 1.00000000000000E+000
 5.01284204226405E+001, 9.99435337166099E-001, 8.26531177840091E-001, 9.99435337166099E-001, 8.26531177840091E-001, 4.69281783991113E-002, 1.00000000000000E+000
 5.01773083611023E+001, 9.99347602719670E-001, 8.31359131844951E-001, 9.99347602719670E-001, 8.30174736369898E-001, 6.75194528290168E-002, 1.00000000000000E+000
 5.02261962995642E+001, 9.99242185260733E-001, 8.36762722315883E-001, 9.99242185260733E-001, 8.33649471723897E-001, 6.13924622338318E-002, 1.00000000000000E+000
 5.02750842380260E+001, 9.99097544596859E-001, 8.41929414992243E-001, 9.99097544596859E-001, 8.36891606534283E-001, 5.27953985790241E-002, 1.00000000000000E+000
 5.03239721764878E+001, 9.98954331764744E-001, 8.46843296552325E-001, 9.98954331764744E-001, 8.39934967212683E-001, 5.58832977090131E-002, 1.00000000000000E+000
 5.03728601149496E+001, 9.98833674718170E-001, 8.51533252484017E-001, 9.98833674718170E-001, 8.42873887413265E-001, 5.49185010820405E-002, 1.00000000000000E+000
 5.04217480534115E+001, 9.98736978428061E-001, 8.55944060774810E-001, 9.98736978428061E-001, 8.45713336061644E-001, 5.09049429709795E-002, 1.00000000000000E+000
 5.04706359918733E+001, 9.98643272227047E-001, 8.60704548811130E-001, 9.98643272227047E-001, 8.48591501835941E-001, 4.83791941556219E-002, 1.00000000000000E+000
 5.05195239303351E+001, 9.98566692167629E-001, 8.65312693794149E-001, 9.98566692167629E-001, 8.51504813777207E-001, 4.75899811163192E-002, 1.00000000000000E+000
 5.05684118687969E+001, 9.98448333663721E-001, 8.69764728033013E-001, 9.98448333663721E-001, 8.54547746684353E-001, 4.28418758966811E-002, 1.00000000000000E+000
 5.06172998072588E+001, 9.98358312460313E-001, 8.74090414932991E-001, 9.98358312460313E-001, 8.57816198678600E-001, 4.53142378389437E-002, 1.00000000000000E+000
 5.06661877457206E+001, 9.98296994106654E-001, 8.78245350077314E-001, 9.98296994106654E-001, 8.61306717475107E-001, 5.63002012899259E-002, 1.00000000000000E+000
 5.07150756841824E+001, 9.98276633899661E-001, 8.82191572291775E-001, 9.98276633899661E-001, 8.65021645649894E-001, 5.63456995205895E-002, 1.00000000000000E+000
 5.07639636226442E+001, 9.98331798947702E-001, 8.85835125289079E-001, 9.98331798947702E-001, 8.68898424063665E-001, 4.92634183551666E-002, 1.00000000000000E+000
 5.08128515611061E+001, 9.98450738456284E-001, 8.89201076764350E-001, 9.98450738456284E-001, 8.72834915153525E-001, 4.46058727971394E-002, 1.00000000000000E+000
 5.08617394995679E+001, 9.98612473042372E-001, 8.94441902602009E-001, 9.98612473042372E-001, 8.76727056010842E-001, 4.94047128853125E-002, 1.00000000000000E+000
 5.09106274380297E+001, 9.98811347956707E-001, 8.99391063572639E-001, 9.98811347956707E-001, 8.80543558746940E-001, 4.07112817991100E-002, 1.00000000000000E+000
 5.09595153764915E+001, 9.99038871794240E-001, 9.03887115964228E-001, 9.99038871794240E-001, 8.84120307212782E-001, 3.97857298390325E-002, 1.00000000000000E+000
 5.10084033149534E+001, 9.99307791118361E-001, 9.07950890536305E-001, 9.99307791118361E-001, 8.87467098307004E-001, 4.02982691122955E-002, 1.00000000000000E+000
 5.10572912534152E+001, 9.99572300710610E-001, 9.11645328953045E-001, 9.99572300710610E-001, 8.90599237307313E-001, 4.36583838087916E-002, 1.00000000000000E+000
 5.11061791918770E+001, 9.99850132864968E-001, 9.15006785364931E-001, 9.99850132864968E-001, 8.93484573689944E-001, 4.74049982591784E-002, 1.00000000000000E+000
 5.11550671303388E+001, 1.00009435366083E+000, 9.18103769273680E-001, 1.00009435366083E+000, 8.96120792788876E-001, 5.16996970574529E-002, 1.00000000000000E+000
 5.12039550688007E+001, 1.00028176607813E+000, 9.21607279385175E-001, 1.00028176607813E+000, 8.98552474460967E-001, 6.39325597870599E-002, 1.00000000000000E+000
 5.12528430072625E+001, 1.00036503196866E+000, 9.25696632983738E-001, 1.00036503196866E+000, 9.01010440401274E-001, 6.08302528373240E-002, 1.00000000000000E+000
 5.13017309457243E+001, 1.00047961275586E+000, 9.29503205515848E-001, 1.00047961275586E+000, 9.03104598397859E-001, 6.62024326976832E-002, 1.00000000000000E+000
 5.13506188841861E+001, 1.00061727754642E+000, 9.33087151372580E-001, 1.00061727754642E+000, 9.04866210112798E-001, 7.34843939405387E-002, 1.00000000000000E+000
 5.13995068226480E+001, 1.00060251363381E+000, 9.36716893612649E-001, 1.00060251363381E+000, 9.06586063510803E-001, 5.91923647329837E-002, 1.00000000000000E+000
 5.14483947611098E+001, 1.00060230865113E+000, 9.40120646357258E-001, 1.00060230865113E+000, 9.08025677165502E-001, 7.91416186361786E-002, 1.00000000000000E+000
 5.14972826995716E+001, 1.00058867438559E+000, 9.43590828462778E-001, 1.00058867438559E+000, 9.09512213324159E-001, 6.63558033712881E-002, 1.00000000000000E+000
 5.15461706380334E+001, 1.00060440500585E+000, 9.46866995528080E-001, 1.00060440500585E+000, 9.10818278343828E-001, 9.21818089438802E-002, 1.00000000000000E+000
 5.15950585764953E+001, 1.00060099346417E+000, 9.50326522175031E-001, 1.00060099346417E+000, 9.12395007829391E-001, 9.51895317557376E-002, 1.00000000000000E+000
 5.16439465149571E+001, 1.00058258177043E+000, 9.53964914639697E-001, 1.00058258177043E+000, 9.14338291304696E-001, 9.14738053631687E-002, 1.00000000000000E+000
 5.16928344534189E+001, 1.00053094655552E+000, 9.57780847626071E-001, 1.00053094655552E+000, 9.16747345810267E-001, 9.81202954296456E-002, 1.00000000000000E+000
 5.17417223918807E+001, 1.00048842318277E+000, 9.61765205533891E-001, 1.00048842318277E+000, 9.19692881133499E-001, 9.67399999792695E-002, 1.00000000000000E+000
 5.17906103303426E+001, 1.00044253799297E+000, 9.65599309441079E-001, 1.00044253799297E+000, 9.22910347134409E-001, 9.69811914970879E-002, 1.00000000000000E+000
 5.18394982688044E+001, 1.00038105054736E+000, 9.69391150154952E-001, 1.00038105054736E+000, 9.26572289564820E-001, 6.62999831237716E-002, 1.00000000000000E+000
 5.18883862072662E+001, 1.00025430516676E+000, 9.73149811664229E-001, 1.00025430516676E+000, 9.30736902650511E-001, 2.44537620042822E-002, 2.00000000000000E+000
 5.19372741457280E+001, 1.00015627303905E+000, 9.76533096365568E-001, 1.00015627303905E+000, 9.34962835556728E-001, 4.72634434187459E-002, 1.00000000000000E+000
 5.19861620841898E+001, 1.00011930091170E+000, 9.79335401336428E-001, 1.00011930091170E+000, 9.39044635129814E-001, 8.42183018987277E-002, 1.00000000000000E+000
 5.20350500226517E+001, 1.00013480047837E+000, 9.81583112331224E-001, 1.00013480047837E+000, 9.43001943566979E-001, 2.46891641811697E-002, 2.00000000000000E+000
 5.20839379611135E+001, 1.00019217460679E+000, 9.83677507084302E-001, 1.00019217460679E+000, 9.46402035123380E-001, 6.39740408568170E-002, 1.00000000000000E+000
 5.21328258995753E+001, 1.00031256451898E+000, 9.85358553395067E-001, 1.00031256451898E+000, 9.49537272687327E-001, 6.77436821176634E-002, 1.00000000000000E+000
 5.21866026318833E+001, 1.00054172494592E+000, 9.86722898290005E-001, 1.00054172494592E+000, 9.52839172079511E-001, 8.77965987385450E-002, 1.00000000000000E+000
 5.22403793641913E+001, 1.00080076530412E+000, 9.87850623498513E-001, 1.00080076530412E+000, 9.56212621536452E-001, 7.09131408673213E-002, 1.00000000000000E+000
 5.22941560964993E+001, 1.00110240093970E+000, 9.88821989297507E-001, 1.00110240093970E+000, 9.59632233743979E-001, 9.62520410774997E-002, 1.00000000000000E+000
 5.23479328288073E+001, 1.00129894950307E+000, 9.89808796881726E-001, 1.00129894950307E+000, 9.62251760709530E-001, 3.04500326693726E-002, 2.00000000000000E+000
 5.24017095611153E+001, 1.00165375454081E+000, 9.91431867959824E-001, 1.00165375454081E+000, 9.65108498648031E-001, 7.75165359987486E-002, 1.00000000000000E+000
 5.24554862934233E+001, 1.00190979643488E+000, 9.92095362734055E-001, 1.00190979643488E+000, 9.67022187695713E-001, 4.11490835069064E-002, 2.00000000000000E+000
 5.25092630257313E+001, 1.00223835141050E+000, 9.92858650428478E-001, 1.00223835141050E+000, 9.69162315614529E-001, 8.51469380029184E-002, 1.00000000000000E+000
 5.25630397580393E+001, 1.00233912176171E+000, 9.92530285811316E-001, 1.00233912176171E+000, 9.70246769636885E-001, 3.63910417326088E-002, 2.00000000000000E+000
 5.26107544402486E+001, 1.00234017970742E+000, 9.91739129882554E-001, 1.00234017970742E+000, 9.70796632079596E-001, 7.70477557311867E-002, 1.00000000000000E+000
 5.26584691224578E+001, 1.00218288205564E+000, 9.91108508407808E-001, 1.00218288205564E+000, 9.70497887176965E-001, 3.15275592807205E-002, 2.00000000000000E+000
 5.27061838046671E+001, 1.00210826457720E+000, 9.90371632777922E-001, 1.00210826457720E+000, 9.70171515394431E-001, 7.82156922372621E-002, 1.00000000000000E+000
 5.27538984868763E+001, 1.00183478089031E+000, 9.89020068708326E-001, 1.00183478089031E+000, 9.69499928694175E-001, 2.59101667375097E-002, 2.00000000000000E+000
 5.28016131690856E+001, 1.00158640832382E+000, 9.87259595645674E-001, 1.00158640832382E+000, 9.68733868922909E-001, 7.38287735133807E-002, 1.00000000000000E+000
 5.28434343865055E+001, 1.00137740226119E+000, 9.85596401876448E-001, 1.00137740226119E+000, 9.68226027416948E-001, 9.72716403079725E-002, 1.00000000000000E+000
 5.28852556039255E+001, 1.00118913238095E+000, 9.83894734442091E-001, 1.00118913238095E+000, 9.67954469955345E-001, 8.44099604391522E-002, 1.00000000000000E+000
 5.29270768213454E+001, 1.00102553422519E+000, 9.82967550179043E-001, 1.00102553422519E+000, 9.68353539767199E-001, 3.41249154382994E-002, 2.00000000000000E+000
 5.29688980387654E+001, 1.00087172294293E+000, 9.83401105978375E-001, 1.00087172294293E+000, 9.69192409709753E-001, 7.46620067074932E-002, 1.00000000000000E+000
 5.30107192561854E+001, 1.00071903356498E+000, 9.84092067269484E-001, 1.00071903356498E+000, 9.70320363217344E-001, 8.73690035739751E-002, 1.00000000000000E+000
 5.30567225953473E+001, 1.00064157603824E+000, 9.85784033536922E-001, 1.00064157603824E+000, 9.72522871741261E-001, 3.25917584641470E-002, 2.00000000000000E+000
 5.31027259345093E+001, 1.00056594977845E+000, 9.88042205079535E-001, 1.00056594977845E+000, 9.75311452398958E-001, 3.05555988630324E-002, 2.00000000000000E+000
 5.31487292736712E+001, 1.00048230035828E+000, 9.90944331278750E-001, 1.00048230035828E+000, 9.78762650209977E-001, 2.36658130300532E-002, 2.00000000000000E+000
 5.31947326128332E+001, 1.00036392061195E+000, 9.94191105919458E-001, 1.00036392061195E+000, 9.82583435843475E-001, 8.37269469040889E-002, 1.00000000000000E+000
 5.32407359519951E+001, 1.00033153577416E+000, 9.98193415601756E-001, 1.00033153577416E+000, 9.87227895035420E-001, 4.53514752888071E-002, 2.00000000000000E+000
 5.32867392911571E+001, 1.00025345584223E+000, 1.00251794227231E+000, 1.00025345584223E+000, 9.92307257203852E-001, 6.43958016916548E-002, 1.00000000000000E+000
 5.33327426303191E+001, 1.00019695687929E+000, 1.00723286867977E+000, 1.00019695687929E+000, 9.97950514857128E-001, 9.21069150088019E-002, 1.00000000000000E+000
 5.33787459694810E+001, 1.00013730362045E+000, 1.01211217912255E+000, 1.00013730362045E+000, 1.00398814817406E+000, 9.33387212677090E-002, 1.00000000000000E+000
 5.34247493086430E+001, 1.00012858239375E+000, 1.01715476968054E+000, 1.00012858239375E+000, 1.01046583176039E+000, 9.20314079684443E-002, 1.00000000000000E+000
 5.34707526478049E+001, 1.00017748260749E+000, 1.02249433108849E+000, 1.00017748260749E+000, 1.01754185809059E+000, 3.63926429684711E-002, 2.00000000000000E+000
 5.35167559869669E+001, 1.00026816687924E+000, 1.02817740923240E+000, 1.00026816687924E+000, 1.02523561452648E+000, 7.94112232897766E-002, 1.00000000000000E+000
 5.35627593261288E+001, 1.00028443836201E+000, 1.03424419296408E+000, 1.00028443836201E+000, 1.03352556641260E+000, 9.80292400340980E-002, 1.00000000000000E+000
 5.36087626652908E+001, 1.00030513127330E+000, 1.04286189578656E+000, 1.00030513127330E+000, 1.04286189578656E+000, 3.92842449024102E-002, 2.00000000000000E+000
 5.36547660044527E+001, 1.00037482021170E+000, 1.05240461266180E+000, 1.00037482021170E+000, 1.05240461266180E+000, 5.37354450695102E-002, 1.00000000000000E+000
 5.37007693436147E+001, 1.00037456036384E+000, 1.06234245508869E+000, 1.00037456036384E+000, 1.06234245508869E+000, 8.22680217631500E-002, 1.00000000000000E+000
 5.37467726827767E+001, 1.00042037633309E+000, 1.07310543419672E+000, 1.00042037633309E+000, 1.07310543419672E+000, 4.18645101634285E-002, 2.00000000000000E+000
 5.37927760219386E+001, 1.00038202298632E+000, 1.08404252386097E+000, 1.00038202298632E+000, 1.08404252386097E+000, 6.27154030560866E-002, 1.00000000000000E+000
 5.38387793611006E+001, 1.00036866750198E+000, 1.09557268687172E+000, 1.00036866750198E+000, 1.09557268687172E+000, 2.64404985105383E-002, 2.00000000000000E+000
 5.38847827002625E+001, 1.00028598454604E+000, 1.10695155832072E+000, 1.00028598454604E+000, 1.10695155832072E+000, 6.25468810238166E-002, 1.00000000000000E+000
 5.39767893785864E+001, 1.00015134054744E+000, 1.12378749608972E+000, 1.00015134054744E+000, 1.12378749608972E+000, 8.99190698883771E-002, 1.00000000000000E+000
 5.40227927177484E+001, 9.99953863314318E-001, 1.14043357018545E+000, 9.99953863314318E-001, 1.14043357018545E+000, 4.06840299423201E-002, 2.00000000000000E+000
 5.40687960569104E+001, 9.99844768477782E-001, 1.15092727355891E+000, 9.99844768477782E-001, 1.15092727355891E+000, 6.02250834846370E-002, 1.00000000000000E+000
 5.41502792823544E+001, 9.99728289201317E-001, 1.16324578384920E+000, 9.99728289201317E-001, 1.16324578384920E+000, 7.52431763081440E-002, 1.00000000000000E+000
 5.41910208950764E+001, 9.99606255374854E-001, 1.17382401577854E+000, 9.99606255374854E-001, 1.17382401577854E+000, 5.65288759198261E-002, 1.00000000000000E+000
 5.42725041205205E+001, 9.99576878617215E-001, 1.18177794765779E+000, 9.99576878617215E-001, 1.18177794765779E+000, 8.92008316100223E-002, 1.00000000000000E+000
 5.43132457332425E+001, 9.99704967652231E-001, 1.18711409079256E+000, 9.99704967652231E-001, 1.18711409079256E+000, 3.90272833434357E-002, 2.00000000000000E+000
 5.43947289586865E+001, 9.99783738479305E-001, 1.18872175760940E+000, 9.99783738479305E-001, 1.18872175760940E+000, 8.57955123264376E-002, 1.00000000000000E+000
 5.44354705714086E+001, 9.99995494535222E-001, 1.18883783257325E+000, 9.99995494535222E-001, 1.18883783257325E+000, 3.46533235510158E-002, 2.00000000000000E+000
 5.45169537968526E+001, 1.00025627563672E+000, 1.18739046564413E+000, 1.00025627563672E+000, 1.18739046564413E+000, 4.61420615547670E-002, 1.50000000000000E+000
 5.45576954095746E+001, 1.00051028558661E+000, 1.18476440812949E+000, 1.00051028558661E+000, 1.18476440812949E+000, 5.62914726729145E-002, 1.00000000000000E+000
 5.46391786350187E+001, 1.00054197397448E+000, 1.18007400496254E+000, 1.00054197397448E+000, 1.18007400496254E+000, 7.97749887948392E-002, 1.00000000000000E+000
 5.46799202477407E+001, 1.00062760993293E+000, 1.17666829112775E+000, 1.00062760993293E+000, 1.17666829112775E+000, 2.26972862202059E-002, 2.00000000000000E+000
 5.47206618604627E+001, 1.00060430579879E+000, 1.17459166648567E+000, 1.00060430579879E+000, 1.17459166648567E+000, 7.75325186408683E-002, 1.00000000000000E+000
 5.48102934084512E+001, 1.00053490150265E+000, 1.17432522264762E+000, 1.00053490150265E+000, 1.17347199916298E+000, 6.35393123442350E-002, 1.50000000000000E+000
 5.48551091824454E+001, 1.00058746427143E+000, 1.17668664524348E+000, 1.00058746427143E+000, 1.17414316016763E+000, 3.71556161064654E-002, 2.00000000000000E+000
 5.49382010761290E+001, 1.00052877394894E+000, 1.18121653725765E+000, 1.00052877394894E+000, 1.17714358350678E+000, 8.47826067356734E-002, 1.00000000000000E+000
 5.49764771958183E+001, 1.00059895685977E+000, 1.18535074948196E+000, 1.00059895685977E+000, 1.17982924935701E+000, 3.04964721626082E-002, 2.00000000000000E+000
 5.50530294351970E+001, 1.00066262753601E+000, 1.18989646576581E+000, 1.00066262753601E+000, 1.18300889341014E+000, 6.61911931318287E-002, 1.00000000000000E+000
 5.50913055548864E+001, 1.00082648779818E+000, 1.19378347549017E+000, 1.00082648779818E+000, 1.18555794164614E+000, 3.32307743462343E-002, 2.00000000000000E+000
 5.51678577942651E+001, 1.00106723488807E+000, 1.19689742120930E+000, 1.00106723488807E+000, 1.18744686256402E+000, 6.39592376886725E-002, 1.50000000000000E+000
 5.52099615259234E+001, 1.00130513462635E+000, 1.19930381622239E+000, 1.00130513462635E+000, 1.18870961284298E+000, 9.44498279972099E-002, 1.00000000000000E+000
 5.52941689892400E+001, 1.00174649449496E+000, 1.20176316908417E+000, 1.00174649449496E+000, 1.19028563557814E+000, 4.11285675973447E-002, 2.00000000000000E+000
 5.53362727208983E+001, 1.00210893944742E+000, 1.20406403831673E+000, 1.00210893944742E+000, 1.19200392873428E+000, 4.03382985023949E-002, 2.00000000000000E+000
 5.54204801842148E+001, 1.00245321355350E+000, 1.20602453436280E+000, 1.00245321355350E+000, 1.19379931383515E+000, 4.04594693224161E-002, 2.00000000000000E+000
 5.54625839158731E+001, 1.00281481347819E+000, 1.20860651347683E+000, 1.00281481347819E+000, 1.19657538254563E+000, 4.02622051471804E-002, 2.00000000000000E+000
 5.55046876475314E+001, 1.00318793469449E+000, 1.21079256839193E+000, 1.00318793469449E+000, 1.19910845104155E+000, 9.54750224775953E-002, 1.00000000000000E+000
 5.55888951108480E+001, 1.00337282594098E+000, 1.21516860699604E+000, 1.00337282594098E+000, 1.20433346657294E+000, 7.29064026111692E-002, 1.50000000000000E+000
 5.56309988425063E+001, 1.00360518048064E+000, 1.22029599334139E+000, 1.00360518048064E+000, 1.21056923365424E+000, 6.43846966317745E-002, 2.00000000000000E+000
 5.57152063058228E+001, 1.00373407232546E+000, 1.22657166400682E+000, 1.00373407232546E+000, 1.21820229338308E+000, 3.87981845524080E-002, 2.00000000000000E+000
 5.57573100374811E+001, 1.00383412827286E+000, 1.23380242568739E+000, 1.00383412827286E+000, 1.22690389482826E+000, 4.60605755605561E-002, 2.00000000000000E+000
 5.58415175007977E+001, 1.00377924971094E+000, 1.24188049137750E+000, 1.00377924971094E+000, 1.23650813916287E+000, 4.40798651815231E-002, 2.00000000000000E+000
 5.58792105085267E+001, 1.00371227425847E+000, 1.25005304798157E+000, 1.00371227425847E+000, 1.24609434469410E+000, 3.27788679390615E-002, 2.00000000000000E+000
 5.59545965239846E+001, 1.00347586608768E+000, 1.25877013498840E+000, 1.00347586608768E+000, 1.25549378789357E+000, 6.42979785702275E-002, 1.50000000000000E+000
 5.59922895317136E+001, 1.00328453462956E+000, 1.26817531243159E+000, 1.00328453462956E+000, 1.26503442030866E+000, 5.76290180122907E-002, 2.00000000000000E+000
 5.60676755471716E+001, 1.00308401173759E+000, 1.27808768707090E+000, 1.00308401173759E+000, 1.27482954361534E+000, 7.11899991264162E-002, 1.50000000000000E+000
 5.61053685549005E+001, 1.00294873718936E+000, 1.28919409090553E+000, 1.00294873718936E+000, 1.28496677681812E+000, 9.45847863007723E-002, 1.00000000000000E+000
 5.61882931719043E+001, 1.00276719290020E+000, 1.30189990536925E+000, 1.00276719290020E+000, 1.29630920880635E+000, 8.63698876427998E-002, 1.50000000000000E+000
 5.62297554804061E+001, 1.00271822925219E+000, 1.31391045580676E+000, 1.00271822925219E+000, 1.30749350971660E+000, 5.43739546236028E-002, 2.00000000000000E+000
 5.63126800974099E+001, 1.00293184741560E+000, 1.32395969846676E+000, 1.00293184741560E+000, 1.31801066778445E+000, 4.13631283525924E-002, 2.00000000000000E+000
 5.63541424059118E+001, 1.00299606012257E+000, 1.33255017897159E+000, 1.00299606012257E+000, 1.32772425324560E+000, 4.95135034453482E-002, 2.00000000000000E+000
 5.64370670229155E+001, 1.00307753030565E+000, 1.33948752531292E+000, 1.00307753030565E+000, 1.33695066389939E+000, 4.27908140358953E-002, 2.00000000000000E+000
 5.64785293314174E+001, 1.00336235671434E+000, 1.34621227408330E+000, 1.00336235671434E+000, 1.34621227408330E+000, 5.27333968275633E-002, 2.00000000000000E+000
 5.65614539484211E+001, 1.00356771290576E+000, 1.35604520899959E+000, 1.00356771290576E+000, 1.35604520899959E+000, 6.12342156091743E-002, 2.00000000000000E+000
 5.66029162569230E+001, 1.00364545557957E+000, 1.36690741173091E+000, 1.00364545557957E+000, 1.36690741173091E+000, 5.08483732498304E-002, 2.00000000000000E+000
 5.66443785654248E+001, 1.00352305043636E+000, 1.37487514388338E+000, 1.00352305043636E+000, 1.37487514388338E+000, 4.52087513871619E-002, 2.00000000000000E+000
 5.67211576347463E+001, 1.00367576204679E+000, 1.38638852798831E+000, 1.00367576204679E+000, 1.38638852798831E+000, 5.48286630058963E-002, 2.00000000000000E+000
 5.67917911563854E+001, 1.00341775700559E+000, 1.40012610195969E+000, 1.00341775700559E+000, 1.40012610195969E+000, 5.14958564126231E-002, 2.00000000000000E+000
 5.68271079172050E+001, 1.00313455488197E+000, 1.40973189687786E+000, 1.00313455488197E+000, 1.40973189687786E+000, 7.43236372860268E-002, 1.00000000000000E+000
 5.68977414388441E+001, 1.00284773367979E+000, 1.41709161667314E+000, 1.00284773367979E+000, 1.41709161667314E+000, 8.37922022553577E-002, 2.00000000000000E+000
 5.69683749604832E+001, 1.00257130658899E+000, 1.42409922409390E+000, 1.00257130658899E+000, 1.42409922409390E+000, 3.93457931910670E-002, 2.00000000000000E+000
 5.70036917213028E+001, 1.00233021083832E+000, 1.42700495529024E+000, 1.00233021083832E+000, 1.42700495529024E+000, 8.14759085441410E-002, 2.00000000000000E+000
 5.70743252429419E+001, 1.00193784616456E+000, 1.42750619880517E+000, 1.00193784616456E+000, 1.42750619880517E+000, 6.55481571060818E-002, 2.00000000000000E+000
 5.71449587645810E+001, 1.00163171580838E+000, 1.42580206245697E+000, 1.00163171580838E+000, 1.42580206245697E+000, 5.52382694273222E-002, 2.00000000000000E+000
 5.71802755254006E+001, 1.00130152045412E+000, 1.42301465252803E+000, 1.00130152045412E+000, 1.42301465252803E+000, 7.30076609469257E-002, 2.00000000000000E+000
 5.72579723992036E+001, 1.00101808606381E+000, 1.41897935302170E+000, 1.00101808606381E+000, 1.41897935302170E+000, 6.10933336247521E-002, 2.00000000000000E+000
 5.73007056797953E+001, 1.00044634083695E+000, 1.41510981718210E+000, 1.00044634083695E+000, 1.41510981718210E+000, 5.36931005230001E-002, 2.00000000000000E+000
 5.73861722409786E+001, 1.00031794101021E+000, 1.41253009287511E+000, 1.00031794101021E+000, 1.41253009287511E+000, 5.77505742017084E-002, 2.00000000000000E+000
 5.74224588321873E+001, 1.00002137099639E+000, 1.41179395046300E+000, 1.00002137099639E+000, 1.41179395046300E+000, 4.03880270706077E-002, 2.00000000000000E+000
 5.74950320146045E+001, 1.00010481979627E+000, 1.41281011326964E+000, 1.00010481979627E+000, 1.41281011326964E+000, 7.31205440762783E-002, 1.50000000000000E+000
 5.75676051970218E+001, 1.00042267551077E+000, 1.41597199281341E+000, 1.00042267551077E+000, 1.41597199281341E+000, 5.34127329759073E-002, 2.00000000000000E+000
 5.76075204473513E+001, 1.00033433644886E+000, 1.41922065586829E+000, 1.00033433644886E+000, 1.41922065586829E+000, 9.36126238476658E-002, 2.00000000000000E+000
 5.76907616476888E+001, 1.00085662550366E+000, 1.42176736358816E+000, 1.00085662550366E+000, 1.42176736358816E+000, 6.23815601938356E-002, 2.52746446692749E+000
 5.77300960726639E+001, 1.00156231044669E+000, 1.42395731764634E+000, 1.00156231044669E+000, 1.42395731764634E+000, 4.31116116398282E-002, 2.00000000000000E+000
 5.78087649226141E+001, 1.00131010071194E+000, 1.42587171747597E+000, 1.00131010071194E+000, 1.42587171747597E+000, 6.10803556682467E-002, 2.00000000000000E+000
 5.78480993475892E+001, 1.00173104563764E+000, 1.42673053531318E+000, 1.00173104563764E+000, 1.42673053531318E+000, 5.01027071878941E-002, 3.00000000000000E+000
 5.79267681975394E+001, 1.00219002499668E+000, 1.42726687091691E+000, 1.00219002499668E+000, 1.42726687091691E+000, 7.07481565240428E-002, 1.50000000000000E+000
 5.79661026225145E+001, 1.00219795475968E+000, 1.42700831679073E+000, 1.00219795475968E+000, 1.42700831679073E+000, 9.86023455620497E-002, 1.00000000000000E+000
 5.80487049149622E+001, 1.00191912702060E+000, 1.42583165437401E+000, 1.00191912702060E+000, 1.42583165437401E+000, 3.70212969437840E-002, 2.00000000000000E+000
 5.80919727824348E+001, 1.00178326450769E+000, 1.42594995666443E+000, 1.00178326450769E+000, 1.42342935928964E+000, 9.55022437048364E-002, 1.00000000000000E+000
 5.81785085173800E+001, 1.00233529130995E+000, 1.42770414075911E+000, 1.00233529130995E+000, 1.42009967739358E+000, 5.24341380292475E-002, 2.00000000000000E+000
 5.82217763848526E+001, 1.00219314014685E+000, 1.43151837621504E+000, 1.00219314014685E+000, 1.41566605963288E+000, 5.69274494838297E-002, 2.00000000000000E+000
 5.82650442523253E+001, 1.00280107986098E+000, 1.43429184756616E+000, 1.00280107986098E+000, 1.41194469972828E+000, 6.12746565499860E-002, 2.00000000000000E+000
 5.83515799872705E+001, 1.00248282830758E+000, 1.43605731852627E+000, 1.00248282830758E+000, 1.40484325092371E+000, 5.52171927061289E-002, 2.00000000000000E+000
 5.83901141743538E+001, 1.00190438797820E+000, 1.43509568212965E+000, 1.00190438797820E+000, 1.39675007346630E+000, 8.66146000039367E-002, 1.00000000000000E+000
 5.84671825485203E+001, 1.00278875924478E+000, 1.43159450259283E+000, 1.00278875924478E+000, 1.38802404579314E+000, 3.61234073912587E-002, 2.00000000000000E+000
 5.85057167356036E+001, 1.00199302079851E+000, 1.42491649922268E+000, 1.00199302079851E+000, 1.37744612438407E+000, 9.52583325853245E-002, 1.00000000000000E+000
 5.85827851097702E+001, 1.00261229432311E+000, 1.41602438346457E+000, 1.00261229432311E+000, 1.36636218450613E+000, 4.67858637975824E-002, 2.00000000000000E+000
 5.86213192968535E+001, 1.00329288221490E+000, 1.40519275040387E+000, 1.00329288221490E+000, 1.35449691067323E+000, 5.07083928592296E-002, 2.00000000000000E+000
 5.86983876710201E+001, 1.00302911610368E+000, 1.39589671523698E+000, 1.00302911610368E+000, 1.34273133521990E+000, 3.61449260461910E-002, 2.00000000000000E+000
 5.87754560451867E+001, 1.00312935248566E+000, 1.38480128215529E+000, 1.00312935248566E+000, 1.32844507130313E+000, 4.29971057112388E-002, 2.00000000000000E+000
 5.88139902322700E+001, 1.00338225318301E+000, 1.37771767988062E+000, 1.00338225318301E+000, 1.31947670050754E+000, 5.45231361117187E-002, 2.00000000000000E+000
 5.88910586064366E+001, 1.00334884878576E+000, 1.37252885566964E+000, 1.00334884878576E+000, 1.31263400825444E+000, 8.32065167744022E-002, 1.50000000000000E+000
 5.89295927935199E+001, 1.00319578245009E+000, 1.36784240655653E+000, 1.00319578245009E+000, 1.30636101798931E+000, 3.33877483047660E-002, 2.00000000000000E+000
 5.90066611676865E+001, 1.00308106700246E+000, 1.36413501750691E+000, 1.00308106700246E+000, 1.30128878959802E+000, 7.04777815298290E-002, 2.00000000000000E+000
 5.90451953547697E+001, 1.00287012565235E+000, 1.36046192198495E+000, 1.00287012565235E+000, 1.29648587277999E+000, 9.15361234950922E-002, 2.00000000000000E+000
 5.91222637289363E+001, 1.00278586912256E+000, 1.35951166465436E+000, 1.00278586912256E+000, 1.29082554459771E+000, 5.88958761132075E-002, 2.50000000000000E+000
 5.91607979160196E+001, 1.00297839312413E+000, 1.36037315792348E+000, 1.00297839312413E+000, 1.28429029828943E+000, 5.89607266322525E-002, 2.00000000000000E+000
 5.92335281745475E+001, 1.00258099692740E+000, 1.35964776240707E+000, 1.00258099692740E+000, 1.27640599759321E+000, 6.99754268717360E-002, 1.47017667937336E+000
 5.93019203174368E+001, 1.00230986541369E+000, 1.35789072187458E+000, 1.00230986541369E+000, 1.26575900554963E+000, 3.69694589807666E-002, 2.00000000000000E+000
 5.93703124603260E+001, 1.00179058139202E+000, 1.35336864868906E+000, 1.00179058139202E+000, 1.25364473732280E+000, 3.98088861354955E-002, 2.00000000000000E+000
 5.94045085317706E+001, 1.00179932138545E+000, 1.34841685796560E+000, 1.00179932138545E+000, 1.24409955218577E+000, 9.12105242945243E-002, 1.00000000000000E+000
 5.94691198977712E+001, 1.00151056339186E+000, 1.34618552767142E+000, 1.00151056339186E+000, 1.23589259358224E+000, 5.33866520028892E-002, 1.52925783126634E+000
 5.95299504868831E+001, 1.00131986601357E+000, 1.34335178715899E+000, 1.00131986601357E+000, 1.22654689994749E+000, 7.12927297438513E-002, 1.50000000000000E+000
 5.95907810759950E+001, 1.00095447266380E+000, 1.34233554845596E+000, 1.00095447266380E+000, 1.21921599665242E+000, 5.83098616380884E-002, 1.50000000000000E+000
 5.96516116651070E+001, 1.00023461136609E+000, 1.34238692124891E+000, 1.00023461136609E+000, 1.21448241674426E+000, 8.50119070600137E-002, 1.00000000000000E+000
 5.97124422542189E+001, 1.00078683977450E+000, 1.34294053922008E+000, 1.00078683977450E+000, 1.21135436259386E+000, 8.10813891227666E-002, 1.00000000000000E+000
 5.97732728433308E+001, 1.00102277957665E+000, 1.34295364530753E+000, 1.00102277957665E+000, 1.20832304011117E+000, 6.69108370291804E-002, 1.50000000000000E+000
 5.98341034324427E+001, 1.00051644020754E+000, 1.34270419588168E+000, 1.00051644020754E+000, 1.20542313192168E+000, 9.26496264618396E-002, 1.00000000000000E+000
 5.98949340215546E+001, 1.00122609578634E+000, 1.34661768262049E+000, 1.00122609578634E+000, 1.20359743513802E+000, 4.95841863591864E-002, 2.00000000000000E+000
 5.99557646106665E+001, 1.00108716636025E+000, 1.35157051315911E+000, 1.00108716636025E+000, 1.20256520611351E+000, 8.05592026856645E-002, 2.00000000000000E+000
 6.00000000000000E+001, 1.00116385952814E+000, 1.35502552255557E+000, 1.00116385952814E+000, 1.20169624924887E+000, 4.72873770913095E-002, 1.75633614885435E+000
