s,m3/s,m3/s,m3/s,m3/s,m/s,
Time,flow_in,flow_out,in_net,out_net,error,iter
 0.00000000000000E+000, 2.08963955007493E-003, 2.13885546028614E-003,-3.99721129238605E-004, 3.03432062268257E-004, 0.00000000000000E+000, 0.00000000000000E+000
 1.26226248568910E-001, 1.58519593804605E-004, 2.20157527221841E-003,-1.35011973196859E-004, 4.47284383376272E-004, 3.82663241756588E-003, 1.00000000000000E+000
 2.52452497137819E-001, 7.15202314492358E-002, 2.28542466899655E-003, 7.15202314492358E-002, 6.16206543413375E-004, 6.76173597772595E-002, 1.00000000000000E+000
 3.78678745706729E-001, 1.93773833924842E-001, 2.35631558925173E-003, 1.93773833924842E-001, 7.36950245507461E-004, 8.87089704566289E-002, 1.00000000000000E+000
 5.04904994275638E-001, 3.33160568654280E-001, 2.40493806725267E-003, 3.33160568654280E-001, 7.78540990643510E-004, 9.22942916420208E-002, 3.00000000000000E+000
 6.31131242844548E-001, 4.45600099504647E-001, 2.48819034682210E-003, 4.45600099504647E-001, 8.76621383037012E-004, 8.75264901029121E-002, 2.00000000000000E+000
 7.57357491413457E-001, 5.41062679109282E-001, 2.61395289949304E-003, 5.41062679109282E-001, 1.04994595409642E-003, 9.99303933513307E-002, 1.00000000000000E+000
 8.83583739982367E-001, 6.21746200629002E-001, 2.81031900405671E-003, 6.21746200629002E-001, 1.31466633623402E-003, 9.28915821593432E-002, 2.00000000000000E+000
 1.00980998855128E+000, 6.92078068475100E-001, 3.10458923393046E-003, 6.92078068475100E-001, 1.67911614132802E-003, 9.87609874398365E-002, 1.00000000000000E+000
 1.13603623712019E+000, 7.51458292124447E-001, 3.52614041633415E-003, 7.51458292124447E-001, 2.10671745406054E-003, 9.17186646687811E-002, 2.00000000000000E+000
 1.26226248568909E+000, 8.00889897609857E-001, 4.07327540707597E-003, 8.00889897609857E-001, 2.65819427692760E-003, 9.29390491333969E-002, 1.00000000000000E+000
 1.36927987882304E+000, 8.38393047366810E-001, 4.65636584156291E-003, 8.38393047366810E-001, 3.14297699065718E-003, 8.75276013048112E-002, 1.00000000000000E+000
 1.47629727195698E+000, 8.69665238106160E-001, 5.39900006887060E-003, 8.69665238106160E-001, 3.63992613458356E-003, 9.80224502278769E-002, 1.00000000000000E+000
 1.56597550692396E+000, 8.91582781892685E-001, 6.05896042177394E-003, 8.91582781892685E-001, 3.95945084991194E-003, 8.85126183064984E-002, 1.00000000000000E+000
 1.65565374189094E+000, 9.09836178392079E-001, 6.86185585174128E-003, 9.09836178392079E-001, 4.28904537923374E-003, 8.74948327148260E-002, 1.00000000000000E+000
 1.73408374896473E+000, 9.22895598514536E-001, 7.52539941136465E-003, 9.22895598514536E-001, 4.41883025795784E-003, 7.82648858357891E-002, 1.00000000000000E+000
 1.81251375603852E+000, 9.34195841712090E-001, 8.23819174824428E-003, 9.34195841712090E-001, 4.56075319373763E-003, 7.77697490638821E-002, 1.00000000000000E+000
 1.89094376311231E+000, 9.43720336650730E-001, 9.00215954301574E-003, 9.43720336650730E-001, 4.70950111215300E-003, 7.56642787348315E-002, 1.00000000000000E+000
 1.96937377018610E+000, 9.51520644705710E-001, 9.82122970334303E-003, 9.51520644705710E-001, 4.87987896153300E-003, 7.05282614539415E-002, 1.00000000000000E+000
 2.04780377725990E+000, 9.57919888277788E-001, 1.07282573760985E-002, 9.57919888277788E-001, 5.09662691243868E-003, 6.83396893982423E-002, 1.00000000000000E+000
 2.12623378433369E+000, 9.63220034627257E-001, 1.17596513530565E-002, 9.63220034627257E-001, 5.38770055353867E-003, 6.69460640221035E-002, 1.00000000000000E+000
 2.20466379140748E+000, 9.67634530275364E-001, 1.29513789670155E-002, 9.67634530275364E-001, 5.78166544848944E-003, 6.63924702120974E-002, 1.00000000000000E+000
 2.28309379848127E+000, 9.71371616798939E-001, 1.43347774668428E-002, 9.71371616798939E-001, 6.30458563700015E-003, 6.41864028976786E-002, 1.00000000000000E+000
 2.35324315956917E+000, 9.73944406980052E-001, 1.56671598470075E-002, 9.73944406980052E-001, 6.67353627670240E-003, 5.86493549514665E-002, 1.00000000000000E+000
 2.42339252065707E+000, 9.76232011434588E-001, 1.71422325450277E-002, 9.76232011434588E-001, 7.17062274858939E-003, 5.89718451111093E-002, 1.00000000000000E+000
 2.49354188174497E+000, 9.78197735332309E-001, 1.87694952221369E-002, 9.78197735332309E-001, 7.82403467630030E-003, 6.82004461315912E-002, 1.00000000000000E+000
 2.56369124283287E+000, 9.79773547522574E-001, 2.05676744786103E-002, 9.79773547522574E-001, 8.67086201860025E-003, 6.52174517030118E-002, 1.00000000000000E+000
 2.63384060392077E+000, 9.81038815105051E-001, 2.25527452424930E-002, 9.81038815105051E-001, 9.74292983285611E-003, 5.95842690226379E-002, 1.00000000000000E+000
 2.70398996500868E+000, 9.82168498148855E-001, 2.47337859084474E-002, 9.82168498148855E-001, 1.10668844749879E-002, 6.72040338484026E-002, 1.00000000000000E+000
 2.77413932609658E+000, 9.83325147682520E-001, 2.71106347102323E-002, 9.83325147682520E-001, 1.26663588976327E-002, 6.14830962951094E-002, 1.00000000000000E+000
 2.84428868718448E+000, 9.84630309777498E-001, 2.96691334281187E-002, 9.84630309777498E-001, 1.45568924303066E-002, 6.85058870463132E-002, 1.00000000000000E+000
 2.91443804827238E+000, 9.86077232602704E-001, 3.23745313381344E-002, 9.86077232602704E-001, 1.67410381089433E-002, 6.79710686373624E-002, 1.00000000000000E+000
 2.98458740936028E+000, 9.87660634720464E-001, 3.49086377461540E-002, 9.87660634720464E-001, 1.88262453449499E-002, 6.38031269120557E-002, 1.00000000000000E+000
 3.05473677044818E+000, 9.88953876930535E-001, 3.75214763610927E-002, 9.88953876930535E-001, 2.13477536079977E-002, 7.95139772536183E-002, 1.00000000000000E+000
 3.12488613153609E+000, 9.90180015742329E-001, 3.99295637177560E-002, 9.90180015742329E-001, 2.39725562948634E-002, 7.52472157217097E-002, 1.00000000000000E+000
 3.19503549262399E+000, 9.91199221452227E-001, 4.22510946098746E-002, 9.91199221452227E-001, 2.69806308490530E-002, 7.90198727786334E-002, 1.00000000000000E+000
 3.25605777186838E+000, 9.91904605550524E-001, 4.36135546684000E-002, 9.91904605550524E-001, 2.91419931270518E-002, 7.27030015190659E-002, 1.00000000000000E+000
 3.31708005111278E+000, 9.92374811907021E-001, 4.50202815920853E-002, 9.92374811907021E-001, 3.19438631699477E-002, 8.02531282497098E-002, 1.00000000000000E+000
 3.37810233035717E+000, 9.92699194424943E-001, 4.61191452732151E-002, 9.92699194424943E-001, 3.44875188542621E-002, 6.39614805187258E-002, 1.00000000000000E+000
 3.43912460960157E+000, 9.92828975998783E-001, 4.77806154900163E-002, 9.92828975998783E-001, 3.76383230499179E-002, 7.65890453523052E-002, 1.00000000000000E+000
 3.50014688884596E+000, 9.92913669821165E-001, 4.91515011642477E-002, 9.92913669821165E-001, 4.04840733016931E-002, 6.23465340037213E-002, 1.00000000000000E+000
 3.56116916809036E+000, 9.92896419229841E-001, 5.09582268292950E-002, 9.92896419229841E-001, 4.38705487656314E-002, 7.50955700966597E-002, 1.00000000000000E+000
 3.62219144733476E+000, 9.92921064334242E-001, 5.21947317875489E-002, 9.92921064334242E-001, 4.64627144578213E-002, 7.64518380534261E-002, 1.00000000000000E+000
 3.68321372657915E+000, 9.92948407303265E-001, 5.23008278882381E-002, 9.92948407303265E-001, 4.79571473394067E-002, 9.38002898739080E-002, 1.00000000000000E+000
 3.74423600582355E+000, 9.92962221967303E-001, 5.13183180041467E-002, 9.92962221967303E-001, 4.79372692025841E-002, 9.66108282497426E-002, 1.00000000000000E+000
 3.80525828506794E+000, 9.92952035432843E-001, 4.86196050078961E-002, 9.92952035432843E-001, 4.62929584216191E-002, 7.74315468011522E-002, 1.00000000000000E+000
 3.86628056431234E+000, 9.92914007529543E-001, 4.50880346437265E-002, 9.92914007529543E-001, 4.34623078413009E-002, 8.24424711740523E-002, 1.00000000000000E+000
 3.92730284355673E+000, 9.92844671717804E-001, 4.17840953476379E-002, 9.92844671717804E-001, 4.03543055297164E-002, 9.02383148474551E-002, 1.00000000000000E+000
 3.98832512280113E+000, 9.92808610957794E-001, 4.05870616749018E-002, 9.92808610957794E-001, 3.91469089101813E-002, 4.99867235547820E-002, 2.00000000000000E+000
 4.04934740204552E+000, 9.92714912877410E-001, 4.15848333381614E-002, 9.92714912877410E-001, 4.00578374951067E-002, 3.77327519654855E-002, 2.00000000000000E+000
 4.11036968128992E+000, 9.92527390093629E-001, 4.38844545221772E-002, 9.92527390093629E-001, 4.26860712618130E-002, 3.82975383164120E-002, 2.00000000000000E+000
 4.17139196053431E+000, 9.92279139011573E-001, 4.79749515476902E-002, 9.92279139011573E-001, 4.63827275056355E-002, 4.18285662316030E-002, 2.00000000000000E+000
 4.23241423977871E+000, 9.92008267691221E-001, 5.36217148535683E-002, 9.92008267691221E-001, 5.07900836384077E-002, 4.03898686487996E-002, 2.00000000000000E+000
 4.29343651902310E+000, 9.91582695574261E-001, 5.92335674497392E-002, 9.91582695574261E-001, 5.54112456490360E-002, 5.91947512665371E-002, 1.00000000000000E+000
 4.34755028196964E+000, 9.91202002770839E-001, 6.49288322798880E-002, 9.91202002770839E-001, 6.01754922294064E-002, 6.69696660704970E-002, 1.00000000000000E+000
 4.40166404491618E+000, 9.90834038078899E-001, 7.13051580269654E-002, 9.90834038078899E-001, 6.54712168971737E-002, 8.12963085224941E-002, 1.00000000000000E+000
 4.45577780786271E+000, 9.90520237732260E-001, 7.90946414742820E-002, 9.90520237732260E-001, 7.18299801857947E-002, 7.36275859128002E-002, 1.00000000000000E+000
 4.50989157080925E+000, 9.90069971120763E-001, 8.84169390370152E-002, 9.90069971120763E-001, 7.93477541582751E-002, 7.89034208033003E-002, 1.00000000000000E+000
 4.56400533375579E+000, 9.89682564868479E-001, 1.00462548812664E-001, 9.89682564868479E-001, 8.92520037823991E-002, 7.47552467518490E-002, 1.00000000000000E+000
 4.61811909670232E+000, 9.89157039892186E-001, 1.14187493113845E-001, 9.89157039892186E-001, 1.01506133347987E-001, 7.64088576126235E-002, 1.00000000000000E+000
 4.67223285964886E+000, 9.88749088008080E-001, 1.30944330543378E-001, 9.88749088008080E-001, 1.17625170476338E-001, 7.11645616952603E-002, 1.00000000000000E+000
 4.72634662259539E+000, 9.88202738266836E-001, 1.49591556662070E-001, 9.88202738266836E-001, 1.36632706113713E-001, 7.43651240419902E-002, 1.00000000000000E+000
 4.78046038554193E+000, 9.87677732348666E-001, 1.70155216016793E-001, 9.87677732348666E-001, 1.58449063075595E-001, 8.00808476622836E-002, 1.00000000000000E+000
 4.83457414848847E+000, 9.87427843852760E-001, 1.93654039307279E-001, 9.87427843852760E-001, 1.84237552690980E-001, 7.78242949031604E-002, 1.00000000000000E+000
 4.88868791143500E+000, 9.87045665890159E-001, 2.18703560724664E-001, 9.87045665890159E-001, 2.12018999739012E-001, 8.97418478741880E-002, 1.00000000000000E+000
 4.94280167438154E+000, 9.86968497869834E-001, 2.48334002806792E-001, 9.86968497869834E-001, 2.42683218722916E-001, 8.23424095951197E-002, 1.00000000000000E+000
 4.99691543732808E+000, 9.87003371404182E-001, 2.81609644652896E-001, 9.87003371404182E-001, 2.75514280483509E-001, 8.76671512738040E-002, 1.00000000000000E+000
 5.05102920027461E+000, 9.87132436538109E-001, 3.16520485676357E-001, 9.87132436538109E-001, 3.10062187377909E-001, 9.00529978739443E-002, 1.00000000000000E+000
 5.10514296322115E+000, 9.87379847473601E-001, 3.52620951958214E-001, 9.87379847473601E-001, 3.46092977368918E-001, 9.87652455868194E-002, 1.00000000000000E+000
 5.15337854567203E+000, 9.87790126358116E-001, 3.86757343624808E-001, 9.87790126358116E-001, 3.80656059408030E-001, 7.99050727422561E-002, 1.00000000000000E+000
 5.20161412812291E+000, 9.88247941212429E-001, 4.20899771831696E-001, 9.88247941212429E-001, 4.15639268508439E-001, 8.71124726430659E-002, 1.00000000000000E+000
 5.24984971057380E+000, 9.88899915782669E-001, 4.55896783838135E-001, 9.88899915782669E-001, 4.52003843097336E-001, 6.22592108196513E-002, 1.00000000000000E+000
 5.29808529302468E+000, 9.89377442870124E-001, 4.90694225103320E-001, 9.89377442870124E-001, 4.88594466626476E-001, 6.40297216670025E-002, 1.00000000000000E+000
 5.34632087547556E+000, 9.89862554631988E-001, 5.25424037734060E-001, 9.89862554631988E-001, 5.25424037734060E-001, 6.97645655359502E-002, 1.00000000000000E+000
 5.39938001617154E+000, 9.90478413234193E-001, 5.65928366867062E-001, 9.90478413234193E-001, 5.65928366867062E-001, 7.60521714052160E-002, 1.00000000000000E+000
 5.45243915686751E+000, 9.91031501953602E-001, 6.05430271021384E-001, 9.91031501953602E-001, 6.05430271021384E-001, 9.34606637387063E-002, 1.00000000000000E+000
 5.50549829756348E+000, 9.91510680664927E-001, 6.43241293463331E-001, 9.91510680664927E-001, 6.43241293463331E-001, 7.63011364069743E-002, 1.00000000000000E+000
 5.55855743825945E+000, 9.91863548029438E-001, 6.79111100631375E-001, 9.91863548029438E-001, 6.79111100631375E-001, 8.23052609190185E-002, 1.00000000000000E+000
 5.61161657895542E+000, 9.92220511138969E-001, 7.12040894394493E-001, 9.92220511138969E-001, 7.12040894394493E-001, 7.84144452185330E-002, 1.00000000000000E+000
 5.66467571965139E+000, 9.92484163198882E-001, 7.41248337947206E-001, 9.92484163198882E-001, 7.41248337947206E-001, 7.59782766808982E-002, 1.00000000000000E+000
 5.71773486034736E+000, 9.92679093361832E-001, 7.66179278192030E-001, 9.92679093361832E-001, 7.66179278192030E-001, 8.48429157155039E-002, 1.00000000000000E+000
 5.77079400104334E+000, 9.92802417046868E-001, 7.86537358943750E-001, 9.92802417046868E-001, 7.86537358943750E-001, 8.61390228419805E-002, 1.00000000000000E+000
 5.81666923985250E+000, 9.92748027444743E-001, 7.98876220873939E-001, 9.92748027444743E-001, 7.98876220873939E-001, 6.82188431427517E-002, 1.00000000000000E+000
 5.86254447866167E+000, 9.92764473847338E-001, 8.07853306256959E-001, 9.92764473847338E-001, 8.07853306256959E-001, 7.76696630414488E-002, 1.00000000000000E+000
 5.90841971747084E+000, 9.92845747811264E-001, 8.12853072130671E-001, 9.92845747811264E-001, 8.12853072130671E-001, 5.11973772646038E-002, 1.00000000000000E+000
 5.95429495628001E+000, 9.92879222289649E-001, 8.15110974329593E-001, 9.92879222289649E-001, 8.15110974329593E-001, 6.40600472826100E-002, 1.00000000000000E+000
 6.00017019508918E+000, 9.92956230155739E-001, 8.15029535890696E-001, 9.92956230155739E-001, 8.15029535890696E-001, 6.10835454759426E-002, 1.00000000000000E+000
 6.04604543389835E+000, 9.93070291741002E-001, 8.12985131150023E-001, 9.93070291741002E-001, 8.12985131150023E-001, 5.07390526797637E-002, 1.00000000000000E+000
 6.09192067270752E+000, 9.93242491769247E-001, 8.09317414161542E-001, 9.93242491769247E-001, 8.09317414161542E-001, 5.21081924707496E-002, 1.00000000000000E+000
 6.13779591151668E+000, 9.93510106206096E-001, 8.04323148534498E-001, 9.93510106206096E-001, 8.04323148534498E-001, 5.41705220548235E-002, 1.00000000000000E+000
 6.18367115032585E+000, 9.93903567899878E-001, 7.98259693305135E-001, 9.93903567899878E-001, 7.98259693305135E-001, 5.06171199803215E-002, 1.00000000000000E+000
 6.22954638913502E+000, 9.94388270432131E-001, 7.91357000352543E-001, 9.94388270432131E-001, 7.91357000352543E-001, 5.40281712219293E-002, 1.00000000000000E+000
 6.28000915182511E+000, 9.94988381318128E-001, 7.83137129274262E-001, 9.94988381318128E-001, 7.83137129274262E-001, 5.72841959507453E-002, 1.00000000000000E+000
 6.33047191451519E+000, 9.95645479535668E-001, 7.74541521145780E-001, 9.95645479535668E-001, 7.74541521145780E-001, 5.69592550111980E-002, 1.00000000000000E+000
 6.38598095347429E+000, 9.96409639811124E-001, 7.65476313230576E-001, 9.96409639811124E-001, 7.64973743769182E-001, 6.32732094677142E-002, 1.00000000000000E+000
 6.44148999243338E+000, 9.97184392537870E-001, 7.56706815731592E-001, 9.97184392537870E-001, 7.55573676997718E-001, 5.59151368323391E-002, 1.00000000000000E+000
 6.49699903139248E+000, 9.97860044698525E-001, 7.48105350461756E-001, 9.97860044698525E-001, 7.46588893509743E-001, 5.45504209852623E-002, 1.00000000000000E+000
 6.55250807035157E+000, 9.98453930757338E-001, 7.40258429462805E-001, 9.98453930757338E-001, 7.38245674441418E-001, 6.84065740755726E-002, 1.00000000000000E+000
 6.60801710931066E+000, 9.98968931424057E-001, 7.32883190186166E-001, 9.98968931424057E-001, 7.30717644399974E-001, 5.53447580068186E-002, 1.00000000000000E+000
 6.66352614826976E+000, 9.99403530232104E-001, 7.26216776240123E-001, 9.99403530232104E-001, 7.24140127914544E-001, 5.46137019223276E-002, 1.00000000000000E+000
 6.71903518722885E+000, 9.99775312048797E-001, 7.20915949995606E-001, 9.99775312048797E-001, 7.18578671437965E-001, 6.49255672957746E-002, 1.00000000000000E+000
 6.77454422618795E+000, 1.00001668153432E+000, 7.16359290093337E-001, 1.00001668153432E+000, 7.14049308017820E-001, 5.90528621858462E-002, 1.00000000000000E+000
 6.83005326514704E+000, 1.00012844855053E+000, 7.12478464258299E-001, 1.00012844855053E+000, 7.10520248838919E-001, 5.89133512641941E-002, 1.00000000000000E+000
 6.88556230410614E+000, 1.00004541590700E+000, 7.09205738263844E-001, 1.00004541590700E+000, 7.07934656789536E-001, 6.26329440685926E-002, 1.00000000000000E+000
 6.94107134306523E+000, 9.99929203755167E-001, 7.06489992556489E-001, 9.99929203755167E-001, 7.06228149691354E-001, 7.08323702160193E-002, 1.00000000000000E+000
 6.99658038202432E+000, 9.99705590469564E-001, 7.05350968782060E-001, 9.99705590469564E-001, 7.05350968782060E-001, 6.30034764736340E-002, 1.00000000000000E+000
 7.05208942098342E+000, 9.99327507805023E-001, 7.05285898935108E-001, 9.99327507805023E-001, 7.05285898935108E-001, 6.30747179352242E-002, 1.00000000000000E+000
 7.10759845994251E+000, 9.98674066523610E-001, 7.06301331481341E-001, 9.98674066523610E-001, 7.06301331481341E-001, 6.46892688153823E-002, 1.00000000000000E+000
 7.16310749890161E+000, 9.98127193391628E-001, 7.08117733890015E-001, 9.98127193391628E-001, 7.08117733890015E-001, 8.17528837065050E-002, 1.00000000000000E+000
 7.21861653786070E+000, 9.97531084504940E-001, 7.10765534776965E-001, 9.97531084504940E-001, 7.10765534776965E-001, 7.18450445029477E-002, 1.00000000000000E+000
 7.27412557681980E+000, 9.96814920686098E-001, 7.14126056938875E-001, 9.96814920686098E-001, 7.14126056938875E-001, 9.08042664230419E-002, 1.00000000000000E+000
 7.32963461577889E+000, 9.96048255021772E-001, 7.18013227166676E-001, 9.96048255021772E-001, 7.18013227166676E-001, 8.91115067206891E-002, 1.00000000000000E+000
 7.38514365473799E+000, 9.95441964138659E-001, 7.22115908119544E-001, 9.95441964138659E-001, 7.22115908119544E-001, 4.99769238504526E-002, 2.00000000000000E+000
 7.44620359759299E+000, 9.94623791680786E-001, 7.27311549105958E-001, 9.94623791680786E-001, 7.27311549105958E-001, 9.43654199825841E-002, 1.00000000000000E+000
 7.50726354044799E+000, 9.94191373474758E-001, 7.32621208922650E-001, 9.94191373474758E-001, 7.32621208922650E-001, 6.20080056073751E-002, 2.00000000000000E+000
 7.56832348330300E+000, 9.94044071779172E-001, 7.38194686864343E-001, 9.94044071779172E-001, 7.38194686864343E-001, 5.72810122153203E-002, 2.00000000000000E+000
 7.62938342615800E+000, 9.93979906602086E-001, 7.43907263224466E-001, 9.93979906602086E-001, 7.43907263224466E-001, 5.55011028772664E-002, 2.00000000000000E+000
 7.69044336901300E+000, 9.93751756868088E-001, 7.49636447978286E-001, 9.93751756868088E-001, 7.49636447978286E-001, 8.54928445171886E-002, 1.00000000000000E+000
 7.75150331186800E+000, 9.93909549241458E-001, 7.55181319021119E-001, 9.93909549241458E-001, 7.55181319021119E-001, 5.68120963931270E-002, 2.00000000000000E+000
 7.81256325472301E+000, 9.94242443602695E-001, 7.60533173718406E-001, 9.94242443602695E-001, 7.60533173718406E-001, 4.72282711912253E-002, 2.00000000000000E+000
 7.87362319757801E+000, 9.94367949677811E-001, 7.65550704061090E-001, 9.94367949677811E-001, 7.65550704061090E-001, 8.01089086775250E-002, 1.00000000000000E+000
 7.93468314043301E+000, 9.94352673180306E-001, 7.70388134328664E-001, 9.94352673180306E-001, 7.70388134328664E-001, 8.80519620494781E-002, 1.00000000000000E+000
 7.99574308328802E+000, 9.94416922561017E-001, 7.75193282492577E-001, 9.94416922561017E-001, 7.75193282492577E-001, 9.56548224533506E-002, 1.00000000000000E+000
 8.05680302614302E+000, 9.94824766520815E-001, 7.80503560519345E-001, 9.94824766520815E-001, 7.80503560519345E-001, 5.02167066165157E-002, 2.00000000000000E+000
 8.11786296899802E+000, 9.95179785710704E-001, 7.85499998092425E-001, 9.95179785710704E-001, 7.85499998092425E-001, 7.05275714484539E-002, 1.00000000000000E+000
 8.17892291185303E+000, 9.95596412738756E-001, 7.90552027240736E-001, 9.95596412738756E-001, 7.90552027240736E-001, 7.38361918232210E-002, 1.00000000000000E+000
 8.23998285470803E+000, 9.96122126143357E-001, 7.96000992462418E-001, 9.96122126143357E-001, 7.96000992462418E-001, 5.36551233172386E-002, 1.00000000000000E+000
 8.30104279756303E+000, 9.96806927432699E-001, 8.01560895508111E-001, 9.96806927432699E-001, 8.01560895508111E-001, 6.09809630681226E-002, 1.00000000000000E+000
 8.36210274041804E+000, 9.97544273623369E-001, 8.07319777959616E-001, 9.97544273623369E-001, 8.07319777959616E-001, 6.62085562369983E-002, 1.00000000000000E+000
 8.42316268327304E+000, 9.98475790386671E-001, 8.13292317502276E-001, 9.98475790386671E-001, 8.13292317502276E-001, 6.11657851917337E-002, 1.00000000000000E+000
 8.48422262612804E+000, 9.99514824530510E-001, 8.19457611936044E-001, 9.99514824530510E-001, 8.19457611936044E-001, 5.11642396642490E-002, 1.00000000000000E+000
 8.54528256898305E+000, 1.00044999816571E+000, 8.25722024536557E-001, 1.00044999816571E+000, 8.25722024536557E-001, 5.76024651364060E-002, 1.00000000000000E+000
 8.60634251183805E+000, 1.00127949384199E+000, 8.31961311814218E-001, 1.00127949384199E+000, 8.31961311814218E-001, 5.81391053011227E-002, 1.00000000000000E+000
 8.66740245469305E+000, 1.00193992469016E+000, 8.38010675741438E-001, 1.00193992469016E+000, 8.38010675741438E-001, 7.60925318549982E-002, 1.00000000000000E+000
 8.72846239754806E+000, 1.00162615588980E+000, 8.42919903191103E-001, 1.00162615588980E+000, 8.42919903191103E-001, 4.81496790760097E-002, 2.00000000000000E+000
 8.78952234040306E+000, 1.00101301029437E+000, 8.46262768617520E-001, 1.00101301029437E+000, 8.46262768617520E-001, 3.68101657608313E-002, 2.00000000000000E+000
 8.85058228325806E+000, 1.00108120905058E+000, 8.49262693316036E-001, 1.00108120905058E+000, 8.49262693316036E-001, 6.58990814278701E-002, 1.00000000000000E+000
 8.91164222611306E+000, 1.00080571966372E+000, 8.50540415195470E-001, 1.00080571966372E+000, 8.50540415195470E-001, 4.46669285051423E-002, 2.00000000000000E+000
 8.96625414603488E+000, 1.00007526856511E+000, 8.50185123174549E-001, 1.00007526856511E+000, 8.50185123174549E-001, 8.82880600176151E-002, 1.00000000000000E+000
 9.02086606595669E+000, 9.99573344633250E-001, 8.49243251590575E-001, 9.99573344633250E-001, 8.49243251590575E-001, 7.87347132450179E-002, 1.00000000000000E+000
 9.07547798587850E+000, 9.98992146110647E-001, 8.47361300858427E-001, 9.98992146110647E-001, 8.47361300858427E-001, 8.00308278126959E-002, 1.00000000000000E+000
 9.13008990580031E+000, 9.98357698320931E-001, 8.45019292651330E-001, 9.98357698320931E-001, 8.45019292651330E-001, 8.09172622802388E-002, 1.00000000000000E+000
 9.18470182572212E+000, 9.97656596878793E-001, 8.42151451597693E-001, 9.97656596878793E-001, 8.42151451597693E-001, 9.21648112214919E-002, 1.00000000000000E+000
 9.23931374564393E+000, 9.96832695927950E-001, 8.38876024418606E-001, 9.96832695927950E-001, 8.38876024418606E-001, 6.78866838899059E-002, 1.00000000000000E+000
 9.29392566556574E+000, 9.95904231621408E-001, 8.35371178308932E-001, 9.95904231621408E-001, 8.35371178308932E-001, 7.48092650373494E-002, 1.00000000000000E+000
 9.34853758548755E+000, 9.94946593127199E-001, 8.31729681385909E-001, 9.94946593127199E-001, 8.31729681385909E-001, 8.63567295172010E-002, 1.00000000000000E+000
 9.40314950540937E+000, 9.94227790015314E-001, 8.28076995632921E-001, 9.94227790015314E-001, 8.28076995632921E-001, 7.27841746240042E-002, 1.00000000000000E+000
 9.45776142533118E+000, 9.93470795647322E-001, 8.24650889738768E-001, 9.93470795647322E-001, 8.24650889738768E-001, 7.91628192804829E-002, 1.00000000000000E+000
 9.50437248675608E+000, 9.92866709565177E-001, 8.21917091195440E-001, 9.92866709565177E-001, 8.21917091195440E-001, 5.72633795582486E-002, 1.00000000000000E+000
 9.55098354818098E+000, 9.92227308915005E-001, 8.19277857281238E-001, 9.92227308915005E-001, 8.19277857281238E-001, 5.45758790975311E-002, 1.00000000000000E+000
 9.59759460960588E+000, 9.91636049936079E-001, 8.16693005276313E-001, 9.91636049936079E-001, 8.16693005276313E-001, 4.59597908332869E-002, 1.00000000000000E+000
 9.64420567103078E+000, 9.91157837683664E-001, 8.14105618352971E-001, 9.91157837683664E-001, 8.14105618352971E-001, 4.53425378654414E-002, 1.00000000000000E+000
 9.69081673245568E+000, 9.90833190284607E-001, 8.11524645768623E-001, 9.90833190284607E-001, 8.11524645768623E-001, 5.92023305279055E-002, 1.00000000000000E+000
 9.73742779388058E+000, 9.90605346118644E-001, 8.08923716942643E-001, 9.90605346118644E-001, 8.08923716942643E-001, 4.31934429413756E-002, 1.00000000000000E+000
 9.78403885530548E+000, 9.90467352038272E-001, 8.06272363054300E-001, 9.90467352038272E-001, 8.06272363054300E-001, 3.39872825745404E-002, 1.00000000000000E+000
 9.83064991673039E+000, 9.90422242399428E-001, 8.03419765404817E-001, 9.90422242399428E-001, 8.03419765404817E-001, 5.70205825078420E-002, 1.00000000000000E+000
 9.87726097815529E+000, 9.90479716897836E-001, 8.00343424114234E-001, 9.90479716897836E-001, 8.00343424114234E-001, 3.68418213344575E-002, 1.00000000000000E+000
 9.92387203958019E+000, 9.90637977594335E-001, 7.96924654855969E-001, 9.90637977594335E-001, 7.96924654855969E-001, 3.16219102176036E-002, 1.00000000000000E+000
 9.97514420714758E+000, 9.90792871143611E-001, 7.92889658355805E-001, 9.90792871143611E-001, 7.92889658355805E-001, 4.20482114659280E-002, 1.00000000000000E+000
 1.00264163747150E+001, 9.90997242811892E-001, 7.88500940334247E-001, 9.90997242811892E-001, 7.88500940334247E-001, 3.52124242627760E-002, 1.00000000000000E+000
 1.00828157590391E+001, 9.91227706724502E-001, 7.83267541587819E-001, 9.91227706724502E-001, 7.83267541587819E-001, 3.69760117738819E-002, 1.00000000000000E+000
 1.01392151433632E+001, 9.91564677920213E-001, 7.77578279088022E-001, 9.91564677920213E-001, 7.77578279088022E-001, 4.48875062387027E-002, 1.00000000000000E+000
 1.01956145276874E+001, 9.92050747781018E-001, 7.71457690760409E-001, 9.92050747781018E-001, 7.71457690760409E-001, 4.88837441570831E-002, 1.00000000000000E+000
 1.02520139120115E+001, 9.92621069207117E-001, 7.64794077434063E-001, 9.92621069207117E-001, 7.64794077434063E-001, 4.48771765490584E-002, 1.00000000000000E+000
 1.03140532347680E+001, 9.93194568068652E-001, 7.57009260677374E-001, 9.93194568068652E-001, 7.57009260677374E-001, 4.29959594123187E-002, 1.00000000000000E+000
 1.03760925575246E+001, 9.93737152517713E-001, 7.48637412803023E-001, 9.93737152517713E-001, 7.48637412803023E-001, 4.34762434858986E-002, 1.00000000000000E+000
 1.04381318802811E+001, 9.94246704937025E-001, 7.39858478971356E-001, 9.94246704937025E-001, 7.39858478971356E-001, 4.43918602254486E-002, 1.00000000000000E+000
 1.05001712030377E+001, 9.94806605446096E-001, 7.30647010756194E-001, 9.94806605446096E-001, 7.30647010756194E-001, 5.43329604057945E-002, 1.00000000000000E+000
 1.05622105257942E+001, 9.95369928907805E-001, 7.21087134345917E-001, 9.95369928907805E-001, 7.21087134345917E-001, 7.48316712476904E-002, 1.00000000000000E+000
 1.06242498485508E+001, 9.95922655259107E-001, 7.11336157562370E-001, 9.95922655259107E-001, 7.11336157562370E-001, 8.26625581861195E-002, 1.00000000000000E+000
 1.06862891713073E+001, 9.96205408248442E-001, 7.01748171034629E-001, 9.96205408248442E-001, 7.01748171034629E-001, 4.50295654792775E-002, 2.00000000000000E+000
 1.07483284940638E+001, 9.96364737822092E-001, 6.92347972770105E-001, 9.96364737822092E-001, 6.92347972770105E-001, 5.23984238783154E-002, 2.00000000000000E+000
 1.08103678168204E+001, 9.96602575432730E-001, 6.83097705952343E-001, 9.96602575432730E-001, 6.83097705952343E-001, 4.63279854515951E-002, 2.00000000000000E+000
 1.08724071395769E+001, 9.96828752432793E-001, 6.73939986485263E-001, 9.96828752432793E-001, 6.73939986485263E-001, 7.98970085224313E-002, 1.00000000000000E+000
 1.09344464623335E+001, 9.96589463518277E-001, 6.65326119423628E-001, 9.96589463518277E-001, 6.65326119423628E-001, 5.18594514068207E-002, 2.00000000000000E+000
 1.09964857850900E+001, 9.96149122430403E-001, 6.57341358019525E-001, 9.96149122430403E-001, 6.57341358019525E-001, 7.43384967474340E-002, 2.00000000000000E+000
 1.10585251078466E+001, 9.95973001298215E-001, 6.49811749022642E-001, 9.95973001298215E-001, 6.49811749022642E-001, 5.08864768175277E-002, 2.00000000000000E+000
 1.11205644306031E+001, 9.95848580471383E-001, 6.42641769919245E-001, 9.95848580471383E-001, 6.42641769919245E-001, 5.63599277295319E-002, 2.00000000000000E+000
 1.11826037533596E+001, 9.95698412640865E-001, 6.35783888541860E-001, 9.95698412640865E-001, 6.35783888541860E-001, 4.72215619143287E-002, 2.00000000000000E+000
 1.12446430761162E+001, 9.95555336917402E-001, 6.29299435846063E-001, 9.95555336917402E-001, 6.29299435846063E-001, 5.19958559310103E-002, 2.00000000000000E+000
 1.13066823988727E+001, 9.95508887064112E-001, 6.23091461304922E-001, 9.95508887064112E-001, 6.23091461304922E-001, 5.23054696692453E-002, 2.00000000000000E+000
 1.13687217216293E+001, 9.95406539222278E-001, 6.17220863593574E-001, 9.95406539222278E-001, 6.17220863593574E-001, 7.43507174226257E-002, 1.00000000000000E+000
 1.14307610443858E+001, 9.95587620444140E-001, 6.11482759848361E-001, 9.95587620444140E-001, 6.11482759848361E-001, 6.12791128158913E-002, 2.00000000000000E+000
 1.14928003671424E+001, 9.95771171930809E-001, 6.05902278609655E-001, 9.95771171930809E-001, 6.05902278609655E-001, 6.45175110907118E-002, 2.00000000000000E+000
 1.15548396898989E+001, 9.95845214850938E-001, 6.00498995503524E-001, 9.95845214850938E-001, 6.00498995503524E-001, 4.78220079679143E-002, 2.00000000000000E+000
 1.16168790126555E+001, 9.95881596751637E-001, 5.95247788672928E-001, 9.95881596751637E-001, 5.95247788672928E-001, 5.92224235910028E-002, 2.00000000000000E+000
 1.16789183354120E+001, 9.95856264962773E-001, 5.90148594541655E-001, 9.95856264962773E-001, 5.90148594541655E-001, 5.13672663688497E-002, 2.00000000000000E+000
 1.17409576581685E+001, 9.95791439420619E-001, 5.85023999794924E-001, 9.95791439420619E-001, 5.85023999794924E-001, 6.22921892528782E-002, 2.00000000000000E+000
 1.18029969809251E+001, 9.95664772718753E-001, 5.79874490100653E-001, 9.95664772718753E-001, 5.79874490100653E-001, 6.02827303349495E-002, 2.00000000000000E+000
 1.18650363036816E+001, 9.95377250759902E-001, 5.74826643120621E-001, 9.95377250759902E-001, 5.74826643120621E-001, 9.81748395541273E-002, 1.00000000000000E+000
 1.19270756264382E+001, 9.95348279886574E-001, 5.69572240064170E-001, 9.95348279886574E-001, 5.69572240064170E-001, 8.45219036368461E-002, 2.00000000000000E+000
 1.19891149491947E+001, 9.95287331494546E-001, 5.64104964651114E-001, 9.95287331494546E-001, 5.64104964651114E-001, 7.71420044045351E-002, 2.00000000000000E+000
 1.20511542719513E+001, 9.95207119640341E-001, 5.58456182269360E-001, 9.95207119640341E-001, 5.58456182269360E-001, 5.59141678168890E-002, 2.00000000000000E+000
 1.21131935947078E+001, 9.95146952884375E-001, 5.52724061902486E-001, 9.95146952884375E-001, 5.52724061902486E-001, 7.56091244766474E-002, 2.00000000000000E+000
 1.21752329174643E+001, 9.95144553127447E-001, 5.48241562031746E-001, 9.95144553127447E-001, 5.47109258209184E-001, 6.02564896652146E-002, 2.00000000000000E+000
 1.22372722402209E+001, 9.95166565841569E-001, 5.44210822084180E-001, 9.95166565841569E-001, 5.41832169532612E-001, 5.63469229248991E-002, 2.00000000000000E+000
 1.22993115629774E+001, 9.95178376054832E-001, 5.40709615391023E-001, 9.95178376054832E-001, 5.37137024472058E-001, 6.36614680808804E-002, 2.00000000000000E+000
 1.23613508857340E+001, 9.95200300829039E-001, 5.37940799291094E-001, 9.95200300829039E-001, 5.33244214713992E-001, 4.01340214636298E-002, 2.00000000000000E+000
 1.24233902084905E+001, 9.95194220725845E-001, 5.35976125573610E-001, 9.95194220725845E-001, 5.30231916733136E-001, 4.78153981031995E-002, 2.00000000000000E+000
 1.24854295312471E+001, 9.95232178613322E-001, 5.34963490780101E-001, 9.95232178613322E-001, 5.28259664756335E-001, 4.63581353870094E-002, 2.00000000000000E+000
 1.25474688540036E+001, 9.95234202438481E-001, 5.34767228587000E-001, 9.95234202438481E-001, 5.27182429465887E-001, 8.09630186569185E-002, 1.00000000000000E+000
 1.26095081767601E+001, 9.95201413596684E-001, 5.35299223375574E-001, 9.95201413596684E-001, 5.26900741740311E-001, 9.12908935128380E-002, 1.00000000000000E+000
 1.26715474995167E+001, 9.95216843616444E-001, 5.36940750759661E-001, 9.95216843616444E-001, 5.27808457613486E-001, 7.48120401406146E-002, 2.00000000000000E+000
 1.27335868222732E+001, 9.95334336519293E-001, 5.39766231136957E-001, 9.95334336519293E-001, 5.29994869366417E-001, 5.95886399454736E-002, 2.00000000000000E+000
 1.27956261450298E+001, 9.95511667223419E-001, 5.43735744126301E-001, 9.95511667223419E-001, 5.33420429596903E-001, 5.08430392600758E-002, 2.00000000000000E+000
 1.28576654677863E+001, 9.95599553960673E-001, 5.48808770022314E-001, 9.95599553960673E-001, 5.38036079888269E-001, 5.69353925017173E-002, 2.00000000000000E+000
 1.29126257639301E+001, 9.95624280881017E-001, 5.53965357373911E-001, 9.95624280881017E-001, 5.42837920290249E-001, 8.24641123431727E-002, 1.00000000000000E+000
 1.29675860600740E+001, 9.95731006356789E-001, 5.59663959915921E-001, 9.95731006356789E-001, 5.48220395516403E-001, 6.39602955841406E-002, 1.00000000000000E+000
 1.30225463562178E+001, 9.95814675152552E-001, 5.66406779892479E-001, 9.95814675152552E-001, 5.54705966687293E-001, 4.14292668943489E-002, 2.00000000000000E+000
 1.30775066523616E+001, 9.96065580494627E-001, 5.73907527441410E-001, 9.96065580494627E-001, 5.62016501989497E-001, 4.27567600628237E-002, 2.00000000000000E+000
 1.31324669485055E+001, 9.96313967716800E-001, 5.81696335619785E-001, 9.96313967716800E-001, 5.69650187977630E-001, 9.13211404774710E-002, 1.00000000000000E+000
 1.31874272446493E+001, 9.96464785182734E-001, 5.89768823667517E-001, 9.96464785182734E-001, 5.77593974301896E-001, 8.72354004200610E-002, 1.00000000000000E+000
 1.32423875407931E+001, 9.96485714436057E-001, 5.98646168034229E-001, 9.96485714436057E-001, 5.86395485849327E-001, 6.57991600001893E-002, 2.00000000000000E+000
 1.32973478369369E+001, 9.96603834033342E-001, 6.08003805289575E-001, 9.96603834033342E-001, 5.95734238588263E-001, 5.04633715969935E-002, 2.00000000000000E+000
 1.33523081330808E+001, 9.96655802005181E-001, 6.17310477945698E-001, 9.96655802005181E-001, 6.05043387414560E-001, 6.83047761011011E-002, 1.00000000000000E+000
 1.34072684292246E+001, 9.96609888849901E-001, 6.26870650649853E-001, 9.96609888849901E-001, 6.14632491437861E-001, 4.77904350481654E-002, 2.00000000000000E+000
 1.34622287253684E+001, 9.96727269084764E-001, 6.36550438183159E-001, 9.96727269084764E-001, 6.24372533561823E-001, 5.84391819263664E-002, 2.00000000000000E+000
 1.35171890215122E+001, 9.96756939076352E-001, 6.45936218282893E-001, 9.96756939076352E-001, 6.33833099899931E-001, 9.78065322231197E-002, 1.00000000000000E+000
 1.35721493176561E+001, 9.96733139115211E-001, 6.55204446632297E-001, 9.96733139115211E-001, 6.43191168702621E-001, 5.32172710490018E-002, 2.00000000000000E+000
 1.36271096137999E+001, 9.97026603844170E-001, 6.64196030413708E-001, 9.97026603844170E-001, 6.52289033167525E-001, 7.31369758607677E-002, 2.00000000000000E+000
 1.36820699099437E+001, 9.97062420130599E-001, 6.72757173289865E-001, 9.97062420130599E-001, 6.60966979218585E-001, 5.02056877646228E-002, 2.00000000000000E+000
 1.37370302060875E+001, 9.97029281713767E-001, 6.80834870406162E-001, 9.97029281713767E-001, 6.69168561460622E-001, 4.28142832604921E-002, 2.00000000000000E+000
 1.37919905022314E+001, 9.97150817967822E-001, 6.88453210496750E-001, 9.97150817967822E-001, 6.76925363019962E-001, 5.51995824474019E-002, 2.00000000000000E+000
 1.38469507983752E+001, 9.97242770130345E-001, 6.95579592914939E-001, 9.97242770130345E-001, 6.84212157212940E-001, 5.96463424307600E-002, 2.00000000000000E+000
 1.39019110945190E+001, 9.97215793344508E-001, 7.02273576966879E-001, 9.97215793344508E-001, 6.91100045567170E-001, 3.48654068389602E-002, 2.00000000000000E+000
 1.39568713906628E+001, 9.97164192592019E-001, 7.08619430552262E-001, 9.97164192592019E-001, 6.97684994106533E-001, 4.45720376255998E-002, 2.00000000000000E+000
 1.40118316868067E+001, 9.97137358705473E-001, 7.14419279912619E-001, 9.97137358705473E-001, 7.03753381289181E-001, 9.20645174143129E-002, 1.00000000000000E+000
 1.40667919829505E+001, 9.97118319056977E-001, 7.19835539961102E-001, 9.97118319056977E-001, 7.09487547318971E-001, 9.00923121206406E-002, 1.00000000000000E+000
 1.41217522790943E+001, 9.97325585828482E-001, 7.25265358484448E-001, 9.97325585828482E-001, 7.15318581985077E-001, 5.14433918317031E-002, 2.00000000000000E+000
 1.41767125752381E+001, 9.97208462166429E-001, 7.30629650674535E-001, 9.97208462166429E-001, 7.21162953020737E-001, 5.28784802663646E-002, 2.00000000000000E+000
 1.42316728713820E+001, 9.97144309759624E-001, 7.35557825192801E-001, 9.97144309759624E-001, 7.26613483850134E-001, 9.62251340242864E-002, 1.00000000000000E+000
 1.42866331675258E+001, 9.97267929588774E-001, 7.40756331197617E-001, 9.97267929588774E-001, 7.32425441840776E-001, 4.64361098760290E-002, 2.00000000000000E+000
 1.43415934636696E+001, 9.97288511211924E-001, 7.46115768184149E-001, 9.97288511211924E-001, 7.38474881641230E-001, 4.64182196725386E-002, 2.00000000000000E+000
 1.43965537598134E+001, 9.97234605919052E-001, 7.51560956588595E-001, 9.97234605919052E-001, 7.44667032631661E-001, 4.29545391706130E-002, 2.00000000000000E+000
 1.44515140559573E+001, 9.97216714365026E-001, 7.56732112001580E-001, 9.97216714365026E-001, 7.50602655808274E-001, 8.00908997797125E-002, 1.00000000000000E+000
 1.45064743521011E+001, 9.97210931174219E-001, 7.62057926568170E-001, 9.97210931174219E-001, 7.56734267414547E-001, 3.35726719898223E-002, 2.00000000000000E+000
 1.45614346482449E+001, 9.97077434919239E-001, 7.67437083915071E-001, 9.97077434919239E-001, 7.62941890785190E-001, 6.58131161058560E-002, 2.00000000000000E+000
 1.46163949443887E+001, 9.97000483602985E-001, 7.72759717433990E-001, 9.97000483602985E-001, 7.69079059357265E-001, 5.53752650148729E-002, 2.00000000000000E+000
 1.46713552405326E+001, 9.96949472582712E-001, 7.77854618617496E-001, 9.96949472582712E-001, 7.74957049252775E-001, 9.94112307804259E-002, 1.00000000000000E+000
 1.47263155366764E+001, 9.96759317294266E-001, 7.83011674611488E-001, 9.96759317294266E-001, 7.80877795125082E-001, 6.02335677082669E-002, 2.00000000000000E+000
 1.47812758328202E+001, 9.96681587461205E-001, 7.88193483068123E-001, 9.96681587461205E-001, 7.86774605186938E-001, 7.01511987386295E-002, 2.00000000000000E+000
 1.48362361289640E+001, 9.96722795382791E-001, 7.93590751616507E-001, 9.96722795382791E-001, 7.92679008499077E-001, 3.79580909596809E-002, 2.00000000000000E+000
 1.48911964251079E+001, 9.96732332346289E-001, 7.98973764784523E-001, 9.96732332346289E-001, 7.98489572470452E-001, 4.05051093285537E-002, 2.00000000000000E+000
 1.49461567212517E+001, 9.96749342318802E-001, 8.04218780701830E-001, 9.96749342318802E-001, 8.04156771587017E-001, 9.34382459669187E-002, 1.00000000000000E+000
 1.50011170173955E+001, 9.96900859890401E-001, 8.09642814153091E-001, 9.96900859890401E-001, 8.09642814153091E-001, 4.56082673010640E-002, 2.00000000000000E+000
 1.50560773135393E+001, 9.97132853397409E-001, 8.15201731673044E-001, 9.97132853397409E-001, 8.15201731673044E-001, 6.15065876404007E-002, 2.00000000000000E+000
 1.51110376096832E+001, 9.97444901838303E-001, 8.20832734198941E-001, 9.97444901838303E-001, 8.20832734198941E-001, 4.35001603211726E-002, 2.00000000000000E+000
 1.51659979058270E+001, 9.97939754124985E-001, 8.26160664255509E-001, 9.97939754124985E-001, 8.26160664255509E-001, 9.35217941037426E-002, 1.00000000000000E+000
 1.52209582019708E+001, 9.98087401850707E-001, 8.31376241837242E-001, 9.98087401850707E-001, 8.31376241837242E-001, 6.18888895956046E-002, 2.00000000000000E+000
 1.52759184981146E+001, 9.98084924941835E-001, 8.36585797062984E-001, 9.98084924941835E-001, 8.36585797062984E-001, 6.05475425249711E-002, 2.00000000000000E+000
 1.53308787942585E+001, 9.98399847333265E-001, 8.41752694143461E-001, 9.98399847333265E-001, 8.41592020108882E-001, 4.38784639487900E-002, 2.00000000000000E+000
 1.53913351200167E+001, 9.98770716982623E-001, 8.46942538672525E-001, 9.98770716982623E-001, 8.46493109272409E-001, 4.90168153207533E-002, 2.00000000000000E+000
 1.54517914457749E+001, 9.98871657479105E-001, 8.51904926109991E-001, 9.98871657479105E-001, 8.51149591303726E-001, 5.49617570550699E-002, 2.00000000000000E+000
 1.55122477715331E+001, 9.98841038299961E-001, 8.56773106552866E-001, 9.98841038299961E-001, 8.55714920880394E-001, 5.65352776390011E-002, 2.00000000000000E+000
 1.55727040972913E+001, 9.99012734902737E-001, 8.61318377566963E-001, 9.99012734902737E-001, 8.59981917541022E-001, 4.91929312139820E-002, 2.00000000000000E+000
 1.56331604230495E+001, 9.99082433396470E-001, 8.66104929495448E-001, 9.99082433396470E-001, 8.64519703041345E-001, 5.39335744292461E-002, 2.00000000000000E+000
 1.56936167488077E+001, 9.98920916595114E-001, 8.70897228581820E-001, 9.98920916595114E-001, 8.69102741998176E-001, 5.35405798965193E-002, 2.00000000000000E+000
 1.57540730745659E+001, 9.99035463827597E-001, 8.75536028528109E-001, 9.99035463827597E-001, 8.73571894151301E-001, 5.32958232815096E-002, 2.00000000000000E+000
 1.58145294003241E+001, 9.99205222369542E-001, 8.80122206314943E-001, 9.99205222369542E-001, 8.78020634288971E-001, 4.84440244513044E-002, 2.00000000000000E+000
 1.58749857260823E+001, 9.99381951854232E-001, 8.84776636166464E-001, 9.99381951854232E-001, 8.82562158822839E-001, 5.45231918273869E-002, 2.00000000000000E+000
 1.59354420518405E+001, 9.99631904083762E-001, 8.89573458740774E-001, 9.99631904083762E-001, 8.87264095880503E-001, 5.55693502509086E-002, 2.00000000000000E+000
 1.59958983775988E+001, 9.99897752373629E-001, 8.94539177388346E-001, 9.99897752373629E-001, 8.92147026735818E-001, 6.12018955829486E-002, 2.00000000000000E+000
 1.60563547033570E+001, 1.00022570020227E+000, 8.99544972274526E-001, 1.00022570020227E+000, 8.97073969863081E-001, 6.23017762298393E-002, 2.00000000000000E+000
 1.61168110291152E+001, 1.00056169190170E+000, 9.04371535200887E-001, 1.00056169190170E+000, 9.01819312786265E-001, 7.08700467914532E-002, 2.00000000000000E+000
 1.61772673548734E+001, 1.00088839813252E+000, 9.08803870992735E-001, 1.00088839813252E+000, 9.06165690650428E-001, 8.09191869127499E-002, 2.00000000000000E+000
 1.62377236806316E+001, 1.00116154671563E+000, 9.12673364291893E-001, 1.00116154671563E+000, 9.09948470680522E-001, 7.35548323108599E-002, 2.00000000000000E+000
 1.62920958340825E+001, 1.00114398582696E+000, 9.15840179650534E-001, 1.00114398582696E+000, 9.13043466192045E-001, 5.36880781278775E-002, 2.00000000000000E+000
 1.63464679875335E+001, 1.00127955042131E+000, 9.18893137584155E-001, 1.00127955042131E+000, 9.16052248825723E-001, 5.26775000863199E-002, 2.00000000000000E+000
 1.64008401409844E+001, 1.00155231829048E+000, 9.21707733991242E-001, 1.00155231829048E+000, 9.18865179890123E-001, 3.99951590776184E-002, 2.00000000000000E+000
 1.64552122944353E+001, 1.00158855825552E+000, 9.24583510521731E-001, 1.00158855825552E+000, 9.21793546720502E-001, 4.00512344253400E-002, 2.00000000000000E+000
 1.65095844478863E+001, 1.00209616407743E+000, 9.26393365092493E-001, 1.00209616407743E+000, 9.23690560434153E-001, 9.59574886578430E-002, 1.00000000000000E+000
 1.65574960033784E+001, 1.00213194856317E+000, 9.28546383955507E-001, 1.00213194856317E+000, 9.25965882222835E-001, 8.67635549800978E-002, 1.00000000000000E+000
 1.66054075588706E+001, 1.00186596398658E+000, 9.31762815836903E-001, 1.00186596398658E+000, 9.29373359129410E-001, 3.74470465062412E-002, 2.00000000000000E+000
 1.66533191143627E+001, 1.00190526847232E+000, 9.34915131346219E-001, 1.00190526847232E+000, 9.32761318495783E-001, 8.08699523364085E-002, 1.00000000000000E+000
 1.66955647933204E+001, 1.00205820603449E+000, 9.38137228377146E-001, 1.00205820603449E+000, 9.36226220497338E-001, 4.59713712798185E-002, 1.00000000000000E+000
 1.67378104722780E+001, 1.00228661055729E+000, 9.41590242564704E-001, 1.00228661055729E+000, 9.39942817934887E-001, 5.13888473746565E-002, 1.00000000000000E+000
 1.67800561512357E+001, 1.00245996904936E+000, 9.45422375358186E-001, 1.00245996904936E+000, 9.44048583107211E-001, 5.25002730894597E-002, 1.00000000000000E+000
 1.68166611276911E+001, 1.00226996162691E+000, 9.49434468885085E-001, 1.00226996162691E+000, 9.48309549647243E-001, 3.09768563312496E-002, 1.00000000000000E+000
 1.68532661041465E+001, 1.00209868500511E+000, 9.53756630715887E-001, 1.00209868500511E+000, 9.52883316700638E-001, 2.92702694285339E-002, 1.00000000000000E+000
 1.68898710806019E+001, 1.00201746277025E+000, 9.58321807777689E-001, 1.00201746277025E+000, 9.57693422213163E-001, 3.00496224503104E-002, 1.00000000000000E+000
 1.69224801895835E+001, 1.00186021318933E+000, 9.62741853320463E-001, 1.00186021318933E+000, 9.62323625611927E-001, 2.41506830258855E-002, 1.00000000000000E+000
 1.69550892985650E+001, 1.00179494686743E+000, 9.67383687643015E-001, 1.00179494686743E+000, 9.67169049403123E-001, 2.37687860765853E-002, 1.00000000000000E+000
 1.69876984075466E+001, 1.00176990359594E+000, 9.72232633813185E-001, 1.00176990359594E+000, 9.72212752578649E-001, 2.42992111111893E-002, 1.00000000000000E+000
 1.70203075165281E+001, 1.00177817516085E+000, 9.77444066126122E-001, 1.00177817516085E+000, 9.77444066126122E-001, 2.38950138399693E-002, 1.00000000000000E+000
 1.70529166255097E+001, 1.00178330510004E+000, 9.82798886415703E-001, 1.00178330510004E+000, 9.82798886415703E-001, 2.27308858877298E-002, 1.00000000000000E+000
 1.71181348434728E+001, 1.00176857109323E+000, 9.91023221818316E-001, 1.00176857109323E+000, 9.91023221818316E-001, 2.04027987964425E-002, 1.00000000000000E+000
 1.71833530614359E+001, 1.00169727602291E+000, 1.00229903035515E+000, 1.00169727602291E+000, 1.00229903035515E+000, 1.99631799467385E-002, 1.00000000000000E+000
 1.72550931011953E+001, 1.00172559750608E+000, 1.01483324659302E+000, 1.00172559750608E+000, 1.01483324659302E+000, 2.33665622243044E-002, 1.00000000000000E+000
 1.72945501230630E+001, 1.00179123330726E+000, 1.02523443267214E+000, 1.00179123330726E+000, 1.02523443267214E+000, 2.88942865133730E-002, 1.00000000000000E+000
 1.73813555711719E+001, 1.00197382086479E+000, 1.03690564014206E+000, 1.00197382086479E+000, 1.03690564014206E+000, 3.85361714375740E-002, 1.00000000000000E+000
 1.74247582952263E+001, 1.00213560721774E+000, 1.04872323373936E+000, 1.00213560721774E+000, 1.04872323373936E+000, 3.67755407911812E-002, 1.00000000000000E+000
 1.74601035694936E+001, 1.00200265685267E+000, 1.05623659020350E+000, 1.00200265685267E+000, 1.05623659020350E+000, 2.17348236830608E-002, 1.00000000000000E+000
 1.75262917352565E+001, 1.00172754752615E+000, 1.06783374965875E+000, 1.00172754752615E+000, 1.06783374965875E+000, 1.88443218043689E-002, 1.00000000000000E+000
 1.75879775182477E+001, 1.00137672117588E+000, 1.08429148844193E+000, 1.00137672117588E+000, 1.08429148844193E+000, 2.21588745781608E-002, 1.00000000000000E+000
 1.76496633012389E+001, 1.00128015061604E+000, 1.10113741768850E+000, 1.00128015061604E+000, 1.10113741768850E+000, 2.38570635943781E-002, 1.00000000000000E+000
 1.77113490842301E+001, 1.00133157579547E+000, 1.11846471707314E+000, 1.00133157579547E+000, 1.11846471707314E+000, 3.03570137239973E-002, 1.00000000000000E+000
 1.77730348672213E+001, 1.00143365946796E+000, 1.13602591011977E+000, 1.00143365946796E+000, 1.13602591011977E+000, 2.54666158139188E-002, 1.00000000000000E+000
 1.78378049393621E+001, 1.00155499634691E+000, 1.15408054937852E+000, 1.00155499634691E+000, 1.15408054937852E+000, 2.78711949796273E-002, 1.00000000000000E+000
 1.79161767266524E+001, 1.00180331244973E+000, 1.17422456689857E+000, 1.00180331244973E+000, 1.17422456689857E+000, 4.62088499663583E-002, 1.00000000000000E+000
 1.79572286152330E+001, 1.00203225457890E+000, 1.18972597572033E+000, 1.00203225457890E+000, 1.18972597572033E+000, 5.61392006889090E-002, 1.00000000000000E+000
 1.80310221637661E+001, 1.00213534593694E+000, 1.20339994410491E+000, 1.00213534593694E+000, 1.20339994410491E+000, 4.31615113567411E-002, 1.00000000000000E+000
 1.80637638237185E+001, 1.00195467919489E+000, 1.21546477377510E+000, 1.00195467919489E+000, 1.21546477377510E+000, 2.60886037241339E-002, 1.00000000000000E+000
 1.81258071686304E+001, 1.00165457539327E+000, 1.22568627571469E+000, 1.00165457539327E+000, 1.22568627571469E+000, 3.16052784406622E-002, 1.00000000000000E+000
 1.81844105385495E+001, 1.00117788213682E+000, 1.23739179262428E+000, 1.00117788213682E+000, 1.23739179262428E+000, 2.64876001200584E-002, 1.00000000000000E+000
 1.82430139084686E+001, 1.00079522417162E+000, 1.24727385893820E+000, 1.00079522417162E+000, 1.24727385893820E+000, 3.15814959932173E-002, 1.00000000000000E+000
 1.83016172783877E+001, 1.00050581437752E+000, 1.25592487394862E+000, 1.00050581437752E+000, 1.25592487394862E+000, 2.86893292975825E-002, 1.00000000000000E+000
 1.83631508168028E+001, 1.00028101747497E+000, 1.26376438190539E+000, 1.00028101747497E+000, 1.26376438190539E+000, 3.18545699446344E-002, 1.00000000000000E+000
 1.84308377090594E+001, 1.00016860997692E+000, 1.27073664645457E+000, 1.00016860997692E+000, 1.27073664645457E+000, 3.82822178045640E-002, 1.00000000000000E+000
 1.85052932905416E+001, 1.00027195582200E+000, 1.27665166439339E+000, 1.00027195582200E+000, 1.27665166439339E+000, 4.58723411882441E-002, 1.00000000000000E+000
 1.85481938874909E+001, 1.00053622369574E+000, 1.28043404221783E+000, 1.00053622369574E+000, 1.28043404221783E+000, 5.55847436535578E-002, 1.00000000000000E+000
 1.86339950813894E+001, 1.00098405945080E+000, 1.28325619254109E+000, 1.00098405945080E+000, 1.28325619254109E+000, 6.26871762758677E-002, 1.00000000000000E+000
 1.86768956783387E+001, 1.00151557136305E+000, 1.28531312116789E+000, 1.00151557136305E+000, 1.28531312116789E+000, 5.98549472157193E-002, 1.00000000000000E+000
 1.87626968722373E+001, 1.00202648919978E+000, 1.28690339070907E+000, 1.00202648919978E+000, 1.28690339070907E+000, 6.60927995951078E-002, 1.00000000000000E+000
 1.88055974691866E+001, 1.00248334813761E+000, 1.28846144991836E+000, 1.00248334813761E+000, 1.28846144991836E+000, 6.41525909237661E-002, 1.00000000000000E+000
 1.88484980661358E+001, 1.00264467441714E+000, 1.28988417318727E+000, 1.00264467441714E+000, 1.28988417318727E+000, 5.71529363489942E-002, 1.00000000000000E+000
 1.89342992600344E+001, 1.00308198145897E+000, 1.29220764067130E+000, 1.00308198145897E+000, 1.29220764067130E+000, 6.42958539165820E-002, 1.00000000000000E+000
 1.89771998569837E+001, 1.00344528142114E+000, 1.29456396697635E+000, 1.00344528142114E+000, 1.29456396697635E+000, 5.65130498768963E-002, 1.00000000000000E+000
 1.90201004539330E+001, 1.00360062089430E+000, 1.29595274425070E+000, 1.00360062089430E+000, 1.29595274425070E+000, 5.05968775788917E-002, 1.00000000000000E+000
 1.91059016478315E+001, 1.00397058086158E+000, 1.29752757798478E+000, 1.00397058086158E+000, 1.29752757798478E+000, 6.29453301730640E-002, 1.00000000000000E+000
 1.91488022447808E+001, 1.00401664799460E+000, 1.29854563158240E+000, 1.00401664799460E+000, 1.29854563158240E+000, 5.35938066490950E-002, 1.00000000000000E+000
 1.92346034386794E+001, 1.00425164477374E+000, 1.29955166262988E+000, 1.00425164477374E+000, 1.29955166262988E+000, 6.58377494838456E-002, 1.00000000000000E+000
 1.92775040356286E+001, 1.00431079112114E+000, 1.30137691245967E+000, 1.00431079112114E+000, 1.30050245731830E+000, 6.04658632118297E-002, 1.00000000000000E+000
 1.93204046325779E+001, 1.00443014179052E+000, 1.30351412564615E+000, 1.00443014179052E+000, 1.30133331706567E+000, 6.66736665360339E-002, 1.00000000000000E+000
 1.94062058264765E+001, 1.00469310169466E+000, 1.30641275643540E+000, 1.00469310169466E+000, 1.30241654645610E+000, 6.76623960035657E-002, 1.00000000000000E+000
 1.94491064234258E+001, 1.00456741726746E+000, 1.30852774262157E+000, 1.00456741726746E+000, 1.30291391045195E+000, 6.45565711383432E-002, 1.00000000000000E+000
 1.95349076173243E+001, 1.00466465658766E+000, 1.30924036302748E+000, 1.00466465658766E+000, 1.30234382408022E+000, 6.61006016016431E-002, 1.00000000000000E+000
 1.95778082142736E+001, 1.00457087056525E+000, 1.30903833781905E+000, 1.00457087056525E+000, 1.30119004562704E+000, 5.86564911525894E-002, 1.00000000000000E+000
 1.96207088112229E+001, 1.00460062060776E+000, 1.30812153337261E+000, 1.00460062060776E+000, 1.29987437468501E+000, 7.27537320789694E-002, 1.00000000000000E+000
 1.97065100051214E+001, 1.00472584179116E+000, 1.30659107729492E+000, 1.00472584179116E+000, 1.29807372857185E+000, 6.88015351043311E-002, 1.00000000000000E+000
 1.97494106020707E+001, 1.00494796379114E+000, 1.30537106527506E+000, 1.00494796379114E+000, 1.29684920890218E+000, 6.23466979218829E-002, 1.00000000000000E+000
 1.98352117959693E+001, 1.00534234607931E+000, 1.30553376892685E+000, 1.00534234607931E+000, 1.29720799736069E+000, 7.32547280777372E-002, 1.00000000000000E+000
 1.98781123929186E+001, 1.00559943170302E+000, 1.30740940749993E+000, 1.00559943170302E+000, 1.29934271442357E+000, 7.21324069379846E-002, 1.00000000000000E+000
 1.99210129898678E+001, 1.00563826803907E+000, 1.31001666597909E+000, 1.00563826803907E+000, 1.30210356548339E+000, 7.56013224816004E-002, 1.00000000000000E+000
 2.00068141837664E+001, 1.00598435943867E+000, 1.31612546391992E+000, 1.00598435943867E+000, 1.30803794748616E+000, 7.88320745568585E-002, 1.00000000000000E+000
 2.00497147807157E+001, 1.00644485672491E+000, 1.32418374538958E+000, 1.00644485672491E+000, 1.31493937138051E+000, 8.25615064030553E-002, 1.00000000000000E+000
 2.01303142310468E+001, 1.00623577919909E+000, 1.33205445357204E+000, 1.00623577919909E+000, 1.32134317327634E+000, 7.80411613792025E-002, 1.00000000000000E+000
 2.01680130844286E+001, 1.00627159244858E+000, 1.33874077857932E+000, 1.00627159244858E+000, 1.32647350856881E+000, 9.05154385122790E-002, 1.00000000000000E+000
 2.02434107911923E+001, 1.00582462142973E+000, 1.34361406780648E+000, 1.00582462142973E+000, 1.32977461793024E+000, 6.87466119155041E-002, 1.00000000000000E+000
 2.02811096445741E+001, 1.00566322327477E+000, 1.34734197956457E+000, 1.00566322327477E+000, 1.33205709173045E+000, 7.63985571854760E-002, 1.00000000000000E+000
 2.03602772366759E+001, 1.00579631985943E+000, 1.35178428262613E+000, 1.00579631985943E+000, 1.33539357068572E+000, 6.95084968862709E-002, 1.00000000000000E+000
 2.04017459753959E+001, 1.00575424416645E+000, 1.35709373297473E+000, 1.00575424416645E+000, 1.33994007057871E+000, 7.56815701548397E-002, 1.00000000000000E+000
 2.04846834528360E+001, 1.00590134837843E+000, 1.36268309756092E+000, 1.00590134837843E+000, 1.34514987877627E+000, 7.64227176435930E-002, 1.00000000000000E+000
 2.05212584474933E+001, 1.00554224779903E+000, 1.36591428246853E+000, 1.00554224779903E+000, 1.34811998267446E+000, 7.11243006328792E-002, 1.00000000000000E+000
 2.05944084368079E+001, 1.00553085611768E+000, 1.36673158388420E+000, 1.00553085611768E+000, 1.34861903914628E+000, 7.47590118626883E-002, 1.00000000000000E+000
 2.06675584261225E+001, 1.00532863684946E+000, 1.36759440358881E+000, 1.00532863684946E+000, 1.34873531224382E+000, 7.79386416801037E-002, 1.00000000000000E+000
 2.07041334207798E+001, 1.00516307459910E+000, 1.36905949900415E+000, 1.00516307459910E+000, 1.34941918102260E+000, 7.71984084053129E-002, 1.00000000000000E+000
 2.07809409095601E+001, 1.00488044128017E+000, 1.37077660929093E+000, 1.00488044128017E+000, 1.35045725206270E+000, 8.38778642961020E-002, 1.00000000000000E+000
 2.08211734036832E+001, 1.00515219859559E+000, 1.37320130270714E+000, 1.00515219859559E+000, 1.35185331139307E+000, 9.26778612119459E-002, 1.00000000000000E+000
 2.09016383919292E+001, 1.00493271614674E+000, 1.37558119612854E+000, 1.00493271614674E+000, 1.35292060994106E+000, 6.43237083360351E-002, 1.50000000000000E+000
 2.09418708860523E+001, 1.00451807926414E+000, 1.37729718053817E+000, 1.00451807926414E+000, 1.35322315759517E+000, 7.63404522895590E-002, 1.00000000000000E+000
 2.10223358742983E+001, 1.00415379823818E+000, 1.37790773165233E+000, 1.00415379823818E+000, 1.35246186103135E+000, 7.17080555047639E-002, 1.50000000000000E+000
 2.10625683684214E+001, 1.00402866186778E+000, 1.37865681846958E+000, 1.00402866186778E+000, 1.35143830816544E+000, 3.74476670983083E-002, 2.00000000000000E+000
 2.11430333566674E+001, 1.00348647879767E+000, 1.38084516388046E+000, 1.00348647879767E+000, 1.35127665848609E+000, 6.37264040150454E-002, 1.50000000000000E+000
 2.11832658507905E+001, 1.00336710564254E+000, 1.38519721829229E+000, 1.00336710564254E+000, 1.35318649080155E+000, 7.85394060497589E-002, 1.00000000000000E+000
 2.12637308390366E+001, 1.00300963509533E+000, 1.39404142924167E+000, 1.00300963509533E+000, 1.35863032145536E+000, 5.28098583900860E-002, 1.50000000000000E+000
 2.13039633331596E+001, 1.00313925334014E+000, 1.40402074555166E+000, 1.00313925334014E+000, 1.36631104994251E+000, 8.53886011604552E-002, 1.00000000000000E+000
 2.13844283214057E+001, 1.00268359219148E+000, 1.41361176667931E+000, 1.00268359219148E+000, 1.37482198767046E+000, 8.69909608868720E-002, 1.00000000000000E+000
 2.14246608155287E+001, 1.00228421032619E+000, 1.42170289144578E+000, 1.00228421032619E+000, 1.38266989580709E+000, 9.51389689089233E-002, 1.00000000000000E+000
 2.15051258037748E+001, 1.00249075141088E+000, 1.42928140093255E+000, 1.00249075141088E+000, 1.39043284777232E+000, 5.79983643551779E-002, 1.50000000000000E+000
 2.15453582978978E+001, 1.00299124726731E+000, 1.43877596374223E+000, 1.00299124726731E+000, 1.39970700790519E+000, 3.73235238113271E-002, 2.00000000000000E+000
 2.16258232861439E+001, 1.00256634345018E+000, 1.44852985121598E+000, 1.00256634345018E+000, 1.40991561104843E+000, 5.51971570562367E-002, 1.50000000000000E+000
 2.16660557802669E+001, 1.00235358279360E+000, 1.45829804150710E+000, 1.00235358279360E+000, 1.42080883294866E+000, 8.39991891994106E-002, 1.00000000000000E+000
 2.17343939356247E+001, 1.00257947997043E+000, 1.46750170871164E+000, 1.00257947997043E+000, 1.43143441089190E+000, 8.17460907750362E-002, 1.00000000000000E+000
 2.18027320909825E+001, 1.00299886633212E+000, 1.48074106639985E+000, 1.00299886633212E+000, 1.44649913940116E+000, 7.54806609856616E-002, 1.00000000000000E+000
 2.18710702463403E+001, 1.00249850517254E+000, 1.49475987064567E+000, 1.00249850517254E+000, 1.46167989763063E+000, 7.66394835288450E-002, 1.00000000000000E+000
 2.19052393240192E+001, 1.00252244382665E+000, 1.50404188419285E+000, 1.00252244382665E+000, 1.47123640769088E+000, 6.99272014568430E-002, 1.00000000000000E+000
 2.19735774793770E+001, 1.00229176901963E+000, 1.51021938307901E+000, 1.00229176901963E+000, 1.47744010489793E+000, 8.20580810605422E-002, 1.00000000000000E+000
 2.20419156347348E+001, 1.00270904246457E+000, 1.51345583285928E+000, 1.00270904246457E+000, 1.48178803188267E+000, 7.75053440919781E-002, 1.00000000000000E+000
 2.21102537900926E+001, 1.00250330455581E+000, 1.51291935256119E+000, 1.00250330455581E+000, 1.48518053580444E+000, 7.99146119083524E-002, 1.00000000000000E+000
 2.21444228677715E+001, 1.00213030688873E+000, 1.51556166778563E+000, 1.00213030688873E+000, 1.48974024774764E+000, 7.14237534586830E-002, 1.00000000000000E+000
 2.22127610231293E+001, 1.00282946434722E+000, 1.52166585762830E+000, 1.00282946434722E+000, 1.49706572371348E+000, 7.18270088190267E-002, 1.00000000000000E+000
 2.22810991784870E+001, 1.00324141700259E+000, 1.53229453064730E+000, 1.00324141700259E+000, 1.50899703082700E+000, 7.60135866225802E-002, 1.00000000000000E+000
 2.23494373338448E+001, 1.00317009417516E+000, 1.54191024079653E+000, 1.00317009417516E+000, 1.51959527782738E+000, 6.58735430645227E-002, 1.00000000000000E+000
 2.23836064115237E+001, 1.00377111299412E+000, 1.54615171196902E+000, 1.00377111299412E+000, 1.52433714027702E+000, 5.83372487707801E-002, 1.00000000000000E+000
 2.24519445668815E+001, 1.00376574009979E+000, 1.54964516950733E+000, 1.00376574009979E+000, 1.52612251995407E+000, 6.81962677581571E-002, 1.00000000000000E+000
 2.25202827222393E+001, 1.00384427370235E+000, 1.54698214218926E+000, 1.00384427370235E+000, 1.52181308471318E+000, 7.18505056331262E-002, 1.00000000000000E+000
 2.25886208775971E+001, 1.00405146102523E+000, 1.53577034715615E+000, 1.00405146102523E+000, 1.50981476799729E+000, 6.78059977021417E-002, 1.00000000000000E+000
 2.26227899552760E+001, 1.00363982188619E+000, 1.52327557064875E+000, 1.00363982188619E+000, 1.49727498415550E+000, 6.78498662284660E-002, 1.00000000000000E+000
 2.26840946757453E+001, 1.00432775662977E+000, 1.50961950176287E+000, 1.00432775662977E+000, 1.48401982878238E+000, 6.17981850856498E-002, 1.00000000000000E+000
 2.27453993962145E+001, 1.00383557650098E+000, 1.48928679805420E+000, 1.00383557650098E+000, 1.46484390525752E+000, 6.25707578038793E-002, 1.00000000000000E+000
 2.28067041166837E+001, 1.00403007528172E+000, 1.46889242010513E+000, 1.00403007528172E+000, 1.44593535866233E+000, 6.02603427210749E-002, 1.00000000000000E+000
 2.28680088371530E+001, 1.00383507323134E+000, 1.45058843825472E+000, 1.00383507323134E+000, 1.43027876661896E+000, 6.21182720555529E-002, 1.00000000000000E+000
 2.29293135576222E+001, 1.00346916425053E+000, 1.43786084340872E+000, 1.00346916425053E+000, 1.41999179769287E+000, 7.57154432633234E-002, 1.00000000000000E+000
 2.29906182780915E+001, 1.00359039744787E+000, 1.42978529694670E+000, 1.00359039744787E+000, 1.41419137678634E+000, 7.66992681460047E-002, 1.00000000000000E+000
 2.30519229985607E+001, 1.00291156055045E+000, 1.42422313320787E+000, 1.00291156055045E+000, 1.41041998687434E+000, 7.19478573695412E-002, 1.00000000000000E+000
 2.31132277190300E+001, 1.00401761151720E+000, 1.41900861848625E+000, 1.00401761151720E+000, 1.40636542660106E+000, 5.98464313214942E-002, 1.00000000000000E+000
 2.31775976755227E+001, 1.00331842880632E+000, 1.41483280191990E+000, 1.00331842880632E+000, 1.40235085986178E+000, 5.88616077605914E-002, 1.00000000000000E+000
 2.32517763872905E+001, 1.00332848128358E+000, 1.41163930331048E+000, 1.00332848128358E+000, 1.39728596656079E+000, 8.49557402771897E-002, 1.00000000000000E+000
 2.32888657431744E+001, 1.00360802469461E+000, 1.40691622470578E+000, 1.00360802469461E+000, 1.39071923930110E+000, 7.92918373362097E-002, 1.00000000000000E+000
 2.33667533905305E+001, 1.00308903064607E+000, 1.39956378682587E+000, 1.00308903064607E+000, 1.38116691256508E+000, 7.52894869969181E-002, 1.52380952380952E+000
 2.34075516820028E+001, 1.00291440298874E+000, 1.39034189212778E+000, 1.00291440298874E+000, 1.36965387893751E+000, 8.84618592947129E-002, 1.00000000000000E+000
 2.34891482649474E+001, 1.00236467131785E+000, 1.37921270031212E+000, 1.00236467131785E+000, 1.35637888434990E+000, 5.72473628089807E-002, 2.00000000000000E+000
 2.35299465564197E+001, 1.00223277375971E+000, 1.36519821798887E+000, 1.00223277375971E+000, 1.34062465754487E+000, 9.82340555437753E-002, 1.00000000000000E+000
 2.36115431393642E+001, 1.00179756032605E+000, 1.35566444258855E+000, 1.00179756032605E+000, 1.32639019949923E+000, 5.76309689079200E-002, 1.50000000000000E+000
 2.36523414308365E+001, 1.00169584142737E+000, 1.34708639081391E+000, 1.00169584142737E+000, 1.31444355363338E+000, 4.36341418714671E-002, 2.00000000000000E+000
 2.37339380137811E+001, 1.00181323088042E+000, 1.33995953040996E+000, 1.00181323088042E+000, 1.30676352708830E+000, 6.59140578955933E-002, 1.50000000000000E+000
 2.37667295156108E+001, 1.00184045754958E+000, 1.33429882843921E+000, 1.00184045754958E+000, 1.30268786944427E+000, 4.89286261230973E-002, 1.00000000000000E+000
 2.38323125192704E+001, 1.00199844623036E+000, 1.32875093910406E+000, 1.00199844623036E+000, 1.30034076519053E+000, 6.34673748355382E-002, 1.00000000000000E+000
 2.38978955229299E+001, 1.00244951909582E+000, 1.31938069885189E+000, 1.00244951909582E+000, 1.29731361404132E+000, 7.80411674580889E-002, 1.00000000000000E+000
 2.39634785265894E+001, 1.00292492253127E+000, 1.30821680935168E+000, 1.00292492253127E+000, 1.29471853564097E+000, 6.55373492861970E-002, 1.00000000000000E+000
 2.40323406804319E+001, 1.00342777167989E+000, 1.30104327973717E+000, 1.00342777167989E+000, 1.29407310792603E+000, 7.29258671856604E-002, 1.00000000000000E+000
 2.40684113324447E+001, 1.00422175684405E+000, 1.30179457251162E+000, 1.00422175684405E+000, 1.29588353896360E+000, 7.67812554147741E-002, 1.00000000000000E+000
 2.41405526364701E+001, 1.00454624894425E+000, 1.30398449640785E+000, 1.00454624894425E+000, 1.29998043314858E+000, 8.11939072738752E-002, 1.00000000000000E+000
 2.42042492403770E+001, 1.00538093801365E+000, 1.30837219746293E+000, 1.00538093801365E+000, 1.30781174937019E+000, 6.60295512226125E-002, 1.00000000000000E+000
 2.42679458442840E+001, 1.00547507551907E+000, 1.31936108722586E+000, 1.00547507551907E+000, 1.31936108722586E+000, 5.79199392116885E-002, 1.00000000000000E+000
 2.43029789764328E+001, 1.00601658496257E+000, 1.33232643727569E+000, 1.00601658496257E+000, 1.33232643727569E+000, 6.72963711064295E-002, 1.00000000000000E+000
 2.43730452407304E+001, 1.00576879796323E+000, 1.34918495092084E+000, 1.00576879796323E+000, 1.34918495092084E+000, 7.14095273646324E-002, 1.00000000000000E+000
 2.44466148182429E+001, 1.00562872702783E+000, 1.37700159982314E+000, 1.00562872702783E+000, 1.37700159982314E+000, 6.58411510043740E-002, 1.00000000000000E+000
 2.44851512636066E+001, 1.00612121912497E+000, 1.40088735028467E+000, 1.00612121912497E+000, 1.40088735028467E+000, 8.77966622697047E-002, 1.00000000000000E+000
 2.45622241543339E+001, 1.00581206340544E+000, 1.42593557664577E+000, 1.00581206340544E+000, 1.42593557664577E+000, 8.38768396473309E-002, 1.00000000000000E+000
 2.46007605996976E+001, 1.00508993513328E+000, 1.45118141614458E+000, 1.00508993513328E+000, 1.45118141614458E+000, 4.81309769367299E-002, 2.00000000000000E+000
 2.46778334904250E+001, 1.00497715226268E+000, 1.47294746713169E+000, 1.00497715226268E+000, 1.47294746713169E+000, 6.16788399543693E-002, 1.50000000000000E+000
 2.47549063811524E+001, 1.00427390017391E+000, 1.49579028981484E+000, 1.00427390017391E+000, 1.49579028981484E+000, 6.98260068658415E-002, 1.50000000000000E+000
 2.47934428265160E+001, 1.00384401702281E+000, 1.50924238001563E+000, 1.00384401702281E+000, 1.50924238001563E+000, 4.19147518059327E-002, 2.00000000000000E+000
 2.48705157172434E+001, 1.00258399803239E+000, 1.52050765272665E+000, 1.00258399803239E+000, 1.52050765272665E+000, 4.26433286109926E-002, 2.00000000000000E+000
 2.49090521626071E+001, 1.00183070033511E+000, 1.52988942062069E+000, 1.00183070033511E+000, 1.52988942062069E+000, 4.56538184166072E-002, 2.00000000000000E+000
 2.49861250533345E+001, 1.00122376334988E+000, 1.53475814778272E+000, 1.00122376334988E+000, 1.53475814778272E+000, 7.05463014653573E-002, 1.50000000000000E+000
 2.50246614986982E+001, 1.00060797689026E+000, 1.53813977384484E+000, 1.00060797689026E+000, 1.53813968891153E+000, 5.66545369207821E-002, 2.00000000000000E+000
 2.51017343894255E+001, 9.98693805282126E-001, 1.54104615962813E+000, 9.98693805282126E-001, 1.54104615962813E+000, 6.81532946974682E-002, 1.50000000000000E+000
 2.51402708347892E+001, 9.99717043163605E-001, 1.54310162512177E+000, 9.99717043163605E-001, 1.54310162512177E+000, 5.00451547438832E-002, 2.00000000000000E+000
 2.52173437255166E+001, 1.00024963557320E+000, 1.54384444537860E+000, 1.00024963557320E+000, 1.54384444537860E+000, 6.09923339709067E-002, 1.50000000000000E+000
 2.52944166162440E+001, 1.00013066643448E+000, 1.54358903403437E+000, 1.00013066643448E+000, 1.54358903403437E+000, 3.90167616052917E-002, 2.00000000000000E+000
 2.53329530616077E+001, 1.00046708294796E+000, 1.54308992005710E+000, 1.00046708294796E+000, 1.54308992005710E+000, 7.90869818933190E-002, 1.00000000000000E+000
 2.54100259523350E+001, 1.00199323899144E+000, 1.54207931548434E+000, 1.00199323899144E+000, 1.54207931548434E+000, 6.99162003230838E-002, 1.50000000000000E+000
 2.54485623976987E+001, 1.00247317975025E+000, 1.54122111477287E+000, 1.00247317975025E+000, 1.54122111477287E+000, 7.84134898952299E-002, 1.00000000000000E+000
 2.55256352884261E+001, 1.00375404103685E+000, 1.54037573427476E+000, 1.00375404103685E+000, 1.54037573427476E+000, 8.87217884872326E-002, 1.00000000000000E+000
 2.55680253783261E+001, 1.00325471018396E+000, 1.54315513864685E+000, 1.00325471018396E+000, 1.54315513864685E+000, 4.62236998175148E-002, 2.00000000000000E+000
 2.56528055581262E+001, 1.00448340971608E+000, 1.54697866082521E+000, 1.00448340971608E+000, 1.54697866082521E+000, 7.04861599314513E-002, 1.50000000000000E+000
 2.56951956480263E+001, 1.00460445328347E+000, 1.55542395606586E+000, 1.00460445328347E+000, 1.55542395606586E+000, 6.88503372010153E-002, 1.00000000000000E+000
 2.57799758278264E+001, 1.00525856202852E+000, 1.57016696184441E+000, 1.00525856202852E+000, 1.57016696184441E+000, 9.38100123616401E-002, 1.00000000000000E+000
 2.58223659177265E+001, 1.00446183904347E+000, 1.58997205412969E+000, 1.00446183904347E+000, 1.58997205412969E+000, 9.37956003937897E-002, 1.00000000000000E+000
 2.58647560076265E+001, 1.00492746640952E+000, 1.60356910508066E+000, 1.00492746640952E+000, 1.60356910508066E+000, 9.25866941173602E-002, 1.00000000000000E+000
 2.59495361874266E+001, 1.00365955391891E+000, 1.61033555943102E+000, 1.00365955391891E+000, 1.61033555943102E+000, 5.88537846655562E-002, 1.50000000000000E+000
 2.59919262773267E+001, 1.00199265359796E+000, 1.61565978635655E+000, 1.00199265359796E+000, 1.61565978635655E+000, 9.93692796962430E-002, 1.00000000000000E+000
 2.60767064571268E+001, 1.00155752975953E+000, 1.60765474808552E+000, 1.00155752975953E+000, 1.60765474808552E+000, 6.89187617750742E-002, 1.50000000000000E+000
 2.61190965470268E+001, 1.00123399102210E+000, 1.59515352827253E+000, 1.00123399102210E+000, 1.59515352827253E+000, 5.29534056041682E-002, 2.00000000000000E+000
 2.61938924303448E+001, 1.00000671117152E+000, 1.58057504288328E+000, 1.00000671117152E+000, 1.58057504288328E+000, 7.01311359834594E-002, 1.00000000000000E+000
 2.62312903720038E+001, 1.00037705765911E+000, 1.56617307756709E+000, 1.00037705765911E+000, 1.56617307756709E+000, 8.30806841039645E-002, 1.00000000000000E+000
 2.63060862553219E+001, 1.00058458109924E+000, 1.55174938314018E+000, 1.00058458109924E+000, 1.55174938314018E+000, 8.84885245800196E-002, 1.00000000000000E+000
 2.63434841969809E+001, 9.99421568084525E-001, 1.53787260274024E+000, 9.99421568084525E-001, 1.53787260274024E+000, 8.56414159443090E-002, 1.00000000000000E+000
 2.64182800802989E+001, 1.00179086807730E+000, 1.52622317627130E+000, 1.00179086807730E+000, 1.52622317627130E+000, 8.34520239185928E-002, 1.00000000000000E+000
 2.64930759636169E+001, 1.00345588984229E+000, 1.51496903265058E+000, 1.00345588984229E+000, 1.51496903265058E+000, 8.21992209780717E-002, 1.00000000000000E+000
 2.65304739052759E+001, 1.00382314368865E+000, 1.50976032105712E+000, 1.00382314368865E+000, 1.50976032105712E+000, 9.59520833230052E-002, 1.00000000000000E+000
 2.66052697885939E+001, 1.00439824463997E+000, 1.50705210674619E+000, 1.00439824463997E+000, 1.50705210674619E+000, 9.01203446286987E-002, 1.00000000000000E+000
 2.66426677302529E+001, 1.00536533328612E+000, 1.50509249425194E+000, 1.00536533328612E+000, 1.50509249425194E+000, 9.78726568917242E-002, 1.00000000000000E+000
 2.67174636135710E+001, 1.00668023844991E+000, 1.50259894587145E+000, 1.00668023844991E+000, 1.50259894587145E+000, 8.55760024804615E-002, 1.00000000000000E+000
 2.67922594968890E+001, 1.00410083367197E+000, 1.49995889936453E+000, 1.00410083367197E+000, 1.49761245591029E+000, 8.28318157981372E-002, 1.00000000000000E+000
 2.68296574385480E+001, 1.00545726809186E+000, 1.49984744511338E+000, 1.00545726809186E+000, 1.49265184417321E+000, 7.83649153647868E-002, 1.00000000000000E+000
 2.69081931160319E+001, 1.00581179520390E+000, 1.49763217210616E+000, 1.00581179520390E+000, 1.48692924648689E+000, 6.70669831633107E-002, 1.52380952380952E+000
 2.69493308518568E+001, 1.00519888799376E+000, 1.49470404389773E+000, 1.00519888799376E+000, 1.48177838735361E+000, 7.98204707089818E-002, 1.00000000000000E+000
 2.70316063235066E+001, 1.00561942913432E+000, 1.49210660874579E+000, 1.00561942913432E+000, 1.47827516784984E+000, 7.47679801180213E-002, 1.50000000000000E+000
 2.70727440593316E+001, 1.00644142859342E+000, 1.49013002983185E+000, 1.00644142859342E+000, 1.47618830169751E+000, 4.71257920182667E-002, 2.00000000000000E+000
 2.71550195309814E+001, 1.00634220488161E+000, 1.49222632566491E+000, 1.00634220488161E+000, 1.47606216942253E+000, 4.36161814075484E-002, 2.00000000000000E+000
 2.71915090129422E+001, 1.00624458069545E+000, 1.49485524693901E+000, 1.00624458069545E+000, 1.47651282227706E+000, 9.25620888238607E-002, 1.00000000000000E+000
 2.72644879768637E+001, 1.00656778714707E+000, 1.49569254593278E+000, 1.00656778714707E+000, 1.47515557361538E+000, 5.50475459438552E-002, 1.50000000000000E+000
 2.73009774588245E+001, 1.00612829545761E+000, 1.49632537684268E+000, 1.00612829545761E+000, 1.47247656480237E+000, 9.08948162323595E-002, 1.00000000000000E+000
 2.73739564227461E+001, 1.00599649918105E+000, 1.49449304481930E+000, 1.00599649918105E+000, 1.46574909793140E+000, 8.67926076420569E-002, 1.00000000000000E+000
 2.74469353866676E+001, 1.00524397778866E+000, 1.48907598821202E+000, 1.00524397778866E+000, 1.45122934389422E+000, 6.68081952039477E-002, 1.50000000000000E+000
 2.74870738168245E+001, 1.00431747674749E+000, 1.48038787822848E+000, 1.00431747674749E+000, 1.43767558228791E+000, 3.39251454871829E-002, 2.00000000000000E+000
 2.75627985714696E+001, 1.00446989816438E+000, 1.46641352858376E+000, 1.00446989816438E+000, 1.42340768207357E+000, 4.42611559999062E-002, 1.53005691923290E+000
 2.76339712204461E+001, 1.00336382663354E+000, 1.44538770101980E+000, 1.00336382663354E+000, 1.40391390636620E+000, 7.61889503490215E-002, 1.00000000000000E+000
 2.76695575449344E+001, 1.00417117120906E+000, 1.42802245632092E+000, 1.00417117120906E+000, 1.39038576570945E+000, 8.62550718037203E-002, 1.00000000000000E+000
 2.77407301939109E+001, 1.00313905697047E+000, 1.41447927287934E+000, 1.00313905697047E+000, 1.37936667304703E+000, 7.87393251951445E-002, 1.00000000000000E+000
 2.78119028428874E+001, 1.00314521542400E+000, 1.39926652976464E+000, 1.00314521542400E+000, 1.36854626482663E+000, 6.91874262949077E-002, 1.00000000000000E+000
 2.78474891673757E+001, 1.00313353021394E+000, 1.39023976916019E+000, 1.00313353021394E+000, 1.36298743570084E+000, 7.39631973824299E-002, 1.00000000000000E+000
 2.79186618163522E+001, 1.00291704119335E+000, 1.38331717609856E+000, 1.00291704119335E+000, 1.35911410429565E+000, 7.93040364072505E-002, 1.00000000000000E+000
 2.79898344653287E+001, 1.00252056244923E+000, 1.37799355801531E+000, 1.00252056244923E+000, 1.35573555148187E+000, 7.32417331901586E-002, 1.00000000000000E+000
 2.80254207898170E+001, 1.00200420220243E+000, 1.37633065656882E+000, 1.00200420220243E+000, 1.35410159998641E+000, 5.49192715845693E-002, 1.00000000000000E+000
 2.81001520712423E+001, 1.00244729141106E+000, 1.37504431313255E+000, 1.00244729141106E+000, 1.35320599159145E+000, 6.99778057389779E-002, 1.00000000000000E+000
 2.81432115238731E+001, 1.00186311301421E+000, 1.37584766365601E+000, 1.00186311301421E+000, 1.35256551406236E+000, 8.63260817168831E-002, 1.00000000000000E+000
 2.82293304291347E+001, 1.00146654248861E+000, 1.37727722248349E+000, 1.00146654248861E+000, 1.35177190567940E+000, 8.29421641932937E-002, 1.00000000000000E+000
 2.82723898817655E+001, 1.00084077033215E+000, 1.37705799853981E+000, 1.00084077033215E+000, 1.35013685667634E+000, 8.55792723950300E-002, 1.00000000000000E+000
 2.83628147322902E+001, 1.00032432301369E+000, 1.37430787952246E+000, 1.00032432301369E+000, 1.34685233854604E+000, 8.86545952345371E-002, 1.00000000000000E+000
 2.84101801301841E+001, 1.00049130117653E+000, 1.36740814344367E+000, 1.00049130117653E+000, 1.34118364590445E+000, 5.95766167346326E-002, 2.00000000000000E+000
 2.84514167729772E+001, 1.00126727173828E+000, 1.36143692580736E+000, 1.00126727173828E+000, 1.33680568630061E+000, 6.29229903626070E-002, 1.00000000000000E+000
 2.85338900585635E+001, 1.00033990600766E+000, 1.35093405142469E+000, 1.00033990600766E+000, 1.32954138589129E+000, 8.14623256319934E-002, 1.00000000000000E+000
 2.85751267013566E+001, 9.99727549739383E-001, 1.33916948465651E+000, 9.99727549739383E-001, 1.32182718131148E+000, 8.55549034434097E-002, 1.00000000000000E+000
 2.86575999869429E+001, 9.99621927333470E-001, 1.32681336136512E+000, 9.99621927333470E-001, 1.31459822445520E+000, 7.84585545550875E-002, 1.00000000000000E+000
 2.86988366297361E+001, 9.99727785603956E-001, 1.31731510742903E+000, 9.99727785603956E-001, 1.30885952641519E+000, 7.26266648373975E-002, 1.00000000000000E+000
 2.87400732725292E+001, 9.99817715283845E-001, 1.31378955526816E+000, 9.99817715283845E-001, 1.30625955308872E+000, 7.72292103864030E-002, 1.00000000000000E+000
 2.88225465581155E+001, 9.99352806544655E-001, 1.31151664217028E+000, 9.99352806544655E-001, 1.30493770851798E+000, 7.47777389395956E-002, 1.00000000000000E+000
 2.88637832009087E+001, 9.99687185946681E-001, 1.31188019992768E+000, 9.99687185946681E-001, 1.30572072306545E+000, 7.87236068612670E-002, 1.00000000000000E+000
 2.89503801507743E+001, 9.99396001408977E-001, 1.31497148906391E+000, 9.99396001408977E-001, 1.30856063712978E+000, 7.31004055096911E-002, 1.00000000000000E+000
 2.89957404578468E+001, 9.99337834017686E-001, 1.31813946654892E+000, 9.99337834017686E-001, 1.31096879265676E+000, 6.55722376732099E-002, 1.00000000000000E+000
 2.90411007649192E+001, 9.99428082491074E-001, 1.31974698529302E+000, 9.99428082491074E-001, 1.31188844079166E+000, 8.46743364524388E-002, 1.00000000000000E+000
 2.91318213790642E+001, 9.99768486898254E-001, 1.31868791702210E+000, 9.99768486898254E-001, 1.30997085254438E+000, 8.64251346107694E-002, 1.00000000000000E+000
 2.91771816861366E+001, 1.00030288397194E+000, 1.31265382628648E+000, 1.00030288397194E+000, 1.30369512523702E+000, 4.47530373327025E-002, 2.00000000000000E+000
 2.92225419932091E+001, 1.00043741756812E+000, 1.30586067624620E+000, 1.00043741756812E+000, 1.29747779586193E+000, 7.29887697708812E-002, 1.00000000000000E+000
 2.93061111734485E+001, 1.00056174845506E+000, 1.29220009376356E+000, 1.00056174845506E+000, 1.28624851353291E+000, 8.57668379606064E-002, 1.00000000000000E+000
 2.93404586061029E+001, 1.00121044693516E+000, 1.27616202629569E+000, 1.00121044693516E+000, 1.27391951389832E+000, 6.03215623245370E-002, 1.00000000000000E+000
 2.94091534714115E+001, 1.00168525671341E+000, 1.26038724517427E+000, 1.00168525671341E+000, 1.26038724517427E+000, 5.78450748718728E-002, 1.00000000000000E+000
 2.94703350615635E+001, 1.00171047685172E+000, 1.24169091343281E+000, 1.00171047685172E+000, 1.24169091343281E+000, 4.12145788457317E-002, 1.00000000000000E+000
 2.95315166517154E+001, 1.00207675010018E+000, 1.22012794394368E+000, 1.00207675010018E+000, 1.22012794394368E+000, 3.79120333869769E-002, 1.00000000000000E+000
 2.95926982418673E+001, 1.00217846150238E+000, 1.19673077786710E+000, 1.00217846150238E+000, 1.19673077786710E+000, 3.58871605139583E-002, 1.00000000000000E+000
 2.96538798320192E+001, 1.00238674774220E+000, 1.17277362791541E+000, 1.00238674774220E+000, 1.17277362791541E+000, 3.76535750118379E-002, 1.00000000000000E+000
 2.97150614221711E+001, 1.00244576885618E+000, 1.14879500483756E+000, 1.00244576885618E+000, 1.14879500483756E+000, 4.83097458357618E-002, 1.00000000000000E+000
 2.97762430123231E+001, 1.00225716178928E+000, 1.12529935246814E+000, 1.00225716178928E+000, 1.12529935246814E+000, 5.01102871273906E-002, 1.00000000000000E+000
 2.98374246024750E+001, 1.00211077887904E+000, 1.10243777163293E+000, 1.00211077887904E+000, 1.10243777163293E+000, 4.56699504458711E-002, 1.00000000000000E+000
 2.99047243516421E+001, 1.00207095908591E+000, 1.07853656455849E+000, 1.00207095908591E+000, 1.07853656455849E+000, 5.52725253686246E-002, 1.00000000000000E+000
 2.99753890882675E+001, 1.00154290648057E+000, 1.05357312680030E+000, 1.00154290648057E+000, 1.05357312680030E+000, 6.26972324381858E-002, 1.00000000000000E+000
 3.00161054365136E+001, 1.00183545150976E+000, 1.03275091598197E+000, 1.00183545150976E+000, 1.03275091598197E+000, 8.73697858257348E-002, 1.00000000000000E+000
 3.00608934195844E+001, 1.00164761099297E+000, 1.01668857853675E+000, 1.00164761099297E+000, 1.01668857853675E+000, 8.91084305208888E-002, 1.00000000000000E+000
 3.01549481840328E+001, 1.00136224527011E+000, 9.94165505949733E-001, 1.00136224527011E+000, 9.90873906042918E-001, 6.83360182907583E-002, 1.52380952380952E+000
 3.02042149654106E+001, 1.00134720234524E+000, 9.72199055206245E-001, 1.00134720234524E+000, 9.64251944475833E-001, 8.55450860835767E-002, 1.00000000000000E+000
 3.02534817467884E+001, 1.00158308468254E+000, 9.57049002194387E-001, 1.00158308468254E+000, 9.46690400306270E-001, 7.61435855201255E-002, 1.00000000000000E+000
 3.03027485281662E+001, 1.00094509228194E+000, 9.42430106187366E-001, 1.00094509228194E+000, 9.29964360424864E-001, 4.79450744356271E-002, 2.00000000000000E+000
 3.04111354471973E+001, 1.00049712464285E+000, 9.22066501565888E-001, 1.00049712464285E+000, 9.03438892185806E-001, 7.08997783102597E-002, 1.00000000000000E+000
 3.04653289067129E+001, 1.00069684950911E+000, 9.01699597606155E-001, 1.00069684950911E+000, 8.77859823583278E-001, 9.15243652790470E-002, 1.00000000000000E+000
 3.05195223662284E+001, 1.00046091427948E+000, 8.89661312891702E-001, 1.00046091427948E+000, 8.62582509660344E-001, 8.79356943028220E-002, 1.00000000000000E+000
 3.05737158257440E+001, 9.99714208234164E-001, 8.80667058115145E-001, 9.99714208234164E-001, 8.48486554341051E-001, 7.95195409190532E-002, 1.00000000000000E+000
 3.06279092852595E+001, 1.00000784933352E+000, 8.75519017375552E-001, 1.00000784933352E+000, 8.40188541570668E-001, 6.71329507185976E-002, 1.00000000000000E+000
 3.06821027447751E+001, 9.99543747524291E-001, 8.71614151114412E-001, 9.99543747524291E-001, 8.34783951754937E-001, 7.49015893332325E-002, 1.00000000000000E+000
 3.07362962042907E+001, 1.00010847711151E+000, 8.70701623078589E-001, 1.00010847711151E+000, 8.34168139261110E-001, 7.72216250069953E-002, 1.00000000000000E+000
 3.07904896638062E+001, 1.00038164417951E+000, 8.71383664755037E-001, 1.00038164417951E+000, 8.36356580054740E-001, 7.71380748182320E-002, 1.00000000000000E+000
 3.08446831233218E+001, 1.00011371322242E+000, 8.72734023803111E-001, 1.00011371322242E+000, 8.39903764452695E-001, 6.98714441158938E-002, 1.00000000000000E+000
 3.09530700423529E+001, 9.99903388840082E-001, 8.75999539295532E-001, 9.99903388840082E-001, 8.46898228872785E-001, 8.30577619727502E-002, 1.00000000000000E+000
 3.10072635018685E+001, 9.99742746064429E-001, 8.79888788568162E-001, 9.99742746064429E-001, 8.53615626692857E-001, 9.05556038961332E-002, 1.00000000000000E+000
 3.10614569613840E+001, 9.99954306296685E-001, 8.84939487901057E-001, 9.99954306296685E-001, 8.57490081782073E-001, 8.97383266301456E-002, 1.00000000000000E+000
 3.11156504208996E+001, 9.99744027045706E-001, 8.88975204529186E-001, 9.99744027045706E-001, 8.59890841511476E-001, 8.43143695957214E-002, 1.00000000000000E+000
 3.11698438804151E+001, 9.99860187554671E-001, 8.90531610205635E-001, 9.99860187554671E-001, 8.59770636965585E-001, 7.79797065721228E-002, 1.00000000000000E+000
 3.12240373399307E+001, 9.99219986162849E-001, 8.90069896255115E-001, 9.99219986162849E-001, 8.58090608062606E-001, 8.81061312982881E-002, 1.00000000000000E+000
 3.12782307994463E+001, 9.99608659796369E-001, 8.86953972206318E-001, 9.99608659796369E-001, 8.54096757527331E-001, 8.87776281947039E-002, 1.00000000000000E+000
 3.13378436049134E+001, 9.99786827285872E-001, 8.80284359763910E-001, 9.99786827285872E-001, 8.46889972043889E-001, 7.05462564270227E-002, 2.00000000000000E+000
 3.13974564103805E+001, 9.99880839898134E-001, 8.71456170293843E-001, 9.99880839898134E-001, 8.38146960322908E-001, 6.05121082453293E-002, 2.00000000000000E+000
 3.14570692158476E+001, 9.99912677955069E-001, 8.62759922052755E-001, 9.99912677955069E-001, 8.30173791056813E-001, 9.52188464528295E-002, 1.00000000000000E+000
 3.15166820213147E+001, 9.99974409146639E-001, 8.53741773453570E-001, 9.99974409146639E-001, 8.22552715534088E-001, 7.10761429526896E-002, 2.00000000000000E+000
 3.15762948267818E+001, 1.00008632187558E+000, 8.44755184881061E-001, 1.00008632187558E+000, 8.15370197755130E-001, 6.53962504172093E-002, 2.00000000000000E+000
 3.16359076322489E+001, 9.99986435879333E-001, 8.36724185411409E-001, 9.99986435879333E-001, 8.08492323600023E-001, 5.53863429378373E-002, 2.00000000000000E+000
 3.16955204377161E+001, 9.99695723699862E-001, 8.30896711265315E-001, 9.99695723699862E-001, 8.02746481330039E-001, 9.78835901849213E-002, 1.00000000000000E+000
 3.17551332431832E+001, 9.99657172415351E-001, 8.25535946999580E-001, 9.99657172415351E-001, 7.97096441808550E-001, 6.76367462343276E-002, 2.00000000000000E+000
 3.18147460486503E+001, 9.99619822295631E-001, 8.20511546348435E-001, 9.99619822295631E-001, 7.91676486527147E-001, 5.25886242670976E-002, 2.00000000000000E+000
 3.18743588541174E+001, 9.99681088015812E-001, 8.17570483358614E-001, 9.99681088015812E-001, 7.87422589369837E-001, 6.63363069062551E-002, 1.00000000000000E+000
 3.19339716595845E+001, 9.99387841624349E-001, 8.14125596050465E-001, 9.99387841624349E-001, 7.82366102197271E-001, 5.99073963906986E-002, 2.00000000000000E+000
 3.19935844650516E+001, 9.99483846680073E-001, 8.11921853314610E-001, 9.99483846680073E-001, 7.78172280866840E-001, 6.27473010724955E-002, 1.00000000000000E+000
 3.20531972705188E+001, 9.99509051925384E-001, 8.10224876164113E-001, 9.99509051925384E-001, 7.73536145723999E-001, 6.69147503187283E-002, 1.00000000000000E+000
 3.21128100759859E+001, 9.99789564045606E-001, 8.07327692375564E-001, 9.99789564045606E-001, 7.67693240573728E-001, 9.63398256680411E-002, 1.00000000000000E+000
 3.21724228814530E+001, 9.99544622757033E-001, 8.02575901295011E-001, 9.99544622757033E-001, 7.60158793437197E-001, 8.41816623222039E-002, 1.00000000000000E+000
 3.22320356869201E+001, 9.98790622119221E-001, 7.96492004440837E-001, 9.98790622119221E-001, 7.51490964908184E-001, 5.64241880954830E-002, 2.00000000000000E+000
 3.22916484923872E+001, 9.99341023198586E-001, 7.88837588949356E-001, 9.99341023198586E-001, 7.41543314094151E-001, 6.48148179928233E-002, 1.00000000000000E+000
 3.23512612978543E+001, 9.98864125120085E-001, 7.79625174963434E-001, 9.98864125120085E-001, 7.30666019691200E-001, 9.78723447724620E-002, 1.00000000000000E+000
 3.24108741033215E+001, 9.98473441658657E-001, 7.69989976555235E-001, 9.98473441658657E-001, 7.19953144788586E-001, 8.34742650271229E-002, 1.00000000000000E+000
 3.24704869087886E+001, 9.98394558175484E-001, 7.60060873592169E-001, 9.98394558175484E-001, 7.09420756599875E-001, 7.21473475050961E-002, 1.00000000000000E+000
 3.25300997142557E+001, 9.97971095788856E-001, 7.50259663237158E-001, 9.97971095788856E-001, 6.99504568758968E-001, 7.22712225779114E-002, 1.00000000000000E+000
 3.25897125197228E+001, 9.97542501858942E-001, 7.40104297287876E-001, 9.97542501858942E-001, 6.89689381271714E-001, 6.88404946907259E-002, 1.00000000000000E+000
 3.26493253251899E+001, 9.97293964576959E-001, 7.29549841974824E-001, 9.97293964576959E-001, 6.79928381865050E-001, 9.79157487556779E-002, 1.00000000000000E+000
 3.27089381306571E+001, 9.96738146491775E-001, 7.18618753662109E-001, 9.96738146491775E-001, 6.70224670795103E-001, 9.13841952276431E-002, 1.00000000000000E+000
 3.27685509361242E+001, 9.96364677413020E-001, 7.07471117825007E-001, 9.96364677413020E-001, 6.60671109033259E-001, 9.46262309181183E-002, 1.00000000000000E+000
 3.28281637415913E+001, 9.96341889338179E-001, 6.96589811294678E-001, 9.96341889338179E-001, 6.51646336526137E-001, 8.94081112946865E-002, 1.00000000000000E+000
 3.28877765470584E+001, 9.96249468381480E-001, 6.86793634977175E-001, 9.96249468381480E-001, 6.43801821221409E-001, 8.86104622676465E-002, 1.00000000000000E+000
 3.29473893525255E+001, 9.96159920330942E-001, 6.79651376907386E-001, 9.96159920330942E-001, 6.38048493324685E-001, 6.20668115411900E-002, 2.00000000000000E+000
 3.30070021579926E+001, 9.95711403591629E-001, 6.73924419526687E-001, 9.95711403591629E-001, 6.33550479134426E-001, 9.64886793900541E-002, 1.00000000000000E+000
 3.30666149634598E+001, 9.95504560775637E-001, 6.69041117359062E-001, 9.95504560775637E-001, 6.29653028667041E-001, 9.77141196772604E-002, 1.00000000000000E+000
 3.31262277689269E+001, 9.95524546222937E-001, 6.66475488776203E-001, 9.95524546222937E-001, 6.27309816413617E-001, 6.38746329159478E-002, 2.00000000000000E+000
 3.31858405743940E+001, 9.95181306221867E-001, 6.63227167315202E-001, 9.95181306221867E-001, 6.24046732179956E-001, 8.08721068599516E-002, 1.00000000000000E+000
 3.32454533798611E+001, 9.95224567630338E-001, 6.60528250071736E-001, 9.95224567630338E-001, 6.21057357493078E-001, 5.58699335566953E-002, 2.00000000000000E+000
 3.33050661853282E+001, 9.95188195528025E-001, 6.56729177235238E-001, 9.95188195528025E-001, 6.16828665212357E-001, 7.50510512077784E-002, 1.00000000000000E+000
 3.33706402713421E+001, 9.94875031103307E-001, 6.52530336004182E-001, 9.94875031103307E-001, 6.12141555654222E-001, 8.75969245961252E-002, 1.00000000000000E+000
 3.34362143573559E+001, 9.95333681390628E-001, 6.47695132067768E-001, 9.95333681390628E-001, 6.06983396611810E-001, 5.69600245924829E-002, 2.00000000000000E+000
 3.35083458519711E+001, 9.94939805938540E-001, 6.42016576344466E-001, 9.94939805938540E-001, 6.01019304537830E-001, 8.08218341398233E-002, 1.00000000000000E+000
 3.35804773465863E+001, 9.95540258064230E-001, 6.33877548434162E-001, 9.95540258064230E-001, 5.93238893198736E-001, 6.74608982866902E-002, 2.00000000000000E+000
 3.36526088412015E+001, 9.95851771033769E-001, 6.25099468610054E-001, 9.95851771033769E-001, 5.85543733276545E-001, 5.86876088832699E-002, 2.00000000000000E+000
 3.37135378703991E+001, 9.95799355890692E-001, 6.17438736411480E-001, 9.95799355890692E-001, 5.79311752548280E-001, 9.02336297711187E-002, 1.00000000000000E+000
 3.37744668995967E+001, 9.96037938879425E-001, 6.09947450376691E-001, 9.96037938879425E-001, 5.73421467989167E-001, 6.64759497109512E-002, 2.00000000000000E+000
 3.38353959287942E+001, 9.96117280386255E-001, 6.02985758458613E-001, 9.96117280386255E-001, 5.68007362866266E-001, 5.94854686950680E-002, 2.00000000000000E+000
 3.38963249579918E+001, 9.95736847036693E-001, 5.95888240867640E-001, 9.95736847036693E-001, 5.62605470059564E-001, 5.94913425613789E-002, 1.00000000000000E+000
 3.39572539871894E+001, 9.96040048093609E-001, 5.89404633222640E-001, 9.96040048093609E-001, 5.57744992819876E-001, 5.88941427387703E-002, 2.00000000000000E+000
 3.40242759193067E+001, 9.96139954826505E-001, 5.82482929504193E-001, 9.96139954826505E-001, 5.52479714217470E-001, 6.01776151104129E-002, 1.00000000000000E+000
 3.40912978514240E+001, 9.95714874800200E-001, 5.76112493653753E-001, 9.95714874800200E-001, 5.47452210803468E-001, 7.98024063659950E-002, 1.00000000000000E+000
 3.41583197835413E+001, 9.95939454114612E-001, 5.70451656895358E-001, 9.95939454114612E-001, 5.42715364981183E-001, 7.82598522784109E-002, 1.00000000000000E+000
 3.42253417156586E+001, 9.95780673365180E-001, 5.65186851316784E-001, 9.95780673365180E-001, 5.37927966460207E-001, 5.55593210605247E-002, 1.00000000000000E+000
 3.42990658409877E+001, 9.95830760777908E-001, 5.60009768288545E-001, 9.95830760777908E-001, 5.32950567236310E-001, 6.95268331794851E-002, 1.00000000000000E+000
 3.43801623788497E+001, 9.96061327071094E-001, 5.53738742762869E-001, 9.96061327071094E-001, 5.26548681293460E-001, 6.40041250954889E-002, 1.00000000000000E+000
 3.44612589167116E+001, 9.95966374502465E-001, 5.46022857368091E-001, 9.95966374502465E-001, 5.18555538802391E-001, 6.28687564372807E-002, 1.00000000000000E+000
 3.45423554545736E+001, 9.95936844233577E-001, 5.36015915860101E-001, 9.95936844233577E-001, 5.08409542904990E-001, 7.83096518559081E-002, 1.00000000000000E+000
 3.46234519924355E+001, 9.96080255464966E-001, 5.23927088517852E-001, 9.96080255464966E-001, 4.96611765145321E-001, 7.78102386177855E-002, 1.00000000000000E+000
 3.47045485302975E+001, 9.96545580230714E-001, 5.10978885764746E-001, 9.96545580230714E-001, 4.84441108828657E-001, 8.34664796613573E-002, 1.00000000000000E+000
 3.47856450681595E+001, 9.96475938409726E-001, 4.98637483440016E-001, 9.96475938409726E-001, 4.73508367692667E-001, 6.47240026534770E-002, 2.00000000000000E+000
 3.48667416060214E+001, 9.96474685194911E-001, 4.87136977257251E-001, 9.96474685194911E-001, 4.64141288269855E-001, 7.43088166642984E-002, 1.00000000000000E+000
 3.49478381438834E+001, 9.96573205402172E-001, 4.77585474375001E-001, 9.96573205402172E-001, 4.57146098364887E-001, 7.27395260695926E-002, 1.00000000000000E+000
 3.50289346817453E+001, 9.96796334894708E-001, 4.70557306534048E-001, 9.96796334894708E-001, 4.52094409112160E-001, 8.80056813113573E-002, 1.00000000000000E+000
 3.51014629629562E+001, 9.96783290917828E-001, 4.65150280776041E-001, 9.96783290917828E-001, 4.47726492970634E-001, 6.81362621130690E-002, 1.00000000000000E+000
 3.51739912441670E+001, 9.96612098075536E-001, 4.61208136448533E-001, 9.96612098075536E-001, 4.44030338117335E-001, 7.40547314625402E-002, 1.00000000000000E+000
 3.52465195253778E+001, 9.96646494276269E-001, 4.58580905391895E-001, 9.96646494276269E-001, 4.40415423029468E-001, 5.75368343529615E-002, 1.00000000000000E+000
 3.53190478065887E+001, 9.96560585342843E-001, 4.57189316604106E-001, 9.96560585342843E-001, 4.36391057491069E-001, 6.10593760521031E-002, 1.00000000000000E+000
 3.53915760877995E+001, 9.96631440411797E-001, 4.58355361615742E-001, 9.96631440411797E-001, 4.31444076602070E-001, 6.75000867500263E-002, 1.00000000000000E+000
 3.54641043690104E+001, 9.96438139989372E-001, 4.61839853369106E-001, 9.96438139989372E-001, 4.25579404691835E-001, 6.39108547540723E-002, 1.00000000000000E+000
 3.55366326502212E+001, 9.96487611150419E-001, 4.66858177382154E-001, 9.96487611150419E-001, 4.17668197309452E-001, 6.21001365284255E-002, 1.00000000000000E+000
 3.56091609314320E+001, 9.96629583616895E-001, 4.74332620841528E-001, 9.96629583616895E-001, 4.08017752512467E-001, 6.50916883581221E-002, 1.00000000000000E+000
 3.56713192364267E+001, 9.96451902934447E-001, 4.80537481299182E-001, 9.96451902934447E-001, 3.98181231852896E-001, 5.63800768168298E-002, 1.00000000000000E+000
 3.57334775414213E+001, 9.96417072456034E-001, 4.84097585223225E-001, 9.96417072456034E-001, 3.86764743869479E-001, 6.30871815905624E-002, 1.00000000000000E+000
 3.57956358464160E+001, 9.96277127922575E-001, 4.85743448407111E-001, 9.96277127922575E-001, 3.74295259946496E-001, 5.35425895730732E-002, 1.00000000000000E+000
 3.58577941514106E+001, 9.95756974855025E-001, 4.84994763954578E-001, 9.95756974855025E-001, 3.61205728748999E-001, 4.59647794267307E-002, 1.00000000000000E+000
 3.59123415867473E+001, 9.95566948186557E-001, 4.83560715828264E-001, 9.95566948186557E-001, 3.50606886912855E-001, 3.51858118119655E-002, 1.00000000000000E+000
 3.59668890220840E+001, 9.95439069354541E-001, 4.81634370078787E-001, 9.95439069354541E-001, 3.40588887251980E-001, 3.75720929256066E-002, 1.00000000000000E+000
 3.60214364574207E+001, 9.95231925091567E-001, 4.79653447325749E-001, 9.95231925091567E-001, 3.31362349805536E-001, 3.85101402292252E-002, 1.00000000000000E+000
 3.60759838927574E+001, 9.94892610021285E-001, 4.77694090320708E-001, 9.94892610021285E-001, 3.23114182050372E-001, 3.74138119334692E-002, 1.00000000000000E+000
 3.61305313280941E+001, 9.94299344262130E-001, 4.75898242579040E-001, 9.94299344262130E-001, 3.15908161327603E-001, 4.03225717257524E-002, 1.00000000000000E+000
 3.61850787634307E+001, 9.94073120294229E-001, 4.74331026169596E-001, 9.94073120294229E-001, 3.09665152728986E-001, 4.07528795212785E-002, 1.00000000000000E+000
 3.62396261987674E+001, 9.93716068466332E-001, 4.72892342212505E-001, 9.93716068466332E-001, 3.04018431497341E-001, 3.53621383339918E-002, 1.00000000000000E+000
 3.62941736341041E+001, 9.93228000290696E-001, 4.72280008043803E-001, 9.93228000290696E-001, 2.98623546613575E-001, 3.67537306329231E-002, 1.00000000000000E+000
 3.63487210694408E+001, 9.92866055594343E-001, 4.72411319057503E-001, 9.92866055594343E-001, 2.93137952884926E-001, 4.43647440463816E-002, 1.00000000000000E+000
 3.64032685047775E+001, 9.92449941394838E-001, 4.73071946063833E-001, 9.92449941394838E-001, 2.87291039048143E-001, 4.94793305240036E-002, 1.00000000000000E+000
 3.64578159401142E+001, 9.91873666080450E-001, 4.73134351789501E-001, 9.91873666080450E-001, 2.80969142802736E-001, 4.93248286151329E-002, 1.00000000000000E+000
 3.65123633754509E+001, 9.91245286543614E-001, 4.72461616513951E-001, 9.91245286543614E-001, 2.74249284988843E-001, 4.39345609350893E-002, 1.00000000000000E+000
 3.65669108107875E+001, 9.90997396283271E-001, 4.70820570698224E-001, 9.90997396283271E-001, 2.67101123849214E-001, 4.24048743538555E-002, 1.00000000000000E+000
 3.66214582461242E+001, 9.90354279082265E-001, 4.67941395310213E-001, 9.90354279082265E-001, 2.59540087842820E-001, 5.18655474272977E-002, 1.00000000000000E+000
 3.66760056814609E+001, 9.90010127713327E-001, 4.63802327063900E-001, 9.90010127713327E-001, 2.51914350724296E-001, 5.01204811812452E-002, 1.00000000000000E+000
 3.67305531167976E+001, 9.89621607421665E-001, 4.57739812557132E-001, 9.89621607421665E-001, 2.43754600227622E-001, 5.39333783484740E-002, 1.00000000000000E+000
 3.67851005521343E+001, 9.89085197538185E-001, 4.50011052379690E-001, 9.89085197538185E-001, 2.35526687678176E-001, 4.33878846549791E-002, 1.00000000000000E+000
 3.68396479874710E+001, 9.89004068818691E-001, 4.40879208820513E-001, 9.89004068818691E-001, 2.27615126171470E-001, 4.79799356094927E-002, 1.00000000000000E+000
 3.68941954228077E+001, 9.88662208987299E-001, 4.33331844349011E-001, 9.88662208987299E-001, 2.20428593234065E-001, 5.20173262426177E-002, 1.00000000000000E+000
 3.69487428581444E+001, 9.88460766705169E-001, 4.24869671226417E-001, 9.88460766705169E-001, 2.14688149781224E-001, 4.62433882575364E-002, 1.00000000000000E+000
 3.70032902934810E+001, 9.88349379853140E-001, 4.18250033895735E-001, 9.88349379853140E-001, 2.09878175025869E-001, 4.92084061978021E-002, 1.00000000000000E+000
 3.70632924723514E+001, 9.88083687201848E-001, 4.15181325805759E-001, 9.88083687201848E-001, 2.05781032936543E-001, 6.19626243384363E-002, 1.00000000000000E+000
 3.71232946512218E+001, 9.88278049034718E-001, 4.12415781126855E-001, 9.88278049034718E-001, 2.03225544833043E-001, 6.18747681237346E-002, 1.00000000000000E+000
 3.71832968300921E+001, 9.88274057854987E-001, 4.09702276420171E-001, 9.88274057854987E-001, 2.01611951774174E-001, 6.63102129997028E-002, 1.00000000000000E+000
 3.72432990089625E+001, 9.88387360059835E-001, 4.06215649494562E-001, 9.88387360059835E-001, 2.00439762297709E-001, 5.41330781526221E-002, 1.00000000000000E+000
 3.73033011878328E+001, 9.88508134258950E-001, 4.03100175041490E-001, 9.88508134258950E-001, 1.99814738624567E-001, 8.35657643553675E-002, 1.00000000000000E+000
 3.73633033667032E+001, 9.88830194322937E-001, 4.00892967123241E-001, 9.88830194322937E-001, 2.00078489558256E-001, 7.14358366513733E-002, 1.00000000000000E+000
 3.74233055455735E+001, 9.89299296442525E-001, 3.98439892044535E-001, 9.89299296442525E-001, 2.01405868220630E-001, 6.27522702156130E-002, 1.00000000000000E+000
 3.74833077244439E+001, 9.89413029299805E-001, 3.95848795607511E-001, 9.89413029299805E-001, 2.03492195759529E-001, 8.28666748107053E-002, 1.00000000000000E+000
 3.75433099033142E+001, 9.89720179969021E-001, 3.93649500460161E-001, 9.89720179969021E-001, 2.06273734908638E-001, 8.10870135194250E-002, 1.00000000000000E+000
 3.76033120821846E+001, 9.90167403581101E-001, 3.97237182707501E-001, 9.90167403581101E-001, 2.09534040446174E-001, 7.47671594540041E-002, 1.00000000000000E+000
 3.76633142610550E+001, 9.90475145077907E-001, 4.02290964182000E-001, 9.90475145077907E-001, 2.13050506100279E-001, 7.58436873761781E-002, 1.00000000000000E+000
 3.77233164399253E+001, 9.90751628942396E-001, 4.06686444699990E-001, 9.90751628942396E-001, 2.16594815297539E-001, 8.23389195198097E-002, 1.00000000000000E+000
 3.77833186187957E+001, 9.91131239015097E-001, 4.10126247893688E-001, 9.91131239015097E-001, 2.19875413909826E-001, 8.35506947677915E-002, 1.00000000000000E+000
 3.78433207976660E+001, 9.91241759727729E-001, 4.12336089781678E-001, 9.91241759727729E-001, 2.22653726696701E-001, 9.31560351624293E-002, 1.00000000000000E+000
 3.79033229765364E+001, 9.91440654266397E-001, 4.13163729844901E-001, 9.91440654266397E-001, 2.24827125490541E-001, 8.90715788874503E-002, 1.00000000000000E+000
 3.79633251554067E+001, 9.91544175589177E-001, 4.12600175879685E-001, 9.91544175589177E-001, 2.26349041348145E-001, 9.31293569372586E-002, 1.00000000000000E+000
 3.80233273342771E+001, 9.91926063158261E-001, 4.11414053524413E-001, 9.91926063158261E-001, 2.26651116734053E-001, 3.68591249133037E-002, 2.00000000000000E+000
 3.80833295131474E+001, 9.91830781680689E-001, 4.09613615813258E-001, 9.91830781680689E-001, 2.26720795320655E-001, 8.01778329192894E-002, 1.00000000000000E+000
 3.81433316920178E+001, 9.91974373906319E-001, 4.06554657074402E-001, 9.91974373906319E-001, 2.25878003195446E-001, 3.77801181843498E-002, 2.00000000000000E+000
 3.82033338708882E+001, 9.91805897053754E-001, 4.03072866145189E-001, 9.91805897053754E-001, 2.25043381529437E-001, 7.90288397586777E-002, 1.00000000000000E+000
 3.82633360497585E+001, 9.91851371479313E-001, 3.98545776863522E-001, 9.91851371479313E-001, 2.23666501253137E-001, 3.33678703664393E-002, 2.00000000000000E+000
 3.83233382286289E+001, 9.91646746253030E-001, 3.93616921254292E-001, 9.91646746253030E-001, 2.22514095053975E-001, 9.28421905791799E-002, 1.00000000000000E+000
 3.83833404074992E+001, 9.91466907005389E-001, 3.88570159332347E-001, 9.91466907005389E-001, 2.21621316430946E-001, 9.36707893039071E-002, 1.00000000000000E+000
 3.84433425863696E+001, 9.91660318075525E-001, 3.83337421814216E-001, 9.91660318075525E-001, 2.20552276983239E-001, 3.72970715968414E-002, 2.00000000000000E+000
 3.85033447652399E+001, 9.91528338410089E-001, 3.78193059193764E-001, 9.91528338410089E-001, 2.20086441904403E-001, 9.19089749538491E-002, 1.00000000000000E+000
 3.85633469441103E+001, 9.91374565242207E-001, 3.74610331760280E-001, 9.91374565242207E-001, 2.20001832150273E-001, 9.90256809497527E-002, 1.00000000000000E+000
 3.86233491229806E+001, 9.91560343475304E-001, 3.72221948710675E-001, 9.91560343475304E-001, 2.19681949382053E-001, 4.14753694543185E-002, 2.00000000000000E+000
 3.86833513018510E+001, 9.91445667210174E-001, 3.70686424107166E-001, 9.91445667210174E-001, 2.19754098531657E-001, 8.83322359523304E-002, 1.00000000000000E+000
 3.87433534807214E+001, 9.91599827986659E-001, 3.69326344022782E-001, 9.91599827986659E-001, 2.19435251951768E-001, 4.18430407219666E-002, 2.00000000000000E+000
 3.88033556595917E+001, 9.91600101404654E-001, 3.68191937934255E-001, 9.91600101404654E-001, 2.18643543649070E-001, 3.31715468165820E-002, 2.00000000000000E+000
 3.88633578384621E+001, 9.91411571240973E-001, 3.67379478672337E-001, 9.91411571240973E-001, 2.17579943950614E-001, 8.32992669390028E-002, 1.00000000000000E+000
 3.89233600173324E+001, 9.91345397598056E-001, 3.66705863094355E-001, 9.91345397598056E-001, 2.16118798066396E-001, 8.56715370098633E-002, 1.00000000000000E+000
 3.89833621962028E+001, 9.91533761429846E-001, 3.65929059856653E-001, 9.91533761429846E-001, 2.13981090697247E-001, 3.48301315670534E-002, 2.00000000000000E+000
 3.90433643750731E+001, 9.91372919276212E-001, 3.65855245975513E-001, 9.91372919276212E-001, 2.11597558421426E-001, 9.07087641385187E-002, 1.00000000000000E+000
 3.90946001146191E+001, 9.91233186279064E-001, 3.67000101211616E-001, 9.91233186279064E-001, 2.09303480022601E-001, 8.21689208302794E-002, 1.00000000000000E+000
 3.91458358541650E+001, 9.91192903093232E-001, 3.68272451831991E-001, 9.91192903093232E-001, 2.06936884156157E-001, 6.74657644656053E-002, 1.00000000000000E+000
 3.91970715937110E+001, 9.91031831271391E-001, 3.69628716107384E-001, 9.91031831271391E-001, 2.04629469772362E-001, 6.60619954025372E-002, 1.00000000000000E+000
 3.92483073332569E+001, 9.90977341139783E-001, 3.71094724781070E-001, 9.90977341139783E-001, 2.02548011867321E-001, 6.78691302795547E-002, 1.00000000000000E+000
 3.92995430728029E+001, 9.90912712003479E-001, 3.72693782180591E-001, 9.90912712003479E-001, 2.00913720538534E-001, 6.30820499476627E-002, 1.00000000000000E+000
 3.93507788123488E+001, 9.90704157757373E-001, 3.74280812391423E-001, 9.90704157757373E-001, 1.99601047241011E-001, 7.06557963741794E-002, 1.00000000000000E+000
 3.94020145518948E+001, 9.90654253076584E-001, 3.75982093477750E-001, 9.90654253076584E-001, 1.98835836150182E-001, 6.41509352101687E-002, 1.00000000000000E+000
 3.94532502914407E+001, 9.90447460529375E-001, 3.77444660627191E-001, 9.90447460529375E-001, 1.98257715033367E-001, 7.28346408089200E-002, 1.00000000000000E+000
 3.95044860309866E+001, 9.90381106169426E-001, 3.78696367873161E-001, 9.90381106169426E-001, 1.97994941181153E-001, 6.32420304281288E-002, 1.00000000000000E+000
 3.95557217705326E+001, 9.90140276188724E-001, 3.79333520699990E-001, 9.90140276188724E-001, 1.97727248692555E-001, 8.51310075229612E-002, 1.00000000000000E+000
 3.96069575100785E+001, 9.90137547241793E-001, 3.79691679793156E-001, 9.90137547241793E-001, 1.97954663735977E-001, 5.87909081125367E-002, 1.00000000000000E+000
 3.96581932496245E+001, 9.89966880243995E-001, 3.79517876605298E-001, 9.89966880243995E-001, 1.98479187716234E-001, 6.65436682047880E-002, 1.00000000000000E+000
 3.97094289891704E+001, 9.90039338389779E-001, 3.79269570960429E-001, 9.90039338389779E-001, 2.00025136627839E-001, 4.48660368456370E-002, 1.00000000000000E+000
 3.97606647287164E+001, 9.89973597636116E-001, 3.78868689673431E-001, 9.89973597636116E-001, 2.02390113109079E-001, 5.83523284027321E-002, 1.00000000000000E+000
 3.98119004682623E+001, 9.90045225004040E-001, 3.78828312714503E-001, 9.90045225004040E-001, 2.06198538838204E-001, 5.07719905386887E-002, 1.00000000000000E+000
 3.98631362078083E+001, 9.89975737482595E-001, 3.79177826946205E-001, 9.89975737482595E-001, 2.11188249522174E-001, 5.94481109267476E-002, 1.00000000000000E+000
 3.99143719473542E+001, 9.89944998957447E-001, 3.80108987257908E-001, 9.89944998957447E-001, 2.17401397253319E-001, 4.98879320200487E-002, 1.00000000000000E+000
 3.99656076869001E+001, 9.89941828764495E-001, 3.81717613737045E-001, 9.89941828764495E-001, 2.24773988940673E-001, 4.42687078463659E-002, 1.00000000000000E+000
 4.00168434264461E+001, 9.90006251533386E-001, 3.83976902280461E-001, 9.90006251533386E-001, 2.33079616646614E-001, 4.93910180853322E-002, 1.00000000000000E+000
 4.00680791659920E+001, 9.90046008257763E-001, 3.86861882312060E-001, 9.90046008257763E-001, 2.42137222994655E-001, 6.23549254757285E-002, 1.00000000000000E+000
 4.01193149055380E+001, 9.90094279425366E-001, 3.90364467286909E-001, 9.90094279425366E-001, 2.51816075025388E-001, 6.55224293498107E-002, 1.00000000000000E+000
 4.01705506450839E+001, 9.90171221013935E-001, 3.94465424610444E-001, 9.90171221013935E-001, 2.62024569588190E-001, 5.31653973608835E-002, 1.00000000000000E+000
 4.02217863846299E+001, 9.90235720296778E-001, 4.00182638513893E-001, 9.90235720296778E-001, 2.72674496133222E-001, 4.72543074520535E-002, 1.00000000000000E+000
 4.02730221241758E+001, 9.90387198912017E-001, 4.08826490997531E-001, 9.90387198912017E-001, 2.83727080721741E-001, 6.04842009149530E-002, 1.00000000000000E+000
 4.03242578637218E+001, 9.90609532733760E-001, 4.19038564313717E-001, 9.90609532733760E-001, 2.95052441744191E-001, 5.17623832665857E-002, 1.00000000000000E+000
 4.03754936032677E+001, 9.90758970352784E-001, 4.30032871754820E-001, 9.90758970352784E-001, 3.06851506545889E-001, 4.58935066583616E-002, 1.00000000000000E+000
 4.04267293428136E+001, 9.90929129969500E-001, 4.41639733358670E-001, 9.90929129969500E-001, 3.18977297268667E-001, 3.85385314725777E-002, 1.00000000000000E+000
 4.04779650823596E+001, 9.91113367272333E-001, 4.53733525763428E-001, 9.91113367272333E-001, 3.31281246082733E-001, 3.33590571813484E-002, 1.00000000000000E+000
 4.05292008219055E+001, 9.91327972105224E-001, 4.66247558279487E-001, 9.91327972105224E-001, 3.43652815892027E-001, 3.63711418478265E-002, 1.00000000000000E+000
 4.05804365614515E+001, 9.91545511000022E-001, 4.79063156335754E-001, 9.91545511000022E-001, 3.55939935986368E-001, 3.75646277804301E-002, 1.00000000000000E+000
 4.06316723009974E+001, 9.91757638950773E-001, 4.92355913753014E-001, 9.91757638950773E-001, 3.67962348491123E-001, 3.55848558581249E-002, 1.00000000000000E+000
 4.06829080405434E+001, 9.91998018434779E-001, 5.05624368664468E-001, 9.91998018434779E-001, 3.79501719226902E-001, 3.49866934247095E-002, 1.00000000000000E+000
 4.07853795196353E+001, 9.92358525638973E-001, 5.24563356740486E-001, 9.92358525638973E-001, 3.95267063366408E-001, 3.69325257601173E-002, 1.00000000000000E+000
 4.08366152591812E+001, 9.92692385046006E-001, 5.41823409964885E-001, 9.92692385046006E-001, 4.09302343203512E-001, 3.37432708448589E-002, 1.00000000000000E+000
 4.08878509987271E+001, 9.92894472828365E-001, 5.51888996151288E-001, 9.92894472828365E-001, 4.17542849654520E-001, 3.76263158967138E-002, 1.00000000000000E+000
 4.09390867382731E+001, 9.93054823145379E-001, 5.60859362690446E-001, 9.93054823145379E-001, 4.25181988838220E-001, 4.49706759807734E-002, 1.00000000000000E+000
 4.09903224778190E+001, 9.93193057838989E-001, 5.68702018742981E-001, 9.93193057838989E-001, 4.32434047457393E-001, 4.93019736466571E-002, 1.00000000000000E+000
 4.10415582173650E+001, 9.93284302971743E-001, 5.75385887775159E-001, 9.93284302971743E-001, 4.39492836595535E-001, 4.42696083326823E-002, 1.00000000000000E+000
 4.11440296964569E+001, 9.93407088805946E-001, 5.83454998910836E-001, 9.93407088805946E-001, 4.50347150528567E-001, 3.86537427608735E-002, 1.00000000000000E+000
 4.11952654360028E+001, 9.93446807534483E-001, 5.90060810198677E-001, 9.93446807534483E-001, 4.61609420428267E-001, 4.79956692885879E-002, 1.00000000000000E+000
 4.12465011755488E+001, 9.93407208416775E-001, 5.94852410058537E-001, 9.93407208416775E-001, 4.69120843483433E-001, 5.58263327200086E-002, 1.00000000000000E+000
 4.12977369150947E+001, 9.93335960969467E-001, 6.02002404121864E-001, 9.93335960969467E-001, 4.76452234205747E-001, 5.57714918779259E-002, 1.00000000000000E+000
 4.13489726546406E+001, 9.93240370424602E-001, 6.08619954134854E-001, 9.93240370424602E-001, 4.83321648684016E-001, 4.54007203640806E-002, 1.00000000000000E+000
 4.14002083941866E+001, 9.93102869536897E-001, 6.14699614671245E-001, 9.93102869536897E-001, 4.89513957113637E-001, 3.99896949643552E-002, 1.00000000000000E+000
 4.15026798732785E+001, 9.92827441985192E-001, 6.22567490169366E-001, 9.92827441985192E-001, 4.96865411336515E-001, 3.34399605797041E-002, 1.00000000000000E+000
 4.15539156128244E+001, 9.92549507817057E-001, 6.28991114033177E-001, 9.92549507817057E-001, 5.01951875049102E-001, 3.81108317740507E-002, 1.00000000000000E+000
 4.16051513523704E+001, 9.92392103965084E-001, 6.32067488973957E-001, 9.92392103965084E-001, 5.03632759994843E-001, 4.16195885913529E-002, 1.00000000000000E+000
 4.16615106658709E+001, 9.92197665024786E-001, 6.34215157018991E-001, 9.92197665024786E-001, 5.04039212934797E-001, 3.75879683015241E-002, 1.00000000000000E+000
 4.17178699793715E+001, 9.92002154142284E-001, 6.35095746756493E-001, 9.92002154142284E-001, 5.03250530383668E-001, 3.68214936161845E-002, 1.00000000000000E+000
 4.17742292928720E+001, 9.91803558891083E-001, 6.34697081524775E-001, 9.91803558891083E-001, 5.01539359746253E-001, 4.45235040916072E-002, 1.00000000000000E+000
 4.18305886063725E+001, 9.91617330833881E-001, 6.33202646649107E-001, 9.91617330833881E-001, 4.99394141538731E-001, 4.48788624274288E-002, 1.00000000000000E+000
 4.18869479198731E+001, 9.91422409722903E-001, 6.30774810259377E-001, 9.91422409722903E-001, 4.97182746204158E-001, 4.13416353654538E-002, 1.00000000000000E+000
 4.19433072333736E+001, 9.91270721802030E-001, 6.27620391833817E-001, 9.91270721802030E-001, 4.95242912076074E-001, 4.37161918429399E-002, 1.00000000000000E+000
 4.20560258603747E+001, 9.91057078522599E-001, 6.23183586524860E-001, 9.91057078522599E-001, 4.93213771243459E-001, 4.65252966707954E-002, 1.00000000000000E+000
 4.21123851738753E+001, 9.90935421032895E-001, 6.19350450892357E-001, 9.90935421032895E-001, 4.92147076367338E-001, 4.30213196445279E-002, 1.00000000000000E+000
 4.21687444873758E+001, 9.90898339960552E-001, 6.17520063092344E-001, 9.90898339960552E-001, 4.91916646224676E-001, 4.38629006433612E-002, 1.00000000000000E+000
 4.22251038008763E+001, 9.90895892582432E-001, 6.17278843291561E-001, 9.90895892582432E-001, 4.91906376642193E-001, 4.27556369232408E-002, 1.00000000000000E+000
 4.22814631143769E+001, 9.90921330901570E-001, 6.17675311701180E-001, 9.90921330901570E-001, 4.92108484923273E-001, 5.77932327306399E-002, 1.00000000000000E+000
 4.23378224278774E+001, 9.90976584848747E-001, 6.19027157009740E-001, 9.90976584848747E-001, 4.92564057779787E-001, 5.65114112127147E-002, 1.00000000000000E+000
 4.23941817413780E+001, 9.91005723737675E-001, 6.21730371375959E-001, 9.91005723737675E-001, 4.93281271355962E-001, 4.74773401216566E-002, 1.00000000000000E+000
 4.24505410548785E+001, 9.91011736951054E-001, 6.24878244194182E-001, 9.91011736951054E-001, 4.94289519488355E-001, 4.84020232027332E-002, 1.00000000000000E+000
 4.25069003683791E+001, 9.90996359637937E-001, 6.28384900885329E-001, 9.90996359637937E-001, 4.95569167265606E-001, 4.98856642189600E-002, 1.00000000000000E+000
 4.25632596818796E+001, 9.90955386493427E-001, 6.32116052115953E-001, 9.90955386493427E-001, 4.97060202684650E-001, 5.21273079305211E-002, 1.00000000000000E+000
 4.26196189953802E+001, 9.90871966554078E-001, 6.35890823761721E-001, 9.90871966554078E-001, 4.98657392656883E-001, 5.59083255303303E-002, 1.00000000000000E+000
 4.26759783088807E+001, 9.90770032010652E-001, 6.39491941633531E-001, 9.90770032010652E-001, 5.00141107689157E-001, 4.62635251813571E-002, 1.00000000000000E+000
 4.27323376223812E+001, 9.90661843075005E-001, 6.43522432081045E-001, 9.90661843075005E-001, 5.01314816997859E-001, 4.54122057672312E-002, 1.00000000000000E+000
 4.27886969358818E+001, 9.90568263547051E-001, 6.47079041080918E-001, 9.90568263547051E-001, 5.02051005938333E-001, 6.13812004424093E-002, 1.00000000000000E+000
 4.28450562493823E+001, 9.90496039480430E-001, 6.50002072657178E-001, 9.90496039480430E-001, 5.02300761632216E-001, 4.70447383546433E-002, 1.00000000000000E+000
 4.29014155628829E+001, 9.90436256227204E-001, 6.52174873652595E-001, 9.90436256227204E-001, 5.02112100155112E-001, 5.84112675128734E-002, 1.00000000000000E+000
 4.29634108077335E+001, 9.90333794234290E-001, 6.53544385786071E-001, 9.90333794234290E-001, 5.01492770877180E-001, 5.21238450347280E-002, 1.00000000000000E+000
 4.30254060525841E+001, 9.90264406648673E-001, 6.53805501150773E-001, 9.90264406648673E-001, 5.00616865941242E-001, 5.81898769494224E-002, 1.00000000000000E+000
 4.30874012974347E+001, 9.90271400263880E-001, 6.53086352958823E-001, 9.90271400263880E-001, 4.99779186748889E-001, 8.41095440343201E-002, 1.00000000000000E+000
 4.31493965422853E+001, 9.90389999311726E-001, 6.51581769301518E-001, 9.90389999311726E-001, 4.99306554131382E-001, 8.67261601347386E-002, 1.00000000000000E+000
 4.32113917871359E+001, 9.90891659673569E-001, 6.49719303447823E-001, 9.90891659673569E-001, 4.99879559546571E-001, 6.58838637796512E-002, 2.00000000000000E+000
 4.32641406541200E+001, 9.91403212234375E-001, 6.47763355691354E-001, 9.91403212234375E-001, 5.01029644711125E-001, 5.89527169026135E-002, 2.00000000000000E+000
 4.33696383880882E+001, 9.91678655627519E-001, 6.44917129265103E-001, 9.91678655627519E-001, 5.03977899017864E-001, 6.57333881029963E-002, 1.00000000000000E+000
 4.34223872550723E+001, 9.91816972812428E-001, 6.42490088767533E-001, 9.91816972812428E-001, 5.08259235502610E-001, 7.90662383840114E-002, 1.00000000000000E+000
 4.34751361220564E+001, 9.91914709791957E-001, 6.41124094265966E-001, 9.91914709791957E-001, 5.11763353168359E-001, 6.51691182144645E-002, 1.00000000000000E+000
 4.35278849890405E+001, 9.92064487775643E-001, 6.39947415524836E-001, 9.92064487775643E-001, 5.15460758817580E-001, 8.12476656342265E-002, 1.00000000000000E+000
 4.35806338560246E+001, 9.92217858596545E-001, 6.38743644556243E-001, 9.92217858596545E-001, 5.19033002095012E-001, 6.60759052635303E-002, 1.00000000000000E+000
 4.36333827230088E+001, 9.92392468393611E-001, 6.38236345620984E-001, 9.92392468393611E-001, 5.22308407747058E-001, 7.05108247166809E-002, 1.00000000000000E+000
 4.36861315899929E+001, 9.92631654329537E-001, 6.38312630003430E-001, 9.92631654329537E-001, 5.25133838509383E-001, 6.62352542441243E-002, 1.00000000000000E+000
 4.37916293239611E+001, 9.92970573615969E-001, 6.37840734156417E-001, 9.92970573615969E-001, 5.28283871328314E-001, 6.31664479830678E-002, 1.00000000000000E+000
 4.38443781909452E+001, 9.93255949356199E-001, 6.36990995922778E-001, 9.93255949356199E-001, 5.30343844933842E-001, 7.26147114649174E-002, 1.00000000000000E+000
 4.38971270579293E+001, 9.93386157248228E-001, 6.35964809321858E-001, 9.93386157248228E-001, 5.30980976349966E-001, 6.72977513465485E-002, 1.00000000000000E+000
 4.39498759249134E+001, 9.93466487831166E-001, 6.34571256734395E-001, 9.93466487831166E-001, 5.31139419738508E-001, 6.34223623318632E-002, 1.00000000000000E+000
 4.40026247918975E+001, 9.93484535780363E-001, 6.34093167575533E-001, 9.93484535780363E-001, 5.30860788881200E-001, 7.46511987739660E-002, 1.00000000000000E+000
 4.40553736588816E+001, 9.93449916825617E-001, 6.32772552482659E-001, 9.93449916825617E-001, 5.30091564888336E-001, 6.68732949509039E-002, 1.00000000000000E+000
 4.41081225258657E+001, 9.93330053264386E-001, 6.30343711706095E-001, 9.93330053264386E-001, 5.28875224721934E-001, 7.22144900000765E-002, 1.00000000000000E+000
 4.41608713928499E+001, 9.93132104346727E-001, 6.26650970924644E-001, 9.93132104346727E-001, 5.27344853741455E-001, 7.68216153601588E-002, 1.00000000000000E+000
 4.42663691268181E+001, 9.92752376762664E-001, 6.18068945360959E-001, 9.92752376762664E-001, 5.24819283565065E-001, 8.29072030437635E-002, 1.00000000000000E+000
 4.43191179938022E+001, 9.92530773668854E-001, 6.06419308337454E-001, 9.92530773668854E-001, 5.22656406893081E-001, 5.18515467987016E-002, 2.00000000000000E+000
 4.43718668607863E+001, 9.92278002978788E-001, 6.01065722142940E-001, 9.92278002978788E-001, 5.21960877177299E-001, 8.49407495999849E-002, 1.00000000000000E+000
 4.44246157277704E+001, 9.91998643842628E-001, 5.98437261896451E-001, 9.91998643842628E-001, 5.21749443232710E-001, 5.77046912972088E-002, 1.00000000000000E+000
 4.44773645947545E+001, 9.91756640058686E-001, 5.95856297435326E-001, 9.91756640058686E-001, 5.21800490255876E-001, 8.17373233345481E-002, 1.00000000000000E+000
 4.45301134617386E+001, 9.91536706353578E-001, 5.93329513361813E-001, 9.91536706353578E-001, 5.21975524561760E-001, 7.87963796423315E-002, 1.00000000000000E+000
 4.45828623287227E+001, 9.91356550133723E-001, 5.90976365711355E-001, 9.91356550133723E-001, 5.22274423356990E-001, 7.41153005022408E-002, 1.00000000000000E+000
 4.46883600626910E+001, 9.91482175885911E-001, 5.87699261686571E-001, 9.91482175885911E-001, 5.22501584572172E-001, 6.54755371059862E-002, 1.50000000000000E+000
 4.47411089296751E+001, 9.91745476665041E-001, 5.84631559351922E-001, 9.91745476665041E-001, 5.22294561677830E-001, 9.57179426917491E-002, 1.00000000000000E+000
 4.47938577966592E+001, 9.91749217601983E-001, 5.83161735027279E-001, 9.91749217601983E-001, 5.22276643041860E-001, 7.84779724021222E-002, 1.00000000000000E+000
 4.48466066636433E+001, 9.91790340683823E-001, 5.81812388289340E-001, 9.91790340683823E-001, 5.22048726400051E-001, 9.86821034595178E-002, 1.00000000000000E+000
 4.48993555306274E+001, 9.92189655024836E-001, 5.80284798600815E-001, 9.92189655024836E-001, 5.21158219947790E-001, 5.56784335669041E-002, 2.00000000000000E+000
 4.49521043976115E+001, 9.92415432598314E-001, 5.78760607676355E-001, 9.92415432598314E-001, 5.19780144023990E-001, 9.18792972405409E-002, 1.00000000000000E+000
 4.50048532645956E+001, 9.92481684917038E-001, 5.79039552580983E-001, 9.92481684917038E-001, 5.18288890915456E-001, 9.62718967670496E-002, 1.00000000000000E+000
 4.51103509985638E+001, 9.92862696825737E-001, 5.79117271116612E-001, 9.92862696825737E-001, 5.15723234956632E-001, 7.61513390189046E-002, 1.50000000000000E+000
 4.51630998655480E+001, 9.92937443909389E-001, 5.79145260829542E-001, 9.92937443909389E-001, 5.13316305391331E-001, 4.83059014451710E-002, 2.00000000000000E+000
 4.52105642886052E+001, 9.92849535122982E-001, 5.78708323555479E-001, 9.92849535122982E-001, 5.12171826726404E-001, 8.29807647508430E-002, 1.00000000000000E+000
 4.52580287116625E+001, 9.92772570718616E-001, 5.77619349661547E-001, 9.92772570718616E-001, 5.11101361132756E-001, 4.93497168058767E-002, 1.00000000000000E+000
 4.53054931347197E+001, 9.92714445561353E-001, 5.76020606771372E-001, 9.92714445561353E-001, 5.10306709223392E-001, 6.37107229020447E-002, 1.00000000000000E+000
 4.54004219808342E+001, 9.92583865086241E-001, 5.73315050104218E-001, 9.92583865086241E-001, 5.09918639688141E-001, 4.36361418115733E-002, 1.00000000000000E+000
 4.54478864038915E+001, 9.92609298267889E-001, 5.70437134797968E-001, 9.92609298267889E-001, 5.10465987684114E-001, 4.69444826279437E-002, 1.00000000000000E+000
 4.54953508269488E+001, 9.92788286146731E-001, 5.68582334314972E-001, 9.92788286146731E-001, 5.11564588408999E-001, 4.80898615161248E-002, 1.00000000000000E+000
 4.55428152500060E+001, 9.92973239419296E-001, 5.67128659817078E-001, 9.92973239419296E-001, 5.13275690623653E-001, 3.69518984785660E-002, 1.00000000000000E+000
 4.56377440961205E+001, 9.93303601598370E-001, 5.66605861546434E-001, 9.93303601598370E-001, 5.16808030091032E-001, 4.35044704325427E-002, 1.00000000000000E+000
 4.56852085191778E+001, 9.93659111807050E-001, 5.67110889607629E-001, 9.93659111807050E-001, 5.21117631814948E-001, 4.16158820517057E-002, 1.00000000000000E+000
 4.57326729422350E+001, 9.93929359096640E-001, 5.68051270878734E-001, 9.93929359096640E-001, 5.24300584804862E-001, 4.47285050357999E-002, 1.00000000000000E+000
 4.57801373652923E+001, 9.94237101743609E-001, 5.69421262153328E-001, 9.94237101743609E-001, 5.27609036804164E-001, 4.92564048614281E-002, 1.00000000000000E+000
 4.58750662114068E+001, 9.94674959214702E-001, 5.72313673309352E-001, 9.94674959214702E-001, 5.32715423897073E-001, 4.35577433029074E-002, 1.00000000000000E+000
 4.59225306344641E+001, 9.95067961215645E-001, 5.75915200859518E-001, 9.95067961215645E-001, 5.37787253855978E-001, 5.09880849515833E-002, 1.00000000000000E+000
 4.59699950575213E+001, 9.95313993050307E-001, 5.79414164980869E-001, 9.95313993050307E-001, 5.41039809305287E-001, 5.70022293925284E-002, 1.00000000000000E+000
 4.60649239036358E+001, 9.95701749300572E-001, 5.86135377519897E-001, 9.95701749300572E-001, 5.45459631477001E-001, 5.01697993744803E-002, 1.00000000000000E+000
 4.61123883266931E+001, 9.96057169099776E-001, 5.94197919685029E-001, 9.96057169099776E-001, 5.49200293210599E-001, 4.91621403363925E-002, 1.00000000000000E+000
 4.61598527497503E+001, 9.96255385204339E-001, 5.99392313750094E-001, 9.96255385204339E-001, 5.51101758149520E-001, 5.20129417290126E-002, 1.00000000000000E+000
 4.62073171728076E+001, 9.96494799772833E-001, 6.04179858290465E-001, 9.96494799772833E-001, 5.52511085561071E-001, 5.53425061339292E-002, 1.00000000000000E+000
 4.63022460189221E+001, 9.96743527720867E-001, 6.10379182181645E-001, 9.96743527720867E-001, 5.53788549572488E-001, 6.14796514569453E-002, 1.00000000000000E+000
 4.63497104419794E+001, 9.96946209345128E-001, 6.15535314176562E-001, 9.96946209345128E-001, 5.54458225955306E-001, 6.20446256750489E-002, 1.00000000000000E+000
 4.63971748650366E+001, 9.97061531063572E-001, 6.18366322077495E-001, 9.97061531063572E-001, 5.54776116826136E-001, 6.10259786540606E-002, 1.00000000000000E+000
 4.64446392880939E+001, 9.97070294104920E-001, 6.20799138453668E-001, 9.97070294104920E-001, 5.55151763964581E-001, 7.32168633466392E-002, 1.00000000000000E+000
 4.65395681342084E+001, 9.97036185352384E-001, 6.23893758713202E-001, 9.97036185352384E-001, 5.56219315843538E-001, 8.54738271829941E-002, 1.00000000000000E+000
 4.65870325572657E+001, 9.96691957230249E-001, 6.26921045606389E-001, 9.96691957230249E-001, 5.58495991602801E-001, 4.18913793308415E-002, 2.00000000000000E+000
 4.66344969803229E+001, 9.96521814204899E-001, 6.28908515153366E-001, 9.96521814204899E-001, 5.60750747931407E-001, 8.73353042870365E-002, 1.00000000000000E+000
 4.66819614033802E+001, 9.96419363246183E-001, 6.30881056313147E-001, 9.96419363246183E-001, 5.63424033942731E-001, 7.04355848429037E-002, 1.00000000000000E+000
 4.67863831341061E+001, 9.96080762356738E-001, 6.34998369928808E-001, 9.96080762356738E-001, 5.69195711827245E-001, 7.05266931943059E-002, 1.50000000000000E+000
 4.68385939994691E+001, 9.95881073327515E-001, 6.39266966844734E-001, 9.95881073327515E-001, 5.76226977946290E-001, 4.84295023106383E-002, 2.00000000000000E+000
 4.68908048648321E+001, 9.95696092415656E-001, 6.42430625660784E-001, 9.95696092415656E-001, 5.82025578579970E-001, 4.75284523601605E-002, 2.00000000000000E+000
 4.69430157301951E+001, 9.95477845514618E-001, 6.45584725655492E-001, 9.95477845514618E-001, 5.88335636927049E-001, 7.04043577758703E-002, 1.00000000000000E+000
 4.69952265955580E+001, 9.95311039376729E-001, 6.48788646104398E-001, 9.95311039376729E-001, 5.95240904268790E-001, 5.38999903585420E-002, 2.00000000000000E+000
 4.70474374609210E+001, 9.95160998669306E-001, 6.52077672914743E-001, 9.95160998669306E-001, 6.02791889174960E-001, 5.32292948101021E-002, 2.00000000000000E+000
 4.71518591916470E+001, 9.95249467336257E-001, 6.57813532623889E-001, 9.95249467336257E-001, 6.15261419878254E-001, 5.31726510397750E-002, 2.00000000000000E+000
 4.72040700570100E+001, 9.95161586149166E-001, 6.64946214529794E-001, 9.95161586149166E-001, 6.28869434645372E-001, 6.37618688814677E-002, 2.00000000000000E+000
 4.72562809223729E+001, 9.95133720278040E-001, 6.70073170101812E-001, 9.95133720278040E-001, 6.38599630766453E-001, 4.97770497866191E-002, 2.00000000000000E+000
 4.73084917877359E+001, 9.95247441120154E-001, 6.76316525475827E-001, 9.95247441120154E-001, 6.48872130138993E-001, 5.76909179753946E-002, 2.00000000000000E+000
 4.73607026530989E+001, 9.95305579997223E-001, 6.84156299963840E-001, 9.95305579997223E-001, 6.59637244617666E-001, 5.67614253799295E-002, 2.00000000000000E+000
 4.74129135184619E+001, 9.95187418179522E-001, 6.93298286418537E-001, 9.95187418179522E-001, 6.70715361077635E-001, 8.02720192520871E-002, 1.00000000000000E+000
 4.74651243838249E+001, 9.95504047616944E-001, 7.02369994233843E-001, 9.95504047616944E-001, 6.81857515421597E-001, 5.19406586996096E-002, 2.00000000000000E+000
 4.75695461145508E+001, 9.95774652908691E-001, 7.15700574399559E-001, 9.95774652908691E-001, 6.98549883219768E-001, 4.97795168499080E-002, 2.00000000000000E+000
 4.76269780664501E+001, 9.96060924579160E-001, 7.29611443298718E-001, 9.96060924579160E-001, 7.16181228702746E-001, 4.89486580671337E-002, 2.00000000000000E+000
 4.76844100183494E+001, 9.96248751540241E-001, 7.39983015129838E-001, 9.96248751540241E-001, 7.27869753982737E-001, 7.67362119113641E-002, 2.00000000000000E+000
 4.77418419702487E+001, 9.96434122062048E-001, 7.51008729571601E-001, 9.96434122062048E-001, 7.39052679384831E-001, 7.70623569368146E-002, 2.00000000000000E+000
 4.77992739221480E+001, 9.96527300664117E-001, 7.61495934414705E-001, 9.96527300664117E-001, 7.49735518024544E-001, 8.32644758839903E-002, 2.00000000000000E+000
 4.78567058740472E+001, 9.96687000780951E-001, 7.71375844204634E-001, 9.96687000780951E-001, 7.59831504185506E-001, 9.72811639739870E-002, 2.00000000000000E+000
 4.79141378259465E+001, 9.96819830107016E-001, 7.80613058899385E-001, 9.96819830107016E-001, 7.69294974345511E-001, 8.86757417328214E-002, 2.00000000000000E+000
 4.79715697778458E+001, 9.96785364971743E-001, 7.89465081788025E-001, 9.96785364971743E-001, 7.78398570326510E-001, 4.66656056614294E-002, 3.00000000000000E+000
 4.80290017297451E+001, 9.96752396648031E-001, 7.97589020505294E-001, 9.96752396648031E-001, 7.86769628313776E-001, 7.98007785259116E-002, 2.00000000000000E+000
 4.80864336816444E+001, 9.96730154758784E-001, 8.05261760689476E-001, 9.96730154758784E-001, 7.94686959302998E-001, 6.55928698570040E-002, 2.00000000000000E+000
 4.81438656335436E+001, 9.96703426159407E-001, 8.12621663559932E-001, 9.96703426159407E-001, 8.02293576425400E-001, 9.31575139599530E-002, 2.00000000000000E+000
 4.82012975854429E+001, 9.96679852454670E-001, 8.19755201492617E-001, 9.96679852454670E-001, 8.09682061343959E-001, 8.17473537073789E-002, 2.00000000000000E+000
 4.82587295373422E+001, 9.96664993641294E-001, 8.26854212175586E-001, 9.96664993641294E-001, 8.17072392803586E-001, 8.60717191463667E-002, 2.00000000000000E+000
 4.83161614892415E+001, 9.96683337057411E-001, 8.34357169843943E-001, 9.96683337057411E-001, 8.24744200502079E-001, 5.08217626548418E-002, 3.00000000000000E+000
 4.83735934411408E+001, 9.96807084165516E-001, 8.41384232815660E-001, 9.96807084165516E-001, 8.31938787344861E-001, 7.63736984486452E-002, 2.00000000000000E+000
 4.84310253930401E+001, 9.96946087482402E-001, 8.50316082753047E-001, 9.96946087482402E-001, 8.38921519600598E-001, 6.34195617153953E-002, 2.00000000000000E+000
 4.84884573449393E+001, 9.97087869150291E-001, 8.58099345981532E-001, 9.97087869150291E-001, 8.45636209055709E-001, 9.99158657305045E-002, 2.00000000000000E+000
 4.85458892968386E+001, 9.97186567189643E-001, 8.64146303115356E-001, 9.97186567189643E-001, 8.51848051415106E-001, 8.61195747275663E-002, 2.00000000000000E+000
 4.86033212487379E+001, 9.97306384435312E-001, 8.67773737325344E-001, 9.97306384435312E-001, 8.57195013385459E-001, 9.22154018698134E-002, 2.00000000000000E+000
 4.86607532006372E+001, 9.97246713125582E-001, 8.72442966409915E-001, 9.97246713125582E-001, 8.61759938477141E-001, 4.68980238555595E-002, 3.00000000000000E+000
 4.87756171044358E+001, 9.97508139277085E-001, 8.84020346088175E-001, 9.97508139277085E-001, 8.67267079510532E-001, 7.38408734567160E-002, 2.00000000000000E+000
 4.88330490563350E+001, 9.97686956642015E-001, 8.93883159899651E-001, 9.97686956642015E-001, 8.72103173993647E-001, 7.54311141503993E-002, 2.00000000000000E+000
 4.88904810082343E+001, 9.97736659197784E-001, 8.99314423610163E-001, 9.97736659197784E-001, 8.75118515923392E-001, 7.11471692753264E-002, 2.00000000000000E+000
 4.89479129601336E+001, 9.97748257932981E-001, 9.03760201946169E-001, 9.97748257932981E-001, 8.78000641335952E-001, 7.89168776869153E-002, 2.00000000000000E+000
 4.90053449120329E+001, 9.97770168491793E-001, 9.09141069646659E-001, 9.97770168491793E-001, 8.80578624362628E-001, 8.80597655771303E-002, 2.00000000000000E+000
 4.90627768639322E+001, 9.97779037977040E-001, 9.14045082979630E-001, 9.97779037977040E-001, 8.82862495533172E-001, 7.29084326305579E-002, 2.00000000000000E+000
 4.91202088158314E+001, 9.97818856693953E-001, 9.17755083725487E-001, 9.97818856693953E-001, 8.84878337992688E-001, 8.26378174107774E-002, 2.00000000000000E+000
 4.91776407677307E+001, 9.97738877835094E-001, 9.19639741821722E-001, 9.97738877835094E-001, 8.86019288467287E-001, 4.48194855455513E-002, 3.00000000000000E+000
 4.92350727196300E+001, 9.97822831413139E-001, 9.20626075853124E-001, 9.97822831413139E-001, 8.87231005934589E-001, 6.02248404838938E-002, 2.00000000000000E+000
 4.92925046715293E+001, 9.97914508901746E-001, 9.20644366664137E-001, 9.97914508901746E-001, 8.88367017802038E-001, 5.36895195824042E-002, 2.00000000000000E+000
 4.93499366234286E+001, 9.98041402469813E-001, 9.19748258114179E-001, 9.98041402469813E-001, 8.89355560875082E-001, 7.23898215343310E-002, 2.00000000000000E+000
 4.94073685753279E+001, 9.98136236778786E-001, 9.24412982956670E-001, 9.98136236778786E-001, 8.90251550400459E-001, 6.59161173266243E-002, 2.00000000000000E+000
 4.94648005272271E+001, 9.98322321324223E-001, 9.28469241099875E-001, 9.98322321324223E-001, 8.91050261689653E-001, 6.33541133379633E-002, 2.00000000000000E+000
 4.95222324791264E+001, 9.98552148662045E-001, 9.31674006057214E-001, 9.98552148662045E-001, 8.91883368336302E-001, 8.03242369436669E-002, 2.00000000000000E+000
 4.95796644310257E+001, 9.98779685628683E-001, 9.34000381405469E-001, 9.98779685628683E-001, 8.92760545064153E-001, 7.24612010030690E-002, 2.00000000000000E+000
 4.96370963829250E+001, 9.99068089829789E-001, 9.35458120207275E-001, 9.99068089829789E-001, 8.93709877195284E-001, 8.64569182839929E-002, 2.00000000000000E+000
 4.96945283348243E+001, 9.99390913331867E-001, 9.36047775251618E-001, 9.99390913331867E-001, 8.94719237589875E-001, 7.87588698884322E-002, 2.00000000000000E+000
 4.97519602867236E+001, 9.99623185878921E-001, 9.35804973772488E-001, 9.99623185878921E-001, 8.95782480018215E-001, 8.84629202270971E-002, 2.00000000000000E+000
 4.98093922386228E+001, 9.99549896954296E-001, 9.35188286281754E-001, 9.99549896954296E-001, 8.97273383230993E-001, 4.67180793398216E-002, 3.00000000000000E+000
 4.98608264639538E+001, 9.99593041237294E-001, 9.34488764236735E-001, 9.99593041237294E-001, 8.99118948161741E-001, 6.09699540704532E-002, 2.00000000000000E+000
 4.99636949146158E+001, 1.00004819019405E+000, 9.34975983332595E-001, 1.00004819019405E+000, 9.02234593374649E-001, 4.26831033272194E-002, 2.00000000000000E+000
 5.00151291399468E+001, 1.00021543334459E+000, 9.36867757239043E-001, 1.00021543334459E+000, 9.05594169704736E-001, 5.36065016213414E-002, 2.00000000000000E+000
 5.00665633652778E+001, 1.00059564385290E+000, 9.37308551999589E-001, 1.00059564385290E+000, 9.07543922264987E-001, 9.79021694288862E-002, 1.00000000000000E+000
 5.01179975906088E+001, 1.00076429401860E+000, 9.37739779296662E-001, 1.00076429401860E+000, 9.09682247171027E-001, 5.35201245556197E-002, 2.00000000000000E+000
 5.01694318159398E+001, 1.00062363830626E+000, 9.38559169981116E-001, 1.00062363830626E+000, 9.12421061831315E-001, 6.26678483744862E-002, 2.00000000000000E+000
 5.02208660412708E+001, 1.00054196520956E+000, 9.39490035027802E-001, 1.00054196520956E+000, 9.15514929847168E-001, 3.92138354701737E-002, 2.00000000000000E+000
 5.03237344919328E+001, 1.00098652216521E+000, 9.39856400887109E-001, 1.00098652216521E+000, 9.19532810784948E-001, 7.95218265373844E-002, 1.50000000000000E+000
 5.03751687172638E+001, 1.00094415711241E+000, 9.40793266589692E-001, 1.00094415711241E+000, 9.24302066091962E-001, 6.32752355719026E-002, 2.00000000000000E+000
 5.04266029425948E+001, 1.00101240867143E+000, 9.41163388526659E-001, 1.00101240867143E+000, 9.27272902462210E-001, 5.23960933962190E-002, 2.00000000000000E+000
 5.04780371679257E+001, 1.00098804056046E+000, 9.41554772624906E-001, 1.00098804056046E+000, 9.30257477438804E-001, 6.72322345975157E-002, 2.00000000000000E+000
 5.05294713932567E+001, 1.00108070605725E+000, 9.42866581505142E-001, 1.00108070605725E+000, 9.33164234883205E-001, 5.33615844209488E-002, 2.00000000000000E+000
 5.05809056185877E+001, 1.00124072937509E+000, 9.44853573771366E-001, 1.00124072937509E+000, 9.35717376151537E-001, 4.22232611046972E-002, 2.00000000000000E+000
 5.06837740692497E+001, 1.00124818178349E+000, 9.47492284791434E-001, 1.00124818178349E+000, 9.39561106813611E-001, 5.38092078801297E-002, 2.00000000000000E+000
 5.07352082945807E+001, 1.00146658382245E+000, 9.54701842915130E-001, 1.00146658382245E+000, 9.43315600532803E-001, 5.08744573977969E-002, 2.00000000000000E+000
 5.07866425199117E+001, 1.00137564199857E+000, 9.61314041782118E-001, 1.00137564199857E+000, 9.46532418317305E-001, 6.26285575095320E-002, 2.00000000000000E+000
 5.08380767452427E+001, 1.00140877939446E+000, 9.68139361242570E-001, 1.00140877939446E+000, 9.50426123114404E-001, 5.28069506050953E-002, 2.00000000000000E+000
 5.08895109705737E+001, 1.00148502194034E+000, 9.75170623906620E-001, 1.00148502194034E+000, 9.54994667746269E-001, 4.31162758839661E-002, 2.00000000000000E+000
 5.09409451959047E+001, 1.00193775096258E+000, 9.81820609530819E-001, 1.00193775096258E+000, 9.59564296653862E-001, 8.46165856735193E-002, 1.00000000000000E+000
 5.10381308527929E+001, 1.00189995946206E+000, 9.92495515875021E-001, 1.00189995946206E+000, 9.68027548197289E-001, 5.37191241870114E-002, 2.00000000000000E+000
 5.10838822843502E+001, 1.00194541115984E+000, 1.00354574750411E+000, 1.00194541115984E+000, 9.77537996989770E-001, 7.03950592220527E-002, 1.00000000000000E+000
 5.11296337159074E+001, 1.00239969462950E+000, 1.01056308494339E+000, 1.00239969462950E+000, 9.83869174020577E-001, 9.15059656694848E-002, 1.00000000000000E+000
 5.12211365790219E+001, 1.00233637666796E+000, 1.02220615816670E+000, 1.00233637666796E+000, 9.94921181736257E-001, 4.32706052036510E-002, 2.00000000000000E+000
 5.12668880105791E+001, 1.00255944092180E+000, 1.03295377966289E+000, 1.00255944092180E+000, 1.00558182023778E+000, 7.48272227009184E-002, 1.00000000000000E+000
 5.13126394421363E+001, 1.00277262487646E+000, 1.03992658125671E+000, 1.00277262487646E+000, 1.01286188006098E+000, 4.08202680106945E-002, 2.00000000000000E+000
 5.14041423052508E+001, 1.00289671385388E+000, 1.04925664913043E+000, 1.00289671385388E+000, 1.02319385820667E+000, 6.28508318142480E-002, 1.50000000000000E+000
 5.14498937368080E+001, 1.00316178548159E+000, 1.05708107408721E+000, 1.00316178548159E+000, 1.03260575223803E+000, 4.24887014960845E-002, 2.00000000000000E+000
 5.15002203115210E+001, 1.00321761200382E+000, 1.06203151040341E+000, 1.00321761200382E+000, 1.03917227643285E+000, 5.04488033960112E-002, 2.00000000000000E+000
 5.15505468862340E+001, 1.00323806865739E+000, 1.06611560041896E+000, 1.00323806865739E+000, 1.04519329250502E+000, 5.09430529461073E-002, 2.00000000000000E+000
 5.16008734609469E+001, 1.00332774055817E+000, 1.06945695940247E+000, 1.00332774055817E+000, 1.05078613632636E+000, 6.05372870979520E-002, 2.00000000000000E+000
 5.17015266103728E+001, 1.00327933670385E+000, 1.07379109692381E+000, 1.00327933670385E+000, 1.05914881719874E+000, 6.14901094089924E-002, 2.00000000000000E+000
 5.17518531850858E+001, 1.00305274882766E+000, 1.07887428863488E+000, 1.00305274882766E+000, 1.06852582127336E+000, 6.50393744983803E-002, 2.00000000000000E+000
 5.18021797597988E+001, 1.00314231915072E+000, 1.08360203683250E+000, 1.00314231915072E+000, 1.07424281007553E+000, 5.26959566221454E-002, 2.00000000000000E+000
 5.18525063345117E+001, 1.00331104049608E+000, 1.09079435949200E+000, 1.00331104049608E+000, 1.07977338461805E+000, 4.98123769018420E-002, 2.00000000000000E+000
 5.19028329092247E+001, 1.00321939683189E+000, 1.09830374335609E+000, 1.00321939683189E+000, 1.08591584648045E+000, 6.61996658097597E-002, 2.00000000000000E+000
 5.20034860586506E+001, 1.00309820221726E+000, 1.10873350185859E+000, 1.00309820221726E+000, 1.09481714918703E+000, 5.41491546512780E-002, 2.00000000000000E+000
 5.20538126333636E+001, 1.00323841308377E+000, 1.11857258418323E+000, 1.00323841308377E+000, 1.10330708416057E+000, 5.76225226122166E-002, 2.00000000000000E+000
 5.21041392080765E+001, 1.00321362975703E+000, 1.12607990874841E+000, 1.00321362975703E+000, 1.10910306346846E+000, 5.45484182607097E-002, 2.00000000000000E+000
 5.21544657827895E+001, 1.00326682949959E+000, 1.13279522728206E+000, 1.00326682949959E+000, 1.11464777760779E+000, 4.54747938785143E-002, 2.00000000000000E+000
 5.22047923575025E+001, 1.00339942417441E+000, 1.13895246163994E+000, 1.00339942417441E+000, 1.12023789604841E+000, 5.52053769995477E-002, 2.00000000000000E+000
 5.23054455069284E+001, 1.00332432232922E+000, 1.15043103501671E+000, 1.00332432232922E+000, 1.12994693873634E+000, 5.45342552440339E-002, 2.00000000000000E+000
 5.23557720816413E+001, 1.00318076173368E+000, 1.16298841726832E+000, 1.00318076173368E+000, 1.14087623266321E+000, 6.55810243969510E-002, 2.00000000000000E+000
 5.24060986563543E+001, 1.00310281678929E+000, 1.17147563002964E+000, 1.00310281678929E+000, 1.14931116438894E+000, 6.25785773222875E-002, 2.00000000000000E+000
 5.24564252310673E+001, 1.00301517925056E+000, 1.18005973346378E+000, 1.00301517925056E+000, 1.15848684447579E+000, 4.93733799533499E-002, 2.00000000000000E+000
 5.25067518057802E+001, 1.00297337895640E+000, 1.18906571636645E+000, 1.00297337895640E+000, 1.16851650968552E+000, 5.04938967106374E-002, 2.00000000000000E+000
 5.25962368832649E+001, 1.00284016632161E+000, 1.20252248282549E+000, 1.00284016632161E+000, 1.18371644469221E+000, 5.64554950867806E-002, 1.50000000000000E+000
 5.26409794220072E+001, 1.00284269731008E+000, 1.21583439757566E+000, 1.00284269731008E+000, 1.19913632712409E+000, 6.69021067760362E-002, 1.00000000000000E+000
 5.26857219607495E+001, 1.00295799543236E+000, 1.22474870484834E+000, 1.00295799543236E+000, 1.20991145335752E+000, 9.84545839684501E-002, 1.00000000000000E+000
 5.27752070382341E+001, 1.00291133858737E+000, 1.23843205481909E+000, 1.00291133858737E+000, 1.22755512437941E+000, 6.37090243828851E-002, 1.50000000000000E+000
 5.28199495769764E+001, 1.00272364939685E+000, 1.25155887936124E+000, 1.00272364939685E+000, 1.24595486562523E+000, 3.84461338997354E-002, 2.00000000000000E+000
 5.28646921157187E+001, 1.00260181260115E+000, 1.26271304105729E+000, 1.00260181260115E+000, 1.25905392708026E+000, 3.91784584171590E-002, 2.00000000000000E+000
 5.29541771932034E+001, 1.00250065921541E+000, 1.27926507103046E+000, 1.00250065921541E+000, 1.27839925249380E+000, 7.60068260405136E-002, 1.00000000000000E+000
 5.29989197319457E+001, 1.00261232525658E+000, 1.29801443395074E+000, 1.00261232525658E+000, 1.29801443395074E+000, 3.88805196131284E-002, 2.00000000000000E+000
 5.30436622706880E+001, 1.00276066251652E+000, 1.31117568192051E+000, 1.00276066251652E+000, 1.31117568192051E+000, 9.54555650024929E-002, 1.00000000000000E+000
 5.31331473481726E+001, 1.00288327825100E+000, 1.33445904884319E+000, 1.00288327825100E+000, 1.33090064963929E+000, 6.73738820582680E-002, 1.50000000000000E+000
 5.31778898869149E+001, 1.00295753102089E+000, 1.35731282774801E+000, 1.00295753102089E+000, 1.34984878778906E+000, 4.62378950111167E-002, 2.00000000000000E+000
 5.32226324256572E+001, 1.00298696502925E+000, 1.37021506029195E+000, 1.00298696502925E+000, 1.36197378261946E+000, 7.34181552038920E-002, 1.00000000000000E+000
 5.33121175031419E+001, 1.00303231619654E+000, 1.38612139264537E+000, 1.00303231619654E+000, 1.37884144161397E+000, 6.04140412568989E-002, 1.50000000000000E+000
 5.33568600418842E+001, 1.00323694589711E+000, 1.39879435553383E+000, 1.00323694589711E+000, 1.39377572155796E+000, 9.95706347959310E-002, 1.00000000000000E+000
 5.34016025806265E+001, 1.00342887727855E+000, 1.40539851686903E+000, 1.00342887727855E+000, 1.40222227546998E+000, 9.81357053658397E-002, 1.00000000000000E+000
 5.34808941423406E+001, 1.00355278314847E+000, 1.41110540592117E+000, 1.00355278314847E+000, 1.41015651066205E+000, 8.36639521645847E-002, 1.00000000000000E+000
 5.35205399231977E+001, 1.00369679240693E+000, 1.41558653071463E+000, 1.00369679240693E+000, 1.41558653071463E+000, 7.76606369151638E-002, 1.00000000000000E+000
 5.35998314849119E+001, 1.00392314913990E+000, 1.41803458535920E+000, 1.00392314913990E+000, 1.41803458535920E+000, 6.38824501268030E-002, 1.00000000000000E+000
 5.36791230466260E+001, 1.00425811708742E+000, 1.41838078168600E+000, 1.00425811708742E+000, 1.41838078168600E+000, 7.85924830109323E-002, 1.00000000000000E+000
 5.37187688274831E+001, 1.00449223947151E+000, 1.41781683664573E+000, 1.00449223947151E+000, 1.41781683664573E+000, 6.97409419153812E-002, 1.00000000000000E+000
 5.37828648178073E+001, 1.00452302938041E+000, 1.41800159270952E+000, 1.00452302938041E+000, 1.41800159270952E+000, 6.15337032851371E-002, 1.00000000000000E+000
 5.38469608081315E+001, 1.00465465749550E+000, 1.41872176627422E+000, 1.00465465749550E+000, 1.41872176627422E+000, 5.48768900575624E-002, 1.00000000000000E+000
 5.39110567984557E+001, 1.00490793239769E+000, 1.42034401997805E+000, 1.00490793239769E+000, 1.42034401997805E+000, 5.72486453100179E-002, 1.00000000000000E+000
 5.39463095931340E+001, 1.00517261380300E+000, 1.42199848411313E+000, 1.00517261380300E+000, 1.42199848411313E+000, 7.00856351752308E-002, 1.00000000000000E+000
 5.40203404619584E+001, 1.00551665603205E+000, 1.42434675667682E+000, 1.00551665603205E+000, 1.42434675667682E+000, 8.01350243672482E-002, 1.00000000000000E+000
 5.40978966102507E+001, 1.00580297777786E+000, 1.42806314422712E+000, 1.00580297777786E+000, 1.42806314422712E+000, 6.82841140827407E-002, 1.50000000000000E+000
 5.41366746843968E+001, 1.00582497058962E+000, 1.43064893050363E+000, 1.00582497058962E+000, 1.43064893050363E+000, 9.46370122887758E-002, 1.00000000000000E+000
 5.42142308326891E+001, 1.00589721619177E+000, 1.43337749886111E+000, 1.00589721619177E+000, 1.43337749886111E+000, 6.74255207697334E-002, 1.50000000000000E+000
 5.42530089068353E+001, 1.00570544910819E+000, 1.43644050951453E+000, 1.00570544910819E+000, 1.43644050951453E+000, 4.47470243784807E-002, 2.00000000000000E+000
 5.43344428625421E+001, 1.00571673544676E+000, 1.44069968592855E+000, 1.00571673544676E+000, 1.43996836709269E+000, 6.90740809742420E-002, 1.52380952380952E+000
 5.43770987441029E+001, 1.00576541170043E+000, 1.44776028026227E+000, 1.00576541170043E+000, 1.44478301301708E+000, 3.70485511542678E-002, 2.00000000000000E+000
 5.44514735554214E+001, 1.00589442199896E+000, 1.45429736523378E+000, 1.00589442199896E+000, 1.44984909707778E+000, 9.42133226633222E-002, 1.00000000000000E+000
 5.44886609610807E+001, 1.00614717874988E+000, 1.46006195298756E+000, 1.00614717874988E+000, 1.45481129109475E+000, 9.54322246169871E-002, 1.00000000000000E+000
 5.45538612347879E+001, 1.00616268995940E+000, 1.46536768036266E+000, 1.00616268995940E+000, 1.46024599364559E+000, 8.82337773851556E-002, 1.00000000000000E+000
 5.46190615084951E+001, 1.00610996871942E+000, 1.47079166895214E+000, 1.00610996871942E+000, 1.46684252382384E+000, 8.16559954509893E-002, 1.00000000000000E+000
 5.46842617822023E+001, 1.00590584355178E+000, 1.47431723419844E+000, 1.00590584355178E+000, 1.47221419483571E+000, 7.98253820334304E-002, 1.00000000000000E+000
 5.47494620559095E+001, 1.00571599719964E+000, 1.47916736864983E+000, 1.00571599719964E+000, 1.47571384318069E+000, 7.01482129132330E-002, 1.00000000000000E+000
 5.47820621927632E+001, 1.00555950473881E+000, 1.48291905849526E+000, 1.00555950473881E+000, 1.47727096037349E+000, 6.24303087039742E-002, 1.00000000000000E+000
 5.48472624664704E+001, 1.00534436644740E+000, 1.48557964343315E+000, 1.00534436644740E+000, 1.47803589851758E+000, 6.75161907703965E-002, 1.00000000000000E+000
 5.49124627401776E+001, 1.00501165570160E+000, 1.48845387614095E+000, 1.00501165570160E+000, 1.47889816237839E+000, 7.40358906249858E-002, 1.00000000000000E+000
 5.49776630138848E+001, 1.00461667735936E+000, 1.49198558234200E+000, 1.00461667735936E+000, 1.48122649130389E+000, 8.99204438106963E-002, 1.00000000000000E+000
 5.50428632875920E+001, 1.00429264627531E+000, 1.49825021516942E+000, 1.00429264627531E+000, 1.48678985015805E+000, 5.09744932667077E-002, 1.50000000000000E+000
 5.51113235749846E+001, 1.00391805388754E+000, 1.50769001591345E+000, 1.00391805388754E+000, 1.49483786171470E+000, 6.59411624732395E-002, 1.52380952380952E+000
 5.51471837255236E+001, 1.00379417642555E+000, 1.51449903477178E+000, 1.00379417642555E+000, 1.50082227328470E+000, 8.26960092777244E-002, 1.00000000000000E+000
 5.52189040266015E+001, 1.00383146447307E+000, 1.51922273238221E+000, 1.00383146447307E+000, 1.50495856031291E+000, 6.68509780847615E-002, 1.50000000000000E+000
 5.52906243276794E+001, 1.00370847965453E+000, 1.52191585339979E+000, 1.00370847965453E+000, 1.50722381407867E+000, 5.84436305247137E-002, 1.50000000000000E+000
 5.53264844782184E+001, 1.00377537877112E+000, 1.52136489152497E+000, 1.00377537877112E+000, 1.50663714121471E+000, 9.26029389179234E-002, 1.00000000000000E+000
 5.53982047792963E+001, 1.00343828887430E+000, 1.51835702360971E+000, 1.00343828887430E+000, 1.50386627946198E+000, 9.16629618509978E-002, 1.00000000000000E+000
 5.54699250803743E+001, 1.00312923755108E+000, 1.51026448977873E+000, 1.00312923755108E+000, 1.49646625383365E+000, 8.71477914778430E-002, 1.00000000000000E+000
 5.55057852309132E+001, 1.00198573614122E+000, 1.50219408728666E+000, 1.00198573614122E+000, 1.48924238726760E+000, 7.40358460002691E-002, 1.00000000000000E+000
 5.55775055319912E+001, 1.00293000489748E+000, 1.49473143753213E+000, 1.00293000489748E+000, 1.48235399998824E+000, 5.95463346834029E-002, 1.00000000000000E+000
 5.56492258330691E+001, 1.00179542864745E+000, 1.48822430572966E+000, 1.00179542864745E+000, 1.47600361891712E+000, 6.78067098350283E-002, 1.00000000000000E+000
 5.56850859836081E+001, 1.00125802574619E+000, 1.48504848489032E+000, 1.00125802574619E+000, 1.47292732347051E+000, 8.21290725469449E-002, 1.00000000000000E+000
 5.57568062846860E+001, 1.00156090925507E+000, 1.48291723269715E+000, 1.00156090925507E+000, 1.47036546749994E+000, 5.89086771318651E-002, 1.50000000000000E+000
 5.58285265857639E+001, 1.00110827550407E+000, 1.47752347626449E+000, 1.00110827550407E+000, 1.46580185732066E+000, 5.90124133557904E-002, 1.50000000000000E+000
 5.58643867363029E+001, 1.00118678950574E+000, 1.46992183430728E+000, 1.00118678950574E+000, 1.45979523567120E+000, 3.63396633389895E-002, 2.00000000000000E+000
 5.59361070373808E+001, 1.00099065783406E+000, 1.45992587176966E+000, 1.00099065783406E+000, 1.45109563092032E+000, 8.06032125164357E-002, 1.00000000000000E+000
 5.60078273384588E+001, 1.00031714479819E+000, 1.44723028109349E+000, 1.00031714479819E+000, 1.44021877285895E+000, 8.38069507464062E-002, 1.00000000000000E+000
 5.60436874889977E+001, 1.00106520191417E+000, 1.44080885477161E+000, 1.00106520191417E+000, 1.43517544762773E+000, 8.31493607767510E-002, 1.00000000000000E+000
 5.61154077900757E+001, 1.00195837214691E+000, 1.43831559828484E+000, 1.00195837214691E+000, 1.43476969445271E+000, 8.42447640720038E-002, 1.00000000000000E+000
 5.61871280911536E+001, 1.00225229843078E+000, 1.44031422492853E+000, 1.00225229843078E+000, 1.43974711495911E+000, 8.55204315526611E-002, 1.00000000000000E+000
 5.62229882416925E+001, 1.00332503515235E+000, 1.44415793222016E+000, 1.00332503515235E+000, 1.44415793222016E+000, 4.34036093036946E-002, 2.00000000000000E+000
 5.62947085427705E+001, 1.00407167854472E+000, 1.45034109235714E+000, 1.00407167854472E+000, 1.45034109235714E+000, 6.71426709844242E-002, 1.00000000000000E+000
 5.63664288438484E+001, 1.00452313599875E+000, 1.45778303719358E+000, 1.00452313599875E+000, 1.45778303719358E+000, 6.33380913569943E-002, 1.50000000000000E+000
 5.64022889943874E+001, 1.00502992706374E+000, 1.46078499911465E+000, 1.00502992706374E+000, 1.46078499911465E+000, 7.75287834399389E-002, 1.00000000000000E+000
 5.64603088430954E+001, 1.00579771198466E+000, 1.46224838440073E+000, 1.00579771198466E+000, 1.46224838440073E+000, 7.37875424122545E-002, 1.00000000000000E+000
 5.65372197413138E+001, 1.00583699766098E+000, 1.46424435023341E+000, 1.00583699766098E+000, 1.46424435023341E+000, 4.72317932676786E-002, 1.00000000000000E+000
 5.65884936734593E+001, 1.00574556231673E+000, 1.46717446318304E+000, 1.00574556231673E+000, 1.46717446318304E+000, 4.30066752441566E-002, 1.00000000000000E+000
 5.66654045716776E+001, 1.00593861977810E+000, 1.47235497718698E+000, 1.00593861977810E+000, 1.47235497718698E+000, 3.85064590992441E-002, 1.00000000000000E+000
 5.67192422004305E+001, 1.00517081810694E+000, 1.47962096860101E+000, 1.00517081810694E+000, 1.47962096860101E+000, 5.08308277764433E-002, 1.00000000000000E+000
 5.67843857312214E+001, 1.00481519679439E+000, 1.48731796572295E+000, 1.00481519679439E+000, 1.48731796572295E+000, 6.52248145267353E-002, 1.00000000000000E+000
 5.68219208132486E+001, 1.00480693407530E+000, 1.49397117603631E+000, 1.00480693407530E+000, 1.49397117603631E+000, 7.36147600614622E-002, 1.00000000000000E+000
 5.68969909773029E+001, 1.00484511751369E+000, 1.49984052309253E+000, 1.00484511751369E+000, 1.49984052309253E+000, 8.82479154915191E-002, 1.00000000000000E+000
 5.69720611413572E+001, 1.00390115241053E+000, 1.50454176101070E+000, 1.00390115241053E+000, 1.50454176101070E+000, 8.51422275121448E-002, 1.00000000000000E+000
 5.70095962233843E+001, 1.00348263367964E+000, 1.50578297625701E+000, 1.00348263367964E+000, 1.50578297625701E+000, 9.20260169286681E-002, 1.00000000000000E+000
 5.70770341949607E+001, 1.00353551009654E+000, 1.50592205496222E+000, 1.00353551009654E+000, 1.50592205496222E+000, 7.91801384990428E-002, 1.00000000000000E+000
 5.71355356677145E+001, 1.00367482116787E+000, 1.50662329861821E+000, 1.00367482116787E+000, 1.50662329861821E+000, 5.86286587826245E-002, 1.00000000000000E+000
 5.71877117447982E+001, 1.00356407008714E+000, 1.50918819264363E+000, 1.00356407008714E+000, 1.50918819264363E+000, 4.82860964587322E-002, 1.00000000000000E+000
 5.72629523478234E+001, 1.00327086245530E+000, 1.51410953163969E+000, 1.00327086245530E+000, 1.51410953163969E+000, 4.29357245133680E-002, 1.00000000000000E+000
 5.73090813997063E+001, 1.00319310461431E+000, 1.51919282904265E+000, 1.00319310461431E+000, 1.51919282904265E+000, 3.38319835207709E-002, 1.00000000000000E+000
 5.73782749775307E+001, 1.00306918060530E+000, 1.52248644953636E+000, 1.00306918060530E+000, 1.52248644953636E+000, 3.24964783459735E-002, 1.00000000000000E+000
 5.74244040294136E+001, 1.00297570457985E+000, 1.52463613785368E+000, 1.00297570457985E+000, 1.52429942705147E+000, 3.42803597711565E-002, 1.00000000000000E+000
 5.74935976072380E+001, 1.00280686412078E+000, 1.52660729334702E+000, 1.00280686412078E+000, 1.52506084113292E+000, 3.26689796470359E-002, 1.00000000000000E+000
 5.75443395643092E+001, 1.00283837719746E+000, 1.52624502830041E+000, 1.00283837719746E+000, 1.52449766301842E+000, 4.20522286980658E-002, 1.00000000000000E+000
 5.76001557170875E+001, 1.00308521653283E+000, 1.52377605298341E+000, 1.00308521653283E+000, 1.52243794691939E+000, 6.29093955345242E-002, 1.00000000000000E+000
 5.76838799462550E+001, 1.00320185234938E+000, 1.52416286205632E+000, 1.00320185234938E+000, 1.51919342150545E+000, 6.14988499452778E-002, 1.00000000000000E+000
 5.77424869066722E+001, 1.00350227932903E+000, 1.52819354533843E+000, 1.00350227932903E+000, 1.51592205201749E+000, 6.83772325964042E-002, 1.00000000000000E+000
 5.78069545631312E+001, 1.00375233453486E+000, 1.53086250183884E+000, 1.00375233453486E+000, 1.51473932834917E+000, 8.59069519070609E-002, 1.00000000000000E+000
 5.78407233355621E+001, 1.00405251303491E+000, 1.53234844648335E+000, 1.00405251303491E+000, 1.51520512374741E+000, 5.56738008070465E-002, 2.00000000000000E+000
 5.79082608804238E+001, 1.00413454052531E+000, 1.53434194833233E+000, 1.00413454052531E+000, 1.51823868298472E+000, 7.95735469645874E-002, 1.00000000000000E+000
 5.79757984252856E+001, 1.00424801175316E+000, 1.53834922363389E+000, 1.00424801175316E+000, 1.52591295035877E+000, 6.05205768520570E-002, 1.50000000000000E+000
 5.80433359701474E+001, 1.00429982105440E+000, 1.54404544860323E+000, 1.00429982105440E+000, 1.53707770480674E+000, 5.69559223131893E-002, 1.50000000000000E+000
 5.80804816198213E+001, 1.00404553820401E+000, 1.55099913146648E+000, 1.00404553820401E+000, 1.54909287298307E+000, 9.89399089163028E-002, 1.00000000000000E+000
 5.81547729191693E+001, 1.00425308892168E+000, 1.56004279442559E+000, 1.00425308892168E+000, 1.56004279442559E+000, 6.52971761500685E-002, 1.50000000000000E+000
 5.82290642185172E+001, 1.00417679230346E+000, 1.57343834928067E+000, 1.00417679230346E+000, 1.57214444715202E+000, 6.62476742423190E-002, 1.50000000000000E+000
 5.82662098681912E+001, 1.00437267049244E+000, 1.58511375921045E+000, 1.00437267049244E+000, 1.57868522268687E+000, 5.20248886587732E-002, 2.00000000000000E+000
 5.83405011675392E+001, 1.00465837275032E+000, 1.59269535748175E+000, 1.00465837275032E+000, 1.58302850967361E+000, 8.53619475786939E-002, 1.00000000000000E+000
 5.84147924668871E+001, 1.00474969322393E+000, 1.59849945954727E+000, 1.00474969322393E+000, 1.58863072432677E+000, 6.20772524626704E-002, 1.50000000000000E+000
 5.84519381165611E+001, 1.00469552562807E+000, 1.59978353622770E+000, 1.00469552562807E+000, 1.59298011127184E+000, 4.65527768470063E-002, 2.00000000000000E+000
 5.85262294159090E+001, 1.00486914979690E+000, 1.59725977930170E+000, 1.00486914979690E+000, 1.59575821607563E+000, 7.12634078899358E-002, 1.50000000000000E+000
 5.85633750655830E+001, 1.00460517444995E+000, 1.59657800195542E+000, 1.00460517444995E+000, 1.59657800195542E+000, 7.87463744441269E-002, 1.00000000000000E+000
 5.86376663649310E+001, 1.00524656753858E+000, 1.59520760462162E+000, 1.00524656753858E+000, 1.59520760462162E+000, 7.68133496727843E-002, 1.50000000000000E+000
 5.87119576642789E+001, 1.00504350521946E+000, 1.58904799661078E+000, 1.00504350521946E+000, 1.58904799661078E+000, 4.93601156540080E-002, 2.00000000000000E+000
 5.87450529593010E+001, 1.00494778323696E+000, 1.58160518538518E+000, 1.00494778323696E+000, 1.58160518538518E+000, 8.99259122466106E-002, 1.00000000000000E+000
 5.88112435493453E+001, 1.00447831133312E+000, 1.57018719457377E+000, 1.00447831133312E+000, 1.57018719457377E+000, 4.10543708436466E-002, 2.00000000000000E+000
 5.88774341393896E+001, 1.00386115765516E+000, 1.55261534829186E+000, 1.00386115765516E+000, 1.55261534829186E+000, 6.65979171553488E-002, 1.50000000000000E+000
 5.89436247294339E+001, 1.00328117601141E+000, 1.53355633646609E+000, 1.00328117601141E+000, 1.53355633646609E+000, 6.78315518808342E-002, 1.50000000000000E+000
 5.90098153194782E+001, 1.00304600136044E+000, 1.51443423681394E+000, 1.00304600136044E+000, 1.51443423681394E+000, 6.95586186563784E-002, 1.50000000000000E+000
 5.90429106145003E+001, 1.00253348946954E+000, 1.50168074762122E+000, 1.00253348946954E+000, 1.50168074762122E+000, 4.62220136988148E-002, 2.00000000000000E+000
 5.91157202635490E+001, 1.00193246258241E+000, 1.49067616688525E+000, 1.00193246258241E+000, 1.49067616688525E+000, 4.28710088628404E-002, 2.00000000000000E+000
 5.91885299125977E+001, 1.00136117341324E+000, 1.47873569619552E+000, 1.00136117341324E+000, 1.47873569619552E+000, 9.19973508821759E-002, 1.00000000000000E+000
 5.92249347371221E+001, 1.00082148450112E+000, 1.47274116284549E+000, 1.00082148450112E+000, 1.47274116284549E+000, 4.24442915544836E-002, 2.00000000000000E+000
 5.93013848686232E+001, 1.00056018402735E+000, 1.46939753358611E+000, 1.00056018402735E+000, 1.46939753358611E+000, 8.13701120599704E-002, 1.00000000000000E+000
 5.93414301756000E+001, 9.99753045533189E-001, 1.46950423034483E+000, 9.99753045533189E-001, 1.46950423034483E+000, 5.67699868252316E-002, 2.00000000000000E+000
 5.94215207895536E+001, 9.99096670062413E-001, 1.47238942526861E+000, 9.99096670062413E-001, 1.47238942526861E+000, 7.29277727504437E-002, 1.50000000000000E+000
 5.94615660965304E+001, 9.99146125067466E-001, 1.47495435644053E+000, 9.99146125067466E-001, 1.47495435644053E+000, 5.40360278833370E-002, 2.00000000000000E+000
 5.95416567104840E+001, 9.99108351542096E-001, 1.47522560998547E+000, 9.99108351542096E-001, 1.47522560998547E+000, 5.49354350970196E-002, 2.00000000000000E+000
 5.95817020174608E+001, 9.97409370592209E-001, 1.47392812003379E+000, 9.97409370592209E-001, 1.47392812003379E+000, 8.66579208258040E-002, 1.00000000000000E+000
 5.96617926314144E+001, 9.98993622203557E-001, 1.47213092649560E+000, 9.98993622203557E-001, 1.47213092649560E+000, 6.82636742027873E-002, 1.50000000000000E+000
 5.97018379383912E+001, 9.98397885344077E-001, 1.46949582725377E+000, 9.98397885344077E-001, 1.46949582725377E+000, 4.66259590288894E-002, 2.00000000000000E+000
 5.97751352616158E+001, 9.99373395180979E-001, 1.46650894329294E+000, 9.99373395180979E-001, 1.46650894329294E+000, 7.93513307380159E-002, 1.00000000000000E+000
 5.98416392941115E+001, 9.99704772399924E-001, 1.46042357732599E+000, 9.99704772399924E-001, 1.46042357732599E+000, 7.49360339800524E-002, 1.00000000000000E+000
 5.99114685282320E+001, 1.00146910754039E+000, 1.45200655570145E+000, 1.00146910754039E+000, 1.45200655570145E+000, 6.99979046253632E-002, 1.00000000000000E+000
 5.99480457461046E+001, 9.99795363194795E-001, 1.44465633425484E+000, 9.99795363194795E-001, 1.44465633425484E+000, 7.73690403529273E-002, 1.00000000000000E+000
 6.00000000000000E+001, 1.00305382420728E+000, 1.43893965329791E+000, 1.00305382420728E+000, 1.43893965329791E+000, 5.99767694398135E-002, 1.00000000000000E+000
