s,m3/s,m3/s,m3/s,m3/s,m/s,
Time,flow_in,flow_out,in_net,out_net,error,iter
 0.00000000000000E+000, 2.08963955007493E-003, 2.13885546028614E-003,-3.99721129238605E-004, 3.03432062268257E-004, 0.00000000000000E+000, 0.00000000000000E+000
 1.26226248568910E-001, 7.15573433840433E-020, 2.08008689887589E-003, 4.11996825544491E-020, 1.96083761920761E-004, 4.78149979943901E-003, 1.00000000000000E+000
 2.52452497137819E-001, 1.25560103365296E-001, 2.06977192669198E-003, 1.25560103365296E-001, 2.32659907468090E-004, 9.78894808143699E-002, 5.00000000000000E+000
 3.78678745706729E-001, 2.47222657587515E-001, 2.05172835706906E-003, 2.47222657587515E-001, 2.86422776677402E-004, 1.39128818119527E-001, 1.00000000000000E+001
 5.04904994275638E-001, 3.61559483669828E-001, 2.12242678016116E-003, 3.61559483669828E-001, 4.23213288751722E-004, 1.48653813561848E-001, 1.00000000000000E+001
 6.31131242844548E-001, 4.65965924092016E-001, 2.67692401966271E-003, 4.65965924092016E-001, 1.40781056197132E-003, 1.43919384068447E-001, 1.00000000000000E+001
 7.57357491413457E-001, 5.58830672417515E-001, 6.09585589684182E-003, 5.58830672417515E-001, 5.77075124846138E-003, 1.36314054285645E-001, 1.00000000000000E+001
 8.83583739982367E-001, 6.39517832290709E-001, 1.87162525156930E-002, 6.39517832290709E-001, 1.87162525156930E-002, 1.29563835892622E-001, 1.00000000000000E+001
 1.00980998855128E+000, 7.08210131539878E-001, 4.76285562893775E-002, 7.08210131539878E-001, 4.76285562893775E-002, 1.26503543325400E-001, 1.00000000000000E+001
 1.10857346963663E+000, 7.65683416456287E-001, 9.79133898350996E-002, 7.65683416456287E-001, 9.79133898350996E-002, 1.17398099457989E-001, 1.00000000000000E+001
 1.19672609950294E+000, 8.03557557503802E-001, 1.74110148682039E-001, 8.03557557503802E-001, 1.74110148682039E-001, 1.07036516163728E-001, 1.00000000000000E+001
 1.28487872936924E+000, 8.32653272528089E-001, 2.55553513920815E-001, 8.32653272528089E-001, 2.55553513920815E-001, 9.74402235310341E-002, 1.00000000000000E+000
 1.37303135923554E+000, 8.57779353695481E-001, 3.38126914073173E-001, 8.57779353695481E-001, 3.38126914073173E-001, 9.34166743335259E-002, 1.00000000000000E+000
 1.46118398910184E+000, 8.79381202849375E-001, 4.21762050051680E-001, 8.79381202849375E-001, 4.21762050051680E-001, 9.07922678231470E-002, 1.00000000000000E+000
 1.54933661896814E+000, 8.97882308062259E-001, 5.06330452379390E-001, 8.97882308062259E-001, 5.06330452379390E-001, 8.77205094895395E-002, 1.00000000000000E+000
 1.63748924883444E+000, 9.13675968474683E-001, 5.91617599943078E-001, 9.13675968474683E-001, 5.91617599943078E-001, 8.27987296556134E-002, 1.00000000000000E+000
 1.72564187870074E+000, 9.27120759203370E-001, 6.77292687140290E-001, 9.27120759203370E-001, 6.77292687140290E-001, 7.52960473399248E-002, 1.00000000000000E+000
 1.80382810238595E+000, 9.38538803956856E-001, 7.53459010751813E-001, 9.38538803956856E-001, 7.53459010751813E-001, 6.11891456888261E-002, 1.00000000000000E+000
 1.88201432607116E+000, 9.47201011315285E-001, 8.29212512009133E-001, 9.47201011315285E-001, 8.29212512009133E-001, 5.07603108650917E-002, 1.00000000000000E+000
 1.96020054975636E+000, 9.54670932864954E-001, 9.03977444988731E-001, 9.54670932864954E-001, 9.03977444988731E-001, 5.23700095490031E-002, 1.00000000000000E+000
 2.03838677344157E+000, 9.61105131131635E-001, 9.77129439498455E-001, 9.61105131131635E-001, 9.77129439498455E-001, 6.21481854872012E-002, 1.00000000000000E+000
 2.11657299712678E+000, 9.66641618572855E-001, 1.04754600345327E+000, 9.66641618572855E-001, 1.04754600345327E+000, 6.89887594029355E-002, 1.00000000000000E+000
 2.19475922081199E+000, 9.71401507696873E-001, 1.11529915109967E+000, 9.71401507696873E-001, 1.11529915109967E+000, 8.64408278350388E-002, 1.00000000000000E+000
 2.27294544449719E+000, 9.75490675229713E-001, 1.17938859822957E+000, 9.75490675229713E-001, 1.17938859822957E+000, 9.85333900862252E-002, 1.00000000000000E+000
 2.34075538348554E+000, 9.79001379321565E-001, 1.23041197155163E+000, 9.79001379321565E-001, 1.23041197155163E+000, 8.47579575926573E-002, 2.00000000000000E+000
 2.40856532247388E+000, 9.81640092566688E-001, 1.27883983595336E+000, 9.81640092566688E-001, 1.27883983595336E+000, 8.94146492385383E-002, 1.00000000000000E+000
 2.47637526146223E+000, 9.83949910978115E-001, 1.32333368899066E+000, 9.83949910978115E-001, 1.32333368899066E+000, 9.12715850014036E-002, 2.00000000000000E+000
 2.53606763902425E+000, 9.85971193583470E-001, 1.35964385448507E+000, 9.85971193583470E-001, 1.35964385448507E+000, 9.92451903294486E-002, 1.00000000000000E+000
 2.59576001658628E+000, 9.87540072056489E-001, 1.39252778789977E+000, 9.87540072056489E-001, 1.39252778789977E+000, 9.91303688886735E-002, 2.00000000000000E+000
 2.65545239414830E+000, 9.88934476296677E-001, 1.42207603833799E+000, 9.88934476296677E-001, 1.42207603833799E+000, 9.97820873930106E-002, 2.00000000000000E+000
 2.71514477171033E+000, 9.90173602732444E-001, 1.44185084540373E+000, 9.90173602732444E-001, 1.44185084540373E+000, 1.00036763666219E-001, 1.00000000000000E+001
 2.77483714927235E+000, 9.91274579502504E-001, 1.45802995581533E+000, 9.91274579502504E-001, 1.45802995581533E+000, 9.98625879395426E-002, 3.00000000000000E+000
 2.83452952683438E+000, 9.92252679985830E-001, 1.47185317537910E+000, 9.92252679985830E-001, 1.47185317537910E+000, 9.90831475188876E-002, 2.00000000000000E+000
 2.89422190439640E+000, 9.93121516292992E-001, 1.48346344203777E+000, 9.93121516292992E-001, 1.48346344203777E+000, 9.78146443561743E-002, 3.00000000000000E+000
 2.94587544392311E+000, 9.93893214153651E-001, 1.49135405364427E+000, 9.93893214153651E-001, 1.49135405364427E+000, 9.89688280070566E-002, 3.00000000000000E+000
 2.99752898344982E+000, 9.94490944223164E-001, 1.49702133149388E+000, 9.94490944223164E-001, 1.49702133149388E+000, 9.90278487253828E-002, 3.00000000000000E+000
 3.04918252297652E+000, 9.95030314504369E-001, 1.49991224016172E+000, 9.95030314504369E-001, 1.49991224016172E+000, 9.87849103095887E-002, 3.00000000000000E+000
 3.10083606250323E+000, 9.95516995828996E-001, 1.49937383524808E+000, 9.95516995828996E-001, 1.49937383524808E+000, 9.84041067571690E-002, 3.00000000000000E+000
 3.15248960202994E+000, 9.95956113056454E-001, 1.49590338823960E+000, 9.95956113056454E-001, 1.49590338823960E+000, 9.90526175504326E-002, 2.00000000000000E+000
 3.20414314155664E+000, 9.96352296693001E-001, 1.48922917592527E+000, 9.96352296693001E-001, 1.48922917592527E+000, 9.72059272665563E-002, 2.00000000000000E+000
 3.25579668108335E+000, 9.96709729808070E-001, 1.47989331361418E+000, 9.96709729808070E-001, 1.47989331361418E+000, 9.62549226258425E-002, 2.00000000000000E+000
 3.31261557456273E+000, 9.97032190642424E-001, 1.46709851138000E+000, 9.97032190642424E-001, 1.46709851138000E+000, 9.62237592310764E-002, 2.00000000000000E+000
 3.36256687526893E+000, 9.97350566838961E-001, 1.45336249513567E+000, 9.97350566838961E-001, 1.45336249513567E+000, 9.30429603056280E-002, 2.00000000000000E+000
 3.41251817597513E+000, 9.97602158233440E-001, 1.43876477841987E+000, 9.97602158233440E-001, 1.43876477841987E+000, 9.69349308847802E-002, 1.00000000000000E+000
 3.46246947668133E+000, 9.97829884350862E-001, 1.42355529994620E+000, 9.97829884350862E-001, 1.42355529994620E+000, 9.83746782726163E-002, 1.00000000000000E+000
 3.51242077738752E+000, 9.98036004289536E-001, 1.40791104677237E+000, 9.98036004289536E-001, 1.40791104677237E+000, 9.96734944109283E-002, 1.00000000000000E+000
 3.56237207809372E+000, 9.98222564150589E-001, 1.39194721779714E+000, 9.98222564150589E-001, 1.39194721779714E+000, 9.40626750376357E-002, 1.00000000000000E+000
 3.61232337879992E+000, 9.98391416966243E-001, 1.37621547015484E+000, 9.98391416966243E-001, 1.37621547015484E+000, 8.95774526144963E-002, 1.00000000000000E+000
 3.66227467950612E+000, 9.98544240791523E-001, 1.36068782210789E+000, 9.98544240791523E-001, 1.36068782210789E+000, 8.80701581517205E-002, 1.00000000000000E+000
 3.71222598021232E+000, 9.98682555123567E-001, 1.34528755326482E+000, 9.98682555123567E-001, 1.34528755326482E+000, 8.07134363882314E-002, 1.00000000000000E+000
 3.76217728091852E+000, 9.98807735798951E-001, 1.32988989865979E+000, 9.98807735798951E-001, 1.32988989865979E+000, 8.17387915202454E-002, 1.00000000000000E+000
 3.81212858162472E+000, 9.98921028506688E-001, 1.31435434280080E+000, 9.98921028506688E-001, 1.31435434280080E+000, 8.35848895049609E-002, 1.00000000000000E+000
 3.86207988233091E+000, 9.99023561042758E-001, 1.29791161692668E+000, 9.99023561042758E-001, 1.29791161692668E+000, 7.30330654940803E-002, 1.00000000000000E+000
 3.91203118303711E+000, 9.99116354421062E-001, 1.28120321825066E+000, 9.99116354421062E-001, 1.28120321825066E+000, 8.63995219776434E-002, 1.00000000000000E+000
 3.96198248374331E+000, 9.99200332945657E-001, 1.26357833531819E+000, 9.99200332945657E-001, 1.26357833531819E+000, 7.29749179927985E-002, 1.00000000000000E+000
 4.01193378444951E+000, 9.99276333339832E-001, 1.24573168047454E+000, 9.99276333339832E-001, 1.24573168047454E+000, 8.05712812581536E-002, 1.00000000000000E+000
 4.06188508515571E+000, 9.99345113019093E-001, 1.22708562278603E+000, 9.99345113019093E-001, 1.22708562278603E+000, 6.15133092946592E-002, 1.00000000000000E+000
 4.11183638586191E+000, 9.99407357587312E-001, 1.20824385229520E+000, 9.99407357587312E-001, 1.20824385229520E+000, 6.18566344437594E-002, 1.00000000000000E+000
 4.15606138527992E+000, 9.99463687628133E-001, 1.19112006261243E+000, 9.99463687628133E-001, 1.19112006261243E+000, 5.47514508933484E-002, 1.00000000000000E+000
 4.20028638469793E+000, 9.99509075928259E-001, 1.17376837409719E+000, 9.99509075928259E-001, 1.17376837409719E+000, 5.09623771895544E-002, 1.00000000000000E+000
 4.24451138411594E+000, 9.99550623864276E-001, 1.15626935741633E+000, 9.99550623864276E-001, 1.15626935741633E+000, 4.91552789286605E-002, 1.00000000000000E+000
 4.28378038055377E+000, 9.99588656234521E-001, 1.14056812668809E+000, 9.99588656234521E-001, 1.14056812668809E+000, 4.60721022116686E-002, 1.00000000000000E+000
 4.32304937699159E+000, 9.99619720381786E-001, 1.12486525421442E+000, 9.99619720381786E-001, 1.12486525421442E+000, 4.20894625886985E-002, 1.00000000000000E+000
 4.36231837342941E+000, 9.99648439017423E-001, 1.10926703568872E+000, 9.99648439017423E-001, 1.10926703568872E+000, 3.79432154242041E-002, 1.00000000000000E+000
 4.40158736986724E+000, 9.99674989180336E-001, 1.09388055631516E+000, 9.99674989180336E-001, 1.09388055631516E+000, 3.47403703695608E-002, 1.00000000000000E+000
 4.44085636630506E+000, 9.99699534555271E-001, 1.07880854313514E+000, 9.99699534555271E-001, 1.07880854313514E+000, 3.49837062402307E-002, 1.00000000000000E+000
 4.48012536274288E+000, 9.99722226478860E-001, 1.06414359890822E+000, 9.99722226478860E-001, 1.06414359890822E+000, 3.53760917650725E-002, 1.00000000000000E+000
 4.51939435918070E+000, 9.99743204870060E-001, 1.04996413821445E+000, 9.99743204870060E-001, 1.04996413821445E+000, 3.66458850542892E-002, 1.00000000000000E+000
 4.55866335561853E+000, 9.99762599090640E-001, 1.03633484041153E+000, 9.99762599090640E-001, 1.03633484041153E+000, 3.70854004531116E-002, 1.00000000000000E+000
 4.59793235205635E+000, 9.99780528740959E-001, 1.02330598614647E+000, 9.99780528740959E-001, 1.02330598614647E+000, 3.67284518561930E-002, 1.00000000000000E+000
 4.64112824813795E+000, 9.99797104395856E-001, 1.00966465080608E+000, 9.99797104395856E-001, 1.00966465080608E+000, 3.94429837164694E-002, 1.00000000000000E+000
 4.68432414421956E+000, 9.99813895529446E-001, 9.96763587264461E-001, 9.99813895529446E-001, 9.96763587264461E-001, 4.02096432972150E-002, 1.00000000000000E+000
 4.73183962990933E+000, 9.99829297189361E-001, 9.83393000908440E-001, 9.99829297189361E-001, 9.83393000908440E-001, 4.45151900281679E-002, 1.00000000000000E+000
 4.77935511559909E+000, 9.99844771090766E-001, 9.70852002158783E-001, 9.99844771090766E-001, 9.70852002158783E-001, 5.09856667859085E-002, 1.00000000000000E+000
 4.83162214985783E+000, 9.99858842409971E-001, 9.57942435789781E-001, 9.99858842409971E-001, 9.57942435789781E-001, 5.74276832058838E-002, 1.00000000000000E+000
 4.88388918411658E+000, 9.99872852241503E-001, 9.45886851665997E-001, 9.99872852241503E-001, 9.45886851665997E-001, 5.98590059173392E-002, 1.00000000000000E+000
 4.93615621837532E+000, 9.99885471682768E-001, 9.34594052489837E-001, 9.99885471682768E-001, 9.34594052489837E-001, 5.06273546314753E-002, 1.00000000000000E+000
 4.98842325263406E+000, 9.99896838706491E-001, 9.23969776378935E-001, 9.99896838706491E-001, 9.23969776378935E-001, 6.08157349856469E-002, 1.00000000000000E+000
 5.04069028689280E+000, 9.99907077596773E-001, 9.13933205096136E-001, 9.99907077596773E-001, 9.13933205096136E-001, 6.10519896201964E-002, 1.00000000000000E+000
 5.09295732115154E+000, 9.99916300306633E-001, 9.04435029932885E-001, 9.99916300306633E-001, 9.04435029932885E-001, 6.17567370380434E-002, 1.00000000000000E+000
 5.14522435541029E+000, 9.99924607681035E-001, 8.95461917372984E-001, 9.99924607681035E-001, 8.95461917372984E-001, 7.37624468080167E-002, 1.00000000000000E+000
 5.19749138966903E+000, 9.99932090558675E-001, 8.87101863093223E-001, 9.99932090558675E-001, 8.87101863093223E-001, 6.64265880778210E-002, 1.00000000000000E+000
 5.24975842392777E+000, 9.99938830764569E-001, 8.79293608010156E-001, 9.99938830764569E-001, 8.79293608010156E-001, 8.80981536391072E-002, 1.00000000000000E+000
 5.30202545818651E+000, 9.99944902004219E-001, 8.72239148878904E-001, 9.99944902004219E-001, 8.72239148878904E-001, 7.81992692489588E-002, 1.00000000000000E+000
 5.35429249244525E+000, 9.99950370669128E-001, 8.65801090614555E-001, 9.99950370669128E-001, 8.65801090614555E-001, 8.40791939070109E-002, 1.00000000000000E+000
 5.40655952670400E+000, 9.99955296562436E-001, 8.60007949635389E-001, 9.99955296562436E-001, 8.60007949635389E-001, 7.55796147594108E-002, 1.00000000000000E+000
 5.45882656096274E+000, 9.99959733552591E-001, 8.54870873347529E-001, 9.99959733552591E-001, 8.54870873347529E-001, 5.96251074224610E-002, 1.00000000000000E+000
 5.51109359522148E+000, 9.99963730162191E-001, 8.50398726995658E-001, 9.99963730162191E-001, 8.50398726995658E-001, 6.34203366065154E-002, 1.00000000000000E+000
 5.56336062948022E+000, 9.99967330098422E-001, 8.46602240282905E-001, 9.99967330098422E-001, 8.46602240282905E-001, 6.17256087271749E-002, 1.00000000000000E+000
 5.61562766373897E+000, 9.99970572730872E-001, 8.43481129919759E-001, 9.99970572730872E-001, 8.43481129919759E-001, 6.29771115509428E-002, 1.00000000000000E+000
 5.66789469799771E+000, 9.99973493521953E-001, 8.41013630550215E-001, 9.99973493521953E-001, 8.41013630550215E-001, 6.96058735307341E-002, 1.00000000000000E+000
 5.72016173225645E+000, 9.99976124414619E-001, 8.39313931094159E-001, 9.99976124414619E-001, 8.39313931094159E-001, 6.30028140259091E-002, 1.00000000000000E+000
 5.77242876651519E+000, 9.99978494181616E-001, 8.38201898250821E-001, 9.99978494181616E-001, 8.38201898250821E-001, 8.73764766943292E-002, 1.00000000000000E+000
 5.82469580077393E+000, 9.99980628740088E-001, 8.37669441586571E-001, 9.99980628740088E-001, 8.37669441586571E-001, 8.20634581791528E-002, 1.00000000000000E+000
 5.87696283503268E+000, 9.99982551434959E-001, 8.37729075330088E-001, 9.99982551434959E-001, 8.37729075330088E-001, 4.81602554102913E-002, 2.00000000000000E+000
 5.93445657271729E+000, 9.99984283294205E-001, 8.38354155157058E-001, 9.99984283294205E-001, 8.38354155157058E-001, 4.49051873132393E-002, 1.00000000000000E+000
 5.99195031040191E+000, 9.99985990473139E-001, 8.39603114063766E-001, 9.99985990473139E-001, 8.39603114063766E-001, 8.46204970936120E-002, 1.00000000000000E+000
 6.04944404808653E+000, 9.99987512216158E-001, 8.41401624489956E-001, 9.99987512216158E-001, 8.41401624489956E-001, 9.35546390923623E-002, 1.00000000000000E+000
 6.11268715953960E+000, 9.99988868665306E-001, 8.43885792899343E-001, 9.99988868665306E-001, 8.43885792899343E-001, 9.16358313341936E-002, 1.00000000000000E+000
 6.17593027099268E+000, 9.99990191213996E-001, 8.46728264754797E-001, 9.99990191213996E-001, 8.46728264754797E-001, 9.95221191266936E-002, 1.00000000000000E+000
 6.23917338244576E+000, 9.99991356627219E-001, 8.49652430039025E-001, 9.99991356627219E-001, 8.49652430039025E-001, 4.36189407923604E-002, 2.00000000000000E+000
 6.30241649389884E+000, 9.99992383574499E-001, 8.52714797348270E-001, 9.99992383574499E-001, 8.52714797348270E-001, 8.21275069840268E-002, 1.00000000000000E+000
 6.36565960535191E+000, 9.99993288507234E-001, 8.55720307867745E-001, 9.99993288507234E-001, 8.55720307867745E-001, 4.97912345037836E-002, 2.00000000000000E+000
 6.42890271680499E+000, 9.99994085922234E-001, 8.58615717827154E-001, 9.99994085922234E-001, 8.58615717827154E-001, 9.38925028414641E-002, 1.00000000000000E+000
 6.49214582825807E+000, 9.99994788593926E-001, 8.61384997912253E-001, 9.99994788593926E-001, 8.61384997912253E-001, 5.04684012133096E-002, 2.00000000000000E+000
 6.55538893971115E+000, 9.99995407778997E-001, 8.63844172782131E-001, 9.99995407778997E-001, 8.63844172782131E-001, 6.83804423736520E-002, 1.00000000000000E+000
 6.61863205116423E+000, 9.99995953396709E-001, 8.65929423577777E-001, 9.99995953396709E-001, 8.65929423577777E-001, 7.95200737405091E-002, 1.00000000000000E+000
 6.68187516261730E+000, 9.99996434187803E-001, 8.67986579740761E-001, 9.99996434187803E-001, 8.67986579740761E-001, 4.67111791689581E-002, 2.00000000000000E+000
 6.74511827407038E+000, 9.99996857854515E-001, 8.69817611944488E-001, 9.99996857854515E-001, 8.69817611944488E-001, 4.94778625368288E-002, 2.00000000000000E+000
 6.80836138552346E+000, 9.99997231183961E-001, 8.71131580603731E-001, 9.99997231183961E-001, 8.71131580603731E-001, 8.51003155612007E-002, 1.00000000000000E+000
 6.87160449697654E+000, 9.99997560156867E-001, 8.72558069079242E-001, 9.99997560156867E-001, 8.72558069079242E-001, 6.49605156015367E-002, 2.00000000000000E+000
 6.93484760842961E+000, 9.99997850043371E-001, 8.74003118956332E-001, 9.99997850043371E-001, 8.74003118956332E-001, 4.36172218708009E-002, 2.00000000000000E+000
 6.99809071988269E+000, 9.99998105487454E-001, 8.75434311327135E-001, 9.99998105487454E-001, 8.75434311327135E-001, 4.60835645471802E-002, 2.00000000000000E+000
 7.06133383133577E+000, 9.99998330581330E-001, 8.76884609314156E-001, 9.99998330581330E-001, 8.76884609314156E-001, 4.45565925188800E-002, 2.00000000000000E+000
 7.13090125393416E+000, 9.99998528931010E-001, 8.78419788398707E-001, 9.99998528931010E-001, 8.78419788398707E-001, 4.88771949951965E-002, 2.00000000000000E+000
 7.20046867653254E+000, 9.99998720007023E-001, 8.79264959769885E-001, 9.99998720007023E-001, 8.79264959769885E-001, 8.93339733997704E-002, 1.00000000000000E+000
 7.27003609913093E+000, 9.99998886264336E-001, 8.80781794831329E-001, 9.99998886264336E-001, 8.80781794831329E-001, 5.47728862193360E-002, 2.00000000000000E+000
 7.33173335413254E+000, 9.99999030926621E-001, 8.83392759743877E-001, 9.99999030926621E-001, 8.83392759743877E-001, 4.42821254577498E-002, 2.00000000000000E+000
 7.39343060913415E+000, 9.99999143421573E-001, 8.87296811864767E-001, 9.99999143421573E-001, 8.87296811864767E-001, 4.65734284217327E-002, 2.00000000000000E+000
 7.45512786413575E+000, 9.99999242857544E-001, 8.92518075596019E-001, 9.99999242857544E-001, 8.92518075596019E-001, 4.68315870756532E-002, 2.00000000000000E+000
 7.51682511913736E+000, 9.99999330750487E-001, 8.98917912598511E-001, 9.99999330750487E-001, 8.98917912598511E-001, 4.38626474426392E-002, 2.00000000000000E+000
 7.57852237413897E+000, 9.99999408440374E-001, 9.06233193881136E-001, 9.99999408440374E-001, 9.06233193881136E-001, 4.19065684499232E-002, 2.00000000000000E+000
 7.64021962914058E+000, 9.99999477111626E-001, 9.13603631181728E-001, 9.99999477111626E-001, 9.13603631181728E-001, 9.87672088362055E-002, 1.00000000000000E+000
 7.70191688414219E+000, 9.99999537811171E-001, 9.21294965659662E-001, 9.99999537811171E-001, 9.21294965659662E-001, 4.94686893837131E-002, 2.00000000000000E+000
 7.76978386464396E+000, 9.99999591464406E-001, 9.29299104827296E-001, 9.99999591464406E-001, 9.29299104827296E-001, 7.70373471197214E-002, 1.00000000000000E+000
 7.83765084514573E+000, 9.99999643317828E-001, 9.37026985594715E-001, 9.99999643317828E-001, 9.37026985594715E-001, 4.76146374120852E-002, 2.00000000000000E+000
 7.90551782564750E+000, 9.99999688589751E-001, 9.44113495455989E-001, 9.99999688589751E-001, 9.44113495455989E-001, 7.89460335377536E-002, 1.00000000000000E+000
 7.96123188645424E+000, 9.99999728115531E-001, 9.50443029378108E-001, 9.99999728115531E-001, 9.49981025037454E-001, 4.65745999542597E-002, 2.00000000000000E+000
 8.01694594726098E+000, 9.99999756784198E-001, 9.56378920539979E-001, 9.99999756784198E-001, 9.55398476349882E-001, 6.86645593990463E-002, 1.00000000000000E+000
 8.07266000806773E+000, 9.99999782429919E-001, 9.62185730163452E-001, 9.99999782429919E-001, 9.60699463589875E-001, 8.58411083711148E-002, 1.00000000000000E+000
 8.12837406887447E+000, 9.99999805371443E-001, 9.67927982449337E-001, 9.99999805371443E-001, 9.65931509374632E-001, 9.75034303784168E-002, 1.00000000000000E+000
 8.18408812968122E+000, 9.99999825893916E-001, 9.73628151021624E-001, 9.99999825893916E-001, 9.71104170008367E-001, 8.22102017589696E-002, 1.00000000000000E+000
 8.23980219048796E+000, 9.99999844252411E-001, 9.79072501138727E-001, 9.99999844252411E-001, 9.75987159345974E-001, 8.92026774109917E-002, 1.00000000000000E+000
 8.29551625129471E+000, 9.99999860675107E-001, 9.84416592306119E-001, 9.99999860675107E-001, 9.80736017442194E-001, 6.34515307164054E-002, 1.00000000000000E+000
 8.35123031210145E+000, 9.99999875366123E-001, 9.90023484398445E-001, 9.99999875366123E-001, 9.85097109737118E-001, 9.30246399749781E-002, 1.00000000000000E+000
 8.40694437290820E+000, 9.99999888508057E-001, 9.95528903127564E-001, 9.99999888508057E-001, 9.89291625089630E-001, 7.86095747473392E-002, 1.00000000000000E+000
 8.46265843371494E+000, 9.99999900264247E-001, 1.00113803668257E+000, 9.99999900264247E-001, 9.93554235268523E-001, 3.52666699787239E-002, 2.00000000000000E+000
 8.51837249452169E+000, 9.99999910780814E-001, 1.00664548099408E+000, 9.99999910780814E-001, 9.97666341733570E-001, 2.81697362417850E-002, 1.00000000000000E+000
 8.57965796140910E+000, 9.99999920188469E-001, 1.01253350677088E+000, 9.99999920188469E-001, 1.00198370566655E+000, 7.82074513344149E-002, 1.00000000000000E+000
 8.64094342829652E+000, 9.99999929395276E-001, 1.01895095727308E+000, 9.99999929395276E-001, 1.00610068904312E+000, 9.91725451812542E-002, 1.00000000000000E+000
 8.70222889518394E+000, 9.99999937540014E-001, 1.02646700299084E+000, 9.99999937540014E-001, 1.01020211833249E+000, 3.31804653961376E-002, 2.00000000000000E+000
 8.76351436207135E+000, 9.99999944745201E-001, 1.03399767987710E+000, 9.99999944745201E-001, 1.01409676242813E+000, 7.62523334240126E-002, 1.00000000000000E+000
 8.82479982895877E+000, 9.99999951119221E-001, 1.04082873921152E+000, 9.99999951119221E-001, 1.01769927249041E+000, 3.41903124562142E-002, 2.00000000000000E+000
 8.88608529584619E+000, 9.99999956757953E-001, 1.04723477879081E+000, 9.99999956757953E-001, 1.02082166192749E+000, 7.58452316066154E-002, 1.00000000000000E+000
 8.94737076273361E+000, 9.99999961746220E-001, 1.05188262624239E+000, 9.99999961746220E-001, 1.02329000168086E+000, 4.00649686443977E-002, 2.00000000000000E+000
 9.00865622962102E+000, 9.99999966159054E-001, 1.05402066544889E+000, 9.99999966159054E-001, 1.02505276353181E+000, 8.97952683973644E-002, 1.00000000000000E+000
 9.06994169650844E+000, 9.99999970062840E-001, 1.05433539904356E+000, 9.99999970062840E-001, 1.02599104252651E+000, 8.02093137714155E-002, 2.00000000000000E+000
 9.13122716339586E+000, 9.99999973516296E-001, 1.05313145956187E+000, 9.99999973516296E-001, 1.02611263906406E+000, 5.93943843660192E-002, 1.00000000000000E+000
 9.19251263028328E+000, 9.99999976571372E-001, 1.05005141493553E+000, 9.99999976571372E-001, 1.02547079619650E+000, 9.84167101426086E-002, 1.00000000000000E+000
 9.25379809717069E+000, 9.99999979274025E-001, 1.04530621762544E+000, 9.99999979274025E-001, 1.02409412939014E+000, 9.70512115498638E-002, 1.00000000000000E+000
 9.31508356405811E+000, 9.99999981664909E-001, 1.03943174926489E+000, 9.99999981664909E-001, 1.02225474008736E+000, 3.83489203136262E-002, 2.00000000000000E+000
 9.37636903094553E+000, 9.99999983779987E-001, 1.03480077488029E+000, 9.99999983779987E-001, 1.02016224390224E+000, 4.24339996987255E-002, 2.00000000000000E+000
 9.43765449783295E+000, 9.99999985651076E-001, 1.02993311555034E+000, 9.99999985651076E-001, 1.01810091452264E+000, 4.47830602143162E-002, 2.00000000000000E+000
 9.49893996472036E+000, 9.99999987306323E-001, 1.02486742214056E+000, 9.99999987306323E-001, 1.01616251357496E+000, 9.52746191231817E-002, 1.00000000000000E+000
 9.56022543160778E+000, 9.99999988770625E-001, 1.01989199386251E+000, 9.99999988770625E-001, 1.01457774481261E+000, 4.61392751934822E-002, 2.00000000000000E+000
 9.62151089849520E+000, 9.99999990066011E-001, 1.01574417362223E+000, 9.99999990066011E-001, 1.01341386851277E+000, 6.04659499877287E-002, 1.00000000000000E+000
 9.68279636538262E+000, 9.99999991211964E-001, 1.01296700388741E+000, 9.99999991211964E-001, 1.01296700388741E+000, 6.85634092355025E-002, 1.00000000000000E+000
 9.74408183227003E+000, 9.99999992225725E-001, 1.01327779366639E+000, 9.99999992225725E-001, 1.01327779366639E+000, 3.17124982211339E-002, 2.00000000000000E+000
 9.80536729915745E+000, 9.99999993122541E-001, 1.01470818460559E+000, 9.99999993122541E-001, 1.01470818460559E+000, 6.76021476184934E-002, 1.00000000000000E+000
 9.86665276604487E+000, 9.99999993915903E-001, 1.01653190284085E+000, 9.99999993915903E-001, 1.01653190284085E+000, 6.18271422886529E-002, 2.00000000000000E+000
 9.93406677962103E+000, 9.99999994617745E-001, 1.01926081607708E+000, 9.99999994617745E-001, 1.01926081607708E+000, 9.16001766542551E-002, 1.00000000000000E+000
 9.98860872919525E+000, 9.99999995296630E-001, 1.02085463897151E+000, 9.99999995296630E-001, 1.02085463897151E+000, 6.20681281922568E-002, 2.00000000000000E+000
 1.00431506787695E+001, 9.99999995782699E-001, 1.02275435735806E+000, 9.99999995782699E-001, 1.02275435735806E+000, 6.65586222534889E-002, 1.00000000000000E+000
 1.00976926283437E+001, 9.99999996218534E-001, 1.02466458018214E+000, 9.99999996218534E-001, 1.02466458018214E+000, 9.16845507311712E-002, 1.00000000000000E+000
 1.01522345779179E+001, 9.99999996609330E-001, 1.02592509996200E+000, 9.99999996609330E-001, 1.02592509996200E+000, 4.59358014793101E-002, 2.00000000000000E+000
 1.02067765274921E+001, 9.99999996959738E-001, 1.02707757419208E+000, 9.99999996959738E-001, 1.02707757419208E+000, 7.44319563031630E-002, 1.00000000000000E+000
 1.02613184770664E+001, 9.99999997273933E-001, 1.02742564414482E+000, 9.99999997273933E-001, 1.02742564414482E+000, 3.67267021472559E-002, 2.00000000000000E+000
 1.03213146215980E+001, 9.99999997555658E-001, 1.02754061747293E+000, 9.99999997555658E-001, 1.02754061747293E+000, 8.81886704659800E-002, 1.00000000000000E+000
 1.03813107661297E+001, 9.99999997832046E-001, 1.02692044847198E+000, 9.99999997832046E-001, 1.02692044847198E+000, 5.12436206236531E-002, 2.00000000000000E+000
 1.04413069106613E+001, 9.99999998077183E-001, 1.02597655559026E+000, 9.99999998077183E-001, 1.02597655559026E+000, 6.48479556908441E-002, 1.00000000000000E+000
 1.05013030551930E+001, 9.99999998294601E-001, 1.02453022903461E+000, 9.99999998294601E-001, 1.02453022903461E+000, 3.41389376655621E-002, 2.00000000000000E+000
 1.05612991997246E+001, 9.99999998487435E-001, 1.02295056855995E+000, 9.99999998487435E-001, 1.02295056855995E+000, 6.88883025990561E-002, 1.00000000000000E+000
 1.06212953442563E+001, 9.99999998658465E-001, 1.02117436565261E+000, 9.99999998658465E-001, 1.02117436565261E+000, 8.64831078242172E-002, 1.00000000000000E+000
 1.06812914887879E+001, 9.99999998810156E-001, 1.01928041811798E+000, 9.99999998810156E-001, 1.01928041811798E+000, 4.73111616351951E-002, 2.00000000000000E+000
 1.07412876333195E+001, 9.99999998944695E-001, 1.01728135181572E+000, 9.99999998944695E-001, 1.01728135181572E+000, 5.65634197482934E-002, 1.00000000000000E+000
 1.07942950081918E+001, 9.99999999064021E-001, 1.01581191156829E+000, 9.99999999064021E-001, 1.01581191156829E+000, 5.89770495655044E-002, 1.00000000000000E+000
 1.08473023830641E+001, 9.99999999158169E-001, 1.01455845614337E+000, 9.99999999158169E-001, 1.01455845614337E+000, 8.03069262102394E-002, 1.00000000000000E+000
 1.09003097579363E+001, 9.99999999242848E-001, 1.01372429289018E+000, 9.99999999242848E-001, 1.01372429289018E+000, 6.73951418876728E-002, 1.00000000000000E+000
 1.09477692120917E+001, 9.99999999319010E-001, 1.01335586766427E+000, 9.99999999319010E-001, 1.01335586766427E+000, 7.18487833175294E-002, 1.00000000000000E+000
 1.09952286662471E+001, 9.99999999380676E-001, 1.01325140786486E+000, 9.99999999380676E-001, 1.01325140786486E+000, 7.31257004829691E-002, 1.00000000000000E+000
 1.10376622930614E+001, 9.99999999436757E-001, 1.01360583513038E+000, 9.99999999436757E-001, 1.01360583513038E+000, 4.94006916620005E-002, 1.00000000000000E+000
 1.10800959198756E+001, 9.99999999482586E-001, 1.01408629378485E+000, 9.99999999482586E-001, 1.01408629378485E+000, 6.69873451549132E-002, 1.00000000000000E+000
 1.11225295466899E+001, 9.99999999524686E-001, 1.01465533501470E+000, 9.99999999524686E-001, 1.01465533501470E+000, 7.48694516396613E-002, 1.00000000000000E+000
 1.11649631735042E+001, 9.99999999563361E-001, 1.01542639047036E+000, 9.99999999563361E-001, 1.01542639047036E+000, 5.29076895312375E-002, 1.00000000000000E+000
 1.12073968003185E+001, 9.99999999598888E-001, 1.01623573192134E+000, 9.99999999598888E-001, 1.01623573192134E+000, 6.26159668538782E-002, 1.00000000000000E+000
 1.12498304271328E+001, 9.99999999631524E-001, 1.01708659510764E+000, 9.99999999631524E-001, 1.01708659510764E+000, 6.09540694774049E-002, 1.00000000000000E+000
 1.12922640539471E+001, 9.99999999661506E-001, 1.01798912409032E+000, 9.99999999661506E-001, 1.01798912409032E+000, 5.90046586112942E-002, 1.00000000000000E+000
 1.13346976807613E+001, 9.99999999689047E-001, 1.01897369071756E+000, 9.99999999689047E-001, 1.01897369071756E+000, 4.95203304025919E-002, 1.00000000000000E+000
 1.13771313075756E+001, 9.99999999714349E-001, 1.02006556740769E+000, 9.99999999714349E-001, 1.02006556740769E+000, 5.37536301213200E-002, 1.00000000000000E+000
 1.14195649343899E+001, 9.99999999737591E-001, 1.02127265338737E+000, 9.99999999737591E-001, 1.02127265338737E+000, 6.72341282266724E-002, 1.00000000000000E+000
 1.14619985612042E+001, 9.99999999758942E-001, 1.02257677671412E+000, 9.99999999758942E-001, 1.02257677671412E+000, 7.20725185940578E-002, 1.00000000000000E+000
 1.15044321880185E+001, 9.99999999778556E-001, 1.02382989523999E+000, 9.99999999778556E-001, 1.02382989523999E+000, 4.61305636821445E-002, 1.00000000000000E+000
 1.15468658148328E+001, 9.99999999796574E-001, 1.02505732219886E+000, 9.99999999796574E-001, 1.02505732219886E+000, 6.18504485943756E-002, 1.00000000000000E+000
 1.15935428043285E+001, 9.99999999813125E-001, 1.02630630210205E+000, 9.99999999813125E-001, 1.02630630210205E+000, 7.50407279737042E-002, 1.00000000000000E+000
 1.16402197938242E+001, 9.99999999829782E-001, 1.02707581963079E+000, 9.99999999829782E-001, 1.02707581963079E+000, 5.88676287222549E-002, 1.00000000000000E+000
 1.17335737728156E+001, 9.99999999851862E-001, 1.02737195697728E+000, 9.99999999851862E-001, 1.02737195697728E+000, 7.40602566752206E-002, 1.00000000000000E+000
 1.17802507623113E+001, 9.99999999871359E-001, 1.02561963275492E+000, 9.99999999871359E-001, 1.02561963275492E+000, 4.07992371083981E-002, 2.00000000000000E+000
 1.18269277518070E+001, 9.99999999882825E-001, 1.02308547550722E+000, 9.99999999882825E-001, 1.02308547550722E+000, 3.05889918586051E-002, 1.00000000000000E+000
 1.19202817307985E+001, 9.99999999898026E-001, 1.01767971574634E+000, 9.99999999898026E-001, 1.01767971574634E+000, 8.77704942574336E-002, 1.00000000000000E+000
 1.19669587202942E+001, 9.99999999911447E-001, 1.01108470875056E+000, 9.99999999911447E-001, 1.01108470875056E+000, 8.20154920901501E-002, 1.00000000000000E+000
 1.20136357097899E+001, 9.99999999919340E-001, 1.00629202704877E+000, 9.99999999919340E-001, 1.00629202704877E+000, 7.92104979189283E-002, 1.00000000000000E+000
 1.20603126992856E+001, 9.99999999926529E-001, 1.00153525943400E+000, 9.99999999926529E-001, 1.00153525943400E+000, 5.71775713940585E-002, 1.00000000000000E+000
 1.21536666782770E+001, 9.99999999936059E-001, 9.94865530896871E-001, 9.99999999936059E-001, 9.94865530896871E-001, 8.21588917552970E-002, 1.00000000000000E+000
 1.22003436677727E+001, 9.99999999944475E-001, 9.89325112675656E-001, 9.99999999944475E-001, 9.89325112675656E-001, 9.49744439693661E-002, 1.00000000000000E+000
 1.22470206572684E+001, 9.99999999949424E-001, 9.86476206126513E-001, 9.99999999949424E-001, 9.86476206126513E-001, 9.90046934963416E-002, 1.00000000000000E+000
 1.23403746362599E+001, 9.99999999955985E-001, 9.83227762109222E-001, 9.99999999955985E-001, 9.83227762109222E-001, 9.03716334047935E-002, 1.00000000000000E+000
 1.23870516257556E+001, 9.99999999961778E-001, 9.80724561356152E-001, 9.99999999961778E-001, 9.80724561356152E-001, 6.12087354170461E-002, 1.00000000000000E+000
 1.24337286152513E+001, 9.99999999965184E-001, 9.79443460255798E-001, 9.99999999965184E-001, 9.79443460255798E-001, 7.53802526952370E-002, 1.00000000000000E+000
 1.24850733036966E+001, 9.99999999968287E-001, 9.78366665469247E-001, 9.99999999968287E-001, 9.78366665469247E-001, 7.29989234875661E-002, 1.00000000000000E+000
 1.25877626805871E+001, 9.99999999972779E-001, 9.77414208107303E-001, 9.99999999972779E-001, 9.77414208107303E-001, 8.75185467782518E-002, 1.00000000000000E+000
 1.26391073690324E+001, 9.99999999976695E-001, 9.77076929179781E-001, 9.99999999976695E-001, 9.77076929179781E-001, 6.68586868933601E-002, 1.00000000000000E+000
 1.26904520574777E+001, 9.99999999978970E-001, 9.77227906429966E-001, 9.99999999978970E-001, 9.77227906429966E-001, 8.45359614166152E-002, 1.00000000000000E+000
 1.27417967459230E+001, 9.99999999981022E-001, 9.77617942584436E-001, 9.99999999981022E-001, 9.77617942584436E-001, 5.59326203138819E-002, 1.00000000000000E+000
 1.27931414343683E+001, 9.99999999982875E-001, 9.78211969835837E-001, 9.99999999982875E-001, 9.78211969835837E-001, 7.45108773098189E-002, 1.00000000000000E+000
 1.28444861228135E+001, 9.99999999984546E-001, 9.78957983103664E-001, 9.99999999984546E-001, 9.78957983103664E-001, 6.71511674305734E-002, 1.00000000000000E+000
 1.29471754997041E+001, 9.99999999986734E-001, 9.80301199791536E-001, 9.99999999986734E-001, 9.80301199791536E-001, 7.37927711188342E-002, 1.00000000000000E+000
 1.29985201881494E+001, 9.99999999988643E-001, 9.81779056938429E-001, 9.99999999988643E-001, 9.81779056938429E-001, 8.86635469568802E-002, 1.00000000000000E+000
 1.30498648765947E+001, 9.99999999989751E-001, 9.82815848759046E-001, 9.99999999989751E-001, 9.82815848759046E-001, 6.47426278917906E-002, 1.00000000000000E+000
 1.31012095650399E+001, 9.99999999990752E-001, 9.83883241996128E-001, 9.99999999990752E-001, 9.83883241996128E-001, 7.79463631587014E-002, 1.00000000000000E+000
 1.31525542534852E+001, 9.99999999991655E-001, 9.84958163045580E-001, 9.99999999991655E-001, 9.84958163045580E-001, 6.40503147782785E-002, 1.00000000000000E+000
 1.32038989419305E+001, 9.99999999992469E-001, 9.86108175293145E-001, 9.99999999992469E-001, 9.86108175293145E-001, 2.81135013047318E-002, 2.00000000000000E+000
 1.33065883188211E+001, 9.99999999993535E-001, 9.87783063545514E-001, 9.99999999993535E-001, 9.87783063545514E-001, 6.19932875823305E-002, 1.00000000000000E+000
 1.33579330072664E+001, 9.99999999994466E-001, 9.89587511396360E-001, 9.99999999994466E-001, 9.89587511396360E-001, 2.96150328946712E-002, 2.00000000000000E+000
 1.34092776957116E+001, 9.99999999995006E-001, 9.90812653700534E-001, 9.99999999995006E-001, 9.90812653700534E-001, 8.45672176968859E-002, 1.00000000000000E+000
 1.34606223841569E+001, 9.99999999995493E-001, 9.92208582277236E-001, 9.99999999995493E-001, 9.92208582277236E-001, 3.91049667039555E-002, 2.00000000000000E+000
 1.35119670726022E+001, 9.99999999995933E-001, 9.93796391389023E-001, 9.99999999995933E-001, 9.93796391389023E-001, 2.98706846012867E-002, 2.00000000000000E+000
 1.36040158663721E+001, 9.99999999996491E-001, 9.96247860822975E-001, 9.99999999996491E-001, 9.96247860822975E-001, 6.30157927893668E-002, 1.50000000000000E+000
 1.36500402632570E+001, 9.99999999996948E-001, 9.98994344437937E-001, 9.99999999996948E-001, 9.98994344437937E-001, 6.07710166418078E-002, 1.00000000000000E+000
 1.36960646601420E+001, 9.99999999997216E-001, 1.00091757518290E+000, 9.99999999997216E-001, 1.00091757518290E+000, 4.66358853989148E-002, 1.00000000000000E+000
 1.37420890570269E+001, 9.99999999997461E-001, 1.00287223834142E+000, 9.99999999997461E-001, 1.00287223834142E+000, 5.78387530651880E-002, 1.00000000000000E+000
 1.38341378507968E+001, 9.99999999997786E-001, 1.00587011206259E+000, 9.99999999997786E-001, 1.00587011206259E+000, 6.64899980261321E-002, 1.00000000000000E+000
 1.38801622476817E+001, 9.99999999998074E-001, 1.00894413532759E+000, 9.99999999998074E-001, 1.00894413532759E+000, 3.81799065836099E-002, 2.00000000000000E+000
 1.39261866445667E+001, 9.99999999998243E-001, 1.01109671017177E+000, 9.99999999998243E-001, 1.01109671017177E+000, 8.09242288366896E-002, 1.00000000000000E+000
 1.40182354383366E+001, 9.99999999998468E-001, 1.01402820744887E+000, 9.99999999998468E-001, 1.01402820744887E+000, 4.91332396515894E-002, 1.50000000000000E+000
 1.40642598352215E+001, 9.99999999998667E-001, 1.01676560217991E+000, 9.99999999998667E-001, 1.01676560217991E+000, 6.47899011887956E-002, 1.00000000000000E+000
 1.41102842321065E+001, 9.99999999998785E-001, 1.01837977637217E+000, 9.99999999998785E-001, 1.01837977637217E+000, 8.27570050309299E-002, 1.00000000000000E+000
 1.42069354655648E+001, 9.99999999998942E-001, 1.01995047560400E+000, 9.99999999998942E-001, 1.01995047560400E+000, 6.86520954463380E-002, 1.00000000000000E+000
 1.42575623021383E+001, 9.99999999999086E-001, 1.02065305388223E+000, 9.99999999999086E-001, 1.02065305388223E+000, 6.37123734440785E-002, 1.00000000000000E+000
 1.43081891387117E+001, 9.99999999999174E-001, 1.02064053930708E+000, 9.99999999999174E-001, 1.02064053930708E+000, 8.61056580739532E-002, 1.00000000000000E+000
 1.43588159752852E+001, 9.99999999999254E-001, 1.02008776928348E+000, 9.99999999999254E-001, 1.02008776928348E+000, 7.78177261202762E-002, 1.00000000000000E+000
 1.44094428118586E+001, 9.99999999999326E-001, 1.01940462808827E+000, 9.99999999999326E-001, 1.01940462808827E+000, 9.94317955099939E-002, 1.00000000000000E+000
 1.44600696484320E+001, 9.99999999999390E-001, 1.01841978734608E+000, 9.99999999999390E-001, 1.01841978734608E+000, 6.80649723002678E-002, 1.00000000000000E+000
 1.45613233215789E+001, 9.99999999999475E-001, 1.01698389983190E+000, 9.99999999999475E-001, 1.01698389983190E+000, 7.41562557982995E-002, 1.00000000000000E+000
 1.46119501581523E+001, 9.99999999999551E-001, 1.01538294754549E+000, 9.99999999999551E-001, 1.01538294754549E+000, 6.03306145794915E-002, 2.00000000000000E+000
 1.46625769947258E+001, 9.99999999999593E-001, 1.01442939878262E+000, 9.99999999999593E-001, 1.01442939878262E+000, 3.13797849332207E-002, 1.00000000000000E+000
 1.47132038312992E+001, 9.99999999999632E-001, 1.01365739366067E+000, 9.99999999999632E-001, 1.01365739366067E+000, 6.70549389606561E-002, 1.00000000000000E+000
 1.47638306678727E+001, 9.99999999999668E-001, 1.01303422900545E+000, 9.99999999999668E-001, 1.01303422900545E+000, 9.20820354047913E-002, 1.00000000000000E+000
 1.48650843410195E+001, 9.99999999999715E-001, 1.01231063630718E+000, 9.99999999999715E-001, 1.01231063630718E+000, 9.05176225585379E-002, 1.00000000000000E+000
 1.49157111775930E+001, 9.99999999999755E-001, 1.01167393004529E+000, 9.99999999999755E-001, 1.01167393004529E+000, 7.87262141274112E-002, 1.00000000000000E+000
 1.49663380141664E+001, 9.99999999999779E-001, 1.01098814339341E+000, 9.99999999999779E-001, 1.01098814339341E+000, 3.11806693235814E-002, 2.00000000000000E+000
 1.50169648507398E+001, 9.99999999999800E-001, 1.01010343358640E+000, 9.99999999999800E-001, 1.01010343358640E+000, 3.28506760579215E-002, 1.00000000000000E+000
 1.50675916873133E+001, 9.99999999999819E-001, 1.00899122250839E+000, 9.99999999999819E-001, 1.00899122250839E+000, 9.18636330341640E-002, 1.00000000000000E+000
 1.51688453604602E+001, 9.99999999999845E-001, 1.00674235606719E+000, 9.99999999999845E-001, 1.00674235606719E+000, 4.85650075246741E-002, 1.50000000000000E+000
 1.52194721970336E+001, 9.99999999999867E-001, 1.00411382143754E+000, 9.99999999999867E-001, 1.00411382143754E+000, 8.04209491526802E-002, 1.00000000000000E+000
 1.52700990336070E+001, 9.99999999999879E-001, 1.00218107886717E+000, 9.99999999999879E-001, 1.00218107886717E+000, 8.44936921189503E-002, 1.00000000000000E+000
 1.53207258701805E+001, 9.99999999999891E-001, 1.00008254642902E+000, 9.99999999999891E-001, 1.00008254642902E+000, 7.78823141507847E-002, 1.00000000000000E+000
 1.53713527067539E+001, 9.99999999999901E-001, 9.97864765857686E-001, 9.99999999999901E-001, 9.97864765857686E-001, 6.46738686865731E-002, 1.00000000000000E+000
 1.54219795433273E+001, 9.99999999999911E-001, 9.95607624922282E-001, 9.99999999999911E-001, 9.95607624922282E-001, 6.55763919069992E-002, 1.00000000000000E+000
 1.55232332164742E+001, 9.99999999999924E-001, 9.92774179106935E-001, 9.99999999999924E-001, 9.92774179106935E-001, 6.93165322936901E-002, 1.00000000000000E+000
 1.55738600530477E+001, 9.99999999999934E-001, 9.90630957202726E-001, 9.99999999999934E-001, 9.90630957202726E-001, 7.83586865322492E-002, 1.00000000000000E+000
 1.56244868896211E+001, 9.99999999999940E-001, 9.90299099087369E-001, 9.99999999999940E-001, 9.90299099087369E-001, 2.73363918055416E-002, 2.00000000000000E+000
 1.56751137261945E+001, 9.99999999999946E-001, 9.90378182906501E-001, 9.99999999999946E-001, 9.90378182906501E-001, 7.20476338627858E-002, 1.00000000000000E+000
 1.57257405627680E+001, 9.99999999999951E-001, 9.90874781619361E-001, 9.99999999999951E-001, 9.90874781619361E-001, 2.86144985639971E-002, 2.00000000000000E+000
 1.58269942359148E+001, 9.99999999999958E-001, 9.91741289361435E-001, 9.99999999999958E-001, 9.91741289361435E-001, 5.86628920057567E-002, 1.50000000000000E+000
 1.58776210724883E+001, 9.99999999999965E-001, 9.92354810722518E-001, 9.99999999999965E-001, 9.92354810722518E-001, 5.80971972343982E-002, 1.00000000000000E+000
 1.59282479090617E+001, 9.99999999999968E-001, 9.92547999365547E-001, 9.99999999999968E-001, 9.92547999365547E-001, 7.60857614957251E-002, 1.00000000000000E+000
 1.59788747456352E+001, 9.99999999999971E-001, 9.92684919508787E-001, 9.99999999999971E-001, 9.92684919508787E-001, 9.35584500003177E-002, 1.00000000000000E+000
 1.60345642658659E+001, 9.99999999999973E-001, 9.92542464724091E-001, 9.99999999999973E-001, 9.92542464724091E-001, 7.99044955063533E-002, 1.00000000000000E+000
 1.60902537860967E+001, 9.99999999999976E-001, 9.92356745601322E-001, 9.99999999999976E-001, 9.92356745601322E-001, 9.96393476312826E-002, 1.00000000000000E+000
 1.61459433063275E+001, 9.99999999999979E-001, 9.91786437495990E-001, 9.99999999999979E-001, 9.91786437495990E-001, 9.35365600582714E-002, 1.00000000000000E+000
 1.62016328265583E+001, 9.99999999999981E-001, 9.90877908308522E-001, 9.99999999999981E-001, 9.90877908308522E-001, 9.70053755412641E-002, 1.00000000000000E+000
 1.62965216557844E+001, 9.99999999999984E-001, 9.88989225688969E-001, 9.99999999999984E-001, 9.88989225688969E-001, 7.74574236023892E-002, 1.00000000000000E+000
 1.63439660703975E+001, 9.99999999999987E-001, 9.86698418877025E-001, 9.99999999999987E-001, 9.86698418877025E-001, 5.08381466365886E-002, 1.00000000000000E+000
 1.63914104850106E+001, 9.99999999999987E-001, 9.85022725247063E-001, 9.99999999999987E-001, 9.85022725247063E-001, 6.70471294557693E-002, 1.00000000000000E+000
 1.64766026983426E+001, 9.99999999999989E-001, 9.82203327297539E-001, 9.99999999999989E-001, 9.82203327297539E-001, 5.75973396357812E-002, 1.00000000000000E+000
 1.65191988050086E+001, 9.99999999999990E-001, 9.79294939222602E-001, 9.99999999999990E-001, 9.79294939222602E-001, 6.88309995340179E-002, 1.00000000000000E+000
 1.65617949116747E+001, 9.99999999999992E-001, 9.77224236045147E-001, 9.99999999999992E-001, 9.77224236045147E-001, 4.75717382986767E-002, 1.00000000000000E+000
 1.66469871250067E+001, 9.99999999999992E-001, 9.74153924529128E-001, 9.99999999999992E-001, 9.74153924529128E-001, 6.64636406360237E-002, 1.00000000000000E+000
 1.66895832316727E+001, 9.99999999999993E-001, 9.71139501632872E-001, 9.99999999999993E-001, 9.71139501632872E-001, 5.77709129848676E-002, 1.00000000000000E+000
 1.67747754450047E+001, 9.99999999999994E-001, 9.68254404458081E-001, 9.99999999999994E-001, 9.68254404458081E-001, 6.62005381513413E-002, 1.00000000000000E+000
 1.68173715516707E+001, 9.99999999999995E-001, 9.65504918039691E-001, 9.99999999999995E-001, 9.65504918039691E-001, 6.41802198456514E-002, 1.00000000000000E+000
 1.69025637650028E+001, 9.99999999999995E-001, 9.62889277057852E-001, 9.99999999999995E-001, 9.62889277057852E-001, 5.21052002363755E-002, 1.00000000000000E+000
 1.69451598716688E+001, 9.99999999999996E-001, 9.60379077587462E-001, 9.99999999999996E-001, 9.60379077587462E-001, 7.23185541191893E-002, 1.00000000000000E+000
 1.69920155890014E+001, 9.99999999999996E-001, 9.58693729314082E-001, 9.99999999999996E-001, 9.58693729314082E-001, 7.55366207458157E-002, 1.00000000000000E+000
 1.70904125953999E+001, 9.99999999999997E-001, 9.56306800813869E-001, 9.99999999999997E-001, 9.56306800813869E-001, 8.67566719654598E-002, 1.00000000000000E+000
 1.71471080133724E+001, 9.99999999999998E-001, 9.54090987975238E-001, 9.99999999999998E-001, 9.54090987975238E-001, 3.42590714946009E-002, 2.00000000000000E+000
 1.72038034313448E+001, 9.99999999999998E-001, 9.52493456396415E-001, 9.99999999999998E-001, 9.52493456396415E-001, 6.46907763051952E-002, 1.00000000000000E+000
 1.72604988493173E+001, 9.99999999999998E-001, 9.51219644988383E-001, 9.99999999999998E-001, 9.51219644988383E-001, 2.55320061426554E-002, 2.00000000000000E+000
 1.73171942672898E+001, 9.99999999999998E-001, 9.49941439125058E-001, 9.99999999999998E-001, 9.49941439125058E-001, 6.07352088771536E-002, 1.00000000000000E+000
 1.73738896852622E+001, 9.99999999999998E-001, 9.48710643583525E-001, 9.99999999999998E-001, 9.48710643583525E-001, 9.11056898285798E-002, 1.00000000000000E+000
 1.74305851032347E+001, 9.99999999999998E-001, 9.48054813204623E-001, 9.99999999999998E-001, 9.48054813204623E-001, 3.47420322252732E-002, 2.00000000000000E+000
 1.74872805212072E+001, 9.99999999999998E-001, 9.47271016874168E-001, 9.99999999999998E-001, 9.47271016874168E-001, 6.49995196897493E-002, 1.00000000000000E+000
 1.75439759391796E+001, 9.99999999999998E-001, 9.46737460426580E-001, 9.99999999999998E-001, 9.46737460426580E-001, 8.18876498736620E-002, 1.00000000000000E+000
 1.76006713571521E+001, 9.99999999999999E-001, 9.47172185461676E-001, 9.99999999999999E-001, 9.47172185461676E-001, 3.99008624715980E-002, 2.00000000000000E+000
 1.76573667751246E+001, 9.99999999999999E-001, 9.47921666344228E-001, 9.99999999999999E-001, 9.47921666344228E-001, 7.02720289120835E-002, 1.00000000000000E+000
 1.77140621930970E+001, 9.99999999999999E-001, 9.49655938606679E-001, 9.99999999999999E-001, 9.49655938606679E-001, 5.85410876799219E-002, 2.00000000000000E+000
 1.77707576110695E+001, 9.99999999999999E-001, 9.51430479644266E-001, 9.99999999999999E-001, 9.51430479644266E-001, 6.39837775252805E-002, 1.00000000000000E+000
 1.78274530290420E+001, 9.99999999999999E-001, 9.54018059888191E-001, 9.99999999999999E-001, 9.54018059888191E-001, 3.35638284041706E-002, 2.00000000000000E+000
 1.78841484470144E+001, 9.99999999999999E-001, 9.56674221959296E-001, 9.99999999999999E-001, 9.56674221959296E-001, 7.72645815070105E-002, 1.00000000000000E+000
 1.79408438649869E+001, 1.00000000000000E+000, 9.59675245238331E-001, 1.00000000000000E+000, 9.59675245238331E-001, 4.98515931265446E-002, 2.00000000000000E+000
 1.80542347009318E+001, 1.00000000000000E+000, 9.64164902892903E-001, 1.00000000000000E+000, 9.64164902892903E-001, 3.17157703894815E-002, 2.00000000000000E+000
 1.81109301189043E+001, 1.00000000000000E+000, 9.68450238731111E-001, 1.00000000000000E+000, 9.67995385273979E-001, 7.71547073216974E-002, 1.00000000000000E+000
 1.81676255368768E+001, 1.00000000000000E+000, 9.71186128276902E-001, 1.00000000000000E+000, 9.70171954883565E-001, 3.00047555797893E-002, 2.00000000000000E+000
 1.82243209548492E+001, 1.00000000000000E+000, 9.73658319641706E-001, 1.00000000000000E+000, 9.72134184480202E-001, 4.56690059967668E-002, 2.00000000000000E+000
 1.82810163728217E+001, 1.00000000000000E+000, 9.75966885683671E-001, 1.00000000000000E+000, 9.73994051818223E-001, 4.87596720653838E-002, 2.00000000000000E+000
 1.83377117907942E+001, 1.00000000000000E+000, 9.77915253421079E-001, 1.00000000000000E+000, 9.75549241821369E-001, 9.27848018777966E-002, 1.00000000000000E+000
 1.83944072087666E+001, 1.00000000000000E+000, 9.80103763824319E-001, 1.00000000000000E+000, 9.77105299703480E-001, 4.26494573769354E-002, 2.00000000000000E+000
 1.84511026267391E+001, 1.00000000000000E+000, 9.82168700506508E-001, 1.00000000000000E+000, 9.78246313836297E-001, 6.66976344801831E-002, 1.00000000000000E+000
 1.85077980447116E+001, 1.00000000000000E+000, 9.83867180825240E-001, 1.00000000000000E+000, 9.79109925895814E-001, 9.66681542117940E-002, 1.00000000000000E+000
 1.85644934626840E+001, 1.00000000000000E+000, 9.85332197519964E-001, 1.00000000000000E+000, 9.79838914899995E-001, 4.58198692512557E-002, 2.00000000000000E+000
 1.86211888806565E+001, 1.00000000000000E+000, 9.86357117751607E-001, 1.00000000000000E+000, 9.80216928075400E-001, 7.78612884012833E-002, 1.00000000000000E+000
 1.86778842986290E+001, 1.00000000000000E+000, 9.87139703705555E-001, 1.00000000000000E+000, 9.80298046876526E-001, 4.26025773793999E-002, 2.00000000000000E+000
 1.87345797166014E+001, 1.00000000000000E+000, 9.87775818093858E-001, 1.00000000000000E+000, 9.80007375112199E-001, 6.12537561107913E-002, 1.00000000000000E+000
 1.87912751345739E+001, 1.00000000000000E+000, 9.87745447052602E-001, 1.00000000000000E+000, 9.79382789840980E-001, 9.83510368488627E-002, 1.00000000000000E+000
 1.88479705525464E+001, 1.00000000000000E+000, 9.87023465065114E-001, 1.00000000000000E+000, 9.78452247252189E-001, 9.60489332853991E-002, 1.00000000000000E+000
 1.89046659705188E+001, 1.00000000000000E+000, 9.85527727443342E-001, 1.00000000000000E+000, 9.77135046294464E-001, 4.17643268964687E-002, 2.00000000000000E+000
 1.89613613884913E+001, 1.00000000000000E+000, 9.83411099517771E-001, 1.00000000000000E+000, 9.75579689310284E-001, 5.92354276396680E-002, 1.00000000000000E+000
 1.90747522244362E+001, 1.00000000000000E+000, 9.79795544669184E-001, 1.00000000000000E+000, 9.73011687789920E-001, 4.75947065137596E-002, 1.50000000000000E+000
 1.91314476424087E+001, 1.00000000000000E+000, 9.76553692366577E-001, 1.00000000000000E+000, 9.70481592451241E-001, 7.07575060767238E-002, 1.00000000000000E+000
 1.91881430603812E+001, 1.00000000000000E+000, 9.74297284495375E-001, 1.00000000000000E+000, 9.68912533759401E-001, 9.30117896855878E-002, 1.00000000000000E+000
 1.92448384783536E+001, 1.00000000000000E+000, 9.72248558290472E-001, 1.00000000000000E+000, 9.67660953718749E-001, 8.76017027077172E-002, 1.00000000000000E+000
 1.93015338963261E+001, 1.00000000000000E+000, 9.71057514818432E-001, 1.00000000000000E+000, 9.67127565540193E-001, 3.59476417309122E-002, 2.00000000000000E+000
 1.93582293142986E+001, 1.00000000000000E+000, 9.70429803778958E-001, 1.00000000000000E+000, 9.66852767803445E-001, 8.17874423407610E-002, 1.00000000000000E+000
 1.94149247322710E+001, 1.00000000000000E+000, 9.70763863578692E-001, 1.00000000000000E+000, 9.67526184892640E-001, 4.75831781567282E-002, 2.00000000000000E+000
 1.94716201502435E+001, 1.00000000000000E+000, 9.71783289819584E-001, 1.00000000000000E+000, 9.68839609206052E-001, 8.61050351565557E-002, 1.00000000000000E+000
 1.95283155682160E+001, 1.00000000000000E+000, 9.73992421449281E-001, 1.00000000000000E+000, 9.71309793311463E-001, 5.69205015549639E-002, 2.00000000000000E+000
 1.95850109861884E+001, 1.00000000000000E+000, 9.77457303601569E-001, 1.00000000000000E+000, 9.75005844652090E-001, 4.75921792759402E-002, 2.00000000000000E+000
 1.96417064041609E+001, 1.00000000000000E+000, 9.82109663223612E-001, 1.00000000000000E+000, 9.79863938086121E-001, 4.96354169174340E-002, 2.00000000000000E+000
 1.96984018221334E+001, 1.00000000000000E+000, 9.87755496617192E-001, 1.00000000000000E+000, 9.85694999678151E-001, 3.95250583450544E-002, 2.00000000000000E+000
 1.97550972401058E+001, 1.00000000000000E+000, 9.94012253017539E-001, 1.00000000000000E+000, 9.92120037832452E-001, 8.43936238744110E-002, 1.00000000000000E+000
 1.98117926580783E+001, 1.00000000000000E+000, 1.00056322850193E+000, 1.00000000000000E+000, 9.98830129665565E-001, 6.29035873774682E-002, 2.00000000000000E+000
 1.98684880760508E+001, 1.00000000000000E+000, 1.00717849703022E+000, 1.00000000000000E+000, 1.00559699694915E+000, 8.38559762829958E-002, 1.00000000000000E+000
 1.99251834940232E+001, 1.00000000000000E+000, 1.01335001225848E+000, 1.00000000000000E+000, 1.01188965064041E+000, 7.06415561462739E-002, 2.00000000000000E+000
 1.99818789119957E+001, 1.00000000000000E+000, 1.01923378282126E+000, 1.00000000000000E+000, 1.01787936945877E+000, 8.36456615329948E-002, 1.00000000000000E+000
 2.00952697479406E+001, 1.00000000000000E+000, 1.02630913521983E+000, 1.00000000000000E+000, 1.02507077611305E+000, 8.71676435678799E-002, 1.50000000000000E+000
 2.01519651659131E+001, 1.00000000000000E+000, 1.03216239352885E+000, 1.00000000000000E+000, 1.03105628588532E+000, 7.08372048287340E-002, 2.00000000000000E+000
 2.02086605838856E+001, 1.00000000000000E+000, 1.03559420242063E+000, 1.00000000000000E+000, 1.03450883317853E+000, 7.63339279633435E-002, 1.00000000000000E+000
 2.02653560018580E+001, 1.00000000000000E+000, 1.03875836505526E+000, 1.00000000000000E+000, 1.03733686933470E+000, 4.61411227692845E-002, 2.00000000000000E+000
 2.03277209616278E+001, 1.00000000000000E+000, 1.04185913963248E+000, 1.00000000000000E+000, 1.04034688419203E+000, 9.09128214107340E-002, 1.00000000000000E+000
 2.03900859213975E+001, 1.00000000000000E+000, 1.04410383429418E+000, 1.00000000000000E+000, 1.04274123458497E+000, 6.68312940593683E-002, 2.00000000000000E+000
 2.04446934610903E+001, 1.00000000000000E+000, 1.04505354989723E+000, 1.00000000000000E+000, 1.04395946334104E+000, 4.73551633187368E-002, 2.00000000000000E+000
 2.04993010007831E+001, 1.00000000000000E+000, 1.04527498234130E+000, 1.00000000000000E+000, 1.04435377190581E+000, 5.43352900371996E-002, 2.00000000000000E+000
 2.05539085404759E+001, 1.00000000000000E+000, 1.04472764206700E+000, 1.00000000000000E+000, 1.04401969683646E+000, 5.37557076314723E-002, 2.00000000000000E+000
 2.06085160801687E+001, 1.00000000000000E+000, 1.04382911253346E+000, 1.00000000000000E+000, 1.04341638450137E+000, 8.66976838552613E-002, 1.00000000000000E+000
 2.06576416044040E+001, 1.00000000000000E+000, 1.04267893318866E+000, 1.00000000000000E+000, 1.04258742808612E+000, 8.65772627905046E-002, 1.00000000000000E+000
 2.07067671286393E+001, 1.00000000000000E+000, 1.04155237951585E+000, 1.00000000000000E+000, 1.04155237951585E+000, 8.64623533622590E-002, 1.00000000000000E+000
 2.08050181771100E+001, 1.00000000000000E+000, 1.03958440991269E+000, 1.00000000000000E+000, 1.03958440991269E+000, 4.67995085772714E-002, 1.50000000000000E+000
 2.08541437013453E+001, 1.00000000000000E+000, 1.03717138488774E+000, 1.00000000000000E+000, 1.03717138488774E+000, 4.71713444850870E-002, 2.00000000000000E+000
 2.09032692255806E+001, 1.00000000000000E+000, 1.03526168123433E+000, 1.00000000000000E+000, 1.03526168123433E+000, 4.82745380054239E-002, 1.00000000000000E+000
 2.09523947498159E+001, 1.00000000000000E+000, 1.03314333929431E+000, 1.00000000000000E+000, 1.03314333929431E+000, 6.17946332148158E-002, 1.00000000000000E+000
 2.10015202740512E+001, 1.00000000000000E+000, 1.03089724289368E+000, 1.00000000000000E+000, 1.03089724289368E+000, 9.64132596402021E-002, 1.00000000000000E+000
 2.10997713225219E+001, 1.00000000000000E+000, 1.02730251554088E+000, 1.00000000000000E+000, 1.02730251554088E+000, 7.07320252017645E-002, 1.00000000000000E+000
 2.11488968467572E+001, 1.00000000000000E+000, 1.02380384207563E+000, 1.00000000000000E+000, 1.02380384207563E+000, 6.17670715745244E-002, 1.00000000000000E+000
 2.11980223709925E+001, 1.00000000000000E+000, 1.02176078622371E+000, 1.00000000000000E+000, 1.02176078622371E+000, 9.16533186240045E-002, 1.00000000000000E+000
 2.12471478952278E+001, 1.00000000000000E+000, 1.02018919845686E+000, 1.00000000000000E+000, 1.02018919845686E+000, 7.03100004331703E-002, 1.00000000000000E+000
 2.13453989436984E+001, 1.00000000000000E+000, 1.01912275404768E+000, 1.00000000000000E+000, 1.01912275404768E+000, 8.75261337249954E-002, 1.00000000000000E+000
 2.13994370203573E+001, 1.00000000000000E+000, 1.02023728010565E+000, 1.00000000000000E+000, 1.02023728010565E+000, 4.84275670303620E-002, 2.00000000000000E+000
 2.14534750970161E+001, 1.00000000000000E+000, 1.02261076769193E+000, 1.00000000000000E+000, 1.02261076769193E+000, 4.66663562973260E-002, 1.00000000000000E+000
 2.15129169813408E+001, 1.00000000000000E+000, 1.02677873530721E+000, 1.00000000000000E+000, 1.02677873530721E+000, 4.11033932857665E-002, 2.00000000000000E+000
 2.15723588656656E+001, 1.00000000000000E+000, 1.03221413957537E+000, 1.00000000000000E+000, 1.03221413957537E+000, 2.23979300792929E-002, 2.00000000000000E+000
 2.16318007499903E+001, 1.00000000000000E+000, 1.03855901112320E+000, 1.00000000000000E+000, 1.03855901112320E+000, 2.62366664759583E-002, 2.00000000000000E+000
 2.16912426343150E+001, 1.00000000000000E+000, 1.04567260167697E+000, 1.00000000000000E+000, 1.04567260167697E+000, 9.56304203694929E-002, 1.00000000000000E+000
 2.17566287070722E+001, 1.00000000000000E+000, 1.05347308042526E+000, 1.00000000000000E+000, 1.05347308042526E+000, 4.67508652170863E-002, 2.00000000000000E+000
 2.18220147798294E+001, 1.00000000000000E+000, 1.06129711708406E+000, 1.00000000000000E+000, 1.06129711708406E+000, 8.15654676708339E-002, 1.00000000000000E+000
 2.18874008525866E+001, 1.00000000000000E+000, 1.06747338151872E+000, 1.00000000000000E+000, 1.06747338151872E+000, 4.44350916270211E-002, 2.00000000000000E+000
 2.19527869253439E+001, 1.00000000000000E+000, 1.07233842892937E+000, 1.00000000000000E+000, 1.07233842892937E+000, 9.69136321519131E-002, 1.00000000000000E+000
 2.20181729981011E+001, 1.00000000000000E+000, 1.07450525376717E+000, 1.00000000000000E+000, 1.07450525376717E+000, 6.20241830016319E-002, 2.00000000000000E+000
 2.20835590708583E+001, 1.00000000000000E+000, 1.07417744538689E+000, 1.00000000000000E+000, 1.07417744538689E+000, 5.72152923865763E-002, 2.00000000000000E+000
 2.21403038773221E+001, 1.00000000000000E+000, 1.07172784665614E+000, 1.00000000000000E+000, 1.07172784665614E+000, 5.14473046915040E-002, 2.00000000000000E+000
 2.21970486837858E+001, 1.00000000000000E+000, 1.06816663792385E+000, 1.00000000000000E+000, 1.06816663792385E+000, 8.06985956932127E-002, 1.00000000000000E+000
 2.22537934902496E+001, 1.00000000000000E+000, 1.06329694800122E+000, 1.00000000000000E+000, 1.06329694800122E+000, 6.56211764091879E-002, 2.00000000000000E+000
 2.23105382967134E+001, 1.00000000000000E+000, 1.05765323146270E+000, 1.00000000000000E+000, 1.05765323146270E+000, 7.49846603963307E-002, 1.00000000000000E+000
 2.23672831031772E+001, 1.00000000000000E+000, 1.05146087669448E+000, 1.00000000000000E+000, 1.05146087669448E+000, 5.47982448912179E-002, 2.00000000000000E+000
 2.24240279096410E+001, 1.00000000000000E+000, 1.04511729931546E+000, 1.00000000000000E+000, 1.04511729931546E+000, 9.01891971164077E-002, 1.00000000000000E+000
 2.24807727161048E+001, 1.00000000000000E+000, 1.03907986402113E+000, 1.00000000000000E+000, 1.03907986402113E+000, 3.76053586888605E-002, 2.00000000000000E+000
 2.25375175225686E+001, 1.00000000000000E+000, 1.03333375706007E+000, 1.00000000000000E+000, 1.03333375706007E+000, 9.04062301158046E-002, 1.00000000000000E+000
 2.25942623290324E+001, 1.00000000000000E+000, 1.02793033507051E+000, 1.00000000000000E+000, 1.02793033507051E+000, 4.35483408123840E-002, 2.00000000000000E+000
 2.26510071354962E+001, 1.00000000000000E+000, 1.02254743888895E+000, 1.00000000000000E+000, 1.02254743888895E+000, 7.31099786498222E-002, 1.00000000000000E+000
 2.27077519419600E+001, 1.00000000000000E+000, 1.01704174419556E+000, 1.00000000000000E+000, 1.01704174419556E+000, 5.16801456269893E-002, 2.00000000000000E+000
 2.27644967484238E+001, 1.00000000000000E+000, 1.01123480308865E+000, 1.00000000000000E+000, 1.01123480308865E+000, 7.63406915776117E-002, 1.00000000000000E+000
 2.28212415548876E+001, 1.00000000000000E+000, 1.00553474281473E+000, 1.00000000000000E+000, 1.00553474281473E+000, 4.76741335692581E-002, 2.00000000000000E+000
 2.28718264470642E+001, 1.00000000000000E+000, 1.00046291429744E+000, 1.00000000000000E+000, 1.00046291429744E+000, 6.85971035817690E-002, 1.00000000000000E+000
 2.29224113392407E+001, 1.00000000000000E+000, 9.95814567042117E-001, 1.00000000000000E+000, 9.95814567042117E-001, 3.74939336743758E-002, 2.00000000000000E+000
 2.30181508697260E+001, 1.00000000000000E+000, 9.89643431878200E-001, 1.00000000000000E+000, 9.89643431878200E-001, 7.39378572158151E-002, 1.00000000000000E+000
 2.30633055080346E+001, 1.00000000000000E+000, 9.84483277886606E-001, 1.00000000000000E+000, 9.84483277886606E-001, 8.49207376287757E-002, 1.00000000000000E+000
 2.31084601463433E+001, 1.00000000000000E+000, 9.81491695086423E-001, 1.00000000000000E+000, 9.81491695086423E-001, 9.04998447941536E-002, 1.00000000000000E+000
 2.31987694229606E+001, 1.00000000000000E+000, 9.78041982967438E-001, 1.00000000000000E+000, 9.78041982967438E-001, 8.98261787318869E-002, 1.00000000000000E+000
 2.32439240612693E+001, 1.00000000000000E+000, 9.75571531633828E-001, 1.00000000000000E+000, 9.75571531633828E-001, 9.15717504617504E-002, 1.00000000000000E+000
 2.32890786995779E+001, 1.00000000000000E+000, 9.74399554333598E-001, 1.00000000000000E+000, 9.74399554333598E-001, 9.38341060628858E-002, 1.00000000000000E+000
 2.33793879761953E+001, 1.00000000000000E+000, 9.73040346215160E-001, 1.00000000000000E+000, 9.73040346215160E-001, 7.97498884033186E-002, 1.00000000000000E+000
 2.34290580783348E+001, 1.00000000000000E+000, 9.71814945696699E-001, 1.00000000000000E+000, 9.71814945696699E-001, 6.26986044135076E-002, 1.00000000000000E+000
 2.34836951906883E+001, 1.00000000000000E+000, 9.70963439928964E-001, 1.00000000000000E+000, 9.70963439928964E-001, 4.48681043090791E-002, 2.00000000000000E+000
 2.35383323030417E+001, 1.00000000000000E+000, 9.70095386733054E-001, 1.00000000000000E+000, 9.70095386733054E-001, 4.53849967973188E-002, 1.00000000000000E+000
 2.35929694153952E+001, 1.00000000000000E+000, 9.69399524753406E-001, 1.00000000000000E+000, 9.69399524753406E-001, 9.50057682484857E-002, 1.00000000000000E+000
 2.36476065277487E+001, 1.00000000000000E+000, 9.69034453998072E-001, 1.00000000000000E+000, 9.69034453998072E-001, 8.59279228244747E-002, 1.00000000000000E+000
 2.37022436401022E+001, 1.00000000000000E+000, 9.69073575868765E-001, 1.00000000000000E+000, 9.69073575868765E-001, 4.28197774628984E-002, 2.00000000000000E+000
 2.38115178648091E+001, 1.00000000000000E+000, 9.69655107112432E-001, 1.00000000000000E+000, 9.69655107112432E-001, 6.07091970513023E-002, 1.00000000000000E+000
 2.38661549771626E+001, 1.00000000000000E+000, 9.70651115506107E-001, 1.00000000000000E+000, 9.70651115506107E-001, 7.51309127775890E-002, 1.00000000000000E+000
 2.39207920895161E+001, 1.00000000000000E+000, 9.71444649935544E-001, 1.00000000000000E+000, 9.71444649935544E-001, 9.47785470372540E-002, 1.00000000000000E+000
 2.39754292018695E+001, 1.00000000000000E+000, 9.72170826235011E-001, 1.00000000000000E+000, 9.72170826235011E-001, 3.06342018946097E-002, 2.00000000000000E+000
 2.40300663142230E+001, 1.00000000000000E+000, 9.72710299773930E-001, 1.00000000000000E+000, 9.72710299773930E-001, 7.27805831016421E-002, 1.00000000000000E+000
 2.40847034265765E+001, 1.00000000000000E+000, 9.72903707394598E-001, 1.00000000000000E+000, 9.72903707394598E-001, 9.06267387081479E-002, 1.00000000000000E+000
 2.41393405389300E+001, 1.00000000000000E+000, 9.72619781158679E-001, 1.00000000000000E+000, 9.72619781158679E-001, 2.93733587884655E-002, 2.00000000000000E+000
 2.41939776512834E+001, 1.00000000000000E+000, 9.71940326786065E-001, 1.00000000000000E+000, 9.71940326786065E-001, 5.13848234143859E-002, 1.00000000000000E+000
 2.42486147636369E+001, 1.00000000000000E+000, 9.70885568825591E-001, 1.00000000000000E+000, 9.70885568825591E-001, 5.61483163925043E-002, 1.00000000000000E+000
 2.43032518759904E+001, 1.00000000000000E+000, 9.69468566931414E-001, 1.00000000000000E+000, 9.69468566931414E-001, 7.63129053007399E-002, 1.00000000000000E+000
 2.43984859961936E+001, 1.00000000000000E+000, 9.67492155454460E-001, 1.00000000000000E+000, 9.67492155454460E-001, 4.72704743232333E-002, 1.00000000000000E+000
 2.44461030562952E+001, 1.00000000000000E+000, 9.65487494223999E-001, 1.00000000000000E+000, 9.65487494223999E-001, 5.91858323576606E-002, 1.00000000000000E+000
 2.44937201163969E+001, 1.00000000000000E+000, 9.64339927554858E-001, 1.00000000000000E+000, 9.64339927554858E-001, 6.67617132016360E-002, 1.00000000000000E+000
 2.45413371764985E+001, 1.00000000000000E+000, 9.63625939332815E-001, 1.00000000000000E+000, 9.63625939332815E-001, 4.59223031673273E-002, 1.00000000000000E+000
 2.46365712967017E+001, 1.00000000000000E+000, 9.63264327809168E-001, 1.00000000000000E+000, 9.63264327809168E-001, 6.73638874651609E-002, 1.00000000000000E+000
 2.46841883568033E+001, 1.00000000000000E+000, 9.63799088799633E-001, 1.00000000000000E+000, 9.63799088799633E-001, 5.47878886837263E-002, 1.00000000000000E+000
 2.47318054169049E+001, 1.00000000000000E+000, 9.64640366307523E-001, 1.00000000000000E+000, 9.64640366307523E-001, 7.47610370796332E-002, 1.00000000000000E+000
 2.48270395371082E+001, 1.00000000000000E+000, 9.66631405889359E-001, 1.00000000000000E+000, 9.66631405889359E-001, 6.90731881098476E-002, 1.00000000000000E+000
 2.48746565972098E+001, 1.00000000000000E+000, 9.69237761404908E-001, 1.00000000000000E+000, 9.69237761404908E-001, 5.67100172050692E-002, 1.00000000000000E+000
 2.49222736573114E+001, 1.00000000000000E+000, 9.71314578094770E-001, 1.00000000000000E+000, 9.71314578094770E-001, 7.34265163939152E-002, 1.00000000000000E+000
 2.49698907174130E+001, 1.00000000000000E+000, 9.73555342766969E-001, 1.00000000000000E+000, 9.73555342766969E-001, 5.46377372028903E-002, 1.00000000000000E+000
 2.50651248376162E+001, 1.00000000000000E+000, 9.77057859045217E-001, 1.00000000000000E+000, 9.77057859045217E-001, 7.31506140773793E-002, 1.00000000000000E+000
 2.51127418977178E+001, 1.00000000000000E+000, 9.80444405798122E-001, 1.00000000000000E+000, 9.80444405798122E-001, 6.90073973048708E-002, 1.00000000000000E+000
 2.51603589578195E+001, 1.00000000000000E+000, 9.82344165270013E-001, 1.00000000000000E+000, 9.82344165270013E-001, 6.83923417400130E-002, 1.00000000000000E+000
 2.52079760179211E+001, 1.00000000000000E+000, 9.83972483537348E-001, 1.00000000000000E+000, 9.83972483537348E-001, 9.69388205199500E-002, 1.00000000000000E+000
 2.53032101381243E+001, 1.00000000000000E+000, 9.85463781138503E-001, 1.00000000000000E+000, 9.85463781138503E-001, 5.96536457385493E-002, 1.50000000000000E+000
 2.53508271982259E+001, 1.00000000000000E+000, 9.85918381026017E-001, 1.00000000000000E+000, 9.85918381026017E-001, 6.23227881561628E-002, 1.00000000000000E+000
 2.53984442583275E+001, 1.00000000000000E+000, 9.85587904505166E-001, 1.00000000000000E+000, 9.85587904505166E-001, 2.68565390337945E-002, 2.00000000000000E+000
 2.54460613184292E+001, 1.00000000000000E+000, 9.84952394388333E-001, 1.00000000000000E+000, 9.84952394388333E-001, 7.17811612564794E-002, 1.00000000000000E+000
 2.55412954386324E+001, 1.00000000000000E+000, 9.83479517599846E-001, 1.00000000000000E+000, 9.83479517599846E-001, 4.07677316934174E-002, 1.50000000000000E+000
 2.55889124987340E+001, 1.00000000000000E+000, 9.81677988483226E-001, 1.00000000000000E+000, 9.81677988483226E-001, 4.83873695395239E-002, 1.00000000000000E+000
 2.56365295588356E+001, 1.00000000000000E+000, 9.80308421242563E-001, 1.00000000000000E+000, 9.80308421242563E-001, 6.29359624088324E-002, 1.00000000000000E+000
 2.56841466189372E+001, 1.00000000000000E+000, 9.78862410922508E-001, 1.00000000000000E+000, 9.78862410922508E-001, 7.59097051224795E-002, 1.00000000000000E+000
 2.57793807391405E+001, 1.00000000000000E+000, 9.77006990017048E-001, 1.00000000000000E+000, 9.77006990017048E-001, 5.42705430409110E-002, 1.50000000000000E+000
 2.58269977992421E+001, 1.00000000000000E+000, 9.75665081333453E-001, 1.00000000000000E+000, 9.75665081333453E-001, 4.38073363792568E-002, 1.00000000000000E+000
 2.58746148593437E+001, 1.00000000000000E+000, 9.75073961849724E-001, 1.00000000000000E+000, 9.75073961849724E-001, 5.24808237119210E-002, 1.00000000000000E+000
 2.59222319194453E+001, 1.00000000000000E+000, 9.74620971387439E-001, 1.00000000000000E+000, 9.74620971387439E-001, 7.70602999971373E-002, 1.00000000000000E+000
 2.60174660396485E+001, 1.00000000000000E+000, 9.74446945139099E-001, 1.00000000000000E+000, 9.74446945139099E-001, 7.75860498356565E-002, 1.00000000000000E+000
 2.60650830997501E+001, 1.00000000000000E+000, 9.74595386175994E-001, 1.00000000000000E+000, 9.74595386175994E-001, 9.19523933000845E-002, 1.00000000000000E+000
 2.61127001598518E+001, 1.00000000000000E+000, 9.75048435568778E-001, 1.00000000000000E+000, 9.75048435568778E-001, 3.46767576054678E-002, 2.00000000000000E+000
 2.61603172199534E+001, 1.00000000000000E+000, 9.75626631995350E-001, 1.00000000000000E+000, 9.75626631995350E-001, 6.90409231285127E-002, 1.00000000000000E+000
 2.62555513401566E+001, 1.00000000000000E+000, 9.76719957317870E-001, 1.00000000000000E+000, 9.76719957317870E-001, 5.84780092448616E-002, 1.50000000000000E+000
 2.63031684002582E+001, 1.00000000000000E+000, 9.78108207279778E-001, 1.00000000000000E+000, 9.78108207279778E-001, 5.96109950529531E-002, 1.00000000000000E+000
 2.63507854603598E+001, 1.00000000000000E+000, 9.79300733877162E-001, 1.00000000000000E+000, 9.79300733877162E-001, 5.93507107165634E-002, 1.00000000000000E+000
 2.64460195805631E+001, 1.00000000000000E+000, 9.81530467105686E-001, 1.00000000000000E+000, 9.81530467105686E-001, 8.13728307099675E-002, 1.00000000000000E+000
 2.64936366406647E+001, 1.00000000000000E+000, 9.84042267905306E-001, 1.00000000000000E+000, 9.84042267905306E-001, 7.94416464870484E-002, 1.00000000000000E+000
 2.65412537007663E+001, 1.00000000000000E+000, 9.85731379536632E-001, 1.00000000000000E+000, 9.85731379536632E-001, 6.79653557560211E-002, 1.00000000000000E+000
 2.65888707608679E+001, 1.00000000000000E+000, 9.87360889826135E-001, 1.00000000000000E+000, 9.87360889826135E-001, 9.41436893532086E-002, 1.00000000000000E+000
 2.66841048810711E+001, 1.00000000000000E+000, 9.89431752281868E-001, 1.00000000000000E+000, 9.89431752281868E-001, 9.13456282216690E-002, 1.00000000000000E+000
 2.67317219411728E+001, 1.00000000000000E+000, 9.90970082019824E-001, 1.00000000000000E+000, 9.90970082019824E-001, 4.07796901094639E-002, 2.00000000000000E+000
 2.67793390012744E+001, 1.00000000000000E+000, 9.91833246036289E-001, 1.00000000000000E+000, 9.91833246036289E-001, 6.22105281886975E-002, 1.00000000000000E+000
 2.68269560613760E+001, 1.00000000000000E+000, 9.92686623437569E-001, 1.00000000000000E+000, 9.92686623437569E-001, 7.07626362976570E-002, 1.00000000000000E+000
 2.69221901815792E+001, 1.00000000000000E+000, 9.94170898837914E-001, 1.00000000000000E+000, 9.94170898837914E-001, 8.12673359641052E-002, 1.00000000000000E+000
 2.69698072416808E+001, 1.00000000000000E+000, 9.95965818097971E-001, 1.00000000000000E+000, 9.95965818097971E-001, 9.46324110781824E-002, 1.00000000000000E+000
 2.70174243017824E+001, 1.00000000000000E+000, 9.97313322833502E-001, 1.00000000000000E+000, 9.97313322833502E-001, 3.53381221339613E-002, 2.00000000000000E+000
 2.70650413618841E+001, 1.00000000000000E+000, 9.98777969052396E-001, 1.00000000000000E+000, 9.98777969052396E-001, 5.80053239632781E-002, 1.00000000000000E+000
 2.71650371880975E+001, 1.00000000000000E+000, 1.00115834805536E+000, 1.00000000000000E+000, 1.00115834805536E+000, 8.36310235492575E-002, 1.00000000000000E+000
 2.72174159542092E+001, 1.00000000000000E+000, 1.00356484487732E+000, 1.00000000000000E+000, 1.00356484487732E+000, 9.37025162907585E-002, 1.00000000000000E+000
 2.72697947203210E+001, 1.00000000000000E+000, 1.00479370276426E+000, 1.00000000000000E+000, 1.00479370276426E+000, 3.89249393796129E-002, 2.00000000000000E+000
 2.73221734864328E+001, 1.00000000000000E+000, 1.00592896222338E+000, 1.00000000000000E+000, 1.00592896222338E+000, 6.79357437135906E-002, 1.00000000000000E+000
 2.73745522525446E+001, 1.00000000000000E+000, 1.00684132469465E+000, 1.00000000000000E+000, 1.00684132469465E+000, 4.26778223972311E-002, 2.00000000000000E+000
 2.74269310186564E+001, 1.00000000000000E+000, 1.00773244654996E+000, 1.00000000000000E+000, 1.00773244654996E+000, 6.27601365206067E-002, 1.00000000000000E+000
 2.75316885508799E+001, 1.00000000000000E+000, 1.00917431901774E+000, 1.00000000000000E+000, 1.00917431901774E+000, 9.06919859588213E-002, 1.00000000000000E+000
 2.75840673169917E+001, 1.00000000000000E+000, 1.01112814896543E+000, 1.00000000000000E+000, 1.01112814896543E+000, 3.19827215158355E-002, 2.00000000000000E+000
 2.76364460831035E+001, 1.00000000000000E+000, 1.01268614339458E+000, 1.00000000000000E+000, 1.01268614339458E+000, 8.64739430433285E-002, 1.00000000000000E+000
 2.76888248492153E+001, 1.00000000000000E+000, 1.01519912897264E+000, 1.00000000000000E+000, 1.01519912897264E+000, 3.69910807059319E-002, 2.00000000000000E+000
 2.77412036153270E+001, 1.00000000000000E+000, 1.01819323979258E+000, 1.00000000000000E+000, 1.01819323979258E+000, 7.15878934874312E-002, 1.00000000000000E+000
 2.77935823814388E+001, 1.00000000000000E+000, 1.02213004698705E+000, 1.00000000000000E+000, 1.02213004698705E+000, 3.73745730301955E-002, 2.00000000000000E+000
 2.78459611475506E+001, 1.00000000000000E+000, 1.02641856245683E+000, 1.00000000000000E+000, 1.02641856245683E+000, 4.75437454010508E-002, 1.00000000000000E+000
 2.79507186797741E+001, 1.00000000000000E+000, 1.03314365154507E+000, 1.00000000000000E+000, 1.03314365154507E+000, 8.17051577525027E-002, 1.00000000000000E+000
 2.80030974458859E+001, 1.00000000000000E+000, 1.03973137431898E+000, 1.00000000000000E+000, 1.03973137431898E+000, 6.54463976618374E-002, 1.00000000000000E+000
 2.80554762119977E+001, 1.00000000000000E+000, 1.04391720265138E+000, 1.00000000000000E+000, 1.04391720265138E+000, 9.48975252774118E-002, 1.00000000000000E+000
 2.81078549781095E+001, 1.00000000000000E+000, 1.04764131652388E+000, 1.00000000000000E+000, 1.04764131652388E+000, 7.25335543054593E-002, 1.00000000000000E+000
 2.81602337442213E+001, 1.00000000000000E+000, 1.05047519829974E+000, 1.00000000000000E+000, 1.05047519829974E+000, 5.19922525100152E-002, 2.00000000000000E+000
 2.82126125103330E+001, 1.00000000000000E+000, 1.05260122910988E+000, 1.00000000000000E+000, 1.05260122910988E+000, 3.52024954586159E-002, 1.00000000000000E+000
 2.82649912764448E+001, 1.00000000000000E+000, 1.05399960811656E+000, 1.00000000000000E+000, 1.05399960811656E+000, 6.36843577951220E-002, 1.00000000000000E+000
 2.83697488086684E+001, 1.00000000000000E+000, 1.05497077082975E+000, 1.00000000000000E+000, 1.05497077082975E+000, 8.45399474983838E-002, 1.00000000000000E+000
 2.84221275747802E+001, 1.00000000000000E+000, 1.05456677879644E+000, 1.00000000000000E+000, 1.05456677879644E+000, 7.90905622015479E-002, 1.00000000000000E+000
 2.84745063408919E+001, 1.00000000000000E+000, 1.05326322438385E+000, 1.00000000000000E+000, 1.05326322438385E+000, 6.09297333379442E-002, 1.00000000000000E+000
 2.85268851070037E+001, 1.00000000000000E+000, 1.05089130683440E+000, 1.00000000000000E+000, 1.05089130683440E+000, 5.19021210697930E-002, 2.00000000000000E+000
 2.85792638731155E+001, 1.00000000000000E+000, 1.04779520758162E+000, 1.00000000000000E+000, 1.04779520758162E+000, 3.92496432321545E-002, 1.00000000000000E+000
 2.86316426392273E+001, 1.00000000000000E+000, 1.04419100938279E+000, 1.00000000000000E+000, 1.04419100938279E+000, 7.70086164305526E-002, 1.00000000000000E+000
 2.86840214053391E+001, 1.00000000000000E+000, 1.04025972790321E+000, 1.00000000000000E+000, 1.04025972790321E+000, 7.84161775669125E-002, 1.00000000000000E+000
 2.87887789375626E+001, 1.00000000000000E+000, 1.03386755713126E+000, 1.00000000000000E+000, 1.03386755713126E+000, 4.63331731139413E-002, 1.50000000000000E+000
 2.88411577036744E+001, 1.00000000000000E+000, 1.02720027956815E+000, 1.00000000000000E+000, 1.02720027956815E+000, 8.07812581164993E-002, 1.00000000000000E+000
 2.88935364697862E+001, 1.00000000000000E+000, 1.02257120857577E+000, 1.00000000000000E+000, 1.02257120857577E+000, 5.22273162704061E-002, 2.00000000000000E+000
 2.89459152358980E+001, 1.00000000000000E+000, 1.01783578563760E+000, 1.00000000000000E+000, 1.01783578563760E+000, 6.47430932110442E-002, 1.00000000000000E+000
 2.89982940020097E+001, 1.00000000000000E+000, 1.01295060375167E+000, 1.00000000000000E+000, 1.01295060375167E+000, 7.20257357196441E-002, 1.00000000000000E+000
 2.90506727681215E+001, 1.00000000000000E+000, 1.00791445326490E+000, 1.00000000000000E+000, 1.00791445326490E+000, 9.00155943879972E-002, 1.00000000000000E+000
 2.91030515342333E+001, 1.00000000000000E+000, 1.00281017612561E+000, 1.00000000000000E+000, 1.00281017612561E+000, 5.78534026754789E-002, 1.00000000000000E+000
 2.92078090664569E+001, 1.00000000000000E+000, 9.95158109849703E-001, 1.00000000000000E+000, 9.95158109849703E-001, 8.32433227405593E-002, 1.00000000000000E+000
 2.92601878325686E+001, 1.00000000000000E+000, 9.88432085165026E-001, 1.00000000000000E+000, 9.88432085165026E-001, 6.09291180501998E-002, 2.00000000000000E+000
 2.93125665986804E+001, 1.00000000000000E+000, 9.84423318628702E-001, 1.00000000000000E+000, 9.84423318628702E-001, 8.07570916900273E-002, 1.00000000000000E+000
 2.93649453647922E+001, 1.00000000000000E+000, 9.82204020533443E-001, 1.00000000000000E+000, 9.82204020533443E-001, 7.36620511371044E-002, 2.00000000000000E+000
 2.94173241309040E+001, 1.00000000000000E+000, 9.80744308877884E-001, 1.00000000000000E+000, 9.80744308877884E-001, 6.90394796568903E-002, 1.00000000000000E+000
 2.94697028970158E+001, 1.00000000000000E+000, 9.81101214238310E-001, 1.00000000000000E+000, 9.81101214238310E-001, 5.47910964620397E-002, 2.00000000000000E+000
 2.95220816631275E+001, 1.00000000000000E+000, 9.82274435619062E-001, 1.00000000000000E+000, 9.82274435619062E-001, 9.53842508029950E-002, 1.00000000000000E+000
 2.96268391953511E+001, 1.00000000000000E+000, 9.87294367889658E-001, 1.00000000000000E+000, 9.87294367889658E-001, 5.48654335555347E-002, 2.00000000000000E+000
 2.96792179614629E+001, 1.00000000000000E+000, 9.94667431083349E-001, 1.00000000000000E+000, 9.94667431083349E-001, 4.90002893191861E-002, 2.00000000000000E+000
 2.97315967275746E+001, 1.00000000000000E+000, 1.00037415115307E+000, 1.00000000000000E+000, 1.00037415115307E+000, 4.43931433213769E-002, 2.00000000000000E+000
 2.97839754936864E+001, 1.00000000000000E+000, 1.00602187057130E+000, 1.00000000000000E+000, 1.00602187057130E+000, 5.96191259940120E-002, 2.00000000000000E+000
 2.98363542597982E+001, 1.00000000000000E+000, 1.01110061104773E+000, 1.00000000000000E+000, 1.01110061104773E+000, 7.34123760722035E-002, 2.00000000000000E+000
 2.98887330259100E+001, 1.00000000000000E+000, 1.01526519579565E+000, 1.00000000000000E+000, 1.01526519579565E+000, 6.47780836333132E-002, 2.00000000000000E+000
 2.99411117920218E+001, 1.00000000000000E+000, 1.01874592397330E+000, 1.00000000000000E+000, 1.01874592397330E+000, 8.61715666521774E-002, 1.00000000000000E+000
 3.00458693242453E+001, 1.00000000000000E+000, 1.02216885313359E+000, 1.00000000000000E+000, 1.02216885313359E+000, 6.59791492904522E-002, 1.50000000000000E+000
 3.00982480903571E+001, 1.00000000000000E+000, 1.02446975667060E+000, 1.00000000000000E+000, 1.02446975667060E+000, 4.93549485355753E-002, 2.00000000000000E+000
 3.01506268564689E+001, 1.00000000000000E+000, 1.02547308555829E+000, 1.00000000000000E+000, 1.02547308555829E+000, 8.73559055598063E-002, 1.00000000000000E+000
 3.02030056225807E+001, 1.00000000000000E+000, 1.02624099137941E+000, 1.00000000000000E+000, 1.02624099137941E+000, 4.62420532533300E-002, 2.00000000000000E+000
 3.02553843886924E+001, 1.00000000000000E+000, 1.02688354635968E+000, 1.00000000000000E+000, 1.02688354635968E+000, 5.82147929110133E-002, 1.00000000000000E+000
 3.03077631548042E+001, 1.00000000000000E+000, 1.02756037569165E+000, 1.00000000000000E+000, 1.02756037569165E+000, 8.82458075470260E-002, 1.00000000000000E+000
 3.03601419209160E+001, 1.00000000000000E+000, 1.02842562751242E+000, 1.00000000000000E+000, 1.02842562751242E+000, 5.14022277702166E-002, 2.00000000000000E+000
 3.04648994531396E+001, 1.00000000000000E+000, 1.02989241612852E+000, 1.00000000000000E+000, 1.02989241612852E+000, 4.88445957815160E-002, 1.50000000000000E+000
 3.05172782192513E+001, 1.00000000000000E+000, 1.03140653846025E+000, 1.00000000000000E+000, 1.03140653846025E+000, 6.35634399604859E-002, 1.00000000000000E+000
 3.05696569853631E+001, 1.00000000000000E+000, 1.03223200303243E+000, 1.00000000000000E+000, 1.03223200303243E+000, 6.89617704939662E-002, 1.00000000000000E+000
 3.06220357514749E+001, 1.00000000000000E+000, 1.03248539783279E+000, 1.00000000000000E+000, 1.03248539783279E+000, 3.55411291946761E-002, 2.00000000000000E+000
 3.06744145175867E+001, 1.00000000000000E+000, 1.03217075918696E+000, 1.00000000000000E+000, 1.03217075918696E+000, 3.82034167521568E-002, 1.00000000000000E+000
 3.07215411468490E+001, 1.00000000000000E+000, 1.03112002532872E+000, 1.00000000000000E+000, 1.03112002532872E+000, 6.35339235848725E-002, 1.00000000000000E+000
 3.08157944053736E+001, 1.00000000000000E+000, 1.02780172190480E+000, 1.00000000000000E+000, 1.02780172190480E+000, 5.69912313924827E-002, 1.50000000000000E+000
 3.08629210346359E+001, 1.00000000000000E+000, 1.02283079370068E+000, 1.00000000000000E+000, 1.02283079370068E+000, 3.31070105284836E-002, 1.00000000000000E+000
 3.09100476638982E+001, 1.00000000000000E+000, 1.01872541477617E+000, 1.00000000000000E+000, 1.01872541477617E+000, 3.99254090529051E-002, 1.00000000000000E+000
 3.10043009224228E+001, 1.00000000000000E+000, 1.01215920974532E+000, 1.00000000000000E+000, 1.01215920974532E+000, 6.24018113003906E-002, 1.00000000000000E+000
 3.10514275516851E+001, 1.00000000000000E+000, 1.00559714153541E+000, 1.00000000000000E+000, 1.00559714153541E+000, 7.87669596441196E-002, 1.00000000000000E+000
 3.10985541809474E+001, 1.00000000000000E+000, 1.00170436335330E+000, 1.00000000000000E+000, 1.00170436335330E+000, 5.71438677346170E-002, 1.00000000000000E+000
 3.11456808102097E+001, 1.00000000000000E+000, 9.98288273517010E-001, 1.00000000000000E+000, 9.98288273517010E-001, 7.71267848872084E-002, 1.00000000000000E+000
 3.12399340687343E+001, 1.00000000000000E+000, 9.94730591592203E-001, 1.00000000000000E+000, 9.94730591592203E-001, 8.02878261737309E-002, 1.00000000000000E+000
 3.12870606979965E+001, 1.00000000000000E+000, 9.92718876794059E-001, 1.00000000000000E+000, 9.92718876794059E-001, 6.47866645909421E-002, 1.00000000000000E+000
 3.13341873272588E+001, 1.00000000000000E+000, 9.92257133704023E-001, 1.00000000000000E+000, 9.92257133704023E-001, 7.63178936520073E-002, 1.00000000000000E+000
 3.13813139565211E+001, 1.00000000000000E+000, 9.92492138174320E-001, 1.00000000000000E+000, 9.92492138174320E-001, 6.52980372889369E-002, 1.00000000000000E+000
 3.14849925408982E+001, 1.00000000000000E+000, 9.93970527619053E-001, 1.00000000000000E+000, 9.93970527619053E-001, 2.89899639449518E-002, 1.50000000000000E+000
 3.15368318330867E+001, 1.00000000000000E+000, 9.95802557996547E-001, 1.00000000000000E+000, 9.95802557996547E-001, 5.71971119090777E-002, 1.00000000000000E+000
 3.15886711252752E+001, 1.00000000000000E+000, 9.96894379071681E-001, 1.00000000000000E+000, 9.96894379071681E-001, 7.88224113279610E-002, 1.00000000000000E+000
 3.16405104174638E+001, 1.00000000000000E+000, 9.97586002242007E-001, 1.00000000000000E+000, 9.97586002242007E-001, 3.32845880910932E-002, 2.00000000000000E+000
 3.16923497096523E+001, 1.00000000000000E+000, 9.98093975968887E-001, 1.00000000000000E+000, 9.98093975968887E-001, 3.98830445354481E-002, 1.00000000000000E+000
 3.17441890018408E+001, 1.00000000000000E+000, 9.98373667062964E-001, 1.00000000000000E+000, 9.98373667062964E-001, 5.79419451384915E-002, 1.00000000000000E+000
 3.18478675862179E+001, 1.00000000000000E+000, 9.98750265423136E-001, 1.00000000000000E+000, 9.98750265423136E-001, 7.85785549690734E-002, 1.00000000000000E+000
 3.18997068784064E+001, 1.00000000000000E+000, 9.99528537611242E-001, 1.00000000000000E+000, 9.99528537611242E-001, 9.10587586753751E-002, 1.00000000000000E+000
 3.19515461705949E+001, 1.00000000000000E+000, 1.00058745895689E+000, 1.00000000000000E+000, 1.00058745895689E+000, 7.26547735812435E-002, 1.00000000000000E+000
 3.20033854627834E+001, 1.00000000000000E+000, 1.00223532717634E+000, 1.00000000000000E+000, 1.00223532717634E+000, 2.39823174604696E-002, 2.00000000000000E+000
 3.20552247549720E+001, 1.00000000000000E+000, 1.00427649759576E+000, 1.00000000000000E+000, 1.00427649759576E+000, 3.26246674271726E-002, 1.00000000000000E+000
 3.21070640471605E+001, 1.00000000000000E+000, 1.00660042581328E+000, 1.00000000000000E+000, 1.00660042581328E+000, 9.61369484827936E-002, 1.00000000000000E+000
 3.22107426315375E+001, 1.00000000000000E+000, 1.01014603540023E+000, 1.00000000000000E+000, 1.01014603540023E+000, 4.68052060759019E-002, 1.50000000000000E+000
 3.22625819237261E+001, 1.00000000000000E+000, 1.01335498137542E+000, 1.00000000000000E+000, 1.01335498137542E+000, 6.37400683973377E-002, 1.00000000000000E+000
 3.23144212159146E+001, 1.00000000000000E+000, 1.01496729753688E+000, 1.00000000000000E+000, 1.01496729753688E+000, 8.95126228842194E-002, 1.00000000000000E+000
 3.23662605081031E+001, 1.00000000000000E+000, 1.01562681364522E+000, 1.00000000000000E+000, 1.01562681364522E+000, 3.22705130650409E-002, 2.00000000000000E+000
 3.24180998002916E+001, 1.00000000000000E+000, 1.01599750824096E+000, 1.00000000000000E+000, 1.01599750824096E+000, 5.86999154793955E-002, 1.00000000000000E+000
 3.24699390924802E+001, 1.00000000000000E+000, 1.01580747714482E+000, 1.00000000000000E+000, 1.01580747714482E+000, 7.36857984727923E-002, 1.00000000000000E+000
 3.25217783846687E+001, 1.00000000000000E+000, 1.01509320075383E+000, 1.00000000000000E+000, 1.01509320075383E+000, 9.71788573074039E-002, 1.00000000000000E+000
 3.26358248274835E+001, 1.00000000000000E+000, 1.01235028671503E+000, 1.00000000000000E+000, 1.01235028671503E+000, 6.09216808266320E-002, 1.50000000000000E+000
 3.26928480488908E+001, 1.00000000000000E+000, 1.00913823483751E+000, 1.00000000000000E+000, 1.00913823483751E+000, 3.96093569700868E-002, 2.00000000000000E+000
 3.27498712702982E+001, 1.00000000000000E+000, 1.00732011795752E+000, 1.00000000000000E+000, 1.00732011795752E+000, 6.69139977477158E-002, 1.00000000000000E+000
 3.28068944917056E+001, 1.00000000000000E+000, 1.00611066228017E+000, 1.00000000000000E+000, 1.00611066228017E+000, 4.30151233290197E-002, 2.00000000000000E+000
 3.28639177131130E+001, 1.00000000000000E+000, 1.00577966277003E+000, 1.00000000000000E+000, 1.00577966277003E+000, 8.61122702534209E-002, 1.00000000000000E+000
 3.29209409345203E+001, 1.00000000000000E+000, 1.00627913324675E+000, 1.00000000000000E+000, 1.00627913324675E+000, 8.68765255392516E-002, 1.00000000000000E+000
 3.29779641559277E+001, 1.00000000000000E+000, 1.00739800394404E+000, 1.00000000000000E+000, 1.00739800394404E+000, 9.56880511899594E-002, 1.00000000000000E+000
 3.30349873773351E+001, 1.00000000000000E+000, 1.00881870723900E+000, 1.00000000000000E+000, 1.00881870723900E+000, 8.08573121207181E-002, 1.00000000000000E+000
 3.30920105987425E+001, 1.00000000000000E+000, 1.01045464638601E+000, 1.00000000000000E+000, 1.01045464638601E+000, 4.90804660760238E-002, 2.00000000000000E+000
 3.31490338201498E+001, 1.00000000000000E+000, 1.01217057062541E+000, 1.00000000000000E+000, 1.01217057062541E+000, 7.21454011740397E-002, 1.00000000000000E+000
 3.32060570415572E+001, 1.00000000000000E+000, 1.01405872476075E+000, 1.00000000000000E+000, 1.01405872476075E+000, 4.13370469376102E-002, 2.00000000000000E+000
 3.32630802629646E+001, 1.00000000000000E+000, 1.01607746491739E+000, 1.00000000000000E+000, 1.01607746491739E+000, 6.79760185090363E-002, 1.00000000000000E+000
 3.33201034843720E+001, 1.00000000000000E+000, 1.01821377488859E+000, 1.00000000000000E+000, 1.01821377488859E+000, 7.63045084003013E-002, 1.00000000000000E+000
 3.33771267057794E+001, 1.00000000000000E+000, 1.02036951953802E+000, 1.00000000000000E+000, 1.02036951953802E+000, 9.20311767108541E-002, 1.00000000000000E+000
 3.34341499271867E+001, 1.00000000000000E+000, 1.02238176847178E+000, 1.00000000000000E+000, 1.02238176847178E+000, 4.32429106855685E-002, 2.00000000000000E+000
 3.34911731485941E+001, 1.00000000000000E+000, 1.02419287482236E+000, 1.00000000000000E+000, 1.02419287482236E+000, 5.28470610368603E-002, 1.00000000000000E+000
 3.35481963700015E+001, 1.00000000000000E+000, 1.02569662058968E+000, 1.00000000000000E+000, 1.02569662058968E+000, 9.19648549273193E-002, 1.00000000000000E+000
 3.36052195914089E+001, 1.00000000000000E+000, 1.02669865141824E+000, 1.00000000000000E+000, 1.02669865141824E+000, 9.83732790784142E-002, 1.00000000000000E+000
 3.36622428128162E+001, 1.00000000000000E+000, 1.02707774650525E+000, 1.00000000000000E+000, 1.02707774650525E+000, 8.49801308667790E-002, 1.00000000000000E+000
 3.37762892556310E+001, 1.00000000000000E+000, 1.02644533395253E+000, 1.00000000000000E+000, 1.02644533395253E+000, 5.62073230482820E-002, 1.50000000000000E+000
 3.38333124770384E+001, 1.00000000000000E+000, 1.02496068166750E+000, 1.00000000000000E+000, 1.02496068166750E+000, 9.71892820918969E-002, 1.00000000000000E+000
 3.38903356984457E+001, 1.00000000000000E+000, 1.02421777809509E+000, 1.00000000000000E+000, 1.02421777809509E+000, 4.20048191993796E-002, 2.00000000000000E+000
 3.39473589198531E+001, 1.00000000000000E+000, 1.02349535264895E+000, 1.00000000000000E+000, 1.02349535264895E+000, 5.21622379377724E-002, 1.00000000000000E+000
 3.40043821412605E+001, 1.00000000000000E+000, 1.02291174954966E+000, 1.00000000000000E+000, 1.02291174954966E+000, 8.33228585244734E-002, 1.00000000000000E+000
 3.40614053626679E+001, 1.00000000000000E+000, 1.02241622750211E+000, 1.00000000000000E+000, 1.02241622750211E+000, 7.58416367178212E-002, 1.00000000000000E+000
 3.41184285840753E+001, 1.00000000000000E+000, 1.02198452331929E+000, 1.00000000000000E+000, 1.02198452331929E+000, 9.13242984387674E-002, 1.00000000000000E+000
 3.41754518054826E+001, 1.00000000000000E+000, 1.02161627391404E+000, 1.00000000000000E+000, 1.02161627391404E+000, 9.53875081681526E-002, 1.00000000000000E+000
 3.42324750268900E+001, 1.00000000000000E+000, 1.02126172464556E+000, 1.00000000000000E+000, 1.02126172464556E+000, 9.37669582420328E-002, 1.00000000000000E+000
 3.42894982482974E+001, 1.00000000000000E+000, 1.02090941433705E+000, 1.00000000000000E+000, 1.02090941433705E+000, 6.70363432285088E-002, 1.00000000000000E+000
 3.43465214697048E+001, 1.00000000000000E+000, 1.02059660902661E+000, 1.00000000000000E+000, 1.02059660902661E+000, 8.38947771004928E-002, 1.00000000000000E+000
 3.44035446911121E+001, 1.00000000000000E+000, 1.02007112525264E+000, 1.00000000000000E+000, 1.02007112525264E+000, 5.92801920112471E-002, 1.00000000000000E+000
 3.44605679125195E+001, 1.00000000000000E+000, 1.01939922661418E+000, 1.00000000000000E+000, 1.01939922661418E+000, 7.12378387081951E-002, 1.00000000000000E+000
 3.45175911339269E+001, 1.00000000000000E+000, 1.01851119001806E+000, 1.00000000000000E+000, 1.01851119001806E+000, 7.53938642322112E-002, 1.00000000000000E+000
 3.45746143553343E+001, 1.00000000000000E+000, 1.01701965183999E+000, 1.00000000000000E+000, 1.01701965183999E+000, 6.29783552296935E-002, 1.00000000000000E+000
 3.46316375767416E+001, 1.00000000000000E+000, 1.01534104446941E+000, 1.00000000000000E+000, 1.01534104446941E+000, 8.85173091731557E-002, 1.00000000000000E+000
 3.46886607981490E+001, 1.00000000000000E+000, 1.01305185508095E+000, 1.00000000000000E+000, 1.01305185508095E+000, 6.86272633205720E-002, 1.00000000000000E+000
 3.47456840195564E+001, 1.00000000000000E+000, 1.01052697929331E+000, 1.00000000000000E+000, 1.01052697929331E+000, 9.12143064850504E-002, 1.00000000000000E+000
 3.48027072409638E+001, 1.00000000000000E+000, 1.00695831010441E+000, 1.00000000000000E+000, 1.00695831010441E+000, 3.39766044616965E-002, 2.00000000000000E+000
 3.49167536837785E+001, 1.00000000000000E+000, 1.00109718150786E+000, 1.00000000000000E+000, 1.00109718150786E+000, 5.05975349324304E-002, 1.50000000000000E+000
 3.49737769051859E+001, 1.00000000000000E+000, 9.95320863613693E-001, 1.00000000000000E+000, 9.95320863613693E-001, 4.86814000822648E-002, 1.00000000000000E+000
 3.50308001265933E+001, 1.00000000000000E+000, 9.91917648401906E-001, 1.00000000000000E+000, 9.91917648401906E-001, 7.82758113753315E-002, 1.00000000000000E+000
 3.50878233480007E+001, 1.00000000000000E+000, 9.88936673798988E-001, 1.00000000000000E+000, 9.88936673798988E-001, 8.30361045961441E-002, 1.00000000000000E+000
 3.51448465694080E+001, 1.00000000000000E+000, 9.86471727833524E-001, 1.00000000000000E+000, 9.86471727833524E-001, 3.72124464866141E-002, 2.00000000000000E+000
 3.51958307299893E+001, 1.00000000000000E+000, 9.84621785431674E-001, 1.00000000000000E+000, 9.84621785431674E-001, 5.65626106718997E-002, 1.00000000000000E+000
 3.52468148905705E+001, 1.00000000000000E+000, 9.83057992065721E-001, 1.00000000000000E+000, 9.83057992065721E-001, 2.61053407052128E-002, 2.00000000000000E+000
 3.52977990511517E+001, 1.00000000000000E+000, 9.81637005130828E-001, 1.00000000000000E+000, 9.81637005130828E-001, 2.59922406981583E-002, 1.00000000000000E+000
 3.53487832117329E+001, 1.00000000000000E+000, 9.80316614104387E-001, 1.00000000000000E+000, 9.80316614104387E-001, 6.09335125320978E-002, 1.00000000000000E+000
 3.54405155253041E+001, 1.00000000000000E+000, 9.78603259372211E-001, 1.00000000000000E+000, 9.78603259372211E-001, 7.49749591360653E-002, 1.00000000000000E+000
 3.54863816820897E+001, 1.00000000000000E+000, 9.76755671770469E-001, 1.00000000000000E+000, 9.76755671770469E-001, 4.73544069974736E-002, 1.00000000000000E+000
 3.55322478388752E+001, 1.00000000000000E+000, 9.75438773682162E-001, 1.00000000000000E+000, 9.75438773682162E-001, 5.95966867256528E-002, 1.00000000000000E+000
 3.56239801524464E+001, 1.00000000000000E+000, 9.73407818735116E-001, 1.00000000000000E+000, 9.73407818735116E-001, 6.18791415586757E-002, 1.00000000000000E+000
 3.56698463092320E+001, 1.00000000000000E+000, 9.71346333127860E-001, 1.00000000000000E+000, 9.71346333127860E-001, 5.27558146069076E-002, 1.00000000000000E+000
 3.57157124660176E+001, 1.00000000000000E+000, 9.70026403671600E-001, 1.00000000000000E+000, 9.70026403671600E-001, 7.32644277140535E-002, 1.00000000000000E+000
 3.57615786228031E+001, 1.00000000000000E+000, 9.68815312267077E-001, 1.00000000000000E+000, 9.68815312267077E-001, 4.90016980067969E-002, 1.00000000000000E+000
 3.58624841677314E+001, 1.00000000000000E+000, 9.67128313696342E-001, 1.00000000000000E+000, 9.67128313696342E-001, 6.55451350411045E-002, 1.00000000000000E+000
 3.59129369401955E+001, 1.00000000000000E+000, 9.65967584270657E-001, 1.00000000000000E+000, 9.65967584270657E-001, 9.66862481807573E-002, 1.00000000000000E+000
 3.59633897126597E+001, 1.00000000000000E+000, 9.65678937414334E-001, 1.00000000000000E+000, 9.65678937414334E-001, 7.24076976285415E-002, 1.00000000000000E+000
 3.60138424851238E+001, 1.00000000000000E+000, 9.65737537803171E-001, 1.00000000000000E+000, 9.65737537803171E-001, 9.38329829189810E-002, 1.00000000000000E+000
 3.60642952575879E+001, 1.00000000000000E+000, 9.66075750076297E-001, 1.00000000000000E+000, 9.66075750076297E-001, 5.57015314048408E-002, 1.00000000000000E+000
 3.61652008025162E+001, 1.00000000000000E+000, 9.66691369954081E-001, 1.00000000000000E+000, 9.66691369954081E-001, 6.66561201247095E-002, 1.00000000000000E+000
 3.62206988522267E+001, 1.00000000000000E+000, 9.66898213491633E-001, 1.00000000000000E+000, 9.66898213491633E-001, 9.18695053578671E-002, 1.00000000000000E+000
 3.62761969019373E+001, 1.00000000000000E+000, 9.66292302504612E-001, 1.00000000000000E+000, 9.66292302504612E-001, 7.36925729983471E-002, 1.00000000000000E+000
 3.63316949516478E+001, 1.00000000000000E+000, 9.65061467631629E-001, 1.00000000000000E+000, 9.65061467631629E-001, 9.25280802433770E-002, 1.00000000000000E+000
 3.63871930013584E+001, 1.00000000000000E+000, 9.62964483166143E-001, 1.00000000000000E+000, 9.62964483166143E-001, 6.84464357647008E-002, 1.00000000000000E+000
 3.64426910510689E+001, 1.00000000000000E+000, 9.60187286087549E-001, 1.00000000000000E+000, 9.60187286087549E-001, 8.66534936945227E-002, 1.00000000000000E+000
 3.64981891007795E+001, 1.00000000000000E+000, 9.56761671659372E-001, 1.00000000000000E+000, 9.56761671659372E-001, 7.22810686789979E-002, 1.00000000000000E+000
 3.65536871504900E+001, 1.00000000000000E+000, 9.52929638602519E-001, 1.00000000000000E+000, 9.52929638602519E-001, 8.88200322984602E-002, 1.00000000000000E+000
 3.66091852002005E+001, 1.00000000000000E+000, 9.48937599420465E-001, 1.00000000000000E+000, 9.48937599420465E-001, 9.59479740817424E-002, 1.00000000000000E+000
 3.66646832499111E+001, 1.00000000000000E+000, 9.44973841620888E-001, 1.00000000000000E+000, 9.44973841620888E-001, 9.33926859666672E-002, 1.00000000000000E+000
 3.67201812996216E+001, 1.00000000000000E+000, 9.41222504223630E-001, 1.00000000000000E+000, 9.41222504223630E-001, 8.03704148418332E-002, 1.00000000000000E+000
 3.68311773990427E+001, 1.00000000000000E+000, 9.36166323928430E-001, 1.00000000000000E+000, 9.36166323928430E-001, 8.07247552879056E-002, 1.00000000000000E+000
 3.68866754487533E+001, 1.00000000000000E+000, 9.31988306960508E-001, 1.00000000000000E+000, 9.31988306960508E-001, 8.38930453087032E-002, 1.00000000000000E+000
 3.69421734984638E+001, 1.00000000000000E+000, 9.30010934577203E-001, 1.00000000000000E+000, 9.30010934577203E-001, 7.24978671084500E-002, 1.00000000000000E+000
 3.69976715481744E+001, 1.00000000000000E+000, 9.29038723394675E-001, 1.00000000000000E+000, 9.29038723394675E-001, 5.05492016318074E-002, 2.00000000000000E+000
 3.70531695978849E+001, 1.00000000000000E+000, 9.28805414340468E-001, 1.00000000000000E+000, 9.28805414340468E-001, 3.30420754619325E-002, 1.00000000000000E+000
 3.71086676475954E+001, 1.00000000000000E+000, 9.29108943202240E-001, 1.00000000000000E+000, 9.29108943202240E-001, 7.89420778117067E-002, 1.00000000000000E+000
 3.71641656973060E+001, 1.00000000000000E+000, 9.30175166551704E-001, 1.00000000000000E+000, 9.30175166551704E-001, 7.20011480032987E-002, 1.00000000000000E+000
 3.72252135519876E+001, 1.00000000000000E+000, 9.32329752268906E-001, 1.00000000000000E+000, 9.32329752268906E-001, 4.01136452166155E-002, 2.00000000000000E+000
 3.72862614066692E+001, 1.00000000000000E+000, 9.34997530219158E-001, 1.00000000000000E+000, 9.34997530219158E-001, 5.78896150659955E-002, 1.00000000000000E+000
 3.73473092613508E+001, 1.00000000000000E+000, 9.38114229111212E-001, 1.00000000000000E+000, 9.38114229111212E-001, 8.68293169820182E-002, 1.00000000000000E+000
 3.74083571160324E+001, 1.00000000000000E+000, 9.41563938961728E-001, 1.00000000000000E+000, 9.41563938961728E-001, 9.46854908014221E-002, 1.00000000000000E+000
 3.74694049707140E+001, 1.00000000000000E+000, 9.45690714727850E-001, 1.00000000000000E+000, 9.45690714727850E-001, 4.62823035298008E-002, 2.00000000000000E+000
 3.75304528253956E+001, 1.00000000000000E+000, 9.49598401824748E-001, 1.00000000000000E+000, 9.49598401824748E-001, 7.12223756014023E-002, 1.00000000000000E+000
 3.75915006800772E+001, 1.00000000000000E+000, 9.53444210280569E-001, 1.00000000000000E+000, 9.53444210280569E-001, 7.91701774977345E-002, 1.00000000000000E+000
 3.76431887737031E+001, 1.00000000000000E+000, 9.56837747435933E-001, 1.00000000000000E+000, 9.56837747435933E-001, 6.99390972156071E-002, 1.00000000000000E+000
 3.76948768673291E+001, 1.00000000000000E+000, 9.60134441522132E-001, 1.00000000000000E+000, 9.60134441522132E-001, 6.82993412794977E-002, 1.00000000000000E+000
 3.77465649609551E+001, 1.00000000000000E+000, 9.63603272678515E-001, 1.00000000000000E+000, 9.63603272678515E-001, 5.57332719156323E-002, 1.00000000000000E+000
 3.78551099575696E+001, 1.00000000000000E+000, 9.69052277192701E-001, 1.00000000000000E+000, 9.69052277192701E-001, 6.96638374206978E-002, 1.00000000000000E+000
 3.79176525508570E+001, 1.00000000000000E+000, 9.75213006697231E-001, 1.00000000000000E+000, 9.75213006697231E-001, 6.24635635050632E-002, 1.00000000000000E+000
 3.79801951441444E+001, 1.00000000000000E+000, 9.79550397210241E-001, 1.00000000000000E+000, 9.79550397210241E-001, 9.92559264712607E-002, 1.00000000000000E+000
 3.80427377374319E+001, 1.00000000000000E+000, 9.84694754404326E-001, 1.00000000000000E+000, 9.84694754404326E-001, 3.10868940779947E-002, 2.00000000000000E+000
 3.81052803307193E+001, 1.00000000000000E+000, 9.89792586753151E-001, 1.00000000000000E+000, 9.89792586753151E-001, 7.05512469842655E-002, 1.00000000000000E+000
 3.81678229240067E+001, 1.00000000000000E+000, 9.95087986523790E-001, 1.00000000000000E+000, 9.95087986523790E-001, 9.72131302768817E-002, 1.00000000000000E+000
 3.82230181964349E+001, 1.00000000000000E+000, 1.00035383849728E+000, 1.00000000000000E+000, 1.00035383849728E+000, 4.06871848893802E-002, 2.00000000000000E+000
 3.82782134688631E+001, 1.00000000000000E+000, 1.00552543239333E+000, 1.00000000000000E+000, 1.00552543239333E+000, 4.11350807123172E-002, 1.00000000000000E+000
 3.83334087412913E+001, 1.00000000000000E+000, 1.01067614347729E+000, 1.00000000000000E+000, 1.01067614347729E+000, 4.70354834631523E-002, 1.00000000000000E+000
 3.83886040137194E+001, 1.00000000000000E+000, 1.01571730538992E+000, 1.00000000000000E+000, 1.01571730538992E+000, 7.75991596993202E-002, 1.00000000000000E+000
 3.84437992861476E+001, 1.00000000000000E+000, 1.02052346516335E+000, 1.00000000000000E+000, 1.02052346516335E+000, 4.98625694152801E-002, 1.00000000000000E+000
 3.84989945585758E+001, 1.00000000000000E+000, 1.02514388646511E+000, 1.00000000000000E+000, 1.02514388646511E+000, 6.79221350337899E-002, 1.00000000000000E+000
 3.85597093582468E+001, 1.00000000000000E+000, 1.02966973611686E+000, 1.00000000000000E+000, 1.02966973611686E+000, 6.94350822141762E-002, 1.00000000000000E+000
 3.86204241579178E+001, 1.00000000000000E+000, 1.03384965746342E+000, 1.00000000000000E+000, 1.03384965746342E+000, 9.73884518945258E-002, 1.00000000000000E+000
 3.86811389575888E+001, 1.00000000000000E+000, 1.03716748651835E+000, 1.00000000000000E+000, 1.03716748651835E+000, 7.07635347031919E-002, 1.00000000000000E+000
 3.87348145371036E+001, 1.00000000000000E+000, 1.03938895123457E+000, 1.00000000000000E+000, 1.03938895123457E+000, 7.46345214655426E-002, 1.00000000000000E+000
 3.87884901166184E+001, 1.00000000000000E+000, 1.04105510242710E+000, 1.00000000000000E+000, 1.04105510242710E+000, 8.56730486755379E-002, 1.00000000000000E+000
 3.88421656961331E+001, 1.00000000000000E+000, 1.04165743827931E+000, 1.00000000000000E+000, 1.04165743827931E+000, 6.64226450979533E-002, 1.00000000000000E+000
 3.88958412756479E+001, 1.00000000000000E+000, 1.04171480783641E+000, 1.00000000000000E+000, 1.04171480783641E+000, 8.26640071718470E-002, 1.00000000000000E+000
 3.89495168551627E+001, 1.00000000000000E+000, 1.04077017544431E+000, 1.00000000000000E+000, 1.04077017544431E+000, 8.11483955660097E-002, 1.00000000000000E+000
 3.90031924346774E+001, 1.00000000000000E+000, 1.03837856473097E+000, 1.00000000000000E+000, 1.03837856473097E+000, 4.03276330222724E-002, 2.00000000000000E+000
 3.91105435937070E+001, 1.00000000000000E+000, 1.03409629039295E+000, 1.00000000000000E+000, 1.03341958473858E+000, 5.08691849806803E-002, 1.00000000000000E+000
 3.91642191732217E+001, 1.00000000000000E+000, 1.02920106951277E+000, 1.00000000000000E+000, 1.02758739771578E+000, 6.41906711255131E-002, 1.00000000000000E+000
 3.92178947527365E+001, 1.00000000000000E+000, 1.02533053192377E+000, 1.00000000000000E+000, 1.02320582111004E+000, 3.19047511990938E-002, 2.00000000000000E+000
 3.92715703322513E+001, 1.00000000000000E+000, 1.02125823005653E+000, 1.00000000000000E+000, 1.01874790759882E+000, 2.72522796231698E-002, 1.00000000000000E+000
 3.93252459117660E+001, 1.00000000000000E+000, 1.01721199888192E+000, 1.00000000000000E+000, 1.01445914261863E+000, 6.98151619375418E-002, 1.00000000000000E+000
 3.93789214912808E+001, 1.00000000000000E+000, 1.01338197624272E+000, 1.00000000000000E+000, 1.01053623553730E+000, 8.17475629895690E-002, 1.00000000000000E+000
 3.94325970707956E+001, 1.00000000000000E+000, 1.00978292287089E+000, 1.00000000000000E+000, 1.00698516626642E+000, 8.23612491015233E-002, 1.00000000000000E+000
 3.94862726503103E+001, 1.00000000000000E+000, 1.00676578124380E+000, 1.00000000000000E+000, 1.00415475543341E+000, 5.79999479140829E-002, 1.00000000000000E+000
 3.95936238093399E+001, 1.00000000000000E+000, 1.00328498018067E+000, 1.00000000000000E+000, 1.00117633845796E+000, 8.37448919860887E-002, 1.00000000000000E+000
 3.96472993888546E+001, 1.00000000000000E+000, 1.00137650455266E+000, 1.00000000000000E+000, 9.99963086710861E-001, 3.08958852448418E-002, 2.00000000000000E+000
 3.97063425263209E+001, 1.00000000000000E+000, 1.00072494345232E+000, 1.00000000000000E+000, 9.99911310909435E-001, 2.54860580260705E-002, 1.00000000000000E+000
 3.97653856637871E+001, 1.00000000000000E+000, 1.00037324834724E+000, 1.00000000000000E+000, 1.00019349406350E+000, 6.12198320830024E-002, 1.00000000000000E+000
 3.98244288012533E+001, 1.00000000000000E+000, 1.00054910284423E+000, 1.00000000000000E+000, 1.00054910284423E+000, 9.14652196159913E-002, 1.00000000000000E+000
 3.98834719387196E+001, 1.00000000000000E+000, 1.00105072898169E+000, 1.00000000000000E+000, 1.00105072898169E+000, 7.30928236845436E-002, 1.00000000000000E+000
 3.99425150761858E+001, 1.00000000000000E+000, 1.00171395549601E+000, 1.00000000000000E+000, 1.00171395549601E+000, 8.13079081560246E-002, 1.00000000000000E+000
 4.00015582136521E+001, 1.00000000000000E+000, 1.00278951312116E+000, 1.00000000000000E+000, 1.00278951312116E+000, 5.11583440995125E-002, 2.00000000000000E+000
 4.00606013511183E+001, 1.00000000000000E+000, 1.00403262998121E+000, 1.00000000000000E+000, 1.00403262998121E+000, 5.77428245572893E-002, 1.00000000000000E+000
 4.01196444885845E+001, 1.00000000000000E+000, 1.00553161292965E+000, 1.00000000000000E+000, 1.00553161292965E+000, 7.50766354483328E-002, 1.00000000000000E+000
 4.01845919397974E+001, 1.00000000000000E+000, 1.00744113084647E+000, 1.00000000000000E+000, 1.00744113084647E+000, 3.77597787397138E-002, 2.00000000000000E+000
 4.02495393910103E+001, 1.00000000000000E+000, 1.00918414871737E+000, 1.00000000000000E+000, 1.00918414871737E+000, 8.51175630451599E-002, 1.00000000000000E+000
 4.03144868422231E+001, 1.00000000000000E+000, 1.01085325309834E+000, 1.00000000000000E+000, 1.01085325309834E+000, 3.78775873036512E-002, 2.00000000000000E+000
 4.03794342934360E+001, 1.00000000000000E+000, 1.01224005306959E+000, 1.00000000000000E+000, 1.01224005306959E+000, 7.93124290206217E-002, 1.00000000000000E+000
 4.04443817446489E+001, 1.00000000000000E+000, 1.01378232750092E+000, 1.00000000000000E+000, 1.01378232750092E+000, 3.43534304939337E-002, 2.00000000000000E+000
 4.05093291958617E+001, 1.00000000000000E+000, 1.01544123605523E+000, 1.00000000000000E+000, 1.01544123605523E+000, 5.59572379030089E-002, 1.00000000000000E+000
 4.05742766470746E+001, 1.00000000000000E+000, 1.01754877202087E+000, 1.00000000000000E+000, 1.01754877202087E+000, 9.98339434098980E-002, 1.00000000000000E+000
 4.06392240982875E+001, 1.00000000000000E+000, 1.02012123993940E+000, 1.00000000000000E+000, 1.02012123993940E+000, 5.67592880875170E-002, 2.00000000000000E+000
 4.07041715495003E+001, 1.00000000000000E+000, 1.02285939100808E+000, 1.00000000000000E+000, 1.02285939100808E+000, 9.55650429100001E-002, 1.00000000000000E+000
 4.07691190007132E+001, 1.00000000000000E+000, 1.02528186389108E+000, 1.00000000000000E+000, 1.02528186389108E+000, 5.73388650030924E-002, 2.00000000000000E+000
 4.08340664519261E+001, 1.00000000000000E+000, 1.02717180793861E+000, 1.00000000000000E+000, 1.02717180793861E+000, 7.67410457965525E-002, 1.00000000000000E+000
 4.08990139031389E+001, 1.00000000000000E+000, 1.02802185649979E+000, 1.00000000000000E+000, 1.02802185649979E+000, 4.75135218827425E-002, 2.00000000000000E+000
 4.09639613543518E+001, 1.00000000000000E+000, 1.02810466943961E+000, 1.00000000000000E+000, 1.02810466943961E+000, 8.77144025875318E-002, 1.00000000000000E+000
 4.10289088055647E+001, 1.00000000000000E+000, 1.02718874979184E+000, 1.00000000000000E+000, 1.02718874979184E+000, 4.35805485682503E-002, 2.00000000000000E+000
 4.10938562567775E+001, 1.00000000000000E+000, 1.02573398212588E+000, 1.00000000000000E+000, 1.02573398212588E+000, 7.84536400405682E-002, 1.00000000000000E+000
 4.11588037079904E+001, 1.00000000000000E+000, 1.02399326039886E+000, 1.00000000000000E+000, 1.02399326039886E+000, 4.64223261135324E-002, 2.00000000000000E+000
 4.12165193673529E+001, 1.00000000000000E+000, 1.02262015506181E+000, 1.00000000000000E+000, 1.02262015506181E+000, 6.02436694488948E-002, 1.00000000000000E+000
 4.12742350267153E+001, 1.00000000000000E+000, 1.02152585472647E+000, 1.00000000000000E+000, 1.02152585472647E+000, 9.20459650602308E-002, 1.00000000000000E+000
 4.13319506860777E+001, 1.00000000000000E+000, 1.02044574973154E+000, 1.00000000000000E+000, 1.02044574973154E+000, 3.94349100804148E-002, 2.00000000000000E+000
 4.13896663454402E+001, 1.00000000000000E+000, 1.01969563556898E+000, 1.00000000000000E+000, 1.01969563556898E+000, 8.47555063167689E-002, 1.00000000000000E+000
 4.14473820048026E+001, 1.00000000000000E+000, 1.01853566803203E+000, 1.00000000000000E+000, 1.01853566803203E+000, 3.12790222424109E-002, 2.00000000000000E+000
 4.15050976641651E+001, 1.00000000000000E+000, 1.01726058413975E+000, 1.00000000000000E+000, 1.01726058413975E+000, 5.67189937029289E-002, 1.00000000000000E+000
 4.15628133235275E+001, 1.00000000000000E+000, 1.01577830974956E+000, 1.00000000000000E+000, 1.01577830974956E+000, 8.47145811467112E-002, 1.00000000000000E+000
 4.16205289828900E+001, 1.00000000000000E+000, 1.01392971433840E+000, 1.00000000000000E+000, 1.01392971433840E+000, 8.51810109180333E-002, 1.00000000000000E+000
 4.16782446422524E+001, 1.00000000000000E+000, 1.01157729863061E+000, 1.00000000000000E+000, 1.01157729863061E+000, 8.75051510189271E-002, 1.00000000000000E+000
 4.17359603016148E+001, 1.00000000000000E+000, 1.00839701874047E+000, 1.00000000000000E+000, 1.00839701874047E+000, 4.19593527520925E-002, 2.00000000000000E+000
 4.17936759609773E+001, 1.00000000000000E+000, 1.00467225784838E+000, 1.00000000000000E+000, 1.00467225784838E+000, 6.10304945164293E-002, 1.00000000000000E+000
 4.18513916203397E+001, 1.00000000000000E+000, 1.00025024276695E+000, 1.00000000000000E+000, 1.00025024276695E+000, 3.00943865844518E-002, 2.00000000000000E+000
 4.19091072797022E+001, 1.00000000000000E+000, 9.95564444243257E-001, 1.00000000000000E+000, 9.95564444243257E-001, 4.92958565287485E-002, 1.00000000000000E+000
 4.19668229390646E+001, 1.00000000000000E+000, 9.90792392059552E-001, 1.00000000000000E+000, 9.90792392059552E-001, 8.80781687299144E-002, 1.00000000000000E+000
 4.20170078476746E+001, 1.00000000000000E+000, 9.86700727537250E-001, 1.00000000000000E+000, 9.86700727537250E-001, 8.33145273340761E-002, 1.00000000000000E+000
 4.20671927562847E+001, 1.00000000000000E+000, 9.82722681040837E-001, 1.00000000000000E+000, 9.82722681040837E-001, 8.52938185486798E-002, 1.00000000000000E+000
 4.21173776648947E+001, 1.00000000000000E+000, 9.78954739629768E-001, 1.00000000000000E+000, 9.78954739629768E-001, 6.44837872716684E-002, 1.00000000000000E+000
 4.21675625735047E+001, 1.00000000000000E+000, 9.75382192073591E-001, 1.00000000000000E+000, 9.75382192073591E-001, 9.58662810638435E-002, 1.00000000000000E+000
 4.22177474821148E+001, 1.00000000000000E+000, 9.72142348147437E-001, 1.00000000000000E+000, 9.72142348147437E-001, 8.09510395306863E-002, 1.00000000000000E+000
 4.22679323907248E+001, 1.00000000000000E+000, 9.69414471608100E-001, 1.00000000000000E+000, 9.69414471608100E-001, 5.06376373186746E-002, 2.00000000000000E+000
 4.23181172993348E+001, 1.00000000000000E+000, 9.67030580624868E-001, 1.00000000000000E+000, 9.67030580624868E-001, 3.75898435722248E-002, 1.00000000000000E+000
 4.23628402180595E+001, 1.00000000000000E+000, 9.65306663697231E-001, 1.00000000000000E+000, 9.65306663697231E-001, 6.73619818717790E-002, 1.00000000000000E+000
 4.24522860555089E+001, 1.00000000000000E+000, 9.63270231676535E-001, 1.00000000000000E+000, 9.63270231676535E-001, 7.79351774793360E-002, 1.00000000000000E+000
 4.24970089742336E+001, 1.00000000000000E+000, 9.61854496170099E-001, 1.00000000000000E+000, 9.61854496170099E-001, 5.46410285478462E-002, 1.00000000000000E+000
 4.25417318929583E+001, 1.00000000000000E+000, 9.61246538524328E-001, 1.00000000000000E+000, 9.61246538524328E-001, 6.20878642071043E-002, 1.00000000000000E+000
 4.26311777304077E+001, 1.00000000000000E+000, 9.60934218810838E-001, 1.00000000000000E+000, 9.60934218810838E-001, 6.36147781361411E-002, 1.00000000000000E+000
 4.26759006491324E+001, 1.00000000000000E+000, 9.61320447702778E-001, 1.00000000000000E+000, 9.61320447702778E-001, 7.14106595984056E-002, 1.00000000000000E+000
 4.27206235678571E+001, 1.00000000000000E+000, 9.62143849537307E-001, 1.00000000000000E+000, 9.62143849537307E-001, 5.89924476200645E-002, 1.00000000000000E+000
 4.28100694053065E+001, 1.00000000000000E+000, 9.63984255328046E-001, 1.00000000000000E+000, 9.63984255328046E-001, 7.35784735556559E-002, 1.00000000000000E+000
 4.28547923240312E+001, 1.00000000000000E+000, 9.66531948401342E-001, 1.00000000000000E+000, 9.66531948401342E-001, 7.48123630329878E-002, 1.00000000000000E+000
 4.29442381614806E+001, 1.00000000000000E+000, 9.69859822881051E-001, 1.00000000000000E+000, 9.69859822881051E-001, 6.23206743425687E-002, 1.00000000000000E+000
 4.29889610802053E+001, 1.00000000000000E+000, 9.73527978592048E-001, 1.00000000000000E+000, 9.73527978592048E-001, 4.84925575112236E-002, 1.00000000000000E+000
 4.30336839989300E+001, 1.00000000000000E+000, 9.76037025939915E-001, 1.00000000000000E+000, 9.76037025939915E-001, 6.12743521262702E-002, 1.00000000000000E+000
 4.31276021282519E+001, 1.00000000000000E+000, 9.79738676535459E-001, 1.00000000000000E+000, 9.79738676535459E-001, 7.56390105675538E-002, 1.00000000000000E+000
 4.31817168599088E+001, 1.00000000000000E+000, 9.83164519060874E-001, 1.00000000000000E+000, 9.83164519060874E-001, 9.98464749934644E-002, 1.00000000000000E+000
 4.32412430647314E+001, 1.00000000000000E+000, 9.84966058732519E-001, 1.00000000000000E+000, 9.84966058732519E-001, 5.11951884403303E-002, 2.00000000000000E+000
 4.33007692695540E+001, 1.00000000000000E+000, 9.86293927395856E-001, 1.00000000000000E+000, 9.86293927395856E-001, 7.02571952592970E-002, 1.00000000000000E+000
 4.33662480948588E+001, 1.00000000000000E+000, 9.87280595694869E-001, 1.00000000000000E+000, 9.87280595694869E-001, 5.91043154460125E-002, 2.00000000000000E+000
 4.34317269201636E+001, 1.00000000000000E+000, 9.88164751544578E-001, 1.00000000000000E+000, 9.88164751544578E-001, 9.19048810734591E-002, 1.00000000000000E+000
 4.34972057454684E+001, 1.00000000000000E+000, 9.89097888045036E-001, 1.00000000000000E+000, 9.89097888045036E-001, 6.01857526036003E-002, 2.00000000000000E+000
 4.35626845707733E+001, 1.00000000000000E+000, 9.90167316484694E-001, 1.00000000000000E+000, 9.90167316484694E-001, 4.45124198639355E-002, 2.00000000000000E+000
 4.36281633960781E+001, 1.00000000000000E+000, 9.91327170113749E-001, 1.00000000000000E+000, 9.91327170113749E-001, 5.61177095398762E-002, 2.00000000000000E+000
 4.36936422213829E+001, 1.00000000000000E+000, 9.92372202278734E-001, 1.00000000000000E+000, 9.92372202278734E-001, 5.73130388143794E-002, 2.00000000000000E+000
 4.37591210466878E+001, 1.00000000000000E+000, 9.93085422013984E-001, 1.00000000000000E+000, 9.93085422013984E-001, 5.65238572344502E-002, 2.00000000000000E+000
 4.38245998719926E+001, 1.00000000000000E+000, 9.93602441978010E-001, 1.00000000000000E+000, 9.93602441978010E-001, 9.90860778239542E-002, 1.00000000000000E+000
 4.38900786972974E+001, 1.00000000000000E+000, 9.93431327969637E-001, 1.00000000000000E+000, 9.93431327969637E-001, 6.35916996641279E-002, 2.00000000000000E+000
 4.39555575226022E+001, 1.00000000000000E+000, 9.92831738848112E-001, 1.00000000000000E+000, 9.92831738848112E-001, 7.65240533652429E-002, 1.00000000000000E+000
 4.40210363479071E+001, 1.00000000000000E+000, 9.91565634924625E-001, 1.00000000000000E+000, 9.91565634924625E-001, 4.48356211045093E-002, 2.00000000000000E+000
 4.40865151732119E+001, 1.00000000000000E+000, 9.89868145454795E-001, 1.00000000000000E+000, 9.89868145454795E-001, 8.22798773756939E-002, 1.00000000000000E+000
 4.41519939985167E+001, 1.00000000000000E+000, 9.87484687960793E-001, 1.00000000000000E+000, 9.87484687960793E-001, 5.72598911295368E-002, 2.00000000000000E+000
 4.42174728238216E+001, 1.00000000000000E+000, 9.84645624566179E-001, 1.00000000000000E+000, 9.84645624566179E-001, 8.71951637784951E-002, 1.00000000000000E+000
 4.42829516491264E+001, 1.00000000000000E+000, 9.81404748957792E-001, 1.00000000000000E+000, 9.81404748957792E-001, 5.66583505723957E-002, 2.00000000000000E+000
 4.43484304744312E+001, 1.00000000000000E+000, 9.78010861412357E-001, 1.00000000000000E+000, 9.78010861412357E-001, 7.09184362600594E-002, 1.00000000000000E+000
 4.44139092997361E+001, 1.00000000000000E+000, 9.74959127842855E-001, 1.00000000000000E+000, 9.74959127842855E-001, 4.42364675287452E-002, 2.00000000000000E+000
 4.44793881250409E+001, 1.00000000000000E+000, 9.72349744116409E-001, 1.00000000000000E+000, 9.72349744116409E-001, 8.44169639324162E-002, 1.00000000000000E+000
 4.45362910534784E+001, 1.00000000000000E+000, 9.70961912958232E-001, 1.00000000000000E+000, 9.70961912958232E-001, 5.66994798001241E-002, 2.00000000000000E+000
 4.45931939819160E+001, 1.00000000000000E+000, 9.70254552787335E-001, 1.00000000000000E+000, 9.70254552787335E-001, 6.11502038996428E-002, 1.00000000000000E+000
 4.46500969103535E+001, 1.00000000000000E+000, 9.70252443038127E-001, 1.00000000000000E+000, 9.70252443038127E-001, 9.96862192353680E-002, 1.00000000000000E+000
 4.47069998387910E+001, 1.00000000000000E+000, 9.70892216209061E-001, 1.00000000000000E+000, 9.70892216209061E-001, 5.28574387658134E-002, 2.00000000000000E+000
 4.47639027672286E+001, 1.00000000000000E+000, 9.72104367057442E-001, 1.00000000000000E+000, 9.72104367057442E-001, 7.89967777344307E-002, 1.00000000000000E+000
 4.48208056956661E+001, 1.00000000000000E+000, 9.73734042452346E-001, 1.00000000000000E+000, 9.73734042452346E-001, 9.35524679911797E-002, 1.00000000000000E+000
 4.48777086241036E+001, 1.00000000000000E+000, 9.75538999441366E-001, 1.00000000000000E+000, 9.75538999441366E-001, 4.72825548362474E-002, 2.00000000000000E+000
 4.49346115525412E+001, 1.00000000000000E+000, 9.77828916984309E-001, 1.00000000000000E+000, 9.77828916984309E-001, 9.03281203130535E-002, 1.00000000000000E+000
 4.49915144809787E+001, 1.00000000000000E+000, 9.80225980445725E-001, 1.00000000000000E+000, 9.80225980445725E-001, 4.66265515178237E-002, 2.00000000000000E+000
 4.50484174094163E+001, 1.00000000000000E+000, 9.82935650533548E-001, 1.00000000000000E+000, 9.82935650533548E-001, 7.12523865354970E-002, 1.00000000000000E+000
 4.51053203378538E+001, 1.00000000000000E+000, 9.85709635321012E-001, 1.00000000000000E+000, 9.85709635321012E-001, 3.84834856515175E-002, 2.00000000000000E+000
 4.51622232662913E+001, 1.00000000000000E+000, 9.88706144021820E-001, 1.00000000000000E+000, 9.88706144021820E-001, 6.01172399211576E-002, 1.00000000000000E+000
 4.52191261947289E+001, 1.00000000000000E+000, 9.91692336164655E-001, 1.00000000000000E+000, 9.91692336164655E-001, 6.53900088663657E-002, 1.00000000000000E+000
 4.52760291231664E+001, 1.00000000000000E+000, 9.94505946094300E-001, 1.00000000000000E+000, 9.94505946094300E-001, 4.23713197589939E-002, 2.00000000000000E+000
 4.53329320516039E+001, 1.00000000000000E+000, 9.97195415579752E-001, 1.00000000000000E+000, 9.97195415579752E-001, 3.73979092716734E-002, 1.00000000000000E+000
 4.53898349800415E+001, 1.00000000000000E+000, 9.99784043472958E-001, 1.00000000000000E+000, 9.99784043472958E-001, 8.36021226721149E-002, 1.00000000000000E+000
 4.54467379084790E+001, 1.00000000000000E+000, 1.00242534533777E+000, 1.00000000000000E+000, 1.00242534533777E+000, 4.04886111661029E-002, 2.00000000000000E+000
 4.55036408369166E+001, 1.00000000000000E+000, 1.00517068009783E+000, 1.00000000000000E+000, 1.00517068009783E+000, 6.96473443950976E-002, 1.00000000000000E+000
 4.55605437653541E+001, 1.00000000000000E+000, 1.00817800498589E+000, 1.00000000000000E+000, 1.00817800498589E+000, 8.93231876849125E-002, 1.00000000000000E+000
 4.56174466937916E+001, 1.00000000000000E+000, 1.01185691994164E+000, 1.00000000000000E+000, 1.01185691994164E+000, 4.27521638235042E-002, 2.00000000000000E+000
 4.56743496222292E+001, 1.00000000000000E+000, 1.01569238596052E+000, 1.00000000000000E+000, 1.01569238596052E+000, 6.74932476932248E-002, 1.00000000000000E+000
 4.57312525506667E+001, 1.00000000000000E+000, 1.01977638587730E+000, 1.00000000000000E+000, 1.01977638587730E+000, 7.68183104359896E-002, 1.00000000000000E+000
 4.57881554791042E+001, 1.00000000000000E+000, 1.02396579578688E+000, 1.00000000000000E+000, 1.02396579578688E+000, 9.69654456807350E-002, 1.00000000000000E+000
 4.58450584075418E+001, 1.00000000000000E+000, 1.02835200185021E+000, 1.00000000000000E+000, 1.02835200185021E+000, 5.59227545777865E-002, 2.00000000000000E+000
 4.59019613359793E+001, 1.00000000000000E+000, 1.03238365156857E+000, 1.00000000000000E+000, 1.03238365156857E+000, 9.91818430602112E-002, 1.00000000000000E+000
 4.59588642644169E+001, 1.00000000000000E+000, 1.03600319503931E+000, 1.00000000000000E+000, 1.03600319503931E+000, 4.47673409739933E-002, 2.00000000000000E+000
 4.60157671928544E+001, 1.00000000000000E+000, 1.03900347869645E+000, 1.00000000000000E+000, 1.03900347869645E+000, 8.53517103139039E-002, 1.00000000000000E+000
 4.60726701212919E+001, 1.00000000000000E+000, 1.04110305551358E+000, 1.00000000000000E+000, 1.04110305551358E+000, 5.07821332212015E-002, 2.00000000000000E+000
 4.61295730497295E+001, 1.00000000000000E+000, 1.04221746783691E+000, 1.00000000000000E+000, 1.04221746783691E+000, 6.39864158478984E-002, 1.00000000000000E+000
 4.61864759781670E+001, 1.00000000000000E+000, 1.04226477460955E+000, 1.00000000000000E+000, 1.04226477460955E+000, 5.70048684245934E-002, 2.00000000000000E+000
 4.62357720093781E+001, 1.00000000000000E+000, 1.04146727812875E+000, 1.00000000000000E+000, 1.04146727812875E+000, 6.80011014848816E-002, 1.00000000000000E+000
 4.62850680405891E+001, 1.00000000000000E+000, 1.04008761113366E+000, 1.00000000000000E+000, 1.04008761113366E+000, 4.38979490776763E-002, 2.00000000000000E+000
 4.63343640718002E+001, 1.00000000000000E+000, 1.03816141553393E+000, 1.00000000000000E+000, 1.03816141553393E+000, 6.74284580037832E-002, 1.00000000000000E+000
 4.64223501267156E+001, 1.00000000000000E+000, 1.03512610906549E+000, 1.00000000000000E+000, 1.03512610906549E+000, 8.15100670279774E-002, 1.00000000000000E+000
 4.64663431541733E+001, 1.00000000000000E+000, 1.03171307830161E+000, 1.00000000000000E+000, 1.03171307830161E+000, 9.75354946555853E-002, 1.00000000000000E+000
 4.65103361816310E+001, 1.00000000000000E+000, 1.02930623075056E+000, 1.00000000000000E+000, 1.02930623075056E+000, 8.28088398220628E-002, 1.00000000000000E+000
 4.65983222365464E+001, 1.00000000000000E+000, 1.02571518630023E+000, 1.00000000000000E+000, 1.02571518630023E+000, 3.44083595993179E-002, 1.50000000000000E+000
 4.66423152640041E+001, 1.00000000000000E+000, 1.02194110235013E+000, 1.00000000000000E+000, 1.02194110235013E+000, 5.04936916526664E-002, 1.00000000000000E+000
 4.66907075942076E+001, 1.00000000000000E+000, 1.01899371880521E+000, 1.00000000000000E+000, 1.01899371880521E+000, 9.65358018723941E-002, 1.00000000000000E+000
 4.67810045160211E+001, 1.00000000000000E+000, 1.01476005785985E+000, 1.00000000000000E+000, 1.01476005785985E+000, 7.79249838364781E-002, 1.00000000000000E+000
 4.68229091076312E+001, 1.00000000000000E+000, 1.01083036095290E+000, 1.00000000000000E+000, 1.01083036095290E+000, 7.58752306234509E-002, 1.00000000000000E+000
 4.68648136992412E+001, 1.00000000000000E+000, 1.00840937380759E+000, 1.00000000000000E+000, 1.00840937380759E+000, 9.98076400754562E-002, 1.00000000000000E+000
 4.69486228824613E+001, 1.00000000000000E+000, 1.00528104435496E+000, 1.00000000000000E+000, 1.00528104435496E+000, 6.24441301206214E-002, 1.50000000000000E+000
 4.69905274740714E+001, 1.00000000000000E+000, 1.00270397689367E+000, 1.00000000000000E+000, 1.00270397689367E+000, 4.77630598863823E-002, 1.00000000000000E+000
 4.70743366572915E+001, 1.00000000000000E+000, 1.00082764404705E+000, 1.00000000000000E+000, 1.00082764404705E+000, 7.32975766191202E-002, 1.00000000000000E+000
 4.71162412489015E+001, 1.00000000000000E+000, 9.99444831314316E-001, 1.00000000000000E+000, 9.99444831314316E-001, 5.88344630559943E-002, 1.00000000000000E+000
 4.72000504321216E+001, 1.00000000000000E+000, 9.98493166216027E-001, 1.00000000000000E+000, 9.98493166216027E-001, 7.15355590078973E-002, 1.00000000000000E+000
 4.72419550237317E+001, 1.00000000000000E+000, 9.97844948896197E-001, 1.00000000000000E+000, 9.97844948896197E-001, 5.20216935101643E-002, 1.00000000000000E+000
 4.72838596153417E+001, 1.00000000000000E+000, 9.97621378977689E-001, 1.00000000000000E+000, 9.97621378977689E-001, 7.67839344388481E-002, 1.00000000000000E+000
 4.73676687985618E+001, 1.00000000000000E+000, 9.97878615144284E-001, 1.00000000000000E+000, 9.97878615144284E-001, 6.32353675290838E-002, 1.00000000000000E+000
 4.74095733901719E+001, 1.00000000000000E+000, 9.98761335798228E-001, 1.00000000000000E+000, 9.98761335798228E-001, 7.43626205935743E-002, 1.00000000000000E+000
 4.74933825733919E+001, 1.00000000000000E+000, 1.00075565901142E+000, 1.00000000000000E+000, 1.00075565901142E+000, 4.88619498074941E-002, 1.00000000000000E+000
 4.75352871650020E+001, 1.00000000000000E+000, 1.00354206238324E+000, 1.00000000000000E+000, 1.00354206238324E+000, 6.17719124509051E-002, 1.00000000000000E+000
 4.76190963482221E+001, 1.00000000000000E+000, 1.00720333454988E+000, 1.00000000000000E+000, 1.00720333454988E+000, 6.09955482767206E-002, 1.00000000000000E+000
 4.76610009398321E+001, 1.00000000000000E+000, 1.01140153473189E+000, 1.00000000000000E+000, 1.01140153473189E+000, 7.10377223076395E-002, 1.00000000000000E+000
 4.77029055314422E+001, 1.00000000000000E+000, 1.01438239143613E+000, 1.00000000000000E+000, 1.01438239143613E+000, 4.75521052611816E-002, 1.00000000000000E+000
 4.77867147146623E+001, 1.00000000000000E+000, 1.01895259808174E+000, 1.00000000000000E+000, 1.01895259808174E+000, 6.16185997930229E-002, 1.00000000000000E+000
 4.78286193062723E+001, 1.00000000000000E+000, 1.02336220123205E+000, 1.00000000000000E+000, 1.02336220123205E+000, 6.38491614875838E-002, 1.00000000000000E+000
 4.79124284894924E+001, 1.00000000000000E+000, 1.02707662519214E+000, 1.00000000000000E+000, 1.02707662519214E+000, 4.83444920223060E-002, 1.00000000000000E+000
 4.79543330811025E+001, 1.00000000000000E+000, 1.03020014361238E+000, 1.00000000000000E+000, 1.03020014361238E+000, 6.43589313071153E-002, 1.00000000000000E+000
 4.80423327234836E+001, 1.00000000000000E+000, 1.03265342390818E+000, 1.00000000000000E+000, 1.03265342390818E+000, 7.44904161488534E-002, 1.00000000000000E+000
 4.80884277742546E+001, 1.00000000000000E+000, 1.03464807784655E+000, 1.00000000000000E+000, 1.03464807784655E+000, 9.36635844802356E-002, 1.00000000000000E+000
 4.81345228250257E+001, 1.00000000000000E+000, 1.03570522426208E+000, 1.00000000000000E+000, 1.03570522426208E+000, 8.28222547435997E-002, 1.00000000000000E+000
 4.81806178757967E+001, 1.00000000000000E+000, 1.03640310545937E+000, 1.00000000000000E+000, 1.03640310545937E+000, 3.41087052971103E-002, 2.00000000000000E+000
 4.82774174824159E+001, 1.00000000000000E+000, 1.03684963352705E+000, 1.00000000000000E+000, 1.03684963352705E+000, 5.55464356491025E-002, 1.00000000000000E+000
 4.83281220382641E+001, 1.00000000000000E+000, 1.03663270490756E+000, 1.00000000000000E+000, 1.03663270490756E+000, 8.92494002884097E-002, 1.00000000000000E+000
 4.83788265941123E+001, 1.00000000000000E+000, 1.03546431697299E+000, 1.00000000000000E+000, 1.03546431697299E+000, 4.92418029187416E-002, 2.00000000000000E+000
 4.84295311499604E+001, 1.00000000000000E+000, 1.03420137978022E+000, 1.00000000000000E+000, 1.03420137978022E+000, 7.83077806508241E-002, 1.00000000000000E+000
 4.84802357058086E+001, 1.00000000000000E+000, 1.03261607560667E+000, 1.00000000000000E+000, 1.03261607560667E+000, 9.11034460191429E-002, 1.00000000000000E+000
 4.85917857286745E+001, 1.00000000000000E+000, 1.02899059412266E+000, 1.00000000000000E+000, 1.02899059412266E+000, 5.98838148826166E-002, 1.50000000000000E+000
 4.86475607401075E+001, 1.00000000000000E+000, 1.02510177152258E+000, 1.00000000000000E+000, 1.02510177152258E+000, 2.86746513535676E-002, 2.00000000000000E+000
 4.87033357515405E+001, 1.00000000000000E+000, 1.02262799989271E+000, 1.00000000000000E+000, 1.02262799989271E+000, 7.44156036263295E-002, 1.00000000000000E+000
 4.87591107629734E+001, 1.00000000000000E+000, 1.02027100515440E+000, 1.00000000000000E+000, 1.02027100515440E+000, 8.78622783421048E-002, 1.00000000000000E+000
 4.88148857744064E+001, 1.00000000000000E+000, 1.01777160696785E+000, 1.00000000000000E+000, 1.01777160696785E+000, 2.67106768065866E-002, 2.00000000000000E+000
 4.88706607858394E+001, 1.00000000000000E+000, 1.01534660296754E+000, 1.00000000000000E+000, 1.01534660296754E+000, 6.37166541299432E-002, 1.00000000000000E+000
 4.89264357972723E+001, 1.00000000000000E+000, 1.01289879798831E+000, 1.00000000000000E+000, 1.01289879798831E+000, 3.11966497710992E-002, 2.00000000000000E+000
 4.89822108087053E+001, 1.00000000000000E+000, 1.01058231147043E+000, 1.00000000000000E+000, 1.01058231147043E+000, 4.73951723074069E-002, 1.00000000000000E+000
 4.90379858201383E+001, 1.00000000000000E+000, 1.00851623906941E+000, 1.00000000000000E+000, 1.00851623906941E+000, 7.70079654553406E-002, 1.00000000000000E+000
 4.90937608315712E+001, 1.00000000000000E+000, 1.00677485579885E+000, 1.00000000000000E+000, 1.00677485579885E+000, 9.37603092995094E-002, 1.00000000000000E+000
 4.91495358430042E+001, 1.00000000000000E+000, 1.00542270885542E+000, 1.00000000000000E+000, 1.00542270885542E+000, 9.63852130014664E-002, 1.00000000000000E+000
 4.92053108544372E+001, 1.00000000000000E+000, 1.00446324769417E+000, 1.00000000000000E+000, 1.00446324769417E+000, 9.07900005063096E-002, 1.00000000000000E+000
 4.92610858658702E+001, 1.00000000000000E+000, 1.00385234356425E+000, 1.00000000000000E+000, 1.00385234356425E+000, 8.82551378275516E-002, 1.00000000000000E+000
 4.93726358887361E+001, 1.00000000000000E+000, 1.00350889482895E+000, 1.00000000000000E+000, 1.00350889482895E+000, 9.26069452305396E-002, 1.00000000000000E+000
 4.94284109001691E+001, 1.00000000000000E+000, 1.00345837452282E+000, 1.00000000000000E+000, 1.00345837452282E+000, 9.25617475286094E-002, 1.00000000000000E+000
 4.94841859116020E+001, 1.00000000000000E+000, 1.00353081331774E+000, 1.00000000000000E+000, 1.00353081331774E+000, 7.90371788409581E-002, 1.00000000000000E+000
 4.95399609230350E+001, 1.00000000000000E+000, 1.00361647636263E+000, 1.00000000000000E+000, 1.00361647636263E+000, 9.68513864824583E-002, 1.00000000000000E+000
 4.95957359344680E+001, 1.00000000000000E+000, 1.00384974419489E+000, 1.00000000000000E+000, 1.00384974419489E+000, 6.93923951020698E-002, 1.00000000000000E+000
 4.96515109459010E+001, 1.00000000000000E+000, 1.00411182633996E+000, 1.00000000000000E+000, 1.00411182633996E+000, 9.16798597254338E-002, 1.00000000000000E+000
 4.97072859573339E+001, 1.00000000000000E+000, 1.00446016190552E+000, 1.00000000000000E+000, 1.00446016190552E+000, 9.68546775278609E-002, 1.00000000000000E+000
 4.97630609687669E+001, 1.00000000000000E+000, 1.00513116935334E+000, 1.00000000000000E+000, 1.00513116935334E+000, 4.18123143053930E-002, 2.00000000000000E+000
 4.98188359801999E+001, 1.00000000000000E+000, 1.00545134178402E+000, 1.00000000000000E+000, 1.00545134178402E+000, 9.10474264912438E-002, 1.00000000000000E+000
 4.98746109916328E+001, 1.00000000000000E+000, 1.00560645421387E+000, 1.00000000000000E+000, 1.00560645421387E+000, 3.60081201464626E-002, 2.00000000000000E+000
 4.99303860030658E+001, 1.00000000000000E+000, 1.00536369019126E+000, 1.00000000000000E+000, 1.00536369019126E+000, 7.48269116045046E-002, 1.00000000000000E+000
 4.99861610144988E+001, 1.00000000000000E+000, 1.00473589758604E+000, 1.00000000000000E+000, 1.00473589758604E+000, 3.94916642781011E-002, 2.00000000000000E+000
 5.00419360259317E+001, 1.00000000000000E+000, 1.00385576181118E+000, 1.00000000000000E+000, 1.00385576181118E+000, 6.07357759754938E-002, 1.00000000000000E+000
 5.01534860487977E+001, 1.00000000000000E+000, 1.00193219211946E+000, 1.00000000000000E+000, 1.00193219211946E+000, 8.61001965459407E-002, 1.00000000000000E+000
 5.02092610602307E+001, 1.00000000000000E+000, 9.99286814209873E-001, 1.00000000000000E+000, 9.99286814209873E-001, 6.10368525316516E-002, 1.00000000000000E+000
 5.02650360716636E+001, 1.00000000000000E+000, 9.97098209135191E-001, 1.00000000000000E+000, 9.97098209135191E-001, 8.02869737069047E-002, 1.00000000000000E+000
 5.03208110830966E+001, 1.00000000000000E+000, 9.94342218449353E-001, 1.00000000000000E+000, 9.94342218449353E-001, 7.83942928823609E-002, 1.00000000000000E+000
 5.03765860945296E+001, 1.00000000000000E+000, 9.91062716173007E-001, 1.00000000000000E+000, 9.91062716173007E-001, 9.51607477505005E-002, 1.00000000000000E+000
 5.04323611059625E+001, 1.00000000000000E+000, 9.87321707697994E-001, 1.00000000000000E+000, 9.87321707697994E-001, 9.31694939355185E-002, 1.00000000000000E+000
 5.04881361173955E+001, 1.00000000000000E+000, 9.83334690307865E-001, 1.00000000000000E+000, 9.83334690307865E-001, 9.59566351594390E-002, 1.00000000000000E+000
 5.05439111288285E+001, 1.00000000000000E+000, 9.78915449650374E-001, 1.00000000000000E+000, 9.78915449650374E-001, 7.45616990741471E-002, 1.00000000000000E+000
 5.05996861402615E+001, 1.00000000000000E+000, 9.73983693480536E-001, 1.00000000000000E+000, 9.73983693480536E-001, 3.40743859247642E-002, 2.00000000000000E+000
 5.06554611516944E+001, 1.00000000000000E+000, 9.68702716390020E-001, 1.00000000000000E+000, 9.68702716390020E-001, 4.33853140394196E-002, 1.00000000000000E+000
 5.07112361631274E+001, 1.00000000000000E+000, 9.63145761518698E-001, 1.00000000000000E+000, 9.63145761518698E-001, 8.93136652135631E-002, 1.00000000000000E+000
 5.07670111745604E+001, 1.00000000000000E+000, 9.57385022893108E-001, 1.00000000000000E+000, 9.57385022893108E-001, 3.95399258652371E-002, 2.00000000000000E+000
 5.08227861859933E+001, 1.00000000000000E+000, 9.51501106941106E-001, 1.00000000000000E+000, 9.51501106941106E-001, 6.85160080874099E-002, 1.00000000000000E+000
 5.09343362088593E+001, 1.00000000000000E+000, 9.42955829235933E-001, 1.00000000000000E+000, 9.42955829235933E-001, 6.58875700929948E-002, 1.50000000000000E+000
 5.09901112202922E+001, 1.00000000000000E+000, 9.34979845652501E-001, 1.00000000000000E+000, 9.34979845652501E-001, 5.59205696365126E-002, 1.00000000000000E+000
 5.10458862317252E+001, 1.00000000000000E+000, 9.30184141399840E-001, 1.00000000000000E+000, 9.30184141399840E-001, 5.83233882818190E-002, 1.00000000000000E+000
 5.11016612431582E+001, 1.00000000000000E+000, 9.25733513031243E-001, 1.00000000000000E+000, 9.25733513031243E-001, 7.48724958531208E-002, 1.00000000000000E+000
 5.11574362545912E+001, 1.00000000000000E+000, 9.22174616927469E-001, 1.00000000000000E+000, 9.22174616927469E-001, 6.36288724392744E-002, 1.00000000000000E+000
 5.12132112660241E+001, 1.00000000000000E+000, 9.19166169250427E-001, 1.00000000000000E+000, 9.19166169250427E-001, 8.45708059876799E-002, 1.00000000000000E+000
 5.12689862774571E+001, 1.00000000000000E+000, 9.17298768331745E-001, 1.00000000000000E+000, 9.17298768331745E-001, 7.04882865486720E-002, 1.00000000000000E+000
 5.13247612888901E+001, 1.00000000000000E+000, 9.17200836506550E-001, 1.00000000000000E+000, 9.17200836506550E-001, 5.26322640197636E-002, 2.00000000000000E+000
 5.13805363003230E+001, 1.00000000000000E+000, 9.18305395636650E-001, 1.00000000000000E+000, 9.18305395636650E-001, 6.98858579545136E-002, 1.00000000000000E+000
 5.14363113117560E+001, 1.00000000000000E+000, 9.21514724360835E-001, 1.00000000000000E+000, 9.21514724360835E-001, 4.97355836716338E-002, 2.00000000000000E+000
 5.14920863231890E+001, 1.00000000000000E+000, 9.25767951180740E-001, 1.00000000000000E+000, 9.25767951180740E-001, 9.57521639672541E-002, 1.00000000000000E+000
 5.15478613346220E+001, 1.00000000000000E+000, 9.31497846767789E-001, 1.00000000000000E+000, 9.31497846767789E-001, 5.53163076462022E-002, 2.00000000000000E+000
 5.16092138471982E+001, 1.00000000000000E+000, 9.38812870854999E-001, 1.00000000000000E+000, 9.38812870854999E-001, 4.44212522722736E-002, 2.00000000000000E+000
 5.16767016110321E+001, 1.00000000000000E+000, 9.47370288818923E-001, 1.00000000000000E+000, 9.47370288818923E-001, 4.99067995670730E-002, 2.00000000000000E+000
 5.17441893748660E+001, 1.00000000000000E+000, 9.55962095799745E-001, 1.00000000000000E+000, 9.55962095799745E-001, 3.45070818049455E-002, 2.00000000000000E+000
 5.18116771386999E+001, 1.00000000000000E+000, 9.64495512906471E-001, 1.00000000000000E+000, 9.64495512906471E-001, 8.06229749341523E-002, 1.00000000000000E+000
 5.18791649025338E+001, 1.00000000000000E+000, 9.72292855868230E-001, 1.00000000000000E+000, 9.72292855868230E-001, 5.39975180354759E-002, 2.00000000000000E+000
 5.19466526663677E+001, 1.00000000000000E+000, 9.79175977827944E-001, 1.00000000000000E+000, 9.79175977827944E-001, 4.63779741014043E-002, 2.00000000000000E+000
 5.20046104917841E+001, 1.00000000000000E+000, 9.83889848330741E-001, 1.00000000000000E+000, 9.83889848330741E-001, 4.80320366032689E-002, 2.00000000000000E+000
 5.20625683172006E+001, 1.00000000000000E+000, 9.88077241896966E-001, 1.00000000000000E+000, 9.88077241896966E-001, 9.62448289033544E-002, 1.00000000000000E+000
 5.21205261426170E+001, 1.00000000000000E+000, 9.91018547683483E-001, 1.00000000000000E+000, 9.91018547683483E-001, 5.79716889130941E-002, 2.00000000000000E+000
 5.21784839680335E+001, 1.00000000000000E+000, 9.93308625339457E-001, 1.00000000000000E+000, 9.93308625339457E-001, 8.10330230065228E-002, 1.00000000000000E+000
 5.22364417934499E+001, 1.00000000000000E+000, 9.94526071139022E-001, 1.00000000000000E+000, 9.94526071139022E-001, 4.75987619026108E-002, 2.00000000000000E+000
 5.22943996188664E+001, 1.00000000000000E+000, 9.95278018635512E-001, 1.00000000000000E+000, 9.95278018635512E-001, 7.87586796285873E-002, 1.00000000000000E+000
 5.23460150676974E+001, 1.00000000000000E+000, 9.95287132275762E-001, 1.00000000000000E+000, 9.95287132275762E-001, 5.04024052354290E-002, 2.00000000000000E+000
 5.23976305165285E+001, 1.00000000000000E+000, 9.95111958804240E-001, 1.00000000000000E+000, 9.95111958804240E-001, 4.66633161343979E-002, 1.00000000000000E+000
 5.24492459653596E+001, 1.00000000000000E+000, 9.94864795391447E-001, 1.00000000000000E+000, 9.94864795391447E-001, 7.65363177727654E-002, 1.00000000000000E+000
 5.25008614141907E+001, 1.00000000000000E+000, 9.94677420391325E-001, 1.00000000000000E+000, 9.94677420391325E-001, 9.79806081624244E-002, 1.00000000000000E+000
 5.26092538567359E+001, 1.00000000000000E+000, 9.94452520057765E-001, 1.00000000000000E+000, 9.94452520057765E-001, 6.15628698768468E-002, 1.52380952380952E+000
 5.26660308504501E+001, 1.00000000000000E+000, 9.94532103328722E-001, 1.00000000000000E+000, 9.94532103328722E-001, 6.73797708464949E-002, 1.00000000000000E+000
 5.27228078441643E+001, 1.00000000000000E+000, 9.94957766704971E-001, 1.00000000000000E+000, 9.94957766704971E-001, 9.30185696096213E-002, 1.00000000000000E+000
 5.27795848378785E+001, 1.00000000000000E+000, 9.95690874717890E-001, 1.00000000000000E+000, 9.95690874717890E-001, 3.39405093051233E-002, 2.00000000000000E+000
 5.28363618315926E+001, 1.00000000000000E+000, 9.96846158460893E-001, 1.00000000000000E+000, 9.96846158460893E-001, 7.91087358890425E-002, 1.00000000000000E+000
 5.28931388253068E+001, 1.00000000000000E+000, 9.98102167087731E-001, 1.00000000000000E+000, 9.98102167087731E-001, 3.51470538359748E-002, 2.00000000000000E+000
 5.29499158190210E+001, 1.00000000000000E+000, 9.99477074979120E-001, 1.00000000000000E+000, 9.99477074979120E-001, 7.19139638966055E-002, 1.00000000000000E+000
 5.30066928127352E+001, 1.00000000000000E+000, 1.00069137979834E+000, 1.00000000000000E+000, 1.00069137979834E+000, 3.32757452296790E-002, 2.00000000000000E+000
 5.30634698064494E+001, 1.00000000000000E+000, 1.00185640626281E+000, 1.00000000000000E+000, 1.00185640626281E+000, 6.93369560481021E-002, 1.00000000000000E+000
 5.31202468001635E+001, 1.00000000000000E+000, 1.00280697509588E+000, 1.00000000000000E+000, 1.00280697509588E+000, 2.72143063178580E-002, 2.00000000000000E+000
 5.31770237938777E+001, 1.00000000000000E+000, 1.00372003128829E+000, 1.00000000000000E+000, 1.00372003128829E+000, 5.44828315932970E-002, 1.00000000000000E+000
 5.32338007875919E+001, 1.00000000000000E+000, 1.00464603365928E+000, 1.00000000000000E+000, 1.00464603365928E+000, 6.20082103933934E-002, 1.00000000000000E+000
 5.32905777813061E+001, 1.00000000000000E+000, 1.00561007968964E+000, 1.00000000000000E+000, 1.00561007968964E+000, 9.85103496702489E-002, 1.00000000000000E+000
 5.33473547750203E+001, 1.00000000000000E+000, 1.00673638452563E+000, 1.00000000000000E+000, 1.00673638452563E+000, 8.43238643276987E-002, 1.00000000000000E+000
 5.34041317687344E+001, 1.00000000000000E+000, 1.00802379982010E+000, 1.00000000000000E+000, 1.00802379982010E+000, 9.92271915212148E-002, 1.00000000000000E+000
 5.34609087624486E+001, 1.00000000000000E+000, 1.00959580269737E+000, 1.00000000000000E+000, 1.00959580269737E+000, 8.85328858911480E-002, 1.00000000000000E+000
 5.35744627498770E+001, 1.00000000000000E+000, 1.01274543959821E+000, 1.00000000000000E+000, 1.01274543959821E+000, 6.24561420531570E-002, 1.50000000000000E+000
 5.36312397435912E+001, 1.00000000000000E+000, 1.01648063005483E+000, 1.00000000000000E+000, 1.01648063005483E+000, 8.56659794041783E-002, 1.00000000000000E+000
 5.36880167373053E+001, 1.00000000000000E+000, 1.01914251745138E+000, 1.00000000000000E+000, 1.01914251745138E+000, 9.76659880630228E-002, 1.00000000000000E+000
 5.37447937310195E+001, 1.00000000000000E+000, 1.02146909852998E+000, 1.00000000000000E+000, 1.02146909852998E+000, 3.41923471145611E-002, 2.00000000000000E+000
 5.38015707247337E+001, 1.00000000000000E+000, 1.02348774835998E+000, 1.00000000000000E+000, 1.02348774835998E+000, 5.94146046918014E-002, 1.00000000000000E+000
 5.38583477184479E+001, 1.00000000000000E+000, 1.02487999943898E+000, 1.00000000000000E+000, 1.02487999943898E+000, 3.47288916604476E-002, 2.00000000000000E+000
 5.39151247121621E+001, 1.00000000000000E+000, 1.02574863387157E+000, 1.00000000000000E+000, 1.02574863387157E+000, 7.16487038759104E-002, 1.00000000000000E+000
 5.39719017058762E+001, 1.00000000000000E+000, 1.02625605881704E+000, 1.00000000000000E+000, 1.02625605881704E+000, 3.07887929482078E-002, 2.00000000000000E+000
 5.40286786995904E+001, 1.00000000000000E+000, 1.02647238745880E+000, 1.00000000000000E+000, 1.02647238745880E+000, 6.59549091543576E-002, 1.00000000000000E+000
 5.40854556933046E+001, 1.00000000000000E+000, 1.02699797122781E+000, 1.00000000000000E+000, 1.02699797122781E+000, 2.73154472777850E-002, 2.00000000000000E+000
 5.41422326870188E+001, 1.00000000000000E+000, 1.02760071906265E+000, 1.00000000000000E+000, 1.02760071906265E+000, 5.18904460285006E-002, 1.00000000000000E+000
 5.41990096807330E+001, 1.00000000000000E+000, 1.02892717829444E+000, 1.00000000000000E+000, 1.02892717829444E+000, 4.58617644239849E-002, 2.00000000000000E+000
 5.42557866744471E+001, 1.00000000000000E+000, 1.03021031909145E+000, 1.00000000000000E+000, 1.03021031909145E+000, 8.40721018838908E-002, 1.00000000000000E+000
 5.43125636681613E+001, 1.00000000000000E+000, 1.03165283043424E+000, 1.00000000000000E+000, 1.03165283043424E+000, 9.05475750847262E-002, 1.00000000000000E+000
 5.43693406618755E+001, 1.00000000000000E+000, 1.03357069791397E+000, 1.00000000000000E+000, 1.03357069791397E+000, 4.87475945233002E-002, 2.00000000000000E+000
 5.44261176555897E+001, 1.00000000000000E+000, 1.03538499336853E+000, 1.00000000000000E+000, 1.03538499336853E+000, 7.57672570862788E-002, 1.00000000000000E+000
 5.44828946493039E+001, 1.00000000000000E+000, 1.03705221736363E+000, 1.00000000000000E+000, 1.03705221736363E+000, 4.32668317126796E-002, 2.00000000000000E+000
 5.45964486367322E+001, 1.00000000000000E+000, 1.03884963143263E+000, 1.00000000000000E+000, 1.03884963143263E+000, 7.42462837016347E-002, 1.00000000000000E+000
 5.46532256304464E+001, 1.00000000000000E+000, 1.03936946937762E+000, 1.00000000000000E+000, 1.03936946937762E+000, 4.20533251238737E-002, 2.00000000000000E+000
 5.47100026241606E+001, 1.00000000000000E+000, 1.03896401919793E+000, 1.00000000000000E+000, 1.03896401919793E+000, 6.92129969525408E-002, 1.00000000000000E+000
 5.47667796178748E+001, 1.00000000000000E+000, 1.03759883491205E+000, 1.00000000000000E+000, 1.03759883491205E+000, 6.39911927344810E-002, 2.00000000000000E+000
 5.48235566115889E+001, 1.00000000000000E+000, 1.03566807955399E+000, 1.00000000000000E+000, 1.03566807955399E+000, 7.99077637621237E-002, 1.00000000000000E+000
 5.48803336053031E+001, 1.00000000000000E+000, 1.03284870927236E+000, 1.00000000000000E+000, 1.03284870927236E+000, 4.79708193044042E-002, 2.00000000000000E+000
 5.49371105990173E+001, 1.00000000000000E+000, 1.02942304116338E+000, 1.00000000000000E+000, 1.02942304116338E+000, 5.75064110941075E-002, 1.00000000000000E+000
 5.49860066378246E+001, 1.00000000000000E+000, 1.02594533415351E+000, 1.00000000000000E+000, 1.02594533415351E+000, 9.06331716540882E-002, 1.00000000000000E+000
 5.50349026766318E+001, 1.00000000000000E+000, 1.02180894187727E+000, 1.00000000000000E+000, 1.02180894187727E+000, 2.66801444054974E-002, 2.00000000000000E+000
 5.50837987154391E+001, 1.00000000000000E+000, 1.01720245931379E+000, 1.00000000000000E+000, 1.01720245931379E+000, 7.49007449972661E-002, 1.00000000000000E+000
 5.51815907930536E+001, 1.00000000000000E+000, 1.00926329486767E+000, 1.00000000000000E+000, 1.00926329486767E+000, 8.76862256435504E-002, 1.00000000000000E+000
 5.52255101356138E+001, 1.00000000000000E+000, 1.00084157619491E+000, 1.00000000000000E+000, 1.00084157619491E+000, 3.41395552663435E-002, 2.00000000000000E+000
 5.52694294781740E+001, 1.00000000000000E+000, 9.94858879134258E-001, 1.00000000000000E+000, 9.94858879134258E-001, 5.49269109463473E-002, 1.00000000000000E+000
 5.53572681632943E+001, 1.00000000000000E+000, 9.85243406940858E-001, 1.00000000000000E+000, 9.85243406940858E-001, 7.33284935749094E-002, 1.00000000000000E+000
 5.53962997362804E+001, 1.00000000000000E+000, 9.76064550659173E-001, 1.00000000000000E+000, 9.76064550659173E-001, 8.28645600274824E-002, 1.00000000000000E+000
 5.54743628822527E+001, 1.00000000000000E+000, 9.67299013340174E-001, 1.00000000000000E+000, 9.67299013340174E-001, 7.63711840416714E-002, 1.00000000000000E+000
 5.55133944552388E+001, 1.00000000000000E+000, 9.58933429359222E-001, 1.00000000000000E+000, 9.58933429359222E-001, 8.27859844791194E-002, 1.00000000000000E+000
 5.55914576012110E+001, 1.00000000000000E+000, 9.51620839395296E-001, 1.00000000000000E+000, 9.51620839395296E-001, 7.80811268333701E-002, 1.00000000000000E+000
 5.56304891741972E+001, 1.00000000000000E+000, 9.45400384265811E-001, 1.00000000000000E+000, 9.45400384265811E-001, 6.44274213706555E-002, 1.00000000000000E+000
 5.57085523201694E+001, 1.00000000000000E+000, 9.40685205497030E-001, 1.00000000000000E+000, 9.40685205497030E-001, 6.00179862341416E-002, 1.00000000000000E+000
 5.57475838931555E+001, 1.00000000000000E+000, 9.37370747502445E-001, 1.00000000000000E+000, 9.37370747502445E-001, 6.44394202473673E-002, 1.00000000000000E+000
 5.58334533537250E+001, 1.00000000000000E+000, 9.35351798408730E-001, 1.00000000000000E+000, 9.35351798408730E-001, 7.87375451378247E-002, 1.00000000000000E+000
 5.58806815570382E+001, 1.00000000000000E+000, 9.35253490578741E-001, 1.00000000000000E+000, 9.35253490578741E-001, 3.74430304219575E-002, 2.00000000000000E+000
 5.59326325806827E+001, 1.00000000000000E+000, 9.36331438156716E-001, 1.00000000000000E+000, 9.36331438156716E-001, 4.62108016893512E-002, 1.00000000000000E+000
 5.59897787066917E+001, 1.00000000000000E+000, 9.38487013900620E-001, 1.00000000000000E+000, 9.38487013900620E-001, 5.00279991850492E-002, 2.00000000000000E+000
 5.60469248327006E+001, 1.00000000000000E+000, 9.41177719637817E-001, 1.00000000000000E+000, 9.41177719637817E-001, 6.31533739952139E-002, 1.00000000000000E+000
 5.61040709587096E+001, 1.00000000000000E+000, 9.44236373809982E-001, 1.00000000000000E+000, 9.44236373809982E-001, 9.73819311590975E-002, 1.00000000000000E+000
 5.62027427746041E+001, 1.00000000000000E+000, 9.48487412113277E-001, 1.00000000000000E+000, 9.48487412113277E-001, 5.49880272636619E-002, 1.50000000000000E+000
 5.62520786825513E+001, 1.00000000000000E+000, 9.52770631639421E-001, 1.00000000000000E+000, 9.52770631639421E-001, 4.61996928853983E-002, 1.00000000000000E+000
 5.63014145904986E+001, 1.00000000000000E+000, 9.55518535734599E-001, 1.00000000000000E+000, 9.55518535734599E-001, 6.01198813225852E-002, 1.00000000000000E+000
 5.63507504984458E+001, 1.00000000000000E+000, 9.58191307323881E-001, 1.00000000000000E+000, 9.58191307323881E-001, 9.73399764959917E-002, 1.00000000000000E+000
 5.64386659368106E+001, 1.00000000000000E+000, 9.61323267940967E-001, 1.00000000000000E+000, 9.61323267940967E-001, 6.77245367566035E-002, 1.00000000000000E+000
 5.64826236559930E+001, 1.00000000000000E+000, 9.64096974115600E-001, 1.00000000000000E+000, 9.64096974115600E-001, 5.58660559530912E-002, 1.00000000000000E+000
 5.65265813751754E+001, 1.00000000000000E+000, 9.65751637699239E-001, 1.00000000000000E+000, 9.65751637699239E-001, 7.45184219140460E-002, 1.00000000000000E+000
 5.66144968135402E+001, 1.00000000000000E+000, 9.68081152832426E-001, 1.00000000000000E+000, 9.68081152832426E-001, 6.08252157839787E-002, 1.00000000000000E+000
 5.66584545327227E+001, 1.00000000000000E+000, 9.70376968736021E-001, 1.00000000000000E+000, 9.70376968736021E-001, 7.05408568986614E-002, 1.00000000000000E+000
 5.67024122519051E+001, 1.00000000000000E+000, 9.71971221352673E-001, 1.00000000000000E+000, 9.71971221352673E-001, 5.89538439795301E-002, 1.00000000000000E+000
 5.67903276902699E+001, 1.00000000000000E+000, 9.74552797124634E-001, 1.00000000000000E+000, 9.74552797124634E-001, 4.82982739280767E-002, 1.00000000000000E+000
 5.68342854094523E+001, 1.00000000000000E+000, 9.77369385080545E-001, 1.00000000000000E+000, 9.77369385080545E-001, 5.56434298926687E-002, 1.00000000000000E+000
 5.69222008478171E+001, 1.00000000000000E+000, 9.80712145593743E-001, 1.00000000000000E+000, 9.80712145593743E-001, 4.07522763699465E-002, 1.00000000000000E+000
 5.69705543389177E+001, 1.00000000000000E+000, 9.84483943186819E-001, 1.00000000000000E+000, 9.84483943186819E-001, 5.67895430304053E-002, 1.00000000000000E+000
 5.70237431791284E+001, 1.00000000000000E+000, 9.87537513861306E-001, 1.00000000000000E+000, 9.87537513861306E-001, 5.47680222675624E-002, 1.00000000000000E+000
 5.70822509033602E+001, 1.00000000000000E+000, 9.91016400964968E-001, 1.00000000000000E+000, 9.91016400964968E-001, 9.49184443158000E-002, 1.00000000000000E+000
 5.71407586275919E+001, 1.00000000000000E+000, 9.94727719967369E-001, 1.00000000000000E+000, 9.94727719967369E-001, 7.90919689620735E-002, 1.00000000000000E+000
 5.71992663518237E+001, 1.00000000000000E+000, 9.98703467590465E-001, 1.00000000000000E+000, 9.98703467590465E-001, 9.99106410153086E-002, 1.00000000000000E+000
 5.72577740760555E+001, 1.00000000000000E+000, 1.00278310135948E+000, 1.00000000000000E+000, 1.00278310135948E+000, 7.05180692666778E-002, 1.00000000000000E+000
 5.73221325727105E+001, 1.00000000000000E+000, 1.00745174318743E+000, 1.00000000000000E+000, 1.00745174318743E+000, 9.55960082938581E-002, 1.00000000000000E+000
 5.73864910693654E+001, 1.00000000000000E+000, 1.01126470690437E+000, 1.00000000000000E+000, 1.01126470690437E+000, 3.77646294805594E-002, 2.00000000000000E+000
 5.74508495660204E+001, 1.00000000000000E+000, 1.01479794361138E+000, 1.00000000000000E+000, 1.01479794361138E+000, 8.58640512034530E-002, 1.00000000000000E+000
 5.75152080626753E+001, 1.00000000000000E+000, 1.01756998734665E+000, 1.00000000000000E+000, 1.01756998734665E+000, 3.88090960104286E-002, 2.00000000000000E+000
 5.75795665593303E+001, 1.00000000000000E+000, 1.02015247982624E+000, 1.00000000000000E+000, 1.02015247982624E+000, 6.12747912022622E-002, 1.00000000000000E+000
 5.76439250559852E+001, 1.00000000000000E+000, 1.02227613648492E+000, 1.00000000000000E+000, 1.02227613648492E+000, 3.63118028834992E-002, 2.00000000000000E+000
 5.77082835526402E+001, 1.00000000000000E+000, 1.02422028180485E+000, 1.00000000000000E+000, 1.02422028180485E+000, 9.17818983346583E-002, 1.00000000000000E+000
 5.77726420492951E+001, 1.00000000000000E+000, 1.02618935096807E+000, 1.00000000000000E+000, 1.02618935096807E+000, 4.46166119209799E-002, 2.00000000000000E+000
 5.78370005459501E+001, 1.00000000000000E+000, 1.02820746954069E+000, 1.00000000000000E+000, 1.02820746954069E+000, 7.59943345831708E-002, 1.00000000000000E+000
 5.79013590426050E+001, 1.00000000000000E+000, 1.03098052800827E+000, 1.00000000000000E+000, 1.03098052800827E+000, 4.07993529867454E-002, 2.00000000000000E+000
 5.79657175392600E+001, 1.00000000000000E+000, 1.03404470787480E+000, 1.00000000000000E+000, 1.03404470787480E+000, 6.24400887688195E-002, 1.00000000000000E+000
 5.80208682495576E+001, 1.00000000000000E+000, 1.03732407133033E+000, 1.00000000000000E+000, 1.03732407133033E+000, 6.47071059236368E-002, 1.00000000000000E+000
 5.80760189598551E+001, 1.00000000000000E+000, 1.04132140436904E+000, 1.00000000000000E+000, 1.04132140436904E+000, 3.35167560403833E-002, 2.00000000000000E+000
 5.81311696701527E+001, 1.00000000000000E+000, 1.04554118350510E+000, 1.00000000000000E+000, 1.04554118350510E+000, 4.54290135315643E-002, 1.00000000000000E+000
 5.81863203804502E+001, 1.00000000000000E+000, 1.04993831683254E+000, 1.00000000000000E+000, 1.04993831683254E+000, 5.90866862116375E-002, 1.00000000000000E+000
 5.82414710907478E+001, 1.00000000000000E+000, 1.05432221272125E+000, 1.00000000000000E+000, 1.05432221272125E+000, 9.20022894888910E-002, 1.00000000000000E+000
 5.82966218010454E+001, 1.00000000000000E+000, 1.05852904002049E+000, 1.00000000000000E+000, 1.05852904002049E+000, 8.90283652435335E-002, 1.00000000000000E+000
 5.83517725113429E+001, 1.00000000000000E+000, 1.06209459682699E+000, 1.00000000000000E+000, 1.06209459682699E+000, 5.07870059588309E-002, 2.00000000000000E+000
 5.84069232216405E+001, 1.00000000000000E+000, 1.06550816279054E+000, 1.00000000000000E+000, 1.06550816279054E+000, 7.12474325604531E-002, 1.00000000000000E+000
 5.84620739319380E+001, 1.00000000000000E+000, 1.06838930541838E+000, 1.00000000000000E+000, 1.06838930541838E+000, 9.07585511269786E-002, 1.00000000000000E+000
 5.85172246422356E+001, 1.00000000000000E+000, 1.06993268276013E+000, 1.00000000000000E+000, 1.06993268276013E+000, 4.71800617530658E-002, 2.00000000000000E+000
 5.85723753525332E+001, 1.00000000000000E+000, 1.07074095920814E+000, 1.00000000000000E+000, 1.07074095920814E+000, 6.57943898029694E-002, 1.00000000000000E+000
 5.86275260628307E+001, 1.00000000000000E+000, 1.07013009631606E+000, 1.00000000000000E+000, 1.07013009631606E+000, 3.32261914920395E-002, 2.00000000000000E+000
 5.86826767731283E+001, 1.00000000000000E+000, 1.06917327290576E+000, 1.00000000000000E+000, 1.06917327290576E+000, 5.90411507111239E-002, 1.00000000000000E+000
 5.87929781937234E+001, 1.00000000000000E+000, 1.06648539698333E+000, 1.00000000000000E+000, 1.06648539698333E+000, 6.31521285337208E-002, 1.50000000000000E+000
 5.88481289040210E+001, 1.00000000000000E+000, 1.06296704671883E+000, 1.00000000000000E+000, 1.06296704671883E+000, 8.41708060138795E-002, 1.00000000000000E+000
 5.89032796143185E+001, 1.00000000000000E+000, 1.06033164089611E+000, 1.00000000000000E+000, 1.06033164089611E+000, 4.27082141647999E-002, 2.00000000000000E+000
 5.89584303246161E+001, 1.00000000000000E+000, 1.05780598057512E+000, 1.00000000000000E+000, 1.05780598057512E+000, 6.26749899105299E-002, 1.00000000000000E+000
 5.90135810349136E+001, 1.00000000000000E+000, 1.05543449532600E+000, 1.00000000000000E+000, 1.05543449532600E+000, 8.48508665990426E-002, 1.00000000000000E+000
 5.90687317452112E+001, 1.00000000000000E+000, 1.05319482926542E+000, 1.00000000000000E+000, 1.05319482926542E+000, 8.56750713557126E-002, 1.00000000000000E+000
 5.91238824555088E+001, 1.00000000000000E+000, 1.05107501238268E+000, 1.00000000000000E+000, 1.05107501238268E+000, 8.87864920911210E-002, 1.00000000000000E+000
 5.91790331658063E+001, 1.00000000000000E+000, 1.04898029201357E+000, 1.00000000000000E+000, 1.04898029201357E+000, 9.22297138773722E-002, 1.00000000000000E+000
 5.92341838761039E+001, 1.00000000000000E+000, 1.04639915162077E+000, 1.00000000000000E+000, 1.04639915162077E+000, 4.42016506793934E-002, 2.00000000000000E+000
 5.92893345864014E+001, 1.00000000000000E+000, 1.04355702925879E+000, 1.00000000000000E+000, 1.04355702925879E+000, 6.78021418484771E-002, 1.00000000000000E+000
 5.93444852966990E+001, 1.00000000000000E+000, 1.03981191977685E+000, 1.00000000000000E+000, 1.03981191977685E+000, 3.84485972414461E-002, 2.00000000000000E+000
 5.94547867172941E+001, 1.00000000000000E+000, 1.03309550318284E+000, 1.00000000000000E+000, 1.03309550318284E+000, 6.92192859442263E-002, 1.00000000000000E+000
 5.95099374275917E+001, 1.00000000000000E+000, 1.02505257753355E+000, 1.00000000000000E+000, 1.02505257753355E+000, 3.81811163778145E-002, 2.00000000000000E+000
 5.95650881378892E+001, 1.00000000000000E+000, 1.01916775486081E+000, 1.00000000000000E+000, 1.01916775486081E+000, 8.49703638934356E-002, 1.00000000000000E+000
 5.96202388481868E+001, 1.00000000000000E+000, 1.01301238322944E+000, 1.00000000000000E+000, 1.01301238322944E+000, 5.09820075582041E-002, 2.00000000000000E+000
 5.96753895584844E+001, 1.00000000000000E+000, 1.00678887444183E+000, 1.00000000000000E+000, 1.00678887444183E+000, 6.13545801869382E-002, 1.00000000000000E+000
 5.97305402687819E+001, 1.00000000000000E+000, 1.00065995940254E+000, 1.00000000000000E+000, 1.00065995940254E+000, 9.88285886697908E-002, 1.00000000000000E+000
 5.97856909790795E+001, 1.00000000000000E+000, 9.94739705384957E-001, 1.00000000000000E+000, 9.94739705384957E-001, 6.00639501348568E-002, 2.00000000000000E+000
 5.98408416893771E+001, 1.00000000000000E+000, 9.88849742326693E-001, 1.00000000000000E+000, 9.88849742326693E-001, 8.37215663087303E-002, 1.00000000000000E+000
 5.98959923996746E+001, 1.00000000000000E+000, 9.83436535104612E-001, 1.00000000000000E+000, 9.83436535104612E-001, 5.35189563703176E-002, 2.00000000000000E+000
 5.99511431099722E+001, 1.00000000000000E+000, 9.78566511561169E-001, 1.00000000000000E+000, 9.78566511561169E-001, 3.85479821561772E-002, 2.00000000000000E+000
 6.00000000000000E+001, 1.00000000000000E+000, 9.74524001229763E-001, 1.00000000000000E+000, 9.74524001229763E-001, 8.58821994939740E-002, 1.00000000000000E+000
