s,m3/s,m3/s,m3/s,m3/s,m/s,
Time,flow_in,flow_out,in_net,out_net,error,iter
 0.00000000000000E+000, 2.08963955007493E-003, 2.13885546028614E-003,-3.99721129238605E-004, 3.03432062268257E-004, 0.00000000000000E+000, 0.00000000000000E+000
 1.26226248568910E-001, 7.15573433840433E-020, 1.97753776034694E-003, 4.11996825544491E-020,-5.47522097105180E-017, 8.67361737988404E-019, 1.00000000000000E+000
 2.52452497137819E-001, 1.25560103365296E-001, 1.25560103365300E-001, 1.25560103365296E-001, 1.25560103365300E-001, 2.77555756156289E-017, 1.00000000000000E+000
 3.78678745706729E-001, 2.47222657587515E-001, 2.47222657587513E-001, 2.47222657587515E-001, 2.47222657587513E-001, 5.55111512312578E-017, 1.00000000000000E+000
 5.04904994275638E-001, 3.61559483669828E-001, 3.61559483669821E-001, 3.61559483669828E-001, 3.61559483669821E-001, 1.11022302462516E-016, 1.00000000000000E+000
 6.31131242844548E-001, 4.65965924092016E-001, 4.65965924092041E-001, 4.65965924092016E-001, 4.65965924092041E-001, 1.11022302462516E-016, 1.00000000000000E+000
 7.57357491413457E-001, 5.58830672417510E-001, 5.58830672417561E-001, 5.58830672417510E-001, 5.58830672417561E-001, 1.11022302462516E-016, 1.00000000000000E+000
 8.67239046770133E-001, 6.39517832290728E-001, 6.39517832290761E-001, 6.39517832290728E-001, 6.39517832290761E-001, 1.11022302462516E-016, 1.00000000000000E+000
 9.58782066987880E-001, 6.99968643379364E-001, 6.99968643379380E-001, 6.99968643379364E-001, 6.99968643379380E-001, 1.11022302462516E-016, 1.00000000000000E+000
 1.05032508720563E+000, 7.43733113340294E-001, 7.43733113340323E-001, 7.43733113340294E-001, 7.43733113340323E-001, 1.11022302462516E-016, 1.00000000000000E+000
 1.13105905937905E+000, 7.81932712510505E-001, 7.81932712510500E-001, 7.81932712510505E-001, 7.81932712510500E-001, 1.11022302462516E-016, 1.00000000000000E+000
 1.21179303155248E+000, 8.11381411604195E-001, 8.11381411604182E-001, 8.11381411604195E-001, 8.11381411604182E-001, 1.11022302462516E-016, 1.00000000000000E+000
 1.29252700372590E+000, 8.37216533901835E-001, 8.37216533901811E-001, 8.37216533901835E-001, 8.37216533901811E-001, 1.11022302462516E-016, 1.00000000000000E+000
 1.37326097589933E+000, 8.59786929386017E-001, 8.59786929386012E-001, 8.59786929386017E-001, 8.59786929386012E-001, 1.11022302462516E-016, 1.00000000000000E+000
 1.45399494807275E+000, 8.79433243843342E-001, 8.79433243843340E-001, 8.79433243843342E-001, 8.79433243843340E-001, 2.22044604925031E-016, 1.00000000000000E+000
 1.53472892024618E+000, 8.96479991319247E-001, 8.96479991319233E-001, 8.96479991319247E-001, 8.96479991319233E-001, 1.11022302462516E-016, 1.00000000000000E+000
 1.62353628963695E+000, 9.11230365000462E-001, 9.11230365000459E-001, 9.11230365000462E-001, 9.11230365000459E-001, 2.22044604925031E-016, 1.00000000000000E+000
 1.71234365902772E+000, 9.25135554644564E-001, 9.25135554644576E-001, 9.25135554644564E-001, 9.25135554644576E-001, 2.22044604925031E-016, 1.00000000000000E+000
 1.80115102841848E+000, 9.36934459642464E-001, 9.36934459642479E-001, 9.36934459642464E-001, 9.36934459642479E-001, 2.22044604925031E-016, 1.00000000000000E+000
 1.88995839780925E+000, 9.46925081663903E-001, 9.46925081663916E-001, 9.46925081663903E-001, 9.46925081663916E-001, 1.11022302462516E-016, 1.00000000000000E+000
 1.97876576720002E+000, 9.55369492159096E-001, 9.55369492159109E-001, 9.55369492159096E-001, 9.55369492159109E-001, 2.22044604925031E-016, 1.00000000000000E+000
 2.06757313659079E+000, 9.62496247186614E-001, 9.62496247186612E-001, 9.62496247186614E-001, 9.62496247186612E-001, 2.22044604925031E-016, 1.00000000000000E+000
 2.14587286175522E+000, 9.68503308210035E-001, 9.68503308210038E-001, 9.68503308210035E-001, 9.68503308210038E-001, 2.22044604925031E-016, 1.00000000000000E+000
 2.22417258691965E+000, 9.73007246120661E-001, 9.73007246120628E-001, 9.73007246120661E-001, 9.73007246120628E-001, 2.22044604925031E-016, 1.00000000000000E+000
 2.30247231208408E+000, 9.76874699721631E-001, 9.76874699721593E-001, 9.76874699721631E-001, 9.76874699721593E-001, 2.22044604925031E-016, 1.00000000000000E+000
 2.38077203724851E+000, 9.80193596965851E-001, 9.80193596965825E-001, 9.80193596965851E-001, 9.80193596965825E-001, 2.22044604925031E-016, 1.00000000000000E+000
 2.44958478537092E+000, 9.83040259052736E-001, 9.83040259052738E-001, 9.83040259052736E-001, 9.83040259052738E-001, 2.22044604925031E-016, 1.00000000000000E+000
 2.51839753349334E+000, 9.85204726761698E-001, 9.85204726761690E-001, 9.85204726761698E-001, 9.85204726761690E-001, 2.22044604925031E-016, 1.00000000000000E+000
 2.58721028161576E+000, 9.87094754435623E-001, 9.87094754435622E-001, 9.87094754435623E-001, 9.87094754435622E-001, 2.22044604925031E-016, 1.00000000000000E+000
 2.65602302973817E+000, 9.88744708700597E-001, 9.88744708700603E-001, 9.88744708700597E-001, 9.88744708700603E-001, 2.22044604925031E-016, 1.00000000000000E+000
 2.72483577786059E+000, 9.90184755913895E-001, 9.90184755913906E-001, 9.90184755913895E-001, 9.90184755913906E-001, 2.22044604925031E-016, 1.00000000000000E+000
 2.80052980079524E+000, 9.91441350606190E-001, 9.91441350606191E-001, 9.91441350606190E-001, 9.91441350606191E-001, 2.22044604925031E-016, 1.00000000000000E+000
 2.87622382372990E+000, 9.92639294999305E-001, 9.92639294999316E-001, 9.92639294999305E-001, 9.92639294999316E-001, 2.22044604925031E-016, 1.00000000000000E+000
 2.95191784666456E+000, 9.93670097445814E-001, 9.93670097445812E-001, 9.93670097445814E-001, 9.93670097445812E-001, 2.22044604925031E-016, 1.00000000000000E+000
 3.02761186959922E+000, 9.94556939330190E-001, 9.94556939330192E-001, 9.94556939330190E-001, 9.94556939330192E-001, 4.44089209850063E-016, 1.00000000000000E+000
 3.10330589253388E+000, 9.95319823187560E-001, 9.95319823187566E-001, 9.95319823187560E-001, 9.95319823187566E-001, 2.22044604925031E-016, 1.00000000000000E+000
 3.16734874892092E+000, 9.95975999137067E-001, 9.95975999137045E-001, 9.95975999137067E-001, 9.95975999137045E-001, 2.22044604925031E-016, 1.00000000000000E+000
 3.23139160530797E+000, 9.96458916157366E-001, 9.96458916157363E-001, 9.96458916157366E-001, 9.96458916157363E-001, 2.22044604925031E-016, 1.00000000000000E+000
 3.29543446169502E+000, 9.96883969180916E-001, 9.96883969180913E-001, 9.96883969180916E-001, 9.96883969180913E-001, 2.22044604925031E-016, 1.00000000000000E+000
 3.35947731808207E+000, 9.97258071154087E-001, 9.97258071154087E-001, 9.97258071154087E-001, 9.97258071154087E-001, 2.22044604925031E-016, 1.00000000000000E+000
 3.42352017446911E+000, 9.97587313753100E-001, 9.97587313753101E-001, 9.97587313753100E-001, 9.97587313753101E-001, 2.22044604925031E-016, 1.00000000000000E+000
 3.48756303085616E+000, 9.97877063909654E-001, 9.97877063909653E-001, 9.97877063909654E-001, 9.97877063909653E-001, 2.22044604925031E-016, 1.00000000000000E+000
 3.55160588724321E+000, 9.98132049228229E-001, 9.98132049228237E-001, 9.98132049228229E-001, 9.98132049228237E-001, 2.22044604925031E-016, 1.00000000000000E+000
 3.61564874363026E+000, 9.98356433519336E-001, 9.98356433519346E-001, 9.98356433519336E-001, 9.98356433519346E-001, 2.22044604925031E-016, 1.00000000000000E+000
 3.67969160001730E+000, 9.98553883550684E-001, 9.98553883550696E-001, 9.98553883550684E-001, 9.98553883550696E-001, 2.22044604925031E-016, 1.00000000000000E+000
 3.74373445640435E+000, 9.98727628005006E-001, 9.98727628005010E-001, 9.98727628005006E-001, 9.98727628005010E-001, 2.22044604925031E-016, 1.00000000000000E+000
 3.80777731279140E+000, 9.98880509529451E-001, 9.98880509529544E-001, 9.98880509529451E-001, 9.98880509529544E-001, 2.22044604925031E-016, 1.00000000000000E+000
 3.87182016917845E+000, 9.99015030666718E-001, 9.99015030666728E-001, 9.99015030666718E-001, 9.99015030666728E-001, 2.22044604925031E-016, 1.00000000000000E+000
 3.93586302556549E+000, 9.99133394372156E-001, 9.99133394372283E-001, 9.99133394372156E-001, 9.99133394372283E-001, 2.22044604925031E-016, 1.00000000000000E+000
 3.99990588195254E+000, 9.99237539743441E-001, 9.99237539743464E-001, 9.99237539743441E-001, 9.99237539743464E-001, 2.22044604925031E-016, 1.00000000000000E+000
 4.05657884093308E+000, 9.99329173519539E-001, 9.99329173519531E-001, 9.99329173519539E-001, 9.99329173519531E-001, 4.44089209850063E-016, 1.00000000000000E+000
 4.11325179991362E+000, 9.99401036578627E-001, 9.99401036578620E-001, 9.99401036578627E-001, 9.99401036578620E-001, 2.22044604925031E-016, 1.00000000000000E+000
 4.16992475889416E+000, 9.99465203284007E-001, 9.99465203284001E-001, 9.99465203284007E-001, 9.99465203284001E-001, 2.22044604925031E-016, 1.00000000000000E+000
 4.22659771787470E+000, 9.99522497478292E-001, 9.99522497478287E-001, 9.99522497478292E-001, 9.99522497478287E-001, 2.22044604925031E-016, 1.00000000000000E+000
 4.28327067685523E+000, 9.99573654902011E-001, 9.99573654902032E-001, 9.99573654902011E-001, 9.99573654902032E-001, 2.22044604925031E-016, 1.00000000000000E+000
 4.33994363583577E+000, 9.99619332598095E-001, 9.99619332598098E-001, 9.99619332598095E-001, 9.99619332598098E-001, 4.44089209850063E-016, 1.00000000000000E+000
 4.39661659481631E+000, 9.99660117315979E-001, 9.99660117315987E-001, 9.99660117315979E-001, 9.99660117315987E-001, 2.22044604925031E-016, 1.00000000000000E+000
 4.45328955379685E+000, 9.99696533021010E-001, 9.99696533021015E-001, 9.99696533021010E-001, 9.99696533021015E-001, 4.44089209850063E-016, 1.00000000000000E+000
 4.50996251277739E+000, 9.99729047603832E-001, 9.99729047603864E-001, 9.99729047603832E-001, 9.99729047603864E-001, 4.44089209850063E-016, 1.00000000000000E+000
 4.56663547175793E+000, 9.99758078874561E-001, 9.99758078874565E-001, 9.99758078874561E-001, 9.99758078874565E-001, 2.22044604925031E-016, 1.00000000000000E+000
 4.62330843073847E+000, 9.99783999917607E-001, 9.99783999917613E-001, 9.99783999917607E-001, 9.99783999917613E-001, 2.22044604925031E-016, 1.00000000000000E+000
 4.67998138971900E+000, 9.99807143875048E-001, 9.99807143875058E-001, 9.99807143875048E-001, 9.99807143875058E-001, 4.44089209850063E-016, 1.00000000000000E+000
 4.73665434869954E+000, 9.99827808219341E-001, 9.99827808219344E-001, 9.99827808219341E-001, 9.99827808219344E-001, 4.44089209850063E-016, 1.00000000000000E+000
 4.79332730768008E+000, 9.99846258569668E-001, 9.99846258569665E-001, 9.99846258569668E-001, 9.99846258569665E-001, 4.44089209850063E-016, 1.00000000000000E+000
 4.85000026666062E+000, 9.99862732100545E-001, 9.99862732100535E-001, 9.99862732100545E-001, 9.99862732100535E-001, 4.44089209850063E-016, 1.00000000000000E+000
 4.90667322564116E+000, 9.99877440586126E-001, 9.99877440586114E-001, 9.99877440586126E-001, 9.99877440586114E-001, 4.44089209850063E-016, 1.00000000000000E+000
 4.96334618462170E+000, 9.99890573119053E-001, 9.99890573119042E-001, 9.99890573119053E-001, 9.99890573119042E-001, 4.44089209850063E-016, 1.00000000000000E+000
 5.02001914360223E+000, 9.99902298538563E-001, 9.99902298538553E-001, 9.99902298538563E-001, 9.99902298538553E-001, 4.44089209850063E-016, 1.00000000000000E+000
 5.07669210258277E+000, 9.99912767598898E-001, 9.99912767598889E-001, 9.99912767598898E-001, 9.99912767598889E-001, 4.44089209850063E-016, 1.00000000000000E+000
 5.13336506156331E+000, 9.99922114905738E-001, 9.99922114905727E-001, 9.99922114905738E-001, 9.99922114905727E-001, 2.22044604925031E-016, 1.00000000000000E+000
 5.19003802054385E+000, 9.99930460645430E-001, 9.99930460645419E-001, 9.99930460645430E-001, 9.99930460645419E-001, 4.44089209850063E-016, 1.00000000000000E+000
 5.24671097952439E+000, 9.99937912129176E-001, 9.99937912129165E-001, 9.99937912129176E-001, 9.99937912129165E-001, 2.22044604925031E-016, 1.00000000000000E+000
 5.29762440876236E+000, 9.99944565171930E-001, 9.99944565171926E-001, 9.99944565171930E-001, 9.99944565171926E-001, 4.44089209850063E-016, 1.00000000000000E+000
 5.34853783800034E+000, 9.99949931909619E-001, 9.99949931909613E-001, 9.99949931909619E-001, 9.99949931909613E-001, 4.44089209850063E-016, 1.00000000000000E+000
 5.39945126723832E+000, 9.99954779096272E-001, 9.99954779096266E-001, 9.99954779096272E-001, 9.99954779096266E-001, 4.44089209850063E-016, 1.00000000000000E+000
 5.45036469647630E+000, 9.99959157027187E-001, 9.99959157027181E-001, 9.99959157027187E-001, 9.99959157027181E-001, 4.44089209850063E-016, 1.00000000000000E+000
 5.50127812571427E+000, 9.99963111129210E-001, 9.99963111129203E-001, 9.99963111129210E-001, 9.99963111129203E-001, 4.44089209850063E-016, 1.00000000000000E+000
 5.55219155495225E+000, 9.99966682431909E-001, 9.99966682431977E-001, 9.99966682431909E-001, 9.99966682431977E-001, 4.44089209850063E-016, 1.00000000000000E+000
 5.60819632711402E+000, 9.99969907993175E-001, 9.99969907993252E-001, 9.99969907993175E-001, 9.99969907993252E-001, 4.44089209850063E-016, 1.00000000000000E+000
 5.66980157649198E+000, 9.99973096627984E-001, 9.99973096628005E-001, 9.99973096627984E-001, 9.99973096628005E-001, 4.44089209850063E-016, 1.00000000000000E+000
 5.73140682586993E+000, 9.99976215295806E-001, 9.99976215295788E-001, 9.99976215295806E-001, 9.99976215295788E-001, 4.44089209850063E-016, 1.00000000000000E+000
 5.79301207524788E+000, 9.99978972448102E-001, 9.99978972448139E-001, 9.99978972448102E-001, 9.99978972448139E-001, 4.44089209850063E-016, 1.00000000000000E+000
 5.85461732462583E+000, 9.99981409990868E-001, 9.99981409990907E-001, 9.99981409990868E-001, 9.99981409990907E-001, 4.44089209850063E-016, 1.00000000000000E+000
 5.91622257400379E+000, 9.99983564972642E-001, 9.99983564972666E-001, 9.99983564972642E-001, 9.99983564972666E-001, 2.22044604925031E-016, 1.00000000000000E+000
 5.97782782338174E+000, 9.99985470147508E-001, 9.99985470147507E-001, 9.99985470147508E-001, 9.99985470147507E-001, 4.44089209850063E-016, 1.00000000000000E+000
 6.03943307275969E+000, 9.99987154472851E-001, 9.99987154472866E-001, 9.99987154472851E-001, 9.99987154472866E-001, 4.44089209850063E-016, 1.00000000000000E+000
 6.10103832213764E+000, 9.99988643549429E-001, 9.99988643549446E-001, 9.99988643549429E-001, 9.99988643549446E-001, 4.44089209850063E-016, 1.00000000000000E+000
 6.16264357151559E+000, 9.99989960010442E-001, 9.99989960010459E-001, 9.99989960010442E-001, 9.99989960010459E-001, 4.44089209850063E-016, 1.00000000000000E+000
 6.22424882089355E+000, 9.99991123865507E-001, 9.99991123865519E-001, 9.99991123865507E-001, 9.99991123865519E-001, 4.44089209850063E-016, 1.00000000000000E+000
 6.28585407027150E+000, 9.99992152804764E-001, 9.99992152804767E-001, 9.99992152804764E-001, 9.99992152804767E-001, 4.44089209850063E-016, 1.00000000000000E+000
 6.34745931964945E+000, 9.99993062467739E-001, 9.99993062467730E-001, 9.99993062467739E-001, 9.99993062467730E-001, 4.44089209850063E-016, 1.00000000000000E+000
 6.40906456902740E+000, 9.99993866681040E-001, 9.99993866681070E-001, 9.99993866681040E-001, 9.99993866681070E-001, 4.44089209850063E-016, 1.00000000000000E+000
 6.47066981840536E+000, 9.99994577668498E-001, 9.99994577668463E-001, 9.99994577668498E-001, 9.99994577668463E-001, 4.44089209850063E-016, 1.00000000000000E+000
 6.53227506778331E+000, 9.99995206236967E-001, 9.99995206236958E-001, 9.99995206236967E-001, 9.99995206236958E-001, 4.44089209850063E-016, 1.00000000000000E+000
 6.59388031716126E+000, 9.99995761940565E-001, 9.99995761940557E-001, 9.99995761940565E-001, 9.99995761940557E-001, 4.44089209850063E-016, 1.00000000000000E+000
 6.65548556653921E+000, 9.99996253225896E-001, 9.99996253225884E-001, 9.99996253225896E-001, 9.99996253225884E-001, 4.44089209850063E-016, 1.00000000000000E+000
 6.71709081591716E+000, 9.99996687560426E-001, 9.99996687560412E-001, 9.99996687560426E-001, 9.99996687560412E-001, 4.44089209850063E-016, 1.00000000000000E+000
 6.77869606529512E+000, 9.99997071545989E-001, 9.99997071545975E-001, 9.99997071545989E-001, 9.99997071545975E-001, 4.44089209850063E-016, 1.00000000000000E+000
 6.84030131467307E+000, 9.99997411019126E-001, 9.99997411019115E-001, 9.99997411019126E-001, 9.99997411019115E-001, 4.44089209850063E-016, 1.00000000000000E+000
 6.90190656405102E+000, 9.99997711139799E-001, 9.99997711139792E-001, 9.99997711139799E-001, 9.99997711139792E-001, 4.44089209850063E-016, 1.00000000000000E+000
 6.96351181342897E+000, 9.99997976469823E-001, 9.99997976469819E-001, 9.99997976469823E-001, 9.99997976469819E-001, 4.44089209850063E-016, 1.00000000000000E+000
 7.02511706280692E+000, 9.99998211042198E-001, 9.99998211042195E-001, 9.99998211042198E-001, 9.99998211042195E-001, 8.88178419700125E-016, 1.00000000000000E+000
 7.08672231218488E+000, 9.99998418422413E-001, 9.99998418422411E-001, 9.99998418422413E-001, 9.99998418422411E-001, 4.44089209850063E-016, 1.00000000000000E+000
 7.14832756156283E+000, 9.99998601762640E-001, 9.99998601762638E-001, 9.99998601762640E-001, 9.99998601762638E-001, 2.22044604925031E-016, 1.00000000000000E+000
 7.20993281094078E+000, 9.99998763849646E-001, 9.99998763849667E-001, 9.99998763849646E-001, 9.99998763849667E-001, 4.44089209850063E-016, 1.00000000000000E+000
 7.27153806031873E+000, 9.99998907147151E-001, 9.99998907147156E-001, 9.99998907147151E-001, 9.99998907147156E-001, 4.44089209850063E-016, 1.00000000000000E+000
 7.33314330969669E+000, 9.99999033833274E-001, 9.99999033833283E-001, 9.99999033833274E-001, 9.99999033833283E-001, 4.44089209850063E-016, 1.00000000000000E+000
 7.39474855907464E+000, 9.99999145833644E-001, 9.99999145833661E-001, 9.99999145833644E-001, 9.99999145833661E-001, 4.44089209850063E-016, 1.00000000000000E+000
 7.45635380845259E+000, 9.99999244850667E-001, 9.99999244850684E-001, 9.99999244850667E-001, 9.99999244850684E-001, 4.44089209850063E-016, 1.00000000000000E+000
 7.51795905783054E+000, 9.99999332389402E-001, 9.99999332389407E-001, 9.99999332389402E-001, 9.99999332389407E-001, 4.44089209850063E-016, 1.00000000000000E+000
 7.57956430720849E+000, 9.99999409780438E-001, 9.99999409780434E-001, 9.99999409780438E-001, 9.99999409780434E-001, 4.44089209850063E-016, 1.00000000000000E+000
 7.64116955658645E+000, 9.99999478200120E-001, 9.99999478200105E-001, 9.99999478200120E-001, 9.99999478200105E-001, 4.44089209850063E-016, 1.00000000000000E+000
 7.70277480596440E+000, 9.99999538688429E-001, 9.99999538688369E-001, 9.99999538688429E-001, 9.99999538688369E-001, 4.44089209850063E-016, 1.00000000000000E+000
 7.76438005534235E+000, 9.99999592164788E-001, 9.99999592164788E-001, 9.99999592164788E-001, 9.99999592164788E-001, 4.44089209850063E-016, 1.00000000000000E+000
 7.82598530472030E+000, 9.99999639442038E-001, 9.99999639442089E-001, 9.99999639442038E-001, 9.99999639442089E-001, 2.22044604925031E-016, 1.00000000000000E+000
 7.89375107903605E+000, 9.99999681238795E-001, 9.99999681238791E-001, 9.99999681238795E-001, 9.99999681238791E-001, 4.44089209850063E-016, 1.00000000000000E+000
 7.96151685335180E+000, 9.99999721641258E-001, 1.00002311957091E+000, 9.99999721641258E-001, 9.99999721641251E-001, 4.44089209850063E-016, 1.00000000000000E+000
 8.02928262766754E+000, 9.99999756922775E-001, 1.00077787886244E+000, 9.99999756922775E-001, 9.99999756922775E-001, 4.44089209850063E-016, 1.00000000000000E+000
 8.09704840198329E+000, 9.99999787732418E-001, 1.00150140349461E+000, 9.99999787732418E-001, 9.99999787732399E-001, 4.44089209850063E-016, 1.00000000000000E+000
 8.16481417629904E+000, 9.99999814636990E-001, 1.00217139825821E+000, 9.99999814636990E-001, 9.99999814636968E-001, 4.44089209850063E-016, 1.00000000000000E+000
 8.23257995061479E+000, 9.99999838131450E-001, 1.00276476676440E+000, 9.99999838131450E-001, 9.99999838131450E-001, 4.44089209850063E-016, 1.00000000000000E+000
 8.30034572493053E+000, 9.99999858648027E-001, 1.00325508944943E+000, 9.99999858648027E-001, 9.99999858648011E-001, 4.44089209850063E-016, 1.00000000000000E+000
 8.35800694367071E+000, 9.99999876564181E-001, 1.00356803230843E+000, 9.99999876564181E-001, 9.99999876564148E-001, 4.44089209850063E-016, 1.00000000000000E+000
 8.41566816241090E+000, 9.99999890008928E-001, 1.00376428367177E+000, 9.99999890008928E-001, 9.99999890008910E-001, 4.44089209850063E-016, 1.00000000000000E+000
 8.46709663674643E+000, 9.99999901989302E-001, 1.00382361517064E+000, 9.99999901989302E-001, 9.99999901989280E-001, 4.44089209850063E-016, 1.00000000000000E+000
 8.51852511108196E+000, 9.99999911569244E-001, 1.00375885795958E+000, 9.99999911569244E-001, 9.99999911569252E-001, 4.44089209850063E-016, 1.00000000000000E+000
 8.56995358541749E+000, 9.99999920212820E-001, 1.00355610341678E+000, 9.99999920212820E-001, 9.99999920212816E-001, 4.44089209850063E-016, 1.00000000000000E+000
 8.62138205975302E+000, 9.99999928011537E-001, 1.00320277831576E+000, 9.99999928011537E-001, 9.99999928011537E-001, 4.44089209850063E-016, 1.00000000000000E+000
 8.67281053408855E+000, 9.99999935047976E-001, 1.00268830237796E+000, 9.99999935047976E-001, 9.99999935048048E-001, 4.44089209850063E-016, 1.00000000000000E+000
 8.72423900842408E+000, 9.99999941396645E-001, 1.00200499391740E+000, 9.99999941396645E-001, 9.99999941396774E-001, 4.44089209850063E-016, 1.00000000000000E+000
 8.78081033019316E+000, 9.99999947124770E-001, 1.00105428577893E+000, 9.99999947124770E-001, 9.99999947124775E-001, 2.22044604925031E-016, 1.00000000000000E+000
 8.83738165196225E+000, 9.99999952781190E-001, 9.99999952781193E-001, 9.99999952781190E-001, 9.99999952781193E-001, 4.44089209850063E-016, 1.00000000000000E+000
 8.89395297373133E+000, 9.99999957832504E-001, 9.99999957832506E-001, 9.99999957832504E-001, 9.99999957832506E-001, 4.44089209850063E-016, 1.00000000000000E+000
 8.95052429550041E+000, 9.99999962343446E-001, 9.99999962343449E-001, 9.99999962343446E-001, 9.99999962343449E-001, 4.44089209850063E-016, 1.00000000000000E+000
 9.00709561726950E+000, 9.99999966371821E-001, 9.99999966371826E-001, 9.99999966371821E-001, 9.99999966371826E-001, 4.44089209850063E-016, 1.00000000000000E+000
 9.06366693903858E+000, 9.99999969969254E-001, 9.99999969969257E-001, 9.99999969969254E-001, 9.99999969969257E-001, 4.44089209850063E-016, 1.00000000000000E+000
 9.12023826080767E+000, 9.99999973181845E-001, 9.99999973181843E-001, 9.99999973181845E-001, 9.99999973181843E-001, 4.44089209850063E-016, 1.00000000000000E+000
 9.17680958257675E+000, 9.99999976050764E-001, 9.99999976050744E-001, 9.99999976050764E-001, 9.99999976050744E-001, 4.44089209850063E-016, 1.00000000000000E+000
 9.23338090434584E+000, 9.99999978612775E-001, 9.99999978612773E-001, 9.99999978612775E-001, 9.99999978612773E-001, 4.44089209850063E-016, 1.00000000000000E+000
 9.29560935829183E+000, 9.99999980900711E-001, 9.99999980900712E-001, 9.99999980900711E-001, 9.99999980900712E-001, 4.44089209850063E-016, 1.00000000000000E+000
 9.35783781223782E+000, 9.99999983135781E-001, 9.99999983135776E-001, 9.99999983135781E-001, 9.99999983135776E-001, 4.44089209850063E-016, 1.00000000000000E+000
 9.41276452857470E+000, 9.99999985109254E-001, 9.99999985109294E-001, 9.99999985109254E-001, 9.99999985109294E-001, 4.44089209850063E-016, 1.00000000000000E+000
 9.46769124491157E+000, 9.99999986658460E-001, 9.99999986658460E-001, 9.99999986658460E-001, 9.99999986658460E-001, 4.44089209850063E-016, 1.00000000000000E+000
 9.51607065563399E+000, 9.99999988046411E-001, 9.99999988046435E-001, 9.99999988046411E-001, 9.99999988046435E-001, 2.22044604925031E-016, 1.00000000000000E+000
 9.56445006635640E+000, 9.99999989148862E-001, 9.99999989148869E-001, 9.99999989148862E-001, 9.99999989148869E-001, 2.22044604925031E-016, 1.00000000000000E+000
 9.61282947707882E+000, 9.99999990149606E-001, 9.99999990149611E-001, 9.99999990149606E-001, 9.99999990149611E-001, 4.44089209850063E-016, 1.00000000000000E+000
 9.66120888780124E+000, 9.99999991058057E-001, 9.99999991058059E-001, 9.99999991058057E-001, 9.99999991058059E-001, 4.44089209850063E-016, 1.00000000000000E+000
 9.70958829852365E+000, 9.99999991882726E-001, 9.99999991882730E-001, 9.99999991882726E-001, 9.99999991882730E-001, 4.44089209850063E-016, 1.00000000000000E+000
 9.75796770924607E+000, 9.99999992631341E-001, 9.99999992631345E-001, 9.99999992631341E-001, 9.99999992631345E-001, 4.44089209850063E-016, 1.00000000000000E+000
 9.80634711996849E+000, 9.99999993310915E-001, 9.99999993310917E-001, 9.99999993310915E-001, 9.99999993310917E-001, 4.44089209850063E-016, 1.00000000000000E+000
 9.85956447176314E+000, 9.99999993927816E-001, 9.99999993927818E-001, 9.99999993927816E-001, 9.99999993927818E-001, 4.44089209850063E-016, 1.00000000000000E+000
 9.91278182355780E+000, 9.99999994540901E-001, 9.99999994540898E-001, 9.99999994540901E-001, 9.99999994540898E-001, 2.22044604925031E-016, 1.00000000000000E+000
 9.96599917535246E+000, 9.99999995092085E-001, 9.99999995092078E-001, 9.99999995092085E-001, 9.99999995092078E-001, 4.44089209850063E-016, 1.00000000000000E+000
 1.00192165271471E+001, 9.99999995587618E-001, 9.99999995587612E-001, 9.99999995587618E-001, 9.99999995587612E-001, 4.44089209850063E-016, 1.00000000000000E+000
 1.00724338789418E+001, 9.99999996033119E-001, 9.99999996033106E-001, 9.99999996033119E-001, 9.99999996033106E-001, 2.22044604925031E-016, 1.00000000000000E+000
 1.01256512307364E+001, 9.99999996433640E-001, 9.99999996433635E-001, 9.99999996433640E-001, 9.99999996433635E-001, 4.44089209850063E-016, 1.00000000000000E+000
 1.01788685825311E+001, 9.99999996793722E-001, 1.00012416944145E+000, 9.99999996793722E-001, 9.99999996793728E-001, 4.44089209850063E-016, 1.00000000000000E+000
 1.02320859343257E+001, 9.99999997117447E-001, 1.00077559550305E+000, 9.99999997117447E-001, 9.99999997117458E-001, 2.22044604925031E-016, 1.00000000000000E+000
 1.02853032861204E+001, 9.99999997408488E-001, 1.00119382534611E+000, 9.99999997408488E-001, 9.99999997408625E-001, 4.44089209850063E-016, 1.00000000000000E+000
 1.03385206379151E+001, 9.99999997670143E-001, 1.00131470812236E+000, 9.99999997670143E-001, 9.99999997670155E-001, 4.44089209850063E-016, 1.00000000000000E+000
 1.03917379897097E+001, 9.99999997905380E-001, 1.00109226065473E+000, 9.99999997905380E-001, 9.99999997905498E-001, 4.44089209850063E-016, 1.00000000000000E+000
 1.04449553415044E+001, 9.99999998116865E-001, 1.00045203288871E+000, 9.99999998116865E-001, 9.99999998116863E-001, 4.44089209850063E-016, 1.00000000000000E+000
 1.04981726932990E+001, 9.99999998306998E-001, 9.99999998306996E-001, 9.99999998306998E-001, 9.99999998306996E-001, 4.44089209850063E-016, 1.00000000000000E+000
 1.05513900450937E+001, 9.99999998477934E-001, 9.99999998477929E-001, 9.99999998477934E-001, 9.99999998477929E-001, 2.22044604925031E-016, 1.00000000000000E+000
 1.06046073968883E+001, 9.99999998631612E-001, 9.99999998631604E-001, 9.99999998631612E-001, 9.99999998631604E-001, 4.44089209850063E-016, 1.00000000000000E+000
 1.06578247486830E+001, 9.99999998769773E-001, 9.99999998769760E-001, 9.99999998769773E-001, 9.99999998769760E-001, 2.22044604925031E-016, 1.00000000000000E+000
 1.07110421004777E+001, 9.99999998893984E-001, 9.99999998893967E-001, 9.99999998893984E-001, 9.99999998893967E-001, 2.22044604925031E-016, 1.00000000000000E+000
 1.07642594522723E+001, 9.99999999005655E-001, 9.99999999005639E-001, 9.99999999005655E-001, 9.99999999005639E-001, 4.44089209850063E-016, 1.00000000000000E+000
 1.08174768040670E+001, 9.99999999106050E-001, 9.99999999106037E-001, 9.99999999106050E-001, 9.99999999106037E-001, 4.44089209850063E-016, 1.00000000000000E+000
 1.08706941558616E+001, 9.99999999196309E-001, 9.99999999196304E-001, 9.99999999196309E-001, 9.99999999196304E-001, 4.44089209850063E-016, 1.00000000000000E+000
 1.09239115076563E+001, 9.99999999277454E-001, 9.99999999277252E-001, 9.99999999277454E-001, 9.99999999277252E-001, 4.44089209850063E-016, 1.00000000000000E+000
 1.09771288594510E+001, 9.99999999350407E-001, 9.99999999350147E-001, 9.99999999350407E-001, 9.99999999350147E-001, 2.22044604925031E-016, 1.00000000000000E+000
 1.10303462112456E+001, 9.99999999415994E-001, 9.99999999415993E-001, 9.99999999415994E-001, 9.99999999415993E-001, 2.22044604925031E-016, 1.00000000000000E+000
 1.10835635630403E+001, 9.99999999474959E-001, 9.99999999474966E-001, 9.99999999474959E-001, 9.99999999474966E-001, 2.22044604925031E-016, 1.00000000000000E+000
 1.11367809148349E+001, 9.99999999527970E-001, 9.99999999527983E-001, 9.99999999527970E-001, 9.99999999527983E-001, 2.22044604925031E-016, 1.00000000000000E+000
 1.11899982666296E+001, 9.99999999575629E-001, 9.99999999575641E-001, 9.99999999575629E-001, 9.99999999575641E-001, 2.22044604925031E-016, 1.00000000000000E+000
 1.12432156184242E+001, 9.99999999618476E-001, 9.99999999618487E-001, 9.99999999618476E-001, 9.99999999618487E-001, 2.22044604925031E-016, 1.00000000000000E+000
 1.12964329702189E+001, 9.99999999656997E-001, 9.99999999657008E-001, 9.99999999656997E-001, 9.99999999657008E-001, 4.44089209850063E-016, 1.00000000000000E+000
 1.13496503220136E+001, 9.99999999691629E-001, 9.99999999691641E-001, 9.99999999691629E-001, 9.99999999691641E-001, 2.22044604925031E-016, 1.00000000000000E+000
 1.14028676738082E+001, 9.99999999722764E-001, 9.99999999722774E-001, 9.99999999722764E-001, 9.99999999722774E-001, 2.22044604925031E-016, 1.00000000000000E+000
 1.14560850256029E+001, 9.99999999750755E-001, 9.99999999750753E-001, 9.99999999750755E-001, 9.99999999750753E-001, 2.22044604925031E-016, 1.00000000000000E+000
 1.15093023773975E+001, 9.99999999775921E-001, 9.99999999775918E-001, 9.99999999775921E-001, 9.99999999775918E-001, 2.22044604925031E-016, 1.00000000000000E+000
 1.15625197291922E+001, 9.99999999798545E-001, 9.99999999798544E-001, 9.99999999798545E-001, 9.99999999798544E-001, 4.44089209850063E-016, 1.00000000000000E+000
 1.16157370809868E+001, 9.99999999818886E-001, 9.99999999818887E-001, 9.99999999818886E-001, 9.99999999818887E-001, 4.44089209850063E-016, 1.00000000000000E+000
 1.16689544327815E+001, 9.99999999837172E-001, 9.99999999837168E-001, 9.99999999837172E-001, 9.99999999837168E-001, 4.44089209850063E-016, 1.00000000000000E+000
 1.17221717845762E+001, 9.99999999853612E-001, 9.99999999853527E-001, 9.99999999853612E-001, 9.99999999853527E-001, 4.44089209850063E-016, 1.00000000000000E+000
 1.17753891363708E+001, 9.99999999868392E-001, 9.99999999868367E-001, 9.99999999868392E-001, 9.99999999868367E-001, 2.22044604925031E-016, 1.00000000000000E+000
 1.18286064881655E+001, 9.99999999881680E-001, 9.99999999881800E-001, 9.99999999881680E-001, 9.99999999881800E-001, 2.22044604925031E-016, 1.00000000000000E+000
 1.18818238399601E+001, 9.99999999893627E-001, 9.99999999893637E-001, 9.99999999893627E-001, 9.99999999893637E-001, 2.22044604925031E-016, 1.00000000000000E+000
 1.19350411917548E+001, 9.99999999904367E-001, 9.99999999904374E-001, 9.99999999904367E-001, 9.99999999904374E-001, 2.22044604925031E-016, 1.00000000000000E+000
 1.19882585435494E+001, 9.99999999914022E-001, 9.99999999914027E-001, 9.99999999914022E-001, 9.99999999914027E-001, 2.22044604925031E-016, 1.00000000000000E+000
 1.20414758953441E+001, 9.99999999922703E-001, 9.99999999922705E-001, 9.99999999922703E-001, 9.99999999922705E-001, 4.44089209850063E-016, 1.00000000000000E+000
 1.20946932471388E+001, 9.99999999930508E-001, 9.99999999930505E-001, 9.99999999930508E-001, 9.99999999930505E-001, 2.22044604925031E-016, 1.00000000000000E+000
 1.21479105989334E+001, 9.99999999937524E-001, 9.99999999937523E-001, 9.99999999937524E-001, 9.99999999937523E-001, 4.44089209850063E-016, 1.00000000000000E+000
 1.22011279507281E+001, 9.99999999943832E-001, 9.99999999943835E-001, 9.99999999943832E-001, 9.99999999943835E-001, 4.44089209850063E-016, 1.00000000000000E+000
 1.22543453025227E+001, 9.99999999949504E-001, 9.99999999949511E-001, 9.99999999949504E-001, 9.99999999949511E-001, 2.22044604925031E-016, 1.00000000000000E+000
 1.23075626543174E+001, 9.99999999954602E-001, 9.99999999954608E-001, 9.99999999954602E-001, 9.99999999954608E-001, 2.22044604925031E-016, 1.00000000000000E+000
 1.23607800061120E+001, 9.99999999959185E-001, 9.99999999959190E-001, 9.99999999959185E-001, 9.99999999959190E-001, 2.22044604925031E-016, 1.00000000000000E+000
 1.24139973579067E+001, 9.99999999963306E-001, 9.99999999963311E-001, 9.99999999963306E-001, 9.99999999963311E-001, 2.22044604925031E-016, 1.00000000000000E+000
 1.24672147097014E+001, 9.99999999967011E-001, 9.99999999967017E-001, 9.99999999967011E-001, 9.99999999967017E-001, 2.22044604925031E-016, 1.00000000000000E+000
 1.25204320614960E+001, 9.99999999970342E-001, 9.99999999970348E-001, 9.99999999970342E-001, 9.99999999970348E-001, 2.22044604925031E-016, 1.00000000000000E+000
 1.25736494132907E+001, 9.99999999973336E-001, 9.99999999973338E-001, 9.99999999973336E-001, 9.99999999973338E-001, 4.44089209850063E-016, 1.00000000000000E+000
 1.26268667650853E+001, 9.99999999976028E-001, 9.99999999976094E-001, 9.99999999976028E-001, 9.99999999976094E-001, 2.22044604925031E-016, 1.00000000000000E+000
 1.26800841168800E+001, 9.99999999978448E-001, 9.99999999978441E-001, 9.99999999978448E-001, 9.99999999978441E-001, 2.22044604925031E-016, 1.00000000000000E+000
 1.27333014686746E+001, 9.99999999980624E-001, 9.99999999980673E-001, 9.99999999980624E-001, 9.99999999980673E-001, 2.22044604925031E-016, 1.00000000000000E+000
 1.27865188204693E+001, 9.99999999982581E-001, 9.99999999982573E-001, 9.99999999982581E-001, 9.99999999982573E-001, 2.22044604925031E-016, 1.00000000000000E+000
 1.28397361722640E+001, 9.99999999984340E-001, 9.99999999984335E-001, 9.99999999984340E-001, 9.99999999984335E-001, 4.44089209850063E-016, 1.00000000000000E+000
 1.28929535240586E+001, 9.99999999985921E-001, 9.99999999985915E-001, 9.99999999985921E-001, 9.99999999985915E-001, 2.22044604925031E-016, 1.00000000000000E+000
 1.29461708758533E+001, 9.99999999987343E-001, 9.99999999987338E-001, 9.99999999987343E-001, 9.99999999987338E-001, 2.22044604925031E-016, 1.00000000000000E+000
 1.29993882276479E+001, 9.99999999988620E-001, 9.99999999988618E-001, 9.99999999988620E-001, 9.99999999988618E-001, 4.44089209850063E-016, 1.00000000000000E+000
 1.30526055794426E+001, 9.99999999989769E-001, 9.99999999989767E-001, 9.99999999989769E-001, 9.99999999989767E-001, 2.22044604925031E-016, 1.00000000000000E+000
 1.31058229312373E+001, 9.99999999990802E-001, 9.99999999990801E-001, 9.99999999990802E-001, 9.99999999990801E-001, 4.44089209850063E-016, 1.00000000000000E+000
 1.31590402830319E+001, 9.99999999991731E-001, 9.99999999991730E-001, 9.99999999991731E-001, 9.99999999991730E-001, 2.22044604925031E-016, 1.00000000000000E+000
 1.32122576348266E+001, 9.99999999992566E-001, 9.99999999992565E-001, 9.99999999992566E-001, 9.99999999992565E-001, 4.44089209850063E-016, 1.00000000000000E+000
 1.32654749866212E+001, 9.99999999993317E-001, 9.99999999993315E-001, 9.99999999993317E-001, 9.99999999993315E-001, 2.22044604925031E-016, 1.00000000000000E+000
 1.33240140735953E+001, 9.99999999993991E-001, 9.99999999993991E-001, 9.99999999993991E-001, 9.99999999993991E-001, 4.44089209850063E-016, 1.00000000000000E+000
 1.33825531605695E+001, 9.99999999994655E-001, 9.99999999994653E-001, 9.99999999994655E-001, 9.99999999994653E-001, 2.22044604925031E-016, 1.00000000000000E+000
 1.34410922475436E+001, 9.99999999995246E-001, 9.99999999995233E-001, 9.99999999995246E-001, 9.99999999995233E-001, 2.22044604925031E-016, 1.00000000000000E+000
 1.34996313345177E+001, 9.99999999995771E-001, 9.99999999995746E-001, 9.99999999995771E-001, 9.99999999995746E-001, 2.22044604925031E-016, 1.00000000000000E+000
 1.35581704214918E+001, 9.99999999996238E-001, 9.99999999996205E-001, 9.99999999996238E-001, 9.99999999996205E-001, 2.22044604925031E-016, 1.00000000000000E+000
 1.36167095084660E+001, 9.99999999996654E-001, 9.99999999996625E-001, 9.99999999996654E-001, 9.99999999996625E-001, 2.22044604925031E-016, 1.00000000000000E+000
 1.36752485954401E+001, 9.99999999997024E-001, 9.99999999997005E-001, 9.99999999997024E-001, 9.99999999997005E-001, 4.44089209850063E-016, 1.00000000000000E+000
 1.37337876824142E+001, 9.99999999997352E-001, 9.99999999997352E-001, 9.99999999997352E-001, 9.99999999997352E-001, 4.44089209850063E-016, 1.00000000000000E+000
 1.37923267693883E+001, 9.99999999997645E-001, 9.99999999997655E-001, 9.99999999997645E-001, 9.99999999997655E-001, 4.44089209850063E-016, 1.00000000000000E+000
 1.38508658563625E+001, 9.99999999997905E-001, 9.99999999998046E-001, 9.99999999997905E-001, 9.99999999998046E-001, 2.22044604925031E-016, 1.00000000000000E+000
 1.39094049433366E+001, 9.99999999998136E-001, 9.99999999998138E-001, 9.99999999998136E-001, 9.99999999998138E-001, 4.44089209850063E-016, 1.00000000000000E+000
 1.39618166384715E+001, 9.99999999998342E-001, 9.99999999998345E-001, 9.99999999998342E-001, 9.99999999998345E-001, 4.44089209850063E-016, 1.00000000000000E+000
 1.40089175239337E+001, 9.99999999998507E-001, 9.99999999998509E-001, 9.99999999998507E-001, 9.99999999998509E-001, 4.44089209850063E-016, 1.00000000000000E+000
 1.40560184093960E+001, 9.99999999998642E-001, 9.99999999998640E-001, 9.99999999998642E-001, 9.99999999998640E-001, 2.22044604925031E-016, 1.00000000000000E+000
 1.40966443199769E+001, 9.99999999998764E-001, 9.99999999998762E-001, 9.99999999998764E-001, 9.99999999998762E-001, 4.44089209850063E-016, 1.00000000000000E+000
 1.41372702305578E+001, 9.99999999998860E-001, 9.99999999998849E-001, 9.99999999998860E-001, 9.99999999998849E-001, 4.44089209850063E-016, 1.00000000000000E+000
 1.41778961411387E+001, 9.99999999998950E-001, 9.99999999998889E-001, 9.99999999998950E-001, 9.99999999998889E-001, 2.22044604925031E-016, 1.00000000000000E+000
 1.42185220517195E+001, 9.99999999999031E-001, 9.99999999998995E-001, 9.99999999999031E-001, 9.99999999998995E-001, 2.22044604925031E-016, 1.00000000000000E+000
 1.42591479623004E+001, 9.99999999999106E-001, 9.99999999999104E-001, 9.99999999999106E-001, 9.99999999999104E-001, 4.44089209850063E-016, 1.00000000000000E+000
 1.42997738728813E+001, 9.99999999999177E-001, 9.99999999999175E-001, 9.99999999999177E-001, 9.99999999999175E-001, 4.44089209850063E-016, 1.00000000000000E+000
 1.43403997834622E+001, 9.99999999999241E-001, 9.99999999999243E-001, 9.99999999999241E-001, 9.99999999999243E-001, 4.44089209850063E-016, 1.00000000000000E+000
 1.43850882851012E+001, 9.99999999999300E-001, 9.99999999999304E-001, 9.99999999999300E-001, 9.99999999999304E-001, 4.44089209850063E-016, 1.00000000000000E+000
 1.44342456369041E+001, 9.99999999999360E-001, 9.99999999999362E-001, 9.99999999999360E-001, 9.99999999999362E-001, 4.44089209850063E-016, 1.00000000000000E+000
 1.44883187238872E+001, 9.99999999999420E-001, 9.99999999999416E-001, 9.99999999999420E-001, 9.99999999999416E-001, 2.22044604925031E-016, 1.00000000000000E+000
 1.45423918108704E+001, 9.99999999999479E-001, 9.99999999999475E-001, 9.99999999999479E-001, 9.99999999999475E-001, 2.22044604925031E-016, 1.00000000000000E+000
 1.45964648978535E+001, 9.99999999999533E-001, 9.99999999999523E-001, 9.99999999999533E-001, 9.99999999999523E-001, 4.44089209850063E-016, 1.00000000000000E+000
 1.46505379848367E+001, 9.99999999999581E-001, 9.99999999999589E-001, 9.99999999999581E-001, 9.99999999999589E-001, 4.44089209850063E-016, 1.00000000000000E+000
 1.47046110718199E+001, 9.99999999999624E-001, 9.99999999999645E-001, 9.99999999999624E-001, 9.99999999999645E-001, 2.22044604925031E-016, 1.00000000000000E+000
 1.47586841588030E+001, 9.99999999999662E-001, 9.99999999999674E-001, 9.99999999999662E-001, 9.99999999999674E-001, 4.44089209850063E-016, 1.00000000000000E+000
 1.48127572457862E+001, 9.99999999999697E-001, 9.99999999999689E-001, 9.99999999999697E-001, 9.99999999999689E-001, 4.44089209850063E-016, 1.00000000000000E+000
 1.48668303327693E+001, 9.99999999999728E-001, 9.99999999999636E-001, 9.99999999999728E-001, 9.99999999999636E-001, 2.22044604925031E-016, 1.00000000000000E+000
 1.49209034197525E+001, 9.99999999999756E-001, 9.99999999999753E-001, 9.99999999999756E-001, 9.99999999999753E-001, 4.44089209850063E-016, 1.00000000000000E+000
 1.49749765067357E+001, 9.99999999999781E-001, 9.99999999999783E-001, 9.99999999999781E-001, 9.99999999999783E-001, 4.44089209850063E-016, 1.00000000000000E+000
 1.50290495937188E+001, 9.99999999999803E-001, 9.99999999999815E-001, 9.99999999999803E-001, 9.99999999999815E-001, 2.22044604925031E-016, 1.00000000000000E+000
 1.50831226807020E+001, 9.99999999999823E-001, 9.99999999999837E-001, 9.99999999999823E-001, 9.99999999999837E-001, 4.44089209850063E-016, 1.00000000000000E+000
 1.51371957676851E+001, 9.99999999999842E-001, 9.99999999999852E-001, 9.99999999999842E-001, 9.99999999999852E-001, 4.44089209850063E-016, 1.00000000000000E+000
 1.51912688546683E+001, 9.99999999999858E-001, 9.99999999999863E-001, 9.99999999999858E-001, 9.99999999999863E-001, 4.44089209850063E-016, 1.00000000000000E+000
 1.52453419416515E+001, 9.99999999999872E-001, 9.99999999999875E-001, 9.99999999999872E-001, 9.99999999999875E-001, 4.44089209850063E-016, 1.00000000000000E+000
 1.52994150286346E+001, 9.99999999999885E-001, 9.99999999999905E-001, 9.99999999999885E-001, 9.99999999999905E-001, 4.44089209850063E-016, 1.00000000000000E+000
 1.53534881156178E+001, 9.99999999999897E-001, 9.99999999999910E-001, 9.99999999999897E-001, 9.99999999999910E-001, 4.44089209850063E-016, 1.00000000000000E+000
 1.54075612026010E+001, 9.99999999999908E-001, 9.99999999999914E-001, 9.99999999999908E-001, 9.99999999999914E-001, 4.44089209850063E-016, 1.00000000000000E+000
 1.54616342895841E+001, 9.99999999999917E-001, 9.99999999999932E-001, 9.99999999999917E-001, 9.99999999999932E-001, 4.44089209850063E-016, 1.00000000000000E+000
 1.55157073765673E+001, 9.99999999999925E-001, 9.99999999999952E-001, 9.99999999999925E-001, 9.99999999999952E-001, 4.44089209850063E-016, 1.00000000000000E+000
 1.55697804635504E+001, 9.99999999999933E-001, 9.99999999999952E-001, 9.99999999999933E-001, 9.99999999999952E-001, 4.44089209850063E-016, 1.00000000000000E+000
 1.56238535505336E+001, 9.99999999999940E-001, 9.99999999999962E-001, 9.99999999999940E-001, 9.99999999999962E-001, 2.22044604925031E-016, 1.00000000000000E+000
 1.56779266375168E+001, 9.99999999999946E-001, 9.99999999999976E-001, 9.99999999999946E-001, 9.99999999999976E-001, 4.44089209850063E-016, 1.00000000000000E+000
 1.57319997244999E+001, 9.99999999999952E-001, 9.99999999999983E-001, 9.99999999999952E-001, 9.99999999999983E-001, 4.44089209850063E-016, 1.00000000000000E+000
 1.57860728114831E+001, 9.99999999999957E-001, 9.99999999999983E-001, 9.99999999999957E-001, 9.99999999999983E-001, 4.44089209850063E-016, 1.00000000000000E+000
 1.58401458984662E+001, 9.99999999999961E-001, 9.99999999999981E-001, 9.99999999999961E-001, 9.99999999999981E-001, 4.44089209850063E-016, 1.00000000000000E+000
 1.58942189854494E+001, 9.99999999999965E-001, 9.99999999999979E-001, 9.99999999999965E-001, 9.99999999999979E-001, 4.44089209850063E-016, 1.00000000000000E+000
 1.59482920724326E+001, 9.99999999999969E-001, 9.99999999999980E-001, 9.99999999999969E-001, 9.99999999999980E-001, 4.44089209850063E-016, 1.00000000000000E+000
 1.60023651594157E+001, 9.99999999999972E-001, 9.99999999999979E-001, 9.99999999999972E-001, 9.99999999999979E-001, 4.44089209850063E-016, 1.00000000000000E+000
 1.60564382463989E+001, 9.99999999999975E-001, 9.99999999999981E-001, 9.99999999999975E-001, 9.99999999999981E-001, 2.22044604925031E-016, 1.00000000000000E+000
 1.61105113333820E+001, 9.99999999999978E-001, 9.99999999999976E-001, 9.99999999999978E-001, 9.99999999999976E-001, 4.44089209850063E-016, 1.00000000000000E+000
 1.61645844203652E+001, 9.99999999999980E-001, 9.99999999999970E-001, 9.99999999999980E-001, 9.99999999999970E-001, 4.44089209850063E-016, 1.00000000000000E+000
 1.62186575073484E+001, 9.99999999999982E-001, 9.99999999999976E-001, 9.99999999999982E-001, 9.99999999999976E-001, 4.44089209850063E-016, 1.00000000000000E+000
 1.62646428032504E+001, 9.99999999999984E-001, 9.99999999999979E-001, 9.99999999999984E-001, 9.99999999999979E-001, 4.44089209850063E-016, 1.00000000000000E+000
 1.63566133950545E+001, 9.99999999999986E-001, 9.99999999999989E-001, 9.99999999999986E-001, 9.99999999999989E-001, 4.44089209850063E-016, 1.00000000000000E+000
 1.64025986909565E+001, 9.99999999999988E-001, 1.00000000000002E+000, 9.99999999999988E-001, 1.00000000000002E+000, 4.44089209850063E-016, 1.00000000000000E+000
 1.64485839868586E+001, 9.99999999999988E-001, 9.99999999999986E-001, 9.99999999999988E-001, 9.99999999999986E-001, 4.44089209850063E-016, 1.00000000000000E+000
 1.65451531082528E+001, 9.99999999999990E-001, 9.99999999999969E-001, 9.99999999999990E-001, 9.99999999999969E-001, 4.44089209850063E-016, 1.00000000000000E+000
 1.65957369337451E+001, 9.99999999999991E-001, 1.00000000000005E+000, 9.99999999999991E-001, 1.00000000000005E+000, 4.44089209850063E-016, 1.00000000000000E+000
 1.66463207592373E+001, 9.99999999999992E-001, 1.00000000000006E+000, 9.99999999999992E-001, 1.00000000000006E+000, 4.44089209850063E-016, 1.00000000000000E+000
 1.66969045847295E+001, 9.99999999999993E-001, 1.00000000000003E+000, 9.99999999999993E-001, 1.00000000000003E+000, 4.44089209850063E-016, 1.00000000000000E+000
 1.67420452271514E+001, 9.99999999999994E-001, 1.00000000000002E+000, 9.99999999999994E-001, 1.00000000000002E+000, 2.22044604925031E-016, 1.00000000000000E+000
 1.68323265119950E+001, 9.99999999999994E-001, 1.00000000000003E+000, 9.99999999999994E-001, 1.00000000000003E+000, 3.33066907387547E-016, 1.00000000000000E+000
 1.68774671544169E+001, 9.99999999999995E-001, 1.00000000000001E+000, 9.99999999999995E-001, 1.00000000000001E+000, 4.44089209850063E-016, 1.00000000000000E+000
 1.69226077968387E+001, 9.99999999999996E-001, 1.00000000000000E+000, 9.99999999999996E-001, 1.00000000000000E+000, 4.44089209850063E-016, 1.00000000000000E+000
 1.70080534637880E+001, 9.99999999999996E-001, 1.00000000000009E+000, 9.99999999999996E-001, 1.00000000000009E+000, 3.39349981200819E-016, 1.00000000000000E+000
 1.70483584883154E+001, 9.99999999999996E-001, 1.00000000000000E+000, 9.99999999999996E-001, 1.00000000000000E+000, 4.44089209850063E-016, 1.00000000000000E+000
 1.71289685373702E+001, 9.99999999999997E-001, 1.00000000000012E+000, 9.99999999999997E-001, 1.00000000000012E+000, 4.44089209850063E-016, 1.00000000000000E+000
 1.71692735618977E+001, 9.99999999999997E-001, 1.00000000000008E+000, 9.99999999999997E-001, 1.00000000000008E+000, 4.44089209850063E-016, 1.00000000000000E+000
 1.72498836109525E+001, 9.99999999999998E-001, 1.00000000000004E+000, 9.99999999999998E-001, 1.00000000000004E+000, 3.33066907387547E-016, 1.00000000000000E+000
 1.72901886354799E+001, 9.99999999999998E-001, 9.99999999999988E-001, 9.99999999999998E-001, 9.99999999999988E-001, 4.44089209850063E-016, 1.00000000000000E+000
 1.73748291869875E+001, 9.99999999999998E-001, 9.99999999999980E-001, 9.99999999999998E-001, 9.99999999999980E-001, 3.27780131079808E-016, 1.00000000000000E+000
 1.74191647139677E+001, 9.99999999999999E-001, 9.99999999999937E-001, 9.99999999999999E-001, 9.99999999999937E-001, 2.22044604925031E-016, 1.00000000000000E+000
 1.74635002409479E+001, 9.99999999999998E-001, 9.99999999999979E-001, 9.99999999999998E-001, 9.99999999999979E-001, 4.44089209850063E-016, 1.00000000000000E+000
 1.75610384003042E+001, 9.99999999999999E-001, 1.00000000000005E+000, 9.99999999999999E-001, 1.00000000000005E+000, 3.33066907387547E-016, 1.00000000000000E+000
 1.76098074799824E+001, 9.99999999999999E-001, 1.00000000000005E+000, 9.99999999999999E-001, 1.00000000000005E+000, 4.44089209850063E-016, 1.00000000000000E+000
 1.76585765596606E+001, 9.99999999999999E-001, 1.00000000000001E+000, 9.99999999999999E-001, 1.00000000000001E+000, 2.22044604925031E-016, 1.00000000000000E+000
 1.77122225473066E+001, 9.99999999999999E-001, 1.00000000000000E+000, 9.99999999999999E-001, 1.00000000000000E+000, 2.22044604925031E-016, 1.00000000000000E+000
 1.77658685349526E+001, 9.99999999999999E-001, 1.00000000000000E+000, 9.99999999999999E-001, 1.00000000000000E+000, 4.44089209850063E-016, 1.00000000000000E+000
 1.78655070625848E+001, 9.99999999999999E-001, 1.00007289478932E+000, 9.99999999999999E-001, 9.99999999999999E-001, 2.22044604925031E-016, 1.00000000000000E+000
 1.79114996025710E+001, 1.00000000000000E+000, 1.00028900826988E+000, 1.00000000000000E+000, 9.99999999999995E-001, 2.22044604925031E-016, 1.00000000000000E+000
 1.79574921425573E+001, 9.99999999999999E-001, 1.00026151913072E+000, 9.99999999999999E-001, 9.99999999999995E-001, 2.22044604925031E-016, 1.00000000000000E+000
 1.80034846825435E+001, 1.00000000000000E+000, 1.00009398616499E+000, 1.00000000000000E+000, 9.99999999999993E-001, 2.22044604925031E-016, 1.00000000000000E+000
 1.80954697625159E+001, 1.00000000000000E+000, 9.99999999999996E-001, 1.00000000000000E+000, 9.99999999999996E-001, 2.22044604925031E-016, 1.00000000000000E+000
 1.81414623025021E+001, 1.00000000000000E+000, 9.99999999999996E-001, 1.00000000000000E+000, 9.99999999999996E-001, 4.44089209850063E-016, 1.00000000000000E+000
 1.81874548424884E+001, 1.00000000000000E+000, 9.99999999999848E-001, 1.00000000000000E+000, 9.99999999999848E-001, 2.22044604925031E-016, 1.00000000000000E+000
 1.82794399224608E+001, 1.00000000000000E+000, 9.99999999999937E-001, 1.00000000000000E+000, 9.99999999999937E-001, 2.22044604925031E-016, 1.00000000000000E+000
 1.83254324624470E+001, 1.00000000000000E+000, 9.99999999999976E-001, 1.00000000000000E+000, 9.99999999999976E-001, 4.44089209850063E-016, 1.00000000000000E+000
 1.83714250024332E+001, 1.00000000000000E+000, 9.99999999999988E-001, 1.00000000000000E+000, 9.99999999999988E-001, 2.22044604925031E-016, 1.00000000000000E+000
 1.84680093364043E+001, 1.00000000000000E+000, 1.00000000000000E+000, 1.00000000000000E+000, 1.00000000000000E+000, 3.27780131079808E-016, 1.00000000000000E+000
 1.85186011303891E+001, 1.00000000000000E+000, 1.00000000000001E+000, 1.00000000000000E+000, 1.00000000000001E+000, 2.22044604925031E-016, 1.00000000000000E+000
 1.85691929243740E+001, 1.00000000000000E+000, 1.00000000000001E+000, 1.00000000000000E+000, 1.00000000000001E+000, 2.22044604925031E-016, 1.00000000000000E+000
 1.86197847183588E+001, 9.99999999999999E-001, 1.00000000000000E+000, 9.99999999999999E-001, 1.00000000000000E+000, 2.22044604925031E-016, 1.00000000000000E+000
 1.86703765123436E+001, 9.99999999999999E-001, 9.99999999999985E-001, 9.99999999999999E-001, 9.99999999999985E-001, 2.22044604925031E-016, 1.00000000000000E+000
 1.87209683063285E+001, 1.00000000000000E+000, 9.99999999999996E-001, 1.00000000000000E+000, 9.99999999999996E-001, 2.22044604925031E-016, 1.00000000000000E+000
 1.88221518942982E+001, 1.00000000000000E+000, 9.99999999999985E-001, 1.00000000000000E+000, 9.99999999999985E-001, 3.33066907387547E-016, 1.00000000000000E+000
 1.88727436882830E+001, 1.00000000000000E+000, 9.99999999999990E-001, 1.00000000000000E+000, 9.99999999999990E-001, 2.22044604925031E-016, 1.00000000000000E+000
 1.89233354822678E+001, 1.00000000000000E+000, 9.99999999999989E-001, 1.00000000000000E+000, 9.99999999999989E-001, 2.22044604925031E-016, 1.00000000000000E+000
 1.89739272762527E+001, 1.00000000000000E+000, 9.99999999999991E-001, 1.00000000000000E+000, 9.99999999999991E-001, 4.44089209850063E-016, 1.00000000000000E+000
 1.90245190702375E+001, 9.99999999999999E-001, 9.99999999999993E-001, 9.99999999999999E-001, 9.99999999999993E-001, 2.22044604925031E-016, 1.00000000000000E+000
 1.91257026582072E+001, 1.00000000000000E+000, 1.00000000000002E+000, 1.00000000000000E+000, 1.00000000000002E+000, 2.22044604925031E-016, 1.00000000000000E+000
 1.91762944521920E+001, 1.00000000000000E+000, 9.99999999999997E-001, 1.00000000000000E+000, 9.99999999999997E-001, 4.44089209850063E-016, 1.00000000000000E+000
 1.92268862461769E+001, 1.00000000000000E+000, 1.00000000000002E+000, 1.00000000000000E+000, 1.00000000000002E+000, 2.22044604925031E-016, 1.00000000000000E+000
 1.92774780401617E+001, 1.00000000000000E+000, 1.00000000000001E+000, 1.00000000000000E+000, 1.00000000000001E+000, 2.22044604925031E-016, 1.00000000000000E+000
 1.93280698341466E+001, 1.00000000000000E+000, 9.99999999999997E-001, 1.00000000000000E+000, 9.99999999999997E-001, 2.22044604925031E-016, 1.00000000000000E+000
 1.94292534221162E+001, 1.00000000000000E+000, 9.99999999999996E-001, 1.00000000000000E+000, 9.99999999999996E-001, 2.22044604925031E-016, 1.00000000000000E+000
 1.94798452161011E+001, 1.00000000000000E+000, 1.00000000000000E+000, 1.00000000000000E+000, 1.00000000000000E+000, 2.22044604925031E-016, 1.00000000000000E+000
 1.95304370100859E+001, 1.00000000000000E+000, 1.00000000000000E+000, 1.00000000000000E+000, 1.00000000000000E+000, 4.44089209850063E-016, 1.00000000000000E+000
 1.95810288040708E+001, 1.00000000000000E+000, 1.00011940764488E+000, 1.00000000000000E+000, 1.00000000000001E+000, 4.44089209850063E-016, 1.00000000000000E+000
 1.96316205980556E+001, 1.00000000000000E+000, 1.00030986093801E+000, 1.00000000000000E+000, 1.00000000000001E+000, 4.44089209850063E-016, 1.00000000000000E+000
 1.96822123920404E+001, 1.00000000000000E+000, 1.00043202503521E+000, 1.00000000000000E+000, 1.00000000000001E+000, 4.44089209850063E-016, 1.00000000000000E+000
 1.97833959800101E+001, 1.00000000000000E+000, 1.00044156146029E+000, 1.00000000000000E+000, 1.00000000000001E+000, 2.22044604925031E-016, 1.00000000000000E+000
 1.98275188974505E+001, 1.00000000000000E+000, 1.00027362176576E+000, 1.00000000000000E+000, 1.00000000000001E+000, 2.22044604925031E-016, 1.00000000000000E+000
 1.98716418148908E+001, 1.00000000000000E+000, 1.00004819310930E+000, 1.00000000000000E+000, 1.00000000000005E+000, 4.44089209850063E-016, 1.00000000000000E+000
 1.99598876497715E+001, 1.00000000000000E+000, 9.99999999999996E-001, 1.00000000000000E+000, 9.99999999999996E-001, 3.33066907387547E-016, 1.00000000000000E+000
 2.00040105672118E+001, 1.00000000000000E+000, 9.99999999999996E-001, 1.00000000000000E+000, 9.99999999999996E-001, 4.44089209850063E-016, 1.00000000000000E+000
 2.00481334846522E+001, 1.00000000000000E+000, 9.99999999999992E-001, 1.00000000000000E+000, 9.99999999999992E-001, 2.22044604925031E-016, 1.00000000000000E+000
 2.01363793195328E+001, 1.00000000000000E+000, 9.99999999999966E-001, 1.00000000000000E+000, 9.99999999999966E-001, 4.44089209850063E-016, 1.00000000000000E+000
 2.01805022369732E+001, 1.00000000000000E+000, 1.00000000000000E+000, 1.00000000000000E+000, 1.00000000000000E+000, 2.22044604925031E-016, 1.00000000000000E+000
 2.02290374461576E+001, 1.00000000000000E+000, 1.00000000000001E+000, 1.00000000000000E+000, 1.00000000000001E+000, 2.22044604925031E-016, 1.00000000000000E+000
 2.03261078645263E+001, 1.00000000000000E+000, 1.00000000000001E+000, 1.00000000000000E+000, 1.00000000000001E+000, 2.22044604925031E-016, 1.00000000000000E+000
 2.03746430737107E+001, 1.00000000000000E+000, 1.00000000000002E+000, 1.00000000000000E+000, 1.00000000000002E+000, 2.22044604925031E-016, 1.00000000000000E+000
 2.04231782828951E+001, 1.00000000000000E+000, 1.00000000000002E+000, 1.00000000000000E+000, 1.00000000000002E+000, 4.44089209850063E-016, 1.00000000000000E+000
 2.04717134920794E+001, 1.00000000000000E+000, 1.00000000000002E+000, 1.00000000000000E+000, 1.00000000000002E+000, 4.44089209850063E-016, 1.00000000000000E+000
 2.05202487012638E+001, 1.00000000000000E+000, 1.00000000000002E+000, 1.00000000000000E+000, 1.00000000000002E+000, 2.22044604925031E-016, 1.00000000000000E+000
 2.06173191196326E+001, 1.00000000000000E+000, 1.00000000000002E+000, 1.00000000000000E+000, 1.00000000000002E+000, 4.44089209850063E-016, 1.00000000000000E+000
 2.06658543288169E+001, 1.00000000000000E+000, 1.00000000000002E+000, 1.00000000000000E+000, 1.00000000000002E+000, 4.44089209850063E-016, 1.00000000000000E+000
 2.07143895380013E+001, 1.00000000000000E+000, 1.00000000000002E+000, 1.00000000000000E+000, 1.00000000000002E+000, 2.22044604925031E-016, 1.00000000000000E+000
 2.07629247471857E+001, 1.00000000000000E+000, 1.00000000000002E+000, 1.00000000000000E+000, 1.00000000000002E+000, 4.44089209850063E-016, 1.00000000000000E+000
 2.08599951655544E+001, 1.00000000000000E+000, 1.00000000000001E+000, 1.00000000000000E+000, 1.00000000000001E+000, 4.44089209850063E-016, 1.00000000000000E+000
 2.09085303747388E+001, 1.00000000000000E+000, 1.00000000000001E+000, 1.00000000000000E+000, 1.00000000000001E+000, 4.44089209850063E-016, 1.00000000000000E+000
 2.09570655839232E+001, 1.00000000000000E+000, 1.00000000000000E+000, 1.00000000000000E+000, 1.00000000000000E+000, 4.44089209850063E-016, 1.00000000000000E+000
 2.10056007931076E+001, 1.00000000000000E+000, 1.00000000000001E+000, 1.00000000000000E+000, 1.00000000000001E+000, 4.44089209850063E-016, 1.00000000000000E+000
 2.10977419545070E+001, 1.00000000000000E+000, 1.00000000000001E+000, 1.00000000000000E+000, 1.00000000000001E+000, 3.27127569855327E-016, 1.00000000000000E+000
 2.11413479067221E+001, 1.00000000000000E+000, 1.00000000000010E+000, 1.00000000000000E+000, 1.00000000000010E+000, 4.44089209850063E-016, 1.00000000000000E+000
 2.11849538589371E+001, 1.00000000000000E+000, 1.00000000000006E+000, 1.00000000000000E+000, 1.00000000000006E+000, 4.44089209850063E-016, 1.00000000000000E+000
 2.12721657633673E+001, 1.00000000000000E+000, 1.00000000000001E+000, 1.00000000000000E+000, 1.00000000000001E+000, 3.33066907387547E-016, 1.00000000000000E+000
 2.13157717155823E+001, 1.00000000000000E+000, 1.00000000000000E+000, 1.00000000000000E+000, 1.00000000000000E+000, 4.44089209850063E-016, 1.00000000000000E+000
 2.14029836200125E+001, 1.00000000000000E+000, 1.00000000000001E+000, 1.00000000000000E+000, 1.00000000000001E+000, 3.33066907387547E-016, 1.00000000000000E+000
 2.14465895722275E+001, 1.00000000000000E+000, 1.00000000000001E+000, 1.00000000000000E+000, 1.00000000000001E+000, 4.44089209850063E-016, 1.00000000000000E+000
 2.14901955244426E+001, 1.00000000000000E+000, 1.00000000000000E+000, 1.00000000000000E+000, 1.00000000000000E+000, 2.22044604925031E-016, 1.00000000000000E+000
 2.15774074288727E+001, 1.00000000000000E+000, 9.99999999999998E-001, 1.00000000000000E+000, 9.99999999999998E-001, 4.44089209850063E-016, 1.00000000000000E+000
 2.16210133810878E+001, 1.00000000000000E+000, 9.99999999999995E-001, 1.00000000000000E+000, 9.99999999999995E-001, 4.44089209850063E-016, 1.00000000000000E+000
 2.16646193333029E+001, 1.00000000000000E+000, 1.00000000000001E+000, 1.00000000000000E+000, 1.00000000000001E+000, 4.44089209850063E-016, 1.00000000000000E+000
 2.17518312377330E+001, 1.00000000000000E+000, 1.00000000000000E+000, 1.00000000000000E+000, 1.00000000000000E+000, 4.44089209850063E-016, 1.00000000000000E+000
 2.17954371899481E+001, 1.00000000000000E+000, 1.00000000000000E+000, 1.00000000000000E+000, 1.00000000000000E+000, 4.44089209850063E-016, 1.00000000000000E+000
 2.18434037373847E+001, 1.00000000000000E+000, 1.00000000000001E+000, 1.00000000000000E+000, 1.00000000000001E+000, 4.44089209850063E-016, 1.00000000000000E+000
 2.19441334870015E+001, 1.00000000000000E+000, 9.99999999999986E-001, 1.00000000000000E+000, 9.99999999999986E-001, 4.44089209850063E-016, 1.00000000000000E+000
 2.19968966891817E+001, 1.00000000000000E+000, 9.99999999999996E-001, 1.00000000000000E+000, 9.99999999999996E-001, 2.22044604925031E-016, 1.00000000000000E+000
 2.20496598913619E+001, 1.00000000000000E+000, 9.99999999999972E-001, 1.00000000000000E+000, 9.99999999999972E-001, 4.44089209850063E-016, 1.00000000000000E+000
 2.21024230935422E+001, 1.00000000000000E+000, 9.99999999999985E-001, 1.00000000000000E+000, 9.99999999999985E-001, 4.44089209850063E-016, 1.00000000000000E+000
 2.21551862957224E+001, 1.00000000000000E+000, 9.99999999999975E-001, 1.00000000000000E+000, 9.99999999999975E-001, 4.44089209850063E-016, 1.00000000000000E+000
 2.22079494979026E+001, 1.00000000000000E+000, 9.99999999999974E-001, 1.00000000000000E+000, 9.99999999999974E-001, 4.44089209850063E-016, 1.00000000000000E+000
 2.22607127000828E+001, 1.00000000000000E+000, 9.99999999999975E-001, 1.00000000000000E+000, 9.99999999999975E-001, 4.44089209850063E-016, 1.00000000000000E+000
 2.23662391044433E+001, 1.00000000000000E+000, 9.99999999999982E-001, 1.00000000000000E+000, 9.99999999999982E-001, 4.44089209850063E-016, 1.00000000000000E+000
 2.24190023066235E+001, 1.00000000000000E+000, 9.99999999999964E-001, 1.00000000000000E+000, 9.99999999999964E-001, 4.44089209850063E-016, 1.00000000000000E+000
 2.24717655088038E+001, 1.00000000000000E+000, 1.00000000000001E+000, 1.00000000000000E+000, 1.00000000000001E+000, 4.44089209850063E-016, 1.00000000000000E+000
 2.25245287109840E+001, 1.00000000000000E+000, 1.00000000000002E+000, 1.00000000000000E+000, 1.00000000000002E+000, 4.44089209850063E-016, 1.00000000000000E+000
 2.25772919131642E+001, 1.00000000000000E+000, 1.00000000000001E+000, 1.00000000000000E+000, 1.00000000000001E+000, 2.22044604925031E-016, 1.00000000000000E+000
 2.26300551153445E+001, 1.00000000000000E+000, 9.99999999999995E-001, 1.00000000000000E+000, 9.99999999999995E-001, 4.44089209850063E-016, 1.00000000000000E+000
 2.26828183175247E+001, 1.00000000000000E+000, 1.00000000000000E+000, 1.00000000000000E+000, 1.00000000000000E+000, 4.44089209850063E-016, 1.00000000000000E+000
 2.27883447218851E+001, 1.00000000000000E+000, 9.99999999999999E-001, 1.00000000000000E+000, 9.99999999999999E-001, 3.33066907387547E-016, 1.00000000000000E+000
 2.28411079240654E+001, 1.00000000000000E+000, 1.00000000000000E+000, 1.00000000000000E+000, 1.00000000000000E+000, 4.44089209850063E-016, 1.00000000000000E+000
 2.28938711262456E+001, 1.00000000000000E+000, 1.00000000000000E+000, 1.00000000000000E+000, 1.00000000000000E+000, 4.44089209850063E-016, 1.00000000000000E+000
 2.29519106486439E+001, 1.00000000000000E+000, 1.00000000000000E+000, 1.00000000000000E+000, 1.00000000000000E+000, 2.22044604925031E-016, 1.00000000000000E+000
 2.30157541232819E+001, 1.00000000000000E+000, 9.99999999999998E-001, 1.00000000000000E+000, 9.99999999999998E-001, 4.44089209850063E-016, 1.00000000000000E+000
 2.30795975979200E+001, 1.00000000000000E+000, 1.00000000000000E+000, 1.00000000000000E+000, 1.00000000000000E+000, 4.44089209850063E-016, 1.00000000000000E+000
 2.31434410725581E+001, 1.00000000000000E+000, 9.99999999999990E-001, 1.00000000000000E+000, 9.99999999999990E-001, 4.44089209850063E-016, 1.00000000000000E+000
 2.32072845471962E+001, 1.00000000000000E+000, 1.00000000000004E+000, 1.00000000000000E+000, 1.00000000000004E+000, 4.44089209850063E-016, 1.00000000000000E+000
 2.32711280218343E+001, 1.00000000000000E+000, 1.00000000000004E+000, 1.00000000000000E+000, 1.00000000000004E+000, 4.44089209850063E-016, 1.00000000000000E+000
 2.33349714964723E+001, 1.00000000000000E+000, 1.00000000000004E+000, 1.00000000000000E+000, 1.00000000000004E+000, 2.22044604925031E-016, 1.00000000000000E+000
 2.33988149711104E+001, 1.00000000000000E+000, 1.00000000000003E+000, 1.00000000000000E+000, 1.00000000000003E+000, 4.44089209850063E-016, 1.00000000000000E+000
 2.34540438372658E+001, 1.00000000000000E+000, 1.00000000000001E+000, 1.00000000000000E+000, 1.00000000000001E+000, 2.22044604925031E-016, 1.00000000000000E+000
 2.35092727034211E+001, 1.00000000000000E+000, 9.99999999999999E-001, 1.00000000000000E+000, 9.99999999999999E-001, 4.44089209850063E-016, 1.00000000000000E+000
 2.35645015695765E+001, 1.00000000000000E+000, 9.99999999999994E-001, 1.00000000000000E+000, 9.99999999999994E-001, 2.22044604925031E-016, 1.00000000000000E+000
 2.36197304357319E+001, 1.00000000000000E+000, 9.99999999999997E-001, 1.00000000000000E+000, 9.99999999999997E-001, 2.22044604925031E-016, 1.00000000000000E+000
 2.36749593018872E+001, 1.00000000000000E+000, 1.00000000000001E+000, 1.00000000000000E+000, 1.00000000000001E+000, 4.44089209850063E-016, 1.00000000000000E+000
 2.37301881680426E+001, 1.00000000000000E+000, 1.00000000000000E+000, 1.00000000000000E+000, 1.00000000000000E+000, 4.44089209850063E-016, 1.00000000000000E+000
 2.37854170341979E+001, 1.00000000000000E+000, 1.00000000000005E+000, 1.00000000000000E+000, 1.00000000000005E+000, 4.44089209850063E-016, 1.00000000000000E+000
 2.38334038738686E+001, 1.00000000000000E+000, 9.99999999999993E-001, 1.00000000000000E+000, 9.99999999999993E-001, 4.44089209850063E-016, 1.00000000000000E+000
 2.38813907135392E+001, 1.00000000000000E+000, 9.99999999999991E-001, 1.00000000000000E+000, 9.99999999999991E-001, 2.22044604925031E-016, 1.00000000000000E+000
 2.39654000506948E+001, 1.00000000000000E+000, 9.99999999999998E-001, 1.00000000000000E+000, 9.99999999999998E-001, 2.22044604925031E-016, 1.00000000000000E+000
 2.40074047192727E+001, 1.00000000000000E+000, 1.00000000000000E+000, 1.00000000000000E+000, 1.00000000000000E+000, 4.44089209850063E-016, 1.00000000000000E+000
 2.40914140564283E+001, 1.00000000000000E+000, 1.00000000000001E+000, 1.00000000000000E+000, 1.00000000000001E+000, 3.33066907387547E-016, 1.00000000000000E+000
 2.41334187250062E+001, 1.00000000000000E+000, 1.00000000000000E+000, 1.00000000000000E+000, 1.00000000000000E+000, 2.22044604925031E-016, 1.00000000000000E+000
 2.42174280621618E+001, 1.00000000000000E+000, 1.00000000000000E+000, 1.00000000000000E+000, 1.00000000000000E+000, 3.33066907387547E-016, 1.00000000000000E+000
 2.42594327307397E+001, 1.00000000000000E+000, 9.99999999999999E-001, 1.00000000000000E+000, 9.99999999999999E-001, 2.22044604925031E-016, 1.00000000000000E+000
 2.43014373993175E+001, 1.00000000000000E+000, 9.99999999999997E-001, 1.00000000000000E+000, 9.99999999999997E-001, 4.44089209850063E-016, 1.00000000000000E+000
 2.43854467364732E+001, 1.00000000000000E+000, 1.00000000000000E+000, 1.00000000000000E+000, 1.00000000000000E+000, 3.33066907387547E-016, 1.00000000000000E+000
 2.44274514050510E+001, 1.00000000000000E+000, 1.00000000000000E+000, 1.00000000000000E+000, 1.00000000000000E+000, 2.22044604925031E-016, 1.00000000000000E+000
 2.45156612090645E+001, 1.00000000000000E+000, 9.99999999999984E-001, 1.00000000000000E+000, 9.99999999999984E-001, 2.22044604925031E-016, 1.00000000000000E+000
 2.45618663445001E+001, 1.00000000000000E+000, 1.00000000000000E+000, 1.00000000000000E+000, 1.00000000000000E+000, 4.44089209850063E-016, 1.00000000000000E+000
 2.46080714799357E+001, 1.00000000000000E+000, 1.00000000000000E+000, 1.00000000000000E+000, 1.00000000000000E+000, 4.44089209850063E-016, 1.00000000000000E+000
 2.47097227778941E+001, 1.00000000000000E+000, 1.00000000000001E+000, 1.00000000000000E+000, 1.00000000000001E+000, 4.44089209850063E-016, 1.00000000000000E+000
 2.47605484268732E+001, 1.00000000000000E+000, 1.00000000000001E+000, 1.00000000000000E+000, 1.00000000000001E+000, 4.44089209850063E-016, 1.00000000000000E+000
 2.48113740758524E+001, 1.00000000000000E+000, 1.00000000000001E+000, 1.00000000000000E+000, 1.00000000000001E+000, 2.22044604925031E-016, 1.00000000000000E+000
 2.48621997248316E+001, 1.00000000000000E+000, 9.99999999999995E-001, 1.00000000000000E+000, 9.99999999999995E-001, 2.22044604925031E-016, 1.00000000000000E+000
 2.49130253738108E+001, 1.00000000000000E+000, 9.99999999999985E-001, 1.00000000000000E+000, 9.99999999999985E-001, 2.22044604925031E-016, 1.00000000000000E+000
 2.49638510227900E+001, 1.00000000000000E+000, 9.99999999999982E-001, 1.00000000000000E+000, 9.99999999999982E-001, 4.44089209850063E-016, 1.00000000000000E+000
 2.50655023207483E+001, 1.00000000000000E+000, 9.99999999999989E-001, 1.00000000000000E+000, 9.99999999999989E-001, 3.33066907387547E-016, 1.00000000000000E+000
 2.51163279697275E+001, 1.00000000000000E+000, 9.99999999999998E-001, 1.00000000000000E+000, 9.99999999999998E-001, 2.22044604925031E-016, 1.00000000000000E+000
 2.51671536187067E+001, 1.00000000000000E+000, 1.00000000000000E+000, 1.00000000000000E+000, 1.00000000000000E+000, 4.44089209850063E-016, 1.00000000000000E+000
 2.52179792676859E+001, 1.00000000000000E+000, 1.00000000000001E+000, 1.00000000000000E+000, 1.00000000000001E+000, 4.44089209850063E-016, 1.00000000000000E+000
 2.52688049166651E+001, 1.00000000000000E+000, 1.00000000000001E+000, 1.00000000000000E+000, 1.00000000000001E+000, 4.44089209850063E-016, 1.00000000000000E+000
 2.53704562146234E+001, 1.00000000000000E+000, 1.00000000000000E+000, 1.00000000000000E+000, 1.00000000000000E+000, 3.33066907387547E-016, 1.00000000000000E+000
 2.54212818636026E+001, 1.00000000000000E+000, 1.00000000000001E+000, 1.00000000000000E+000, 1.00000000000001E+000, 2.22044604925031E-016, 1.00000000000000E+000
 2.54721075125818E+001, 1.00000000000000E+000, 1.00000000000001E+000, 1.00000000000000E+000, 1.00000000000001E+000, 2.22044604925031E-016, 1.00000000000000E+000
 2.55229331615610E+001, 1.00000000000000E+000, 1.00000000000001E+000, 1.00000000000000E+000, 1.00000000000001E+000, 4.44089209850063E-016, 1.00000000000000E+000
 2.55737588105401E+001, 1.00000000000000E+000, 1.00000000000000E+000, 1.00000000000000E+000, 1.00000000000000E+000, 4.44089209850063E-016, 1.00000000000000E+000
 2.56245844595193E+001, 1.00000000000000E+000, 1.00000000000000E+000, 1.00000000000000E+000, 1.00000000000000E+000, 4.44089209850063E-016, 1.00000000000000E+000
 2.57136452660749E+001, 1.00000000000000E+000, 9.99999999999992E-001, 1.00000000000000E+000, 9.99999999999992E-001, 2.22044604925031E-016, 1.00000000000000E+000
 2.57581756693527E+001, 1.00000000000000E+000, 9.99999999999989E-001, 1.00000000000000E+000, 9.99999999999989E-001, 2.22044604925031E-016, 1.00000000000000E+000
 2.58027060726305E+001, 1.00000000000000E+000, 9.99999999999994E-001, 1.00000000000000E+000, 9.99999999999994E-001, 2.22044604925031E-016, 1.00000000000000E+000
 2.58962199195138E+001, 1.00000000000000E+000, 1.00000000000000E+000, 1.00000000000000E+000, 1.00000000000000E+000, 2.22044604925031E-016, 1.00000000000000E+000
 2.59452033631194E+001, 1.00000000000000E+000, 1.00000000000001E+000, 1.00000000000000E+000, 1.00000000000001E+000, 2.22044604925031E-016, 1.00000000000000E+000
 2.59941868067249E+001, 1.00000000000000E+000, 1.00000000000001E+000, 1.00000000000000E+000, 1.00000000000001E+000, 2.22044604925031E-016, 1.00000000000000E+000
 2.60431702503305E+001, 1.00000000000000E+000, 1.00000000000002E+000, 1.00000000000000E+000, 1.00000000000002E+000, 2.22044604925031E-016, 1.00000000000000E+000
 2.61411371375416E+001, 1.00000000000000E+000, 1.00000000000002E+000, 1.00000000000000E+000, 1.00000000000002E+000, 3.33066907387547E-016, 1.00000000000000E+000
 2.61901205811472E+001, 1.00000000000000E+000, 1.00000000000002E+000, 1.00000000000000E+000, 1.00000000000002E+000, 2.22044604925031E-016, 1.00000000000000E+000
 2.62391040247527E+001, 1.00000000000000E+000, 9.99999999999999E-001, 1.00000000000000E+000, 9.99999999999999E-001, 2.22044604925031E-016, 1.00000000000000E+000
 2.62880874683583E+001, 1.00000000000000E+000, 1.00000000000013E+000, 1.00000000000000E+000, 1.00000000000013E+000, 4.44089209850063E-016, 1.00000000000000E+000
 2.63860543555694E+001, 1.00000000000000E+000, 9.99999999999987E-001, 1.00000000000000E+000, 9.99999999999987E-001, 2.22044604925031E-016, 1.00000000000000E+000
 2.64350377991750E+001, 1.00000000000000E+000, 9.99999999999983E-001, 1.00000000000000E+000, 9.99999999999983E-001, 2.22044604925031E-016, 1.00000000000000E+000
 2.64840212427805E+001, 1.00000000000000E+000, 9.99999999999985E-001, 1.00000000000000E+000, 9.99999999999985E-001, 2.22044604925031E-016, 1.00000000000000E+000
 2.65330046863861E+001, 1.00000000000000E+000, 9.99999999999989E-001, 1.00000000000000E+000, 9.99999999999989E-001, 2.22044604925031E-016, 1.00000000000000E+000
 2.65819881299917E+001, 1.00000000000000E+000, 9.99999999999993E-001, 1.00000000000000E+000, 9.99999999999993E-001, 2.22044604925031E-016, 1.00000000000000E+000
 2.66799550172028E+001, 1.00000000000000E+000, 1.00000000000002E+000, 1.00000000000000E+000, 1.00000000000002E+000, 2.22044604925031E-016, 1.00000000000000E+000
 2.67289384608083E+001, 1.00000000000000E+000, 1.00000000000006E+000, 1.00000000000000E+000, 1.00000000000006E+000, 2.22044604925031E-016, 1.00000000000000E+000
 2.67779219044139E+001, 1.00000000000000E+000, 1.00000000000002E+000, 1.00000000000000E+000, 1.00000000000002E+000, 2.22044604925031E-016, 1.00000000000000E+000
 2.68269053480195E+001, 1.00000000000000E+000, 9.99999999999936E-001, 1.00000000000000E+000, 9.99999999999936E-001, 4.44089209850063E-016, 1.00000000000000E+000
 2.69248722352306E+001, 1.00000000000000E+000, 9.99999999999996E-001, 1.00000000000000E+000, 9.99999999999996E-001, 4.44089209850063E-016, 1.00000000000000E+000
 2.69738556788361E+001, 1.00000000000000E+000, 1.00000000000000E+000, 1.00000000000000E+000, 1.00000000000000E+000, 2.22044604925031E-016, 1.00000000000000E+000
 2.70228391224417E+001, 1.00000000000000E+000, 1.00000000000000E+000, 1.00000000000000E+000, 1.00000000000000E+000, 4.44089209850063E-016, 1.00000000000000E+000
 2.70718225660473E+001, 1.00000000000000E+000, 1.00000000000000E+000, 1.00000000000000E+000, 1.00000000000000E+000, 2.22044604925031E-016, 1.00000000000000E+000
 2.71208060096528E+001, 1.00000000000000E+000, 9.99999999999998E-001, 1.00000000000000E+000, 9.99999999999998E-001, 4.44089209850063E-016, 1.00000000000000E+000
 2.72187728968639E+001, 1.00000000000000E+000, 9.99999999999951E-001, 1.00000000000000E+000, 9.99999999999951E-001, 4.44089209850063E-016, 1.00000000000000E+000
 2.72677563404695E+001, 1.00000000000000E+000, 9.99999999999996E-001, 1.00000000000000E+000, 9.99999999999996E-001, 4.44089209850063E-016, 1.00000000000000E+000
 2.73167397840751E+001, 1.00000000000000E+000, 9.99999999999997E-001, 1.00000000000000E+000, 9.99999999999997E-001, 4.44089209850063E-016, 1.00000000000000E+000
 2.73657232276806E+001, 1.00000000000000E+000, 9.99999999999998E-001, 1.00000000000000E+000, 9.99999999999998E-001, 4.44089209850063E-016, 1.00000000000000E+000
 2.74636901148917E+001, 1.00000000000000E+000, 1.00000000000000E+000, 1.00000000000000E+000, 1.00000000000000E+000, 3.33066907387547E-016, 1.00000000000000E+000
 2.75126735584973E+001, 1.00000000000000E+000, 1.00000000000000E+000, 1.00000000000000E+000, 1.00000000000000E+000, 4.44089209850063E-016, 1.00000000000000E+000
 2.75616570021029E+001, 1.00000000000000E+000, 1.00000000000000E+000, 1.00000000000000E+000, 1.00000000000000E+000, 4.44089209850063E-016, 1.00000000000000E+000
 2.76106404457084E+001, 1.00000000000000E+000, 9.99999999999994E-001, 1.00000000000000E+000, 9.99999999999994E-001, 4.44089209850063E-016, 1.00000000000000E+000
 2.77086073329196E+001, 1.00000000000000E+000, 9.99999999999997E-001, 1.00000000000000E+000, 9.99999999999997E-001, 4.44089209850063E-016, 1.00000000000000E+000
 2.77575907765251E+001, 1.00000000000000E+000, 9.99999999999999E-001, 1.00000000000000E+000, 9.99999999999999E-001, 4.44089209850063E-016, 1.00000000000000E+000
 2.78065742201307E+001, 1.00000000000000E+000, 9.99999999999999E-001, 1.00000000000000E+000, 9.99999999999999E-001, 4.44089209850063E-016, 1.00000000000000E+000
 2.78604560080968E+001, 1.00000000000000E+000, 1.00000000000000E+000, 1.00000000000000E+000, 1.00000000000000E+000, 4.44089209850063E-016, 1.00000000000000E+000
 2.79143377960629E+001, 1.00000000000000E+000, 1.00000000000000E+000, 1.00000000000000E+000, 1.00000000000000E+000, 4.44089209850063E-016, 1.00000000000000E+000
 2.79682195840290E+001, 1.00000000000000E+000, 1.00000000000001E+000, 1.00000000000000E+000, 1.00000000000001E+000, 4.44089209850063E-016, 1.00000000000000E+000
 2.80274895507917E+001, 1.00000000000000E+000, 1.00000000000001E+000, 1.00000000000000E+000, 1.00000000000001E+000, 2.22044604925031E-016, 1.00000000000000E+000
 2.80867595175545E+001, 1.00000000000000E+000, 1.00000000000000E+000, 1.00000000000000E+000, 1.00000000000000E+000, 4.44089209850063E-016, 1.00000000000000E+000
 2.81460294843172E+001, 1.00000000000000E+000, 1.00000000000000E+000, 1.00000000000000E+000, 1.00000000000000E+000, 4.44089209850063E-016, 1.00000000000000E+000
 2.82052994510799E+001, 1.00000000000000E+000, 1.00000000000001E+000, 1.00000000000000E+000, 1.00000000000001E+000, 2.22044604925031E-016, 1.00000000000000E+000
 2.82645694178427E+001, 1.00000000000000E+000, 1.00000000000001E+000, 1.00000000000000E+000, 1.00000000000001E+000, 4.44089209850063E-016, 1.00000000000000E+000
 2.83238393846054E+001, 1.00000000000000E+000, 1.00000000000001E+000, 1.00000000000000E+000, 1.00000000000001E+000, 4.44089209850063E-016, 1.00000000000000E+000
 2.83831093513681E+001, 1.00000000000000E+000, 9.99999999999981E-001, 1.00000000000000E+000, 9.99999999999981E-001, 2.22044604925031E-016, 1.00000000000000E+000
 2.84423793181308E+001, 1.00000000000000E+000, 9.99999999999972E-001, 1.00000000000000E+000, 9.99999999999972E-001, 4.44089209850063E-016, 1.00000000000000E+000
 2.85016492848936E+001, 1.00000000000000E+000, 9.99999999999977E-001, 1.00000000000000E+000, 9.99999999999977E-001, 2.22044604925031E-016, 1.00000000000000E+000
 2.85609192516563E+001, 1.00000000000000E+000, 9.99999999999986E-001, 1.00000000000000E+000, 9.99999999999986E-001, 2.22044604925031E-016, 1.00000000000000E+000
 2.86261162150953E+001, 1.00000000000000E+000, 9.99999999999991E-001, 1.00000000000000E+000, 9.99999999999991E-001, 2.22044604925031E-016, 1.00000000000000E+000
 2.86913131785343E+001, 1.00000000000000E+000, 9.99999999999994E-001, 1.00000000000000E+000, 9.99999999999994E-001, 2.22044604925031E-016, 1.00000000000000E+000
 2.87565101419733E+001, 1.00000000000000E+000, 1.00000000000000E+000, 1.00000000000000E+000, 1.00000000000000E+000, 4.44089209850063E-016, 1.00000000000000E+000
 2.88217071054123E+001, 1.00000000000000E+000, 1.00000000000001E+000, 1.00000000000000E+000, 1.00000000000001E+000, 2.22044604925031E-016, 1.00000000000000E+000
 2.88869040688513E+001, 1.00000000000000E+000, 1.00000000000002E+000, 1.00000000000000E+000, 1.00000000000002E+000, 4.44089209850063E-016, 1.00000000000000E+000
 2.89521010322903E+001, 1.00000000000000E+000, 1.00000000000002E+000, 1.00000000000000E+000, 1.00000000000002E+000, 4.44089209850063E-016, 1.00000000000000E+000
 2.90172979957293E+001, 1.00000000000000E+000, 1.00000000000001E+000, 1.00000000000000E+000, 1.00000000000001E+000, 2.22044604925031E-016, 1.00000000000000E+000
 2.90754086906532E+001, 1.00000000000000E+000, 1.00000000000001E+000, 1.00000000000000E+000, 1.00000000000001E+000, 4.44089209850063E-016, 1.00000000000000E+000
 2.91335193855770E+001, 1.00000000000000E+000, 1.00000000000000E+000, 1.00000000000000E+000, 1.00000000000000E+000, 4.44089209850063E-016, 1.00000000000000E+000
 2.91916300805008E+001, 1.00000000000000E+000, 1.00000000000001E+000, 1.00000000000000E+000, 1.00000000000001E+000, 4.44089209850063E-016, 1.00000000000000E+000
 2.92497407754247E+001, 1.00000000000000E+000, 1.00000000000001E+000, 1.00000000000000E+000, 1.00000000000001E+000, 2.22044604925031E-016, 1.00000000000000E+000
 2.93078514703485E+001, 1.00000000000000E+000, 1.00000000000001E+000, 1.00000000000000E+000, 1.00000000000001E+000, 4.44089209850063E-016, 1.00000000000000E+000
 2.93659621652723E+001, 1.00000000000000E+000, 1.00000000000008E+000, 1.00000000000000E+000, 1.00000000000008E+000, 4.44089209850063E-016, 1.00000000000000E+000
 2.94240728601962E+001, 1.00000000000000E+000, 1.00000000000000E+000, 1.00000000000000E+000, 1.00000000000000E+000, 4.44089209850063E-016, 1.00000000000000E+000
 2.94821835551200E+001, 1.00000000000000E+000, 9.99999999999995E-001, 1.00000000000000E+000, 9.99999999999995E-001, 4.44089209850063E-016, 1.00000000000000E+000
 2.95402942500438E+001, 1.00000000000000E+000, 9.99999999999994E-001, 1.00000000000000E+000, 9.99999999999994E-001, 4.44089209850063E-016, 1.00000000000000E+000
 2.95984049449677E+001, 1.00000000000000E+000, 1.00007022926630E+000, 1.00000000000000E+000, 9.99999999999989E-001, 4.44089209850063E-016, 1.00000000000000E+000
 2.96565156398915E+001, 1.00000000000000E+000, 1.00044520879988E+000, 1.00000000000000E+000, 9.99999999999984E-001, 4.44089209850063E-016, 1.00000000000000E+000
 2.97146263348154E+001, 1.00000000000000E+000, 1.00070326866110E+000, 1.00000000000000E+000, 9.99999999999987E-001, 4.44089209850063E-016, 1.00000000000000E+000
 2.97727370297392E+001, 1.00000000000000E+000, 1.00080182142619E+000, 1.00000000000000E+000, 9.99999999999986E-001, 4.44089209850063E-016, 1.00000000000000E+000
 2.98308477246630E+001, 1.00000000000000E+000, 1.00070558349818E+000, 1.00000000000000E+000, 9.99999999999992E-001, 2.22044604925031E-016, 1.00000000000000E+000
 2.98889584195869E+001, 1.00000000000000E+000, 1.00039572398214E+000, 1.00000000000000E+000, 9.99999999999994E-001, 2.22044604925031E-016, 1.00000000000000E+000
 2.99470691145107E+001, 1.00000000000000E+000, 1.00000000000000E+000, 1.00000000000000E+000, 1.00000000000000E+000, 4.44089209850063E-016, 1.00000000000000E+000
 3.00051798094345E+001, 1.00000000000000E+000, 9.99999999999994E-001, 1.00000000000000E+000, 9.99999999999994E-001, 4.44089209850063E-016, 1.00000000000000E+000
 3.00632905043584E+001, 1.00000000000000E+000, 1.00000000000000E+000, 1.00000000000000E+000, 1.00000000000000E+000, 4.44089209850063E-016, 1.00000000000000E+000
 3.01214011992822E+001, 1.00000000000000E+000, 1.00239646151378E+000, 1.00000000000000E+000, 9.99999999999986E-001, 4.44089209850063E-016, 1.00000000000000E+000
 3.02315768735304E+001, 1.00000000000000E+000, 1.00639209348810E+000, 1.00000000000000E+000, 1.00000000000001E+000, 3.39159080369161E-016, 1.00000000000000E+000
 3.02836418528548E+001, 1.00000000000000E+000, 1.01018925930331E+000, 1.00000000000000E+000, 1.00000000000000E+000, 4.44089209850063E-016, 1.00000000000000E+000
 3.03357068321792E+001, 1.00000000000000E+000, 1.01260304497404E+000, 1.00000000000000E+000, 1.00000000000000E+000, 4.44089209850063E-016, 1.00000000000000E+000
 3.03819222325929E+001, 1.00000000000000E+000, 1.01466033139541E+000, 1.00000000000000E+000, 1.00000000000000E+000, 4.44089209850063E-016, 1.00000000000000E+000
 3.04281376330066E+001, 1.00000000000000E+000, 1.01659223571248E+000, 1.00000000000000E+000, 1.00000000000000E+000, 2.22044604925031E-016, 1.00000000000000E+000
 3.05205684338340E+001, 1.00000000000000E+000, 1.01910189893029E+000, 1.00000000000000E+000, 1.00000000000000E+000, 4.44089209850063E-016, 1.00000000000000E+000
 3.05667838342477E+001, 1.00000000000000E+000, 1.02107982191032E+000, 1.00000000000000E+000, 1.00000000000000E+000, 2.22044604925031E-016, 1.00000000000000E+000
 3.06129992346614E+001, 1.00000000000000E+000, 1.02196379379488E+000, 1.00000000000000E+000, 1.00000000000000E+000, 4.44089209850063E-016, 1.00000000000000E+000
 3.07054300354888E+001, 1.00000000000000E+000, 1.02256414833844E+000, 1.00000000000000E+000, 9.99999999999997E-001, 3.33066907387547E-016, 1.00000000000000E+000
 3.07516454359025E+001, 1.00000000000000E+000, 1.02243337512220E+000, 1.00000000000000E+000, 1.00000000000003E+000, 4.44089209850063E-016, 1.00000000000000E+000
 3.07978608363162E+001, 1.00000000000000E+000, 1.02185827301354E+000, 1.00000000000000E+000, 1.00000000000001E+000, 2.22044604925031E-016, 1.00000000000000E+000
 3.08440762367299E+001, 1.00000000000000E+000, 1.02090905951653E+000, 1.00000000000000E+000, 1.00000000000002E+000, 4.44089209850063E-016, 1.00000000000000E+000
 3.09411285775986E+001, 1.00000000000000E+000, 1.01857262111297E+000, 1.00000000000000E+000, 1.00000000000002E+000, 3.27780131079808E-016, 1.00000000000000E+000
 3.09919655180537E+001, 1.00000000000000E+000, 1.01522430682625E+000, 1.00000000000000E+000, 1.00000000000001E+000, 2.22044604925031E-016, 1.00000000000000E+000
 3.10428024585088E+001, 1.00000000000000E+000, 1.01230114814015E+000, 1.00000000000000E+000, 1.00000000000001E+000, 4.44089209850063E-016, 1.00000000000000E+000
 3.10936393989639E+001, 1.00000000000000E+000, 1.00885748533540E+000, 1.00000000000000E+000, 1.00000000000000E+000, 4.44089209850063E-016, 1.00000000000000E+000
 3.11495600334644E+001, 1.00000000000000E+000, 1.00447356148179E+000, 1.00000000000000E+000, 9.99999999999998E-001, 2.22044604925031E-016, 1.00000000000000E+000
 3.12110727314151E+001, 1.00000000000000E+000, 9.99999999999994E-001, 1.00000000000000E+000, 9.99999999999994E-001, 4.44089209850063E-016, 1.00000000000000E+000
 3.12725854293657E+001, 1.00000000000000E+000, 1.00000000000000E+000, 1.00000000000000E+000, 1.00000000000000E+000, 4.44089209850063E-016, 1.00000000000000E+000
 3.13340981273163E+001, 1.00000000000000E+000, 1.00000000000001E+000, 1.00000000000000E+000, 1.00000000000001E+000, 2.22044604925031E-016, 1.00000000000000E+000
 3.13956108252670E+001, 1.00000000000000E+000, 9.99999999999999E-001, 1.00000000000000E+000, 9.99999999999999E-001, 2.22044604925031E-016, 1.00000000000000E+000
 3.14632747930127E+001, 1.00000000000000E+000, 9.99999999999991E-001, 1.00000000000000E+000, 9.99999999999991E-001, 4.44089209850063E-016, 1.00000000000000E+000
 3.15309387607584E+001, 1.00000000000000E+000, 9.99999999999992E-001, 1.00000000000000E+000, 9.99999999999992E-001, 4.44089209850063E-016, 1.00000000000000E+000
 3.15986027285041E+001, 1.00000000000000E+000, 1.00000000000000E+000, 1.00000000000000E+000, 1.00000000000000E+000, 4.44089209850063E-016, 1.00000000000000E+000
 3.16593602747736E+001, 1.00000000000000E+000, 1.00000000000000E+000, 1.00000000000000E+000, 1.00000000000000E+000, 4.44089209850063E-016, 1.00000000000000E+000
 3.17201178210432E+001, 1.00000000000000E+000, 1.00000000000000E+000, 1.00000000000000E+000, 1.00000000000000E+000, 4.44089209850063E-016, 1.00000000000000E+000
 3.17808753673128E+001, 1.00000000000000E+000, 9.99999999999998E-001, 1.00000000000000E+000, 9.99999999999998E-001, 4.44089209850063E-016, 1.00000000000000E+000
 3.18416329135823E+001, 1.00000000000000E+000, 9.99999999999989E-001, 1.00000000000000E+000, 9.99999999999989E-001, 4.44089209850063E-016, 1.00000000000000E+000
 3.19023904598519E+001, 1.00000000000000E+000, 1.00000000000003E+000, 1.00000000000000E+000, 1.00000000000003E+000, 2.22044604925031E-016, 1.00000000000000E+000
 3.19692237607484E+001, 1.00000000000000E+000, 1.00000000000008E+000, 1.00000000000000E+000, 1.00000000000008E+000, 2.22044604925031E-016, 1.00000000000000E+000
 3.20360570616449E+001, 1.00000000000000E+000, 9.99999999999996E-001, 1.00000000000000E+000, 9.99999999999996E-001, 4.44089209850063E-016, 1.00000000000000E+000
 3.21028903625415E+001, 1.00000000000000E+000, 1.00000000000002E+000, 1.00000000000000E+000, 1.00000000000002E+000, 4.44089209850063E-016, 1.00000000000000E+000
 3.21697236634380E+001, 1.00000000000000E+000, 1.00000000000002E+000, 1.00000000000000E+000, 1.00000000000002E+000, 4.44089209850063E-016, 1.00000000000000E+000
 3.22365569643345E+001, 1.00000000000000E+000, 1.00000000000001E+000, 1.00000000000000E+000, 1.00000000000001E+000, 4.44089209850063E-016, 1.00000000000000E+000
 3.23033902652310E+001, 1.00000000000000E+000, 1.00000000000002E+000, 1.00000000000000E+000, 1.00000000000002E+000, 2.22044604925031E-016, 1.00000000000000E+000
 3.23615758615396E+001, 1.00000000000000E+000, 1.00000000000000E+000, 1.00000000000000E+000, 1.00000000000000E+000, 4.44089209850063E-016, 1.00000000000000E+000
 3.24197614578482E+001, 1.00000000000000E+000, 1.00000000000001E+000, 1.00000000000000E+000, 1.00000000000001E+000, 4.44089209850063E-016, 1.00000000000000E+000
 3.24779470541568E+001, 1.00000000000000E+000, 1.00000000000001E+000, 1.00000000000000E+000, 1.00000000000001E+000, 4.44089209850063E-016, 1.00000000000000E+000
 3.25361326504654E+001, 1.00000000000000E+000, 1.00000000000000E+000, 1.00000000000000E+000, 1.00000000000000E+000, 4.44089209850063E-016, 1.00000000000000E+000
 3.25943182467740E+001, 1.00000000000000E+000, 1.00000000000001E+000, 1.00000000000000E+000, 1.00000000000001E+000, 4.44089209850063E-016, 1.00000000000000E+000
 3.26525038430825E+001, 1.00000000000000E+000, 1.00000000000001E+000, 1.00000000000000E+000, 1.00000000000001E+000, 4.44089209850063E-016, 1.00000000000000E+000
 3.27106894393911E+001, 1.00000000000000E+000, 1.00000000000001E+000, 1.00000000000000E+000, 1.00000000000001E+000, 2.22044604925031E-016, 1.00000000000000E+000
 3.27688750356997E+001, 1.00000000000000E+000, 1.00000000000001E+000, 1.00000000000000E+000, 1.00000000000001E+000, 4.44089209850063E-016, 1.00000000000000E+000
 3.28270606320083E+001, 1.00000000000000E+000, 1.00000000000001E+000, 1.00000000000000E+000, 1.00000000000001E+000, 4.44089209850063E-016, 1.00000000000000E+000
 3.28852462283169E+001, 1.00000000000000E+000, 1.00000000000000E+000, 1.00000000000000E+000, 1.00000000000000E+000, 2.22044604925031E-016, 1.00000000000000E+000
 3.29434318246255E+001, 1.00000000000000E+000, 1.00000000000001E+000, 1.00000000000000E+000, 1.00000000000001E+000, 4.44089209850063E-016, 1.00000000000000E+000
 3.30016174209341E+001, 1.00000000000000E+000, 1.00000000000001E+000, 1.00000000000000E+000, 1.00000000000001E+000, 4.44089209850063E-016, 1.00000000000000E+000
 3.30598030172427E+001, 1.00000000000000E+000, 1.00000000000000E+000, 1.00000000000000E+000, 1.00000000000000E+000, 4.44089209850063E-016, 1.00000000000000E+000
 3.31179886135513E+001, 1.00000000000000E+000, 9.99999999999993E-001, 1.00000000000000E+000, 9.99999999999993E-001, 4.44089209850063E-016, 1.00000000000000E+000
 3.31761742098599E+001, 1.00000000000000E+000, 9.99999999999990E-001, 1.00000000000000E+000, 9.99999999999990E-001, 2.22044604925031E-016, 1.00000000000000E+000
 3.32343598061684E+001, 1.00000000000000E+000, 1.00000000000022E+000, 1.00000000000000E+000, 1.00000000000022E+000, 4.44089209850063E-016, 1.00000000000000E+000
 3.32925454024770E+001, 1.00000000000000E+000, 1.00000000000001E+000, 1.00000000000000E+000, 1.00000000000001E+000, 4.44089209850063E-016, 1.00000000000000E+000
 3.33507309987856E+001, 1.00000000000000E+000, 1.00000000000001E+000, 1.00000000000000E+000, 1.00000000000001E+000, 4.44089209850063E-016, 1.00000000000000E+000
 3.34089165950942E+001, 1.00000000000000E+000, 1.00000000000001E+000, 1.00000000000000E+000, 1.00000000000001E+000, 2.22044604925031E-016, 1.00000000000000E+000
 3.34671021914028E+001, 1.00000000000000E+000, 1.00000000000000E+000, 1.00000000000000E+000, 1.00000000000000E+000, 4.44089209850063E-016, 1.00000000000000E+000
 3.35252877877114E+001, 1.00000000000000E+000, 9.99999999999997E-001, 1.00000000000000E+000, 9.99999999999997E-001, 2.22044604925031E-016, 1.00000000000000E+000
 3.35834733840200E+001, 1.00000000000000E+000, 9.99999999999997E-001, 1.00000000000000E+000, 9.99999999999997E-001, 4.44089209850063E-016, 1.00000000000000E+000
 3.36416589803286E+001, 1.00000000000000E+000, 9.99999999999991E-001, 1.00000000000000E+000, 9.99999999999991E-001, 2.22044604925031E-016, 1.00000000000000E+000
 3.36998445766372E+001, 1.00000000000000E+000, 9.99999999999983E-001, 1.00000000000000E+000, 9.99999999999983E-001, 4.44089209850063E-016, 1.00000000000000E+000
 3.37580301729458E+001, 1.00000000000000E+000, 1.00020924629796E+000, 1.00000000000000E+000, 1.00000000000001E+000, 4.44089209850063E-016, 1.00000000000000E+000
 3.38162157692543E+001, 1.00000000000000E+000, 1.00046423483680E+000, 1.00000000000000E+000, 9.99999999999997E-001, 2.22044604925031E-016, 1.00000000000000E+000
 3.38669724022396E+001, 1.00000000000000E+000, 1.00053804511243E+000, 1.00000000000000E+000, 9.99999999999994E-001, 4.44089209850063E-016, 1.00000000000000E+000
 3.39177290352249E+001, 1.00000000000000E+000, 1.00048268687388E+000, 1.00000000000000E+000, 1.00000000000000E+000, 2.22044604925031E-016, 1.00000000000000E+000
 3.39684856682101E+001, 1.00000000000000E+000, 1.00031289600894E+000, 1.00000000000000E+000, 9.99999999999995E-001, 4.44089209850063E-016, 1.00000000000000E+000
 3.40699989341806E+001, 1.00000000000000E+000, 1.00002247043476E+000, 1.00000000000000E+000, 9.99999999999974E-001, 4.44089209850063E-016, 1.00000000000000E+000
 3.41207555671659E+001, 1.00000000000000E+000, 1.00000000000000E+000, 1.00000000000000E+000, 1.00000000000000E+000, 2.22044604925031E-016, 1.00000000000000E+000
 3.41715122001511E+001, 1.00000000000000E+000, 1.00000533643582E+000, 1.00000000000000E+000, 9.99999999999997E-001, 2.22044604925031E-016, 1.00000000000000E+000
 3.42222688331364E+001, 1.00000000000000E+000, 1.00002215546051E+000, 1.00000000000000E+000, 9.99999999999965E-001, 2.22044604925031E-016, 1.00000000000000E+000
 3.42676675113866E+001, 1.00000000000000E+000, 1.00002106497238E+000, 1.00000000000000E+000, 9.99999999999991E-001, 2.22044604925031E-016, 1.00000000000000E+000
 3.43584648678871E+001, 1.00000000000000E+000, 1.00002056451572E+000, 1.00000000000000E+000, 9.99999999999995E-001, 4.44089209850063E-016, 1.00000000000000E+000
 3.44038635461373E+001, 1.00000000000000E+000, 1.00006010678454E+000, 1.00000000000000E+000, 1.00000000000000E+000, 2.22044604925031E-016, 1.00000000000000E+000
 3.44538020922125E+001, 1.00000000000000E+000, 1.00014987458029E+000, 1.00000000000000E+000, 1.00000000000000E+000, 2.22044604925031E-016, 1.00000000000000E+000
 3.45037406382878E+001, 1.00000000000000E+000, 1.00030574545429E+000, 1.00000000000000E+000, 1.00000000000000E+000, 2.22044604925031E-016, 1.00000000000000E+000
 3.46036177304382E+001, 1.00000000000000E+000, 1.00067091207501E+000, 1.00000000000000E+000, 9.99999999999992E-001, 2.22044604925031E-016, 1.00000000000000E+000
 3.46535562765135E+001, 1.00000000000000E+000, 1.00112886279060E+000, 1.00000000000000E+000, 1.00000000000000E+000, 4.44089209850063E-016, 1.00000000000000E+000
 3.47034948225887E+001, 1.00000000000000E+000, 1.00145146413844E+000, 1.00000000000000E+000, 9.99999999999920E-001, 4.44089209850063E-016, 1.00000000000000E+000
 3.47534333686640E+001, 1.00000000000000E+000, 1.00174745691075E+000, 1.00000000000000E+000, 9.99999999999990E-001, 2.22044604925031E-016, 1.00000000000000E+000
 3.48033719147392E+001, 1.00000000000000E+000, 1.00198667358367E+000, 1.00000000000000E+000, 1.00000000000001E+000, 2.22044604925031E-016, 1.00000000000000E+000
 3.49032490068897E+001, 1.00000000000000E+000, 1.00217590824891E+000, 1.00000000000000E+000, 1.00000000000001E+000, 3.33066907387547E-016, 1.00000000000000E+000
 3.49531875529649E+001, 1.00000000000000E+000, 1.00216472732641E+000, 1.00000000000000E+000, 1.00000000000001E+000, 2.22044604925031E-016, 1.00000000000000E+000
 3.50031260990402E+001, 1.00000000000000E+000, 1.00202041153216E+000, 1.00000000000000E+000, 1.00000000000002E+000, 4.44089209850063E-016, 1.00000000000000E+000
 3.50530646451154E+001, 1.00000000000000E+000, 1.00178594594686E+000, 1.00000000000000E+000, 1.00000000000002E+000, 2.22044604925031E-016, 1.00000000000000E+000
 3.51030031911906E+001, 1.00000000000000E+000, 1.00148164315193E+000, 1.00000000000000E+000, 1.00000000000002E+000, 2.22044604925031E-016, 1.00000000000000E+000
 3.52078741379486E+001, 1.00000000000000E+000, 1.00092353488822E+000, 1.00000000000000E+000, 1.00000000000009E+000, 4.44089209850063E-016, 1.00000000000000E+000
 3.52628065386314E+001, 1.00000000000000E+000, 1.00035533847398E+000, 1.00000000000000E+000, 1.00000000000012E+000, 4.44089209850063E-016, 1.00000000000000E+000
 3.53232321793824E+001, 1.00000000000000E+000, 1.00000807453743E+000, 1.00000000000000E+000, 9.99999999999999E-001, 2.22044604925031E-016, 1.00000000000000E+000
 3.53836578201335E+001, 1.00000000000000E+000, 9.99999999999999E-001, 1.00000000000000E+000, 9.99999999999999E-001, 2.22044604925031E-016, 1.00000000000000E+000
 3.54440834608845E+001, 1.00000000000000E+000, 9.99999999999992E-001, 1.00000000000000E+000, 9.99999999999992E-001, 2.22044604925031E-016, 1.00000000000000E+000
 3.55045091016356E+001, 1.00000000000000E+000, 1.00000000000011E+000, 1.00000000000000E+000, 1.00000000000011E+000, 4.44089209850063E-016, 1.00000000000000E+000
 3.55649347423866E+001, 1.00000000000000E+000, 9.99999999999995E-001, 1.00000000000000E+000, 9.99999999999995E-001, 4.44089209850063E-016, 1.00000000000000E+000
 3.56253603831377E+001, 1.00000000000000E+000, 1.00000000000000E+000, 1.00000000000000E+000, 1.00000000000000E+000, 4.44089209850063E-016, 1.00000000000000E+000
 3.56857860238887E+001, 1.00000000000000E+000, 9.99999999999978E-001, 1.00000000000000E+000, 9.99999999999978E-001, 4.44089209850063E-016, 1.00000000000000E+000
 3.57462116646397E+001, 1.00000000000000E+000, 9.99999999999988E-001, 1.00000000000000E+000, 9.99999999999988E-001, 4.44089209850063E-016, 1.00000000000000E+000
 3.58066373053908E+001, 1.00000000000000E+000, 1.00000000000000E+000, 1.00000000000000E+000, 1.00000000000000E+000, 2.22044604925031E-016, 1.00000000000000E+000
 3.58670629461418E+001, 1.00000000000000E+000, 9.99999999999998E-001, 1.00000000000000E+000, 9.99999999999998E-001, 4.44089209850063E-016, 1.00000000000000E+000
 3.59274885868929E+001, 1.00000000000000E+000, 9.99999999999995E-001, 1.00000000000000E+000, 9.99999999999995E-001, 4.44089209850063E-016, 1.00000000000000E+000
 3.59879142276439E+001, 1.00000000000000E+000, 9.99999999999997E-001, 1.00000000000000E+000, 9.99999999999997E-001, 2.22044604925031E-016, 1.00000000000000E+000
 3.60412862535164E+001, 1.00000000000000E+000, 9.99999999999871E-001, 1.00000000000000E+000, 9.99999999999871E-001, 4.44089209850063E-016, 1.00000000000000E+000
 3.60946582793890E+001, 1.00000000000000E+000, 1.00000000000001E+000, 1.00000000000000E+000, 1.00000000000001E+000, 4.44089209850063E-016, 1.00000000000000E+000
 3.61480303052615E+001, 1.00000000000000E+000, 1.00000000000001E+000, 1.00000000000000E+000, 1.00000000000001E+000, 4.44089209850063E-016, 1.00000000000000E+000
 3.62014023311341E+001, 1.00000000000000E+000, 1.00000000000001E+000, 1.00000000000000E+000, 1.00000000000001E+000, 4.44089209850063E-016, 1.00000000000000E+000
 3.62547743570066E+001, 1.00000000000000E+000, 9.99999999999954E-001, 1.00000000000000E+000, 9.99999999999954E-001, 4.44089209850063E-016, 1.00000000000000E+000
 3.63081463828792E+001, 1.00000000000000E+000, 1.00000000000002E+000, 1.00000000000000E+000, 1.00000000000002E+000, 4.44089209850063E-016, 1.00000000000000E+000
 3.63615184087517E+001, 1.00000000000000E+000, 1.00000000000003E+000, 1.00000000000000E+000, 1.00000000000003E+000, 4.44089209850063E-016, 1.00000000000000E+000
 3.64682624604968E+001, 1.00000000000000E+000, 1.00000000000003E+000, 1.00000000000000E+000, 1.00000000000003E+000, 3.33066907387547E-016, 1.00000000000000E+000
 3.65216344863693E+001, 1.00000000000000E+000, 1.00000000000003E+000, 1.00000000000000E+000, 1.00000000000003E+000, 2.22044604925031E-016, 1.00000000000000E+000
 3.65803437148291E+001, 1.00000000000000E+000, 1.00000000000003E+000, 1.00000000000000E+000, 1.00000000000003E+000, 4.44089209850063E-016, 1.00000000000000E+000
 3.66390529432889E+001, 1.00000000000000E+000, 1.00000000000002E+000, 1.00000000000000E+000, 1.00000000000002E+000, 4.44089209850063E-016, 1.00000000000000E+000
 3.66977621717487E+001, 1.00000000000000E+000, 1.00000000000001E+000, 1.00000000000000E+000, 1.00000000000001E+000, 4.44089209850063E-016, 1.00000000000000E+000
 3.67564714002085E+001, 1.00000000000000E+000, 1.00000000000001E+000, 1.00000000000000E+000, 1.00000000000001E+000, 2.22044604925031E-016, 1.00000000000000E+000
 3.68068205940130E+001, 1.00000000000000E+000, 1.00000000000000E+000, 1.00000000000000E+000, 1.00000000000000E+000, 4.44089209850063E-016, 1.00000000000000E+000
 3.68571697878175E+001, 1.00000000000000E+000, 9.99999999999996E-001, 1.00000000000000E+000, 9.99999999999996E-001, 2.22044604925031E-016, 1.00000000000000E+000
 3.69075189816220E+001, 1.00000000000000E+000, 9.99999999999994E-001, 1.00000000000000E+000, 9.99999999999994E-001, 2.22044604925031E-016, 1.00000000000000E+000
 3.70082173692310E+001, 1.00000000000000E+000, 9.99999999999993E-001, 1.00000000000000E+000, 9.99999999999993E-001, 4.44089209850063E-016, 1.00000000000000E+000
 3.70585665630355E+001, 1.00000000000000E+000, 9.99999999999998E-001, 1.00000000000000E+000, 9.99999999999998E-001, 4.44089209850063E-016, 1.00000000000000E+000
 3.71089157568400E+001, 1.00000000000000E+000, 9.99999999999999E-001, 1.00000000000000E+000, 9.99999999999999E-001, 4.44089209850063E-016, 1.00000000000000E+000
 3.71592649506445E+001, 1.00000000000000E+000, 1.00000000000000E+000, 1.00000000000000E+000, 1.00000000000000E+000, 2.22044604925031E-016, 1.00000000000000E+000
 3.72096141444490E+001, 1.00000000000000E+000, 9.99999999999982E-001, 1.00000000000000E+000, 9.99999999999982E-001, 2.22044604925031E-016, 1.00000000000000E+000
 3.73103125320580E+001, 1.00000000000000E+000, 9.99999999999990E-001, 1.00000000000000E+000, 9.99999999999990E-001, 4.44089209850063E-016, 1.00000000000000E+000
 3.73606617258625E+001, 1.00000000000000E+000, 9.99999999999989E-001, 1.00000000000000E+000, 9.99999999999989E-001, 4.44089209850063E-016, 1.00000000000000E+000
 3.74110109196670E+001, 1.00000000000000E+000, 9.99999999999990E-001, 1.00000000000000E+000, 9.99999999999990E-001, 2.22044604925031E-016, 1.00000000000000E+000
 3.74613601134715E+001, 1.00000000000000E+000, 9.99999999999999E-001, 1.00000000000000E+000, 9.99999999999999E-001, 4.44089209850063E-016, 1.00000000000000E+000
 3.75117093072760E+001, 1.00000000000000E+000, 9.99999999999999E-001, 1.00000000000000E+000, 9.99999999999999E-001, 2.22044604925031E-016, 1.00000000000000E+000
 3.75620585010805E+001, 1.00000000000000E+000, 1.00000000000000E+000, 1.00000000000000E+000, 1.00000000000000E+000, 4.44089209850063E-016, 1.00000000000000E+000
 3.76627568886895E+001, 1.00000000000000E+000, 1.00000000000000E+000, 1.00000000000000E+000, 1.00000000000000E+000, 3.33066907387547E-016, 1.00000000000000E+000
 3.77131060824940E+001, 1.00000000000000E+000, 1.00000000000006E+000, 1.00000000000000E+000, 1.00000000000006E+000, 2.22044604925031E-016, 1.00000000000000E+000
 3.77634552762985E+001, 1.00000000000000E+000, 1.00000000000001E+000, 1.00000000000000E+000, 1.00000000000001E+000, 2.22044604925031E-016, 1.00000000000000E+000
 3.78138044701030E+001, 1.00000000000000E+000, 1.00000000000001E+000, 1.00000000000000E+000, 1.00000000000001E+000, 2.22044604925031E-016, 1.00000000000000E+000
 3.78691885832880E+001, 1.00000000000000E+000, 1.00000000000001E+000, 1.00000000000000E+000, 1.00000000000001E+000, 2.22044604925031E-016, 1.00000000000000E+000
 3.79245726964729E+001, 1.00000000000000E+000, 1.00000000000001E+000, 1.00000000000000E+000, 1.00000000000001E+000, 4.44089209850063E-016, 1.00000000000000E+000
 3.79854952209764E+001, 1.00000000000000E+000, 1.00000000000001E+000, 1.00000000000000E+000, 1.00000000000001E+000, 2.22044604925031E-016, 1.00000000000000E+000
 3.80464177454798E+001, 1.00000000000000E+000, 1.00000000000001E+000, 1.00000000000000E+000, 1.00000000000001E+000, 2.22044604925031E-016, 1.00000000000000E+000
 3.81073402699832E+001, 1.00000000000000E+000, 1.00000000000001E+000, 1.00000000000000E+000, 1.00000000000001E+000, 2.22044604925031E-016, 1.00000000000000E+000
 3.81682627944867E+001, 1.00000000000000E+000, 1.00000000000001E+000, 1.00000000000000E+000, 1.00000000000001E+000, 2.22044604925031E-016, 1.00000000000000E+000
 3.82291853189901E+001, 1.00000000000000E+000, 1.00000000000001E+000, 1.00000000000000E+000, 1.00000000000001E+000, 4.44089209850063E-016, 1.00000000000000E+000
 3.82901078434936E+001, 1.00000000000000E+000, 1.00000000000010E+000, 1.00000000000000E+000, 1.00000000000010E+000, 4.44089209850063E-016, 1.00000000000000E+000
 3.83510303679970E+001, 1.00000000000000E+000, 9.99999999999977E-001, 1.00000000000000E+000, 9.99999999999977E-001, 2.22044604925031E-016, 1.00000000000000E+000
 3.84119528925005E+001, 1.00000000000000E+000, 9.99999999999979E-001, 1.00000000000000E+000, 9.99999999999979E-001, 2.22044604925031E-016, 1.00000000000000E+000
 3.84660348196138E+001, 1.00000000000000E+000, 9.99999999999981E-001, 1.00000000000000E+000, 9.99999999999981E-001, 2.22044604925031E-016, 1.00000000000000E+000
 3.85201167467270E+001, 1.00000000000000E+000, 9.99999999999987E-001, 1.00000000000000E+000, 9.99999999999987E-001, 2.22044604925031E-016, 1.00000000000000E+000
 3.86217640288214E+001, 1.00000000000000E+000, 9.99999999999997E-001, 1.00000000000000E+000, 9.99999999999997E-001, 4.44089209850063E-016, 1.00000000000000E+000
 3.86693293838024E+001, 1.00000000000000E+000, 1.00000000000000E+000, 1.00000000000000E+000, 1.00000000000000E+000, 4.44089209850063E-016, 1.00000000000000E+000
 3.87168947387835E+001, 1.00000000000000E+000, 1.00000000000000E+000, 1.00000000000000E+000, 1.00000000000000E+000, 2.22044604925031E-016, 1.00000000000000E+000
 3.87644600937645E+001, 1.00000000000000E+000, 1.00000000000001E+000, 1.00000000000000E+000, 1.00000000000001E+000, 2.22044604925031E-016, 1.00000000000000E+000
 3.88548115859978E+001, 1.00000000000000E+000, 1.00000000000002E+000, 1.00000000000000E+000, 1.00000000000002E+000, 2.22044604925031E-016, 1.00000000000000E+000
 3.88975977232501E+001, 1.00000000000000E+000, 1.00000000000001E+000, 1.00000000000000E+000, 1.00000000000001E+000, 2.22044604925031E-016, 1.00000000000000E+000
 3.89403838605024E+001, 1.00000000000000E+000, 1.00000000000001E+000, 1.00000000000000E+000, 1.00000000000001E+000, 2.22044604925031E-016, 1.00000000000000E+000
 3.90259561350069E+001, 1.00000000000000E+000, 1.00000000000000E+000, 1.00000000000000E+000, 1.00000000000000E+000, 4.44089209850063E-016, 1.00000000000000E+000
 3.90687422722592E+001, 1.00000000000000E+000, 9.99999999999994E-001, 1.00000000000000E+000, 9.99999999999994E-001, 4.44089209850063E-016, 1.00000000000000E+000
 3.91543145467637E+001, 1.00000000000000E+000, 9.99999999999996E-001, 1.00000000000000E+000, 9.99999999999996E-001, 2.22044604925031E-016, 1.00000000000000E+000
 3.91971006840160E+001, 1.00000000000000E+000, 1.00000000000003E+000, 1.00000000000000E+000, 1.00000000000003E+000, 2.22044604925031E-016, 1.00000000000000E+000
 3.92869515722458E+001, 1.00000000000000E+000, 1.00000000000002E+000, 1.00000000000000E+000, 1.00000000000002E+000, 4.44089209850063E-016, 1.00000000000000E+000
 3.93340163232233E+001, 1.00000000000000E+000, 1.00000000000000E+000, 1.00000000000000E+000, 1.00000000000000E+000, 4.44089209850063E-016, 1.00000000000000E+000
 3.93857875492985E+001, 1.00000000000000E+000, 1.00000000000001E+000, 1.00000000000000E+000, 1.00000000000001E+000, 4.44089209850063E-016, 1.00000000000000E+000
 3.94375587753738E+001, 1.00000000000000E+000, 1.00000000000000E+000, 1.00000000000000E+000, 1.00000000000000E+000, 2.22044604925031E-016, 1.00000000000000E+000
 3.94893300014490E+001, 1.00000000000000E+000, 9.99999999999999E-001, 1.00000000000000E+000, 9.99999999999999E-001, 2.22044604925031E-016, 1.00000000000000E+000
 3.95411012275243E+001, 1.00000000000000E+000, 9.99999999999995E-001, 1.00000000000000E+000, 9.99999999999995E-001, 2.22044604925031E-016, 1.00000000000000E+000
 3.96498208022823E+001, 1.00000000000000E+000, 9.99999999999990E-001, 1.00000000000000E+000, 9.99999999999990E-001, 2.22044604925031E-016, 1.00000000000000E+000
 3.97067691509651E+001, 1.00000000000000E+000, 9.99999999999993E-001, 1.00000000000000E+000, 9.99999999999993E-001, 4.44089209850063E-016, 1.00000000000000E+000
 3.97694123345161E+001, 1.00000000000000E+000, 9.99999999999997E-001, 1.00000000000000E+000, 9.99999999999997E-001, 4.44089209850063E-016, 1.00000000000000E+000
 3.98320555180672E+001, 1.00000000000000E+000, 9.99999999999992E-001, 1.00000000000000E+000, 9.99999999999992E-001, 4.44089209850063E-016, 1.00000000000000E+000
 3.98946987016182E+001, 1.00000000000000E+000, 9.99999999999991E-001, 1.00000000000000E+000, 9.99999999999991E-001, 2.22044604925031E-016, 1.00000000000000E+000
 3.99573418851693E+001, 1.00000000000000E+000, 9.99999999999988E-001, 1.00000000000000E+000, 9.99999999999988E-001, 2.22044604925031E-016, 1.00000000000000E+000
 4.00199850687203E+001, 1.00000000000000E+000, 9.99999999999981E-001, 1.00000000000000E+000, 9.99999999999981E-001, 2.22044604925031E-016, 1.00000000000000E+000
 4.00826282522714E+001, 1.00000000000000E+000, 9.99999999999995E-001, 1.00000000000000E+000, 9.99999999999995E-001, 4.44089209850063E-016, 1.00000000000000E+000
 4.01452714358224E+001, 1.00000000000000E+000, 1.00000000000000E+000, 1.00000000000000E+000, 1.00000000000000E+000, 2.22044604925031E-016, 1.00000000000000E+000
 4.02079146193735E+001, 1.00000000000000E+000, 9.99999999999995E-001, 1.00000000000000E+000, 9.99999999999995E-001, 2.22044604925031E-016, 1.00000000000000E+000
 4.02705578029246E+001, 1.00000000000000E+000, 1.00000000000001E+000, 1.00000000000000E+000, 1.00000000000001E+000, 4.44089209850063E-016, 1.00000000000000E+000
 4.03332009864756E+001, 1.00000000000000E+000, 1.00000000000001E+000, 1.00000000000000E+000, 1.00000000000001E+000, 2.22044604925031E-016, 1.00000000000000E+000
 4.03958441700267E+001, 1.00000000000000E+000, 1.00000000000002E+000, 1.00000000000000E+000, 1.00000000000002E+000, 2.22044604925031E-016, 1.00000000000000E+000
 4.04584873535777E+001, 1.00000000000000E+000, 1.00000000000002E+000, 1.00000000000000E+000, 1.00000000000002E+000, 2.22044604925031E-016, 1.00000000000000E+000
 4.05211305371288E+001, 1.00000000000000E+000, 1.00000000000003E+000, 1.00000000000000E+000, 1.00000000000003E+000, 2.22044604925031E-016, 1.00000000000000E+000
 4.05837737206798E+001, 1.00000000000000E+000, 1.00000000000003E+000, 1.00000000000000E+000, 1.00000000000003E+000, 4.44089209850063E-016, 1.00000000000000E+000
 4.06464169042309E+001, 1.00000000000000E+000, 1.00000000000003E+000, 1.00000000000000E+000, 1.00000000000003E+000, 2.22044604925031E-016, 1.00000000000000E+000
 4.07090600877819E+001, 1.00000000000000E+000, 1.00000000000002E+000, 1.00000000000000E+000, 1.00000000000002E+000, 2.22044604925031E-016, 1.00000000000000E+000
 4.07717032713330E+001, 1.00000000000000E+000, 1.00000000000001E+000, 1.00000000000000E+000, 1.00000000000001E+000, 4.44089209850063E-016, 1.00000000000000E+000
 4.08343464548840E+001, 1.00000000000000E+000, 1.00000000000002E+000, 1.00000000000000E+000, 1.00000000000002E+000, 2.22044604925031E-016, 1.00000000000000E+000
 4.08969896384351E+001, 1.00000000000000E+000, 1.00000000000000E+000, 1.00000000000000E+000, 1.00000000000000E+000, 4.44089209850063E-016, 1.00000000000000E+000
 4.09596328219861E+001, 1.00000000000000E+000, 9.99999999999997E-001, 1.00000000000000E+000, 9.99999999999997E-001, 4.44089209850063E-016, 1.00000000000000E+000
 4.10222760055372E+001, 1.00000000000000E+000, 9.99999999999994E-001, 1.00000000000000E+000, 9.99999999999994E-001, 2.22044604925031E-016, 1.00000000000000E+000
 4.10849191890882E+001, 1.00000000000000E+000, 1.00000000000000E+000, 1.00000000000000E+000, 1.00000000000000E+000, 4.44089209850063E-016, 1.00000000000000E+000
 4.11475623726393E+001, 1.00000000000000E+000, 9.99999999999997E-001, 1.00000000000000E+000, 9.99999999999997E-001, 4.44089209850063E-016, 1.00000000000000E+000
 4.12102055561903E+001, 1.00000000000000E+000, 9.99999999999994E-001, 1.00000000000000E+000, 9.99999999999994E-001, 4.44089209850063E-016, 1.00000000000000E+000
 4.12618690592415E+001, 1.00000000000000E+000, 9.99999999999993E-001, 1.00000000000000E+000, 9.99999999999993E-001, 4.44089209850063E-016, 1.00000000000000E+000
 4.13135325622927E+001, 1.00000000000000E+000, 9.99999999999992E-001, 1.00000000000000E+000, 9.99999999999992E-001, 4.44089209850063E-016, 1.00000000000000E+000
 4.13597862884879E+001, 1.00000000000000E+000, 1.00000000000001E+000, 1.00000000000000E+000, 1.00000000000001E+000, 2.22044604925031E-016, 1.00000000000000E+000
 4.14060400146831E+001, 1.00000000000000E+000, 1.00000000000001E+000, 1.00000000000000E+000, 1.00000000000001E+000, 4.44089209850063E-016, 1.00000000000000E+000
 4.14522937408783E+001, 1.00000000000000E+000, 1.00000000000001E+000, 1.00000000000000E+000, 1.00000000000001E+000, 4.44089209850063E-016, 1.00000000000000E+000
 4.14985474670735E+001, 1.00000000000000E+000, 1.00000000000001E+000, 1.00000000000000E+000, 1.00000000000001E+000, 2.22044604925031E-016, 1.00000000000000E+000
 4.15448011932687E+001, 1.00000000000000E+000, 1.00000000000000E+000, 1.00000000000000E+000, 1.00000000000000E+000, 2.22044604925031E-016, 1.00000000000000E+000
 4.15863132293234E+001, 1.00000000000000E+000, 9.99999999999987E-001, 1.00000000000000E+000, 9.99999999999987E-001, 4.44089209850063E-016, 1.00000000000000E+000
 4.16693373014327E+001, 1.00000000000000E+000, 1.00000000000000E+000, 1.00000000000000E+000, 1.00000000000000E+000, 4.44089209850063E-016, 1.00000000000000E+000
 4.17108493374873E+001, 1.00000000000000E+000, 1.00000000000000E+000, 1.00000000000000E+000, 1.00000000000000E+000, 4.44089209850063E-016, 1.00000000000000E+000
 4.17938734095967E+001, 1.00000000000000E+000, 1.00000000000000E+000, 1.00000000000000E+000, 1.00000000000000E+000, 3.33066907387547E-016, 1.00000000000000E+000
 4.18353854456513E+001, 1.00000000000000E+000, 1.00000000000000E+000, 1.00000000000000E+000, 1.00000000000000E+000, 4.44089209850063E-016, 1.00000000000000E+000
 4.19184095177607E+001, 1.00000000000000E+000, 1.00000000000001E+000, 1.00000000000000E+000, 1.00000000000001E+000, 4.44089209850063E-016, 1.00000000000000E+000
 4.19599215538153E+001, 1.00000000000000E+000, 1.00000000000001E+000, 1.00000000000000E+000, 1.00000000000001E+000, 4.44089209850063E-016, 1.00000000000000E+000
 4.20055847934754E+001, 1.00000000000000E+000, 1.00000000000000E+000, 1.00000000000000E+000, 1.00000000000000E+000, 4.44089209850063E-016, 1.00000000000000E+000
 4.21110668770904E+001, 1.00000000000000E+000, 1.00000000000001E+000, 1.00000000000000E+000, 1.00000000000001E+000, 4.44089209850063E-016, 1.00000000000000E+000
 4.21718446490780E+001, 1.00000000000000E+000, 9.99999999999999E-001, 1.00000000000000E+000, 9.99999999999999E-001, 2.22044604925031E-016, 1.00000000000000E+000
 4.22326224210656E+001, 1.00000000000000E+000, 1.00000000000001E+000, 1.00000000000000E+000, 1.00000000000001E+000, 2.22044604925031E-016, 1.00000000000000E+000
 4.22934001930532E+001, 1.00000000000000E+000, 1.00000000000001E+000, 1.00000000000000E+000, 1.00000000000001E+000, 2.22044604925031E-016, 1.00000000000000E+000
 4.23453589837819E+001, 1.00000000000000E+000, 1.00000000000004E+000, 1.00000000000000E+000, 1.00000000000004E+000, 4.44089209850063E-016, 1.00000000000000E+000
 4.23973177745105E+001, 1.00000000000000E+000, 1.00000000000001E+000, 1.00000000000000E+000, 1.00000000000001E+000, 2.22044604925031E-016, 1.00000000000000E+000
 4.24492765652391E+001, 1.00000000000000E+000, 1.00000000000001E+000, 1.00000000000000E+000, 1.00000000000001E+000, 4.44089209850063E-016, 1.00000000000000E+000
 4.24956072492562E+001, 1.00000000000000E+000, 1.00000000000001E+000, 1.00000000000000E+000, 1.00000000000001E+000, 4.44089209850063E-016, 1.00000000000000E+000
 4.25419379332733E+001, 1.00000000000000E+000, 1.00000000000000E+000, 1.00000000000000E+000, 1.00000000000000E+000, 2.22044604925031E-016, 1.00000000000000E+000
 4.26345993013075E+001, 1.00000000000000E+000, 1.00000000000006E+000, 1.00000000000000E+000, 1.00000000000006E+000, 3.33066907387547E-016, 1.00000000000000E+000
 4.26809299853245E+001, 1.00000000000000E+000, 1.00000000000004E+000, 1.00000000000000E+000, 1.00000000000004E+000, 2.22044604925031E-016, 1.00000000000000E+000
 4.27272606693416E+001, 1.00000000000000E+000, 1.00000000000006E+000, 1.00000000000000E+000, 1.00000000000006E+000, 2.22044604925031E-016, 1.00000000000000E+000
 4.28199220373758E+001, 1.00000000000000E+000, 9.99999999999999E-001, 1.00000000000000E+000, 9.99999999999999E-001, 3.33066907387547E-016, 1.00000000000000E+000
 4.28662527213929E+001, 1.00000000000000E+000, 1.00000000000000E+000, 1.00000000000000E+000, 1.00000000000000E+000, 2.22044604925031E-016, 1.00000000000000E+000
 4.29125834054100E+001, 1.00000000000000E+000, 1.00000000000000E+000, 1.00000000000000E+000, 1.00000000000000E+000, 4.44089209850063E-016, 1.00000000000000E+000
 4.30052447734442E+001, 1.00000000000000E+000, 9.99999999999998E-001, 1.00000000000000E+000, 9.99999999999998E-001, 3.33066907387547E-016, 1.00000000000000E+000
 4.30515754574613E+001, 1.00000000000000E+000, 9.99999999999991E-001, 1.00000000000000E+000, 9.99999999999991E-001, 2.22044604925031E-016, 1.00000000000000E+000
 4.31025392098801E+001, 1.00000000000000E+000, 9.99999999999984E-001, 1.00000000000000E+000, 9.99999999999984E-001, 4.44089209850063E-016, 1.00000000000000E+000
 4.31585993375408E+001, 1.00000000000000E+000, 9.99999999999972E-001, 1.00000000000000E+000, 9.99999999999972E-001, 2.22044604925031E-016, 1.00000000000000E+000
 4.32146594652015E+001, 1.00000000000000E+000, 9.99999999999969E-001, 1.00000000000000E+000, 9.99999999999969E-001, 4.44089209850063E-016, 1.00000000000000E+000
 4.32707195928622E+001, 1.00000000000000E+000, 9.99999999999978E-001, 1.00000000000000E+000, 9.99999999999978E-001, 2.22044604925031E-016, 1.00000000000000E+000
 4.33267797205228E+001, 1.00000000000000E+000, 9.99999999999992E-001, 1.00000000000000E+000, 9.99999999999992E-001, 2.22044604925031E-016, 1.00000000000000E+000
 4.33828398481835E+001, 1.00000000000000E+000, 9.99999999999987E-001, 1.00000000000000E+000, 9.99999999999987E-001, 2.22044604925031E-016, 1.00000000000000E+000
 4.34949601035049E+001, 1.00000000000000E+000, 9.99999999999993E-001, 1.00000000000000E+000, 9.99999999999993E-001, 3.33066907387547E-016, 1.00000000000000E+000
 4.35510202311656E+001, 1.00000000000000E+000, 1.00000000000000E+000, 1.00000000000000E+000, 1.00000000000000E+000, 4.44089209850063E-016, 1.00000000000000E+000
 4.36070803588263E+001, 1.00000000000000E+000, 1.00000000000001E+000, 1.00000000000000E+000, 1.00000000000001E+000, 2.22044604925031E-016, 1.00000000000000E+000
 4.36631404864870E+001, 1.00000000000000E+000, 1.00000000000000E+000, 1.00000000000000E+000, 1.00000000000000E+000, 4.44089209850063E-016, 1.00000000000000E+000
 4.37192006141476E+001, 1.00000000000000E+000, 1.00000000000000E+000, 1.00000000000000E+000, 1.00000000000000E+000, 4.44089209850063E-016, 1.00000000000000E+000
 4.37752607418083E+001, 1.00000000000000E+000, 1.00000000000000E+000, 1.00000000000000E+000, 1.00000000000000E+000, 2.22044604925031E-016, 1.00000000000000E+000
 4.38369268822351E+001, 1.00000000000000E+000, 1.00000000000000E+000, 1.00000000000000E+000, 1.00000000000000E+000, 4.44089209850063E-016, 1.00000000000000E+000
 4.38985930226618E+001, 1.00000000000000E+000, 9.99999999999989E-001, 1.00000000000000E+000, 9.99999999999989E-001, 4.44089209850063E-016, 1.00000000000000E+000
 4.39602591630886E+001, 1.00000000000000E+000, 9.99999999999974E-001, 1.00000000000000E+000, 9.99999999999974E-001, 4.44089209850063E-016, 1.00000000000000E+000
 4.40219253035153E+001, 1.00000000000000E+000, 9.99999999999992E-001, 1.00000000000000E+000, 9.99999999999992E-001, 2.22044604925031E-016, 1.00000000000000E+000
 4.40835914439421E+001, 1.00000000000000E+000, 1.00000000000000E+000, 1.00000000000000E+000, 1.00000000000000E+000, 2.22044604925031E-016, 1.00000000000000E+000
 4.41452575843688E+001, 1.00000000000000E+000, 1.00000000000001E+000, 1.00000000000000E+000, 1.00000000000001E+000, 4.44089209850063E-016, 1.00000000000000E+000
 4.42069237247956E+001, 1.00000000000000E+000, 1.00000000000003E+000, 1.00000000000000E+000, 1.00000000000003E+000, 4.44089209850063E-016, 1.00000000000000E+000
 4.42685898652223E+001, 1.00000000000000E+000, 1.00000000000006E+000, 1.00000000000000E+000, 1.00000000000006E+000, 4.44089209850063E-016, 1.00000000000000E+000
 4.43364226196918E+001, 1.00000000000000E+000, 1.00000000000001E+000, 1.00000000000000E+000, 1.00000000000001E+000, 2.22044604925031E-016, 1.00000000000000E+000
 4.44042553741612E+001, 1.00000000000000E+000, 1.00000000000014E+000, 1.00000000000000E+000, 1.00000000000014E+000, 4.44089209850063E-016, 1.00000000000000E+000
 4.44607414894715E+001, 1.00000000000000E+000, 1.00000000000000E+000, 1.00000000000000E+000, 1.00000000000000E+000, 2.22044604925031E-016, 1.00000000000000E+000
 4.45172276047818E+001, 1.00000000000000E+000, 9.99999999999998E-001, 1.00000000000000E+000, 9.99999999999998E-001, 4.44089209850063E-016, 1.00000000000000E+000
 4.45660137029954E+001, 1.00000000000000E+000, 9.99999999999999E-001, 1.00000000000000E+000, 9.99999999999999E-001, 4.44089209850063E-016, 1.00000000000000E+000
 4.46147998012091E+001, 1.00000000000000E+000, 9.99999999999999E-001, 1.00000000000000E+000, 9.99999999999999E-001, 2.22044604925031E-016, 1.00000000000000E+000
 4.46635858994228E+001, 1.00000000000000E+000, 1.00000000000000E+000, 1.00000000000000E+000, 1.00000000000000E+000, 4.44089209850063E-016, 1.00000000000000E+000
 4.47123719976365E+001, 1.00000000000000E+000, 1.00000000000005E+000, 1.00000000000000E+000, 1.00000000000005E+000, 2.22044604925031E-016, 1.00000000000000E+000
 4.47611580958501E+001, 1.00000000000000E+000, 9.99999999999997E-001, 1.00000000000000E+000, 9.99999999999997E-001, 2.22044604925031E-016, 1.00000000000000E+000
 4.48587302922775E+001, 1.00000000000000E+000, 9.99999999999999E-001, 1.00000000000000E+000, 9.99999999999999E-001, 3.33066907387547E-016, 1.00000000000000E+000
 4.49075163904911E+001, 1.00000000000000E+000, 9.99999999999958E-001, 1.00000000000000E+000, 9.99999999999958E-001, 2.22044604925031E-016, 1.00000000000000E+000
 4.49563024887048E+001, 1.00000000000000E+000, 1.00000000000000E+000, 1.00000000000000E+000, 1.00000000000000E+000, 2.22044604925031E-016, 1.00000000000000E+000
 4.50050885869185E+001, 1.00000000000000E+000, 9.99999999999998E-001, 1.00000000000000E+000, 9.99999999999998E-001, 2.22044604925031E-016, 1.00000000000000E+000
 4.51026607833458E+001, 1.00000000000000E+000, 1.00000000000000E+000, 1.00000000000000E+000, 1.00000000000000E+000, 3.33066907387547E-016, 1.00000000000000E+000
 4.51514468815595E+001, 1.00000000000000E+000, 1.00000000000000E+000, 1.00000000000000E+000, 1.00000000000000E+000, 2.22044604925031E-016, 1.00000000000000E+000
 4.52002329797731E+001, 1.00000000000000E+000, 1.00000000000000E+000, 1.00000000000000E+000, 1.00000000000000E+000, 2.22044604925031E-016, 1.00000000000000E+000
 4.52490190779868E+001, 1.00000000000000E+000, 9.99999999999998E-001, 1.00000000000000E+000, 9.99999999999998E-001, 2.22044604925031E-016, 1.00000000000000E+000
 4.53465912744141E+001, 1.00000000000000E+000, 9.99999999999994E-001, 1.00000000000000E+000, 9.99999999999994E-001, 2.22044604925031E-016, 1.00000000000000E+000
 4.53953773726278E+001, 1.00000000000000E+000, 1.00000000000000E+000, 1.00000000000000E+000, 1.00000000000000E+000, 2.22044604925031E-016, 1.00000000000000E+000
 4.54441634708415E+001, 1.00000000000000E+000, 1.00000000000001E+000, 1.00000000000000E+000, 1.00000000000001E+000, 2.22044604925031E-016, 1.00000000000000E+000
 4.54929495690551E+001, 1.00000000000000E+000, 1.00000000000002E+000, 1.00000000000000E+000, 1.00000000000002E+000, 2.22044604925031E-016, 1.00000000000000E+000
 4.55417356672688E+001, 1.00000000000000E+000, 1.00000000000002E+000, 1.00000000000000E+000, 1.00000000000002E+000, 4.44089209850063E-016, 1.00000000000000E+000
 4.56393078636961E+001, 1.00000000000000E+000, 1.00000000000002E+000, 1.00000000000000E+000, 1.00000000000002E+000, 2.22044604925031E-016, 1.00000000000000E+000
 4.56880939619098E+001, 1.00000000000000E+000, 1.00000000000002E+000, 1.00000000000000E+000, 1.00000000000002E+000, 4.44089209850063E-016, 1.00000000000000E+000
 4.57368800601235E+001, 1.00000000000000E+000, 1.00000000000001E+000, 1.00000000000000E+000, 1.00000000000001E+000, 2.22044604925031E-016, 1.00000000000000E+000
 4.57856661583372E+001, 1.00000000000000E+000, 1.00000000000001E+000, 1.00000000000000E+000, 1.00000000000001E+000, 2.22044604925031E-016, 1.00000000000000E+000
 4.58832383547645E+001, 1.00000000000000E+000, 1.00000000000001E+000, 1.00000000000000E+000, 1.00000000000001E+000, 2.22044604925031E-016, 1.00000000000000E+000
 4.59320244529782E+001, 1.00000000000000E+000, 1.00000000000001E+000, 1.00000000000000E+000, 1.00000000000001E+000, 2.22044604925031E-016, 1.00000000000000E+000
 4.59808105511918E+001, 1.00000000000000E+000, 1.00000000000001E+000, 1.00000000000000E+000, 1.00000000000001E+000, 2.22044604925031E-016, 1.00000000000000E+000
 4.60295966494055E+001, 1.00000000000000E+000, 1.00000000000001E+000, 1.00000000000000E+000, 1.00000000000001E+000, 4.44089209850063E-016, 1.00000000000000E+000
 4.61271688458328E+001, 1.00000000000000E+000, 1.00000000000001E+000, 1.00000000000000E+000, 1.00000000000001E+000, 3.33066907387547E-016, 1.00000000000000E+000
 4.61759549440465E+001, 1.00000000000000E+000, 1.00000000000001E+000, 1.00000000000000E+000, 1.00000000000001E+000, 2.22044604925031E-016, 1.00000000000000E+000
 4.62247410422602E+001, 1.00000000000000E+000, 1.00000000000001E+000, 1.00000000000000E+000, 1.00000000000001E+000, 2.22044604925031E-016, 1.00000000000000E+000
 4.62735271404738E+001, 1.00000000000000E+000, 1.00000000000001E+000, 1.00000000000000E+000, 1.00000000000001E+000, 2.22044604925031E-016, 1.00000000000000E+000
 4.63223132386875E+001, 1.00000000000000E+000, 1.00000000000000E+000, 1.00000000000000E+000, 1.00000000000000E+000, 2.22044604925031E-016, 1.00000000000000E+000
 4.64198854351148E+001, 1.00000000000000E+000, 9.99999999999995E-001, 1.00000000000000E+000, 9.99999999999995E-001, 3.33066907387547E-016, 1.00000000000000E+000
 4.64686715333285E+001, 1.00000000000000E+000, 9.99999999999988E-001, 1.00000000000000E+000, 9.99999999999988E-001, 4.44089209850063E-016, 1.00000000000000E+000
 4.65174576315422E+001, 1.00000000000000E+000, 9.99999999999987E-001, 1.00000000000000E+000, 9.99999999999987E-001, 2.22044604925031E-016, 1.00000000000000E+000
 4.65662437297558E+001, 1.00000000000000E+000, 9.99999999999989E-001, 1.00000000000000E+000, 9.99999999999989E-001, 4.44089209850063E-016, 1.00000000000000E+000
 4.66638159261832E+001, 1.00000000000000E+000, 1.00000000000005E+000, 1.00000000000000E+000, 1.00000000000005E+000, 2.22044604925031E-016, 1.00000000000000E+000
 4.67126020243968E+001, 1.00000000000000E+000, 1.00000000000010E+000, 1.00000000000000E+000, 1.00000000000010E+000, 2.22044604925031E-016, 1.00000000000000E+000
 4.67613881226105E+001, 1.00000000000000E+000, 1.00000000000001E+000, 1.00000000000000E+000, 1.00000000000001E+000, 4.44089209850063E-016, 1.00000000000000E+000
 4.68101742208242E+001, 1.00000000000000E+000, 9.99999999999994E-001, 1.00000000000000E+000, 9.99999999999994E-001, 4.44089209850063E-016, 1.00000000000000E+000
 4.69077464172515E+001, 1.00000000000000E+000, 9.99999999999997E-001, 1.00000000000000E+000, 9.99999999999997E-001, 4.44089209850063E-016, 1.00000000000000E+000
 4.69565325154652E+001, 1.00000000000000E+000, 9.99999999999993E-001, 1.00000000000000E+000, 9.99999999999993E-001, 2.22044604925031E-016, 1.00000000000000E+000
 4.70101972235002E+001, 1.00000000000000E+000, 9.99999999999989E-001, 1.00000000000000E+000, 9.99999999999989E-001, 4.44089209850063E-016, 1.00000000000000E+000
 4.70638619315352E+001, 1.00000000000000E+000, 9.99999999999994E-001, 1.00000000000000E+000, 9.99999999999994E-001, 2.22044604925031E-016, 1.00000000000000E+000
 4.71228931103738E+001, 1.00000000000000E+000, 9.99999999999998E-001, 1.00000000000000E+000, 9.99999999999998E-001, 4.44089209850063E-016, 1.00000000000000E+000
 4.71878274070962E+001, 1.00000000000000E+000, 1.00000000000001E+000, 1.00000000000000E+000, 1.00000000000001E+000, 2.22044604925031E-016, 1.00000000000000E+000
 4.72527617038185E+001, 1.00000000000000E+000, 1.00000000000001E+000, 1.00000000000000E+000, 1.00000000000001E+000, 4.44089209850063E-016, 1.00000000000000E+000
 4.73176960005409E+001, 9.99999999999999E-001, 1.00000000000001E+000, 9.99999999999999E-001, 1.00000000000001E+000, 4.44089209850063E-016, 1.00000000000000E+000
 4.73761315907329E+001, 1.00000000000000E+000, 1.00000000000001E+000, 1.00000000000000E+000, 1.00000000000001E+000, 2.22044604925031E-016, 1.00000000000000E+000
 4.74345671809250E+001, 1.00000000000000E+000, 1.00000000000001E+000, 1.00000000000000E+000, 1.00000000000001E+000, 4.44089209850063E-016, 1.00000000000000E+000
 4.74930027711170E+001, 1.00000000000000E+000, 1.00000000000002E+000, 1.00000000000000E+000, 1.00000000000002E+000, 2.22044604925031E-016, 1.00000000000000E+000
 4.75572819203282E+001, 1.00000000000000E+000, 1.00000000000001E+000, 1.00000000000000E+000, 1.00000000000001E+000, 2.22044604925031E-016, 1.00000000000000E+000
 4.76215610695394E+001, 1.00000000000000E+000, 1.00000000000001E+000, 1.00000000000000E+000, 1.00000000000001E+000, 2.22044604925031E-016, 1.00000000000000E+000
 4.76858402187507E+001, 1.00000000000000E+000, 1.00000000000000E+000, 1.00000000000000E+000, 1.00000000000000E+000, 2.22044604925031E-016, 1.00000000000000E+000
 4.77501193679619E+001, 1.00000000000000E+000, 9.99999999999993E-001, 1.00000000000000E+000, 9.99999999999993E-001, 4.44089209850063E-016, 1.00000000000000E+000
 4.78143985171731E+001, 1.00000000000000E+000, 9.99999999999986E-001, 1.00000000000000E+000, 9.99999999999986E-001, 2.22044604925031E-016, 1.00000000000000E+000
 4.78786776663843E+001, 1.00000000000000E+000, 9.99999999999988E-001, 1.00000000000000E+000, 9.99999999999988E-001, 4.44089209850063E-016, 1.00000000000000E+000
 4.79429568155956E+001, 1.00000000000000E+000, 9.99999999999996E-001, 1.00000000000000E+000, 9.99999999999996E-001, 4.44089209850063E-016, 1.00000000000000E+000
 4.80072359648068E+001, 1.00000000000000E+000, 1.00000000000001E+000, 1.00000000000000E+000, 1.00000000000001E+000, 2.22044604925031E-016, 1.00000000000000E+000
 4.80715151140180E+001, 1.00000000000000E+000, 1.00000000000000E+000, 1.00000000000000E+000, 1.00000000000000E+000, 4.44089209850063E-016, 1.00000000000000E+000
 4.81357942632292E+001, 1.00000000000000E+000, 1.00000000000001E+000, 1.00000000000000E+000, 1.00000000000001E+000, 2.22044604925031E-016, 1.00000000000000E+000
 4.82000734124404E+001, 1.00000000000000E+000, 1.00000000000000E+000, 1.00000000000000E+000, 1.00000000000000E+000, 4.44089209850063E-016, 1.00000000000000E+000
 4.82643525616517E+001, 1.00000000000000E+000, 1.00000000000001E+000, 1.00000000000000E+000, 1.00000000000001E+000, 2.22044604925031E-016, 1.00000000000000E+000
 4.83286317108629E+001, 1.00000000000000E+000, 1.00000000000000E+000, 1.00000000000000E+000, 1.00000000000000E+000, 2.22044604925031E-016, 1.00000000000000E+000
 4.83817188692618E+001, 1.00000000000000E+000, 9.99999999999995E-001, 1.00000000000000E+000, 9.99999999999995E-001, 4.44089209850063E-016, 1.00000000000000E+000
 4.84348060276607E+001, 1.00000000000000E+000, 9.99999999999998E-001, 1.00000000000000E+000, 9.99999999999998E-001, 4.44089209850063E-016, 1.00000000000000E+000
 4.84878931860596E+001, 1.00000000000000E+000, 9.99999999999997E-001, 1.00000000000000E+000, 9.99999999999997E-001, 4.44089209850063E-016, 1.00000000000000E+000
 4.85409803444586E+001, 1.00000000000000E+000, 9.99999999999996E-001, 1.00000000000000E+000, 9.99999999999996E-001, 2.22044604925031E-016, 1.00000000000000E+000
 4.85885075305291E+001, 1.00000000000000E+000, 1.00000000000000E+000, 1.00000000000000E+000, 1.00000000000000E+000, 4.44089209850063E-016, 1.00000000000000E+000
 4.86360347165997E+001, 1.00000000000000E+000, 9.99999999999998E-001, 1.00000000000000E+000, 9.99999999999998E-001, 4.44089209850063E-016, 1.00000000000000E+000
 4.86835619026703E+001, 1.00000000000000E+000, 9.99999999999999E-001, 1.00000000000000E+000, 9.99999999999999E-001, 4.44089209850063E-016, 1.00000000000000E+000
 4.87310890887409E+001, 1.00000000000000E+000, 1.00000000000000E+000, 1.00000000000000E+000, 1.00000000000000E+000, 4.44089209850063E-016, 1.00000000000000E+000
 4.88261434608820E+001, 1.00000000000000E+000, 1.00000000000000E+000, 1.00000000000000E+000, 1.00000000000000E+000, 3.33066907387547E-016, 1.00000000000000E+000
 4.88736706469526E+001, 1.00000000000000E+000, 1.00000000000001E+000, 1.00000000000000E+000, 1.00000000000001E+000, 4.44089209850063E-016, 1.00000000000000E+000
 4.89211978330232E+001, 1.00000000000000E+000, 1.00000000000001E+000, 1.00000000000000E+000, 1.00000000000001E+000, 4.44089209850063E-016, 1.00000000000000E+000
 4.89687250190937E+001, 1.00000000000000E+000, 1.00000000000001E+000, 1.00000000000000E+000, 1.00000000000001E+000, 4.44089209850063E-016, 1.00000000000000E+000
 4.90637793912349E+001, 1.00000000000000E+000, 1.00000000000000E+000, 1.00000000000000E+000, 1.00000000000000E+000, 3.33066907387547E-016, 1.00000000000000E+000
 4.91113065773055E+001, 1.00000000000000E+000, 1.00000000000000E+000, 1.00000000000000E+000, 1.00000000000000E+000, 2.22044604925031E-016, 1.00000000000000E+000
 4.91588337633760E+001, 1.00000000000000E+000, 1.00000000000001E+000, 1.00000000000000E+000, 1.00000000000001E+000, 4.44089209850063E-016, 1.00000000000000E+000
 4.92063609494466E+001, 1.00000000000000E+000, 1.00000000000001E+000, 1.00000000000000E+000, 1.00000000000001E+000, 4.44089209850063E-016, 1.00000000000000E+000
 4.93014153215878E+001, 1.00000000000000E+000, 1.00000000000001E+000, 1.00000000000000E+000, 1.00000000000001E+000, 2.22044604925031E-016, 1.00000000000000E+000
 4.93489425076583E+001, 1.00000000000000E+000, 1.00000000000001E+000, 1.00000000000000E+000, 1.00000000000001E+000, 4.44089209850063E-016, 1.00000000000000E+000
 4.93964696937289E+001, 1.00000000000000E+000, 1.00000000000001E+000, 1.00000000000000E+000, 1.00000000000001E+000, 2.22044604925031E-016, 1.00000000000000E+000
 4.94439968797995E+001, 1.00000000000000E+000, 1.00000000000001E+000, 1.00000000000000E+000, 1.00000000000001E+000, 4.44089209850063E-016, 1.00000000000000E+000
 4.95390512519406E+001, 1.00000000000000E+000, 1.00000000000001E+000, 1.00000000000000E+000, 1.00000000000001E+000, 3.33066907387547E-016, 1.00000000000000E+000
 4.95865784380112E+001, 1.00000000000000E+000, 1.00000000000000E+000, 1.00000000000000E+000, 1.00000000000000E+000, 2.22044604925031E-016, 1.00000000000000E+000
 4.96341056240818E+001, 1.00000000000000E+000, 1.00000000000009E+000, 1.00000000000000E+000, 1.00000000000009E+000, 2.22044604925031E-016, 1.00000000000000E+000
 4.96816328101524E+001, 1.00000000000000E+000, 1.00000000000010E+000, 1.00000000000000E+000, 1.00000000000010E+000, 4.44089209850063E-016, 1.00000000000000E+000
 4.97766871822935E+001, 1.00000000000000E+000, 9.99999999999994E-001, 1.00000000000000E+000, 9.99999999999994E-001, 4.44089209850063E-016, 1.00000000000000E+000
 4.98242143683641E+001, 1.00000000000000E+000, 9.99999999999997E-001, 1.00000000000000E+000, 9.99999999999997E-001, 2.22044604925031E-016, 1.00000000000000E+000
 4.98717415544346E+001, 1.00000000000000E+000, 1.00000000000000E+000, 1.00000000000000E+000, 1.00000000000000E+000, 4.44089209850063E-016, 1.00000000000000E+000
 4.99667959265758E+001, 1.00000000000000E+000, 1.00000000000000E+000, 1.00000000000000E+000, 1.00000000000000E+000, 4.44089209850063E-016, 1.00000000000000E+000
 5.00143231126464E+001, 1.00000000000000E+000, 9.99999999999998E-001, 1.00000000000000E+000, 9.99999999999998E-001, 4.44089209850063E-016, 1.00000000000000E+000
 5.00618502987169E+001, 1.00000000000000E+000, 9.99999999999987E-001, 1.00000000000000E+000, 9.99999999999987E-001, 4.44089209850063E-016, 1.00000000000000E+000
 5.01093774847875E+001, 1.00000000000000E+000, 1.00000000000002E+000, 1.00000000000000E+000, 1.00000000000002E+000, 2.22044604925031E-016, 1.00000000000000E+000
 5.02044318569287E+001, 1.00000000000000E+000, 1.00000000000002E+000, 1.00000000000000E+000, 1.00000000000002E+000, 3.33066907387547E-016, 1.00000000000000E+000
 5.02519590429992E+001, 1.00000000000000E+000, 1.00000000000000E+000, 1.00000000000000E+000, 1.00000000000000E+000, 2.22044604925031E-016, 1.00000000000000E+000
 5.02994862290698E+001, 1.00000000000000E+000, 9.99999999999999E-001, 1.00000000000000E+000, 9.99999999999999E-001, 4.44089209850063E-016, 1.00000000000000E+000
 5.03470134151404E+001, 1.00000000000000E+000, 9.99999999999998E-001, 1.00000000000000E+000, 9.99999999999998E-001, 2.22044604925031E-016, 1.00000000000000E+000
 5.04420677872815E+001, 1.00000000000000E+000, 1.00000000000001E+000, 1.00000000000000E+000, 1.00000000000001E+000, 4.44089209850063E-016, 1.00000000000000E+000
 5.04895949733521E+001, 1.00000000000000E+000, 1.00000000000008E+000, 1.00000000000000E+000, 1.00000000000008E+000, 4.44089209850063E-016, 1.00000000000000E+000
 5.05371221594227E+001, 1.00000000000000E+000, 1.00000000000000E+000, 1.00000000000000E+000, 1.00000000000000E+000, 2.22044604925031E-016, 1.00000000000000E+000
 5.05846493454933E+001, 1.00000000000000E+000, 1.00000000000000E+000, 1.00000000000000E+000, 1.00000000000000E+000, 4.44089209850063E-016, 1.00000000000000E+000
 5.06797037176344E+001, 1.00000000000000E+000, 1.00000000000000E+000, 1.00000000000000E+000, 1.00000000000000E+000, 4.44089209850063E-016, 1.00000000000000E+000
 5.07272309037050E+001, 1.00000000000000E+000, 1.00000000000000E+000, 1.00000000000000E+000, 1.00000000000000E+000, 2.22044604925031E-016, 1.00000000000000E+000
 5.07747580897756E+001, 1.00000000000000E+000, 1.00000000000000E+000, 1.00000000000000E+000, 1.00000000000000E+000, 4.44089209850063E-016, 1.00000000000000E+000
 5.08222852758461E+001, 1.00000000000000E+000, 1.00000000000007E+000, 1.00000000000000E+000, 1.00000000000007E+000, 4.44089209850063E-016, 1.00000000000000E+000
 5.09173396479873E+001, 1.00000000000000E+000, 1.00000000000001E+000, 1.00000000000000E+000, 1.00000000000001E+000, 3.33066907387547E-016, 1.00000000000000E+000
 5.09648668340579E+001, 1.00000000000000E+000, 9.99999999999994E-001, 1.00000000000000E+000, 9.99999999999994E-001, 4.44089209850063E-016, 1.00000000000000E+000
 5.10123940201284E+001, 1.00000000000000E+000, 9.99999999999995E-001, 1.00000000000000E+000, 9.99999999999995E-001, 2.22044604925031E-016, 1.00000000000000E+000
 5.11074483922696E+001, 1.00000000000000E+000, 1.00000000000000E+000, 1.00000000000000E+000, 1.00000000000000E+000, 4.44089209850063E-016, 1.00000000000000E+000
 5.11549755783402E+001, 1.00000000000000E+000, 9.99999999999998E-001, 1.00000000000000E+000, 9.99999999999998E-001, 4.44089209850063E-016, 1.00000000000000E+000
 5.12025027644107E+001, 1.00000000000000E+000, 9.99999999999995E-001, 1.00000000000000E+000, 9.99999999999995E-001, 4.44089209850063E-016, 1.00000000000000E+000
 5.12547826690884E+001, 1.00000000000000E+000, 9.99999999999998E-001, 1.00000000000000E+000, 9.99999999999998E-001, 2.22044604925031E-016, 1.00000000000000E+000
 5.13070625737660E+001, 1.00000000000000E+000, 9.99999999999998E-001, 1.00000000000000E+000, 9.99999999999998E-001, 4.44089209850063E-016, 1.00000000000000E+000
 5.14116223831213E+001, 1.00000000000000E+000, 1.00000000000000E+000, 1.00000000000000E+000, 1.00000000000000E+000, 3.33066907387547E-016, 1.00000000000000E+000
 5.14639022877989E+001, 1.00000000000000E+000, 1.00000000000001E+000, 1.00000000000000E+000, 1.00000000000001E+000, 4.44089209850063E-016, 1.00000000000000E+000
 5.15161821924765E+001, 1.00000000000000E+000, 1.00000000000002E+000, 1.00000000000000E+000, 1.00000000000002E+000, 2.22044604925031E-016, 1.00000000000000E+000
 5.15736900876219E+001, 1.00000000000000E+000, 1.00000000000002E+000, 1.00000000000000E+000, 1.00000000000002E+000, 4.44089209850063E-016, 1.00000000000000E+000
 5.16311979827673E+001, 1.00000000000000E+000, 9.99999999999938E-001, 1.00000000000000E+000, 9.99999999999938E-001, 4.44089209850063E-016, 1.00000000000000E+000
 5.16887058779127E+001, 1.00000000000000E+000, 9.99999999999937E-001, 1.00000000000000E+000, 9.99999999999937E-001, 4.44089209850063E-016, 1.00000000000000E+000
 5.17462137730581E+001, 1.00000000000000E+000, 1.00000000000001E+000, 1.00000000000000E+000, 1.00000000000001E+000, 4.44089209850063E-016, 1.00000000000000E+000
 5.18037216682035E+001, 1.00000000000000E+000, 1.00000000000001E+000, 1.00000000000000E+000, 1.00000000000001E+000, 4.44089209850063E-016, 1.00000000000000E+000
 5.18612295633489E+001, 1.00000000000000E+000, 1.00000000000001E+000, 1.00000000000000E+000, 1.00000000000001E+000, 2.22044604925031E-016, 1.00000000000000E+000
 5.19187374584943E+001, 1.00000000000000E+000, 1.00000000000000E+000, 1.00000000000000E+000, 1.00000000000000E+000, 4.44089209850063E-016, 1.00000000000000E+000
 5.19762453536397E+001, 1.00000000000000E+000, 9.99999999999976E-001, 1.00000000000000E+000, 9.99999999999976E-001, 4.44089209850063E-016, 1.00000000000000E+000
 5.20337532487851E+001, 1.00000000000000E+000, 9.99999999999986E-001, 1.00000000000000E+000, 9.99999999999986E-001, 4.44089209850063E-016, 1.00000000000000E+000
 5.20912611439305E+001, 1.00000000000000E+000, 1.00000000000000E+000, 1.00000000000000E+000, 1.00000000000000E+000, 4.44089209850063E-016, 1.00000000000000E+000
 5.21487690390758E+001, 1.00000000000000E+000, 9.99999999999998E-001, 1.00000000000000E+000, 9.99999999999998E-001, 4.44089209850063E-016, 1.00000000000000E+000
 5.22062769342212E+001, 1.00000000000000E+000, 9.99999999999993E-001, 1.00000000000000E+000, 9.99999999999993E-001, 4.44089209850063E-016, 1.00000000000000E+000
 5.22637848293666E+001, 1.00000000000000E+000, 9.99999999999986E-001, 1.00000000000000E+000, 9.99999999999986E-001, 4.44089209850063E-016, 1.00000000000000E+000
 5.23212927245120E+001, 1.00000000000000E+000, 1.00000000000000E+000, 1.00000000000000E+000, 1.00000000000000E+000, 4.44089209850063E-016, 1.00000000000000E+000
 5.24363085148028E+001, 1.00000000000000E+000, 1.00000000000002E+000, 1.00000000000000E+000, 1.00000000000002E+000, 4.44089209850063E-016, 1.00000000000000E+000
 5.24938164099482E+001, 1.00000000000000E+000, 1.00000000000003E+000, 1.00000000000000E+000, 1.00000000000003E+000, 4.44089209850063E-016, 1.00000000000000E+000
 5.25442576995909E+001, 1.00000000000000E+000, 1.00000000000002E+000, 1.00000000000000E+000, 1.00000000000002E+000, 4.44089209850063E-016, 1.00000000000000E+000
 5.25946989892337E+001, 1.00000000000000E+000, 1.00000000000002E+000, 1.00000000000000E+000, 1.00000000000002E+000, 4.44089209850063E-016, 1.00000000000000E+000
 5.26451402788764E+001, 1.00000000000000E+000, 1.00000000000001E+000, 1.00000000000000E+000, 1.00000000000001E+000, 4.44089209850063E-016, 1.00000000000000E+000
 5.26955815685192E+001, 1.00000000000000E+000, 1.00000000000000E+000, 1.00000000000000E+000, 1.00000000000000E+000, 4.44089209850063E-016, 1.00000000000000E+000
 5.27460228581619E+001, 1.00000000000000E+000, 1.00000000000000E+000, 1.00000000000000E+000, 1.00000000000000E+000, 4.44089209850063E-016, 1.00000000000000E+000
 5.28519495664117E+001, 1.00000000000000E+000, 1.00000000000000E+000, 1.00000000000000E+000, 1.00000000000000E+000, 3.38353683695286E-016, 1.00000000000000E+000
 5.29129835268794E+001, 1.00000000000000E+000, 1.00000000000000E+000, 1.00000000000000E+000, 1.00000000000000E+000, 4.44089209850063E-016, 1.00000000000000E+000
 5.29740174873472E+001, 1.00000000000000E+000, 1.00000000000000E+000, 1.00000000000000E+000, 1.00000000000000E+000, 4.44089209850063E-016, 1.00000000000000E+000
 5.30350514478149E+001, 1.00000000000000E+000, 9.99999999999998E-001, 1.00000000000000E+000, 9.99999999999998E-001, 2.22044604925031E-016, 1.00000000000000E+000
 5.30960854082826E+001, 1.00000000000000E+000, 9.99999999999994E-001, 1.00000000000000E+000, 9.99999999999994E-001, 2.22044604925031E-016, 1.00000000000000E+000
 5.31502835044139E+001, 1.00000000000000E+000, 9.99999999999995E-001, 1.00000000000000E+000, 9.99999999999995E-001, 4.44089209850063E-016, 1.00000000000000E+000
 5.32044816005452E+001, 1.00000000000000E+000, 9.99999999999997E-001, 1.00000000000000E+000, 9.99999999999997E-001, 4.44089209850063E-016, 1.00000000000000E+000
 5.32586796966766E+001, 1.00000000000000E+000, 9.99999999999995E-001, 1.00000000000000E+000, 9.99999999999995E-001, 4.44089209850063E-016, 1.00000000000000E+000
 5.33049245990454E+001, 1.00000000000000E+000, 9.99999999999989E-001, 1.00000000000000E+000, 9.99999999999989E-001, 4.44089209850063E-016, 1.00000000000000E+000
 5.33511695014142E+001, 1.00000000000000E+000, 9.99999999999989E-001, 1.00000000000000E+000, 9.99999999999989E-001, 2.22044604925031E-016, 1.00000000000000E+000
 5.34436593061519E+001, 1.00000000000000E+000, 1.00000000000002E+000, 1.00000000000000E+000, 1.00000000000002E+000, 6.66133814775094E-016, 1.00000000000000E+000
 5.34899042085208E+001, 1.00000000000000E+000, 1.00000000000000E+000, 1.00000000000000E+000, 1.00000000000000E+000, 4.44089209850063E-016, 1.00000000000000E+000
 5.35361491108896E+001, 1.00000000000000E+000, 9.99999999999999E-001, 1.00000000000000E+000, 9.99999999999999E-001, 4.44089209850063E-016, 1.00000000000000E+000
 5.35823940132585E+001, 1.00000000000000E+000, 1.00000000000000E+000, 1.00000000000000E+000, 1.00000000000000E+000, 4.44089209850063E-016, 1.00000000000000E+000
 5.36748838179962E+001, 1.00000000000000E+000, 9.99999999999995E-001, 1.00000000000000E+000, 9.99999999999995E-001, 3.33066907387547E-016, 1.00000000000000E+000
 5.37128424184452E+001, 1.00000000000000E+000, 9.99999999999993E-001, 1.00000000000000E+000, 9.99999999999993E-001, 2.22044604925031E-016, 1.00000000000000E+000
 5.37887596193432E+001, 1.00000000000000E+000, 9.99999999999996E-001, 1.00000000000000E+000, 9.99999999999996E-001, 4.44089209850063E-016, 1.00000000000000E+000
 5.38267182197922E+001, 1.00000000000000E+000, 1.00000000000000E+000, 1.00000000000000E+000, 1.00000000000000E+000, 4.44089209850063E-016, 1.00000000000000E+000
 5.39026354206903E+001, 1.00000000000000E+000, 1.00000000000005E+000, 1.00000000000000E+000, 1.00000000000005E+000, 3.33066907387547E-016, 1.00000000000000E+000
 5.39405940211393E+001, 1.00000000000000E+000, 1.00000000000005E+000, 1.00000000000000E+000, 1.00000000000005E+000, 4.44089209850063E-016, 1.00000000000000E+000
 5.40165112220373E+001, 1.00000000000000E+000, 1.00000000000002E+000, 1.00000000000000E+000, 1.00000000000002E+000, 4.44089209850063E-016, 1.00000000000000E+000
 5.40924284229354E+001, 1.00000000000000E+000, 1.00000000000000E+000, 1.00000000000000E+000, 1.00000000000000E+000, 3.33066907387547E-016, 1.00000000000000E+000
 5.41303870233844E+001, 1.00000000000000E+000, 9.99999999999996E-001, 1.00000000000000E+000, 9.99999999999996E-001, 4.44089209850063E-016, 1.00000000000000E+000
 5.42063042242824E+001, 1.00000000000000E+000, 9.99999999999990E-001, 1.00000000000000E+000, 9.99999999999990E-001, 2.22044604925031E-016, 1.00000000000000E+000
 5.42442628247314E+001, 1.00000000000000E+000, 9.99999999999987E-001, 1.00000000000000E+000, 9.99999999999987E-001, 4.44089209850063E-016, 1.00000000000000E+000
 5.43201800256295E+001, 1.00000000000000E+000, 9.99999999999988E-001, 1.00000000000000E+000, 9.99999999999988E-001, 2.22044604925031E-016, 1.00000000000000E+000
 5.43998930865724E+001, 1.00000000000000E+000, 9.99999999999990E-001, 1.00000000000000E+000, 9.99999999999990E-001, 4.44089209850063E-016, 1.00000000000000E+000
 5.44458229931157E+001, 1.00000000000000E+000, 9.99999999999993E-001, 1.00000000000000E+000, 9.99999999999993E-001, 2.22044604925031E-016, 1.00000000000000E+000
 5.44963458903133E+001, 1.00000000000000E+000, 9.99999999999998E-001, 1.00000000000000E+000, 9.99999999999998E-001, 4.44089209850063E-016, 1.00000000000000E+000
 5.45803620513603E+001, 1.00000000000000E+000, 9.99999999999969E-001, 1.00000000000000E+000, 9.99999999999969E-001, 3.33066907387547E-016, 1.00000000000000E+000
 5.46223701318838E+001, 1.00000000000000E+000, 9.99999999999964E-001, 1.00000000000000E+000, 9.99999999999964E-001, 4.44089209850063E-016, 1.00000000000000E+000
 5.46643782124073E+001, 1.00000000000000E+000, 9.99999999999989E-001, 1.00000000000000E+000, 9.99999999999989E-001, 4.44089209850063E-016, 1.00000000000000E+000
 5.47525951815067E+001, 1.00000000000000E+000, 1.00000000000004E+000, 1.00000000000000E+000, 1.00000000000004E+000, 4.44089209850063E-016, 1.00000000000000E+000
 5.48034249589401E+001, 1.00000000000000E+000, 1.00000000000000E+000, 1.00000000000000E+000, 1.00000000000000E+000, 2.22044604925031E-016, 1.00000000000000E+000
 5.48593377141169E+001, 1.00000000000000E+000, 1.00000000000000E+000, 1.00000000000000E+000, 1.00000000000000E+000, 4.44089209850063E-016, 1.00000000000000E+000
 5.49152504692936E+001, 1.00000000000000E+000, 9.99999999999999E-001, 1.00000000000000E+000, 9.99999999999999E-001, 2.22044604925031E-016, 1.00000000000000E+000
 5.49711632244704E+001, 1.00000000000000E+000, 1.00000000000000E+000, 1.00000000000000E+000, 1.00000000000000E+000, 4.44089209850063E-016, 1.00000000000000E+000
 5.50270759796472E+001, 1.00000000000000E+000, 1.00000000000000E+000, 1.00000000000000E+000, 1.00000000000000E+000, 4.44089209850063E-016, 1.00000000000000E+000
 5.50829887348239E+001, 1.00000000000000E+000, 9.99999999999999E-001, 1.00000000000000E+000, 9.99999999999999E-001, 2.22044604925031E-016, 1.00000000000000E+000
 5.51948142451775E+001, 1.00000000000000E+000, 9.99999999999999E-001, 1.00000000000000E+000, 9.99999999999999E-001, 3.33066907387547E-016, 1.00000000000000E+000
 5.52507270003543E+001, 1.00000000000000E+000, 9.99999999999998E-001, 1.00000000000000E+000, 9.99999999999998E-001, 2.22044604925031E-016, 1.00000000000000E+000
 5.53066397555310E+001, 1.00000000000000E+000, 1.00000000000000E+000, 1.00000000000000E+000, 1.00000000000000E+000, 4.44089209850063E-016, 1.00000000000000E+000
 5.53625525107078E+001, 1.00000000000000E+000, 1.00000000000000E+000, 1.00000000000000E+000, 1.00000000000000E+000, 4.44089209850063E-016, 1.00000000000000E+000
 5.54184652658846E+001, 1.00000000000000E+000, 1.00000000000000E+000, 1.00000000000000E+000, 1.00000000000000E+000, 2.22044604925031E-016, 1.00000000000000E+000
 5.54743780210613E+001, 1.00000000000000E+000, 9.99999999999996E-001, 1.00000000000000E+000, 9.99999999999996E-001, 2.22044604925031E-016, 1.00000000000000E+000
 5.55302907762381E+001, 1.00000000000000E+000, 9.99999999999993E-001, 1.00000000000000E+000, 9.99999999999993E-001, 2.22044604925031E-016, 1.00000000000000E+000
 5.55862035314149E+001, 1.00000000000000E+000, 9.99999999999993E-001, 1.00000000000000E+000, 9.99999999999993E-001, 2.22044604925031E-016, 1.00000000000000E+000
 5.56477075621093E+001, 1.00000000000000E+000, 9.99999999999998E-001, 1.00000000000000E+000, 9.99999999999998E-001, 2.22044604925031E-016, 1.00000000000000E+000
 5.57092115928038E+001, 1.00000000000000E+000, 1.00000000000001E+000, 1.00000000000000E+000, 1.00000000000001E+000, 4.44089209850063E-016, 1.00000000000000E+000
 5.57624829742835E+001, 1.00000000000000E+000, 1.00000000000001E+000, 1.00000000000000E+000, 1.00000000000001E+000, 4.44089209850063E-016, 1.00000000000000E+000
 5.58157543557631E+001, 1.00000000000000E+000, 1.00000000000001E+000, 1.00000000000000E+000, 1.00000000000001E+000, 4.44089209850063E-016, 1.00000000000000E+000
 5.58690257372428E+001, 1.00000000000000E+000, 1.00000000000001E+000, 1.00000000000000E+000, 1.00000000000001E+000, 4.44089209850063E-016, 1.00000000000000E+000
 5.59622614497837E+001, 1.00000000000000E+000, 1.00000000000001E+000, 1.00000000000000E+000, 1.00000000000001E+000, 2.22044604925031E-016, 1.00000000000000E+000
 5.60088793060542E+001, 1.00000000000000E+000, 1.00000000000001E+000, 1.00000000000000E+000, 1.00000000000001E+000, 4.44089209850063E-016, 1.00000000000000E+000
 5.60504692920556E+001, 1.00000000000000E+000, 1.00000000000000E+000, 1.00000000000000E+000, 1.00000000000000E+000, 2.22044604925031E-016, 1.00000000000000E+000
 5.61336492640583E+001, 1.00000000000000E+000, 1.00000000000000E+000, 1.00000000000000E+000, 1.00000000000000E+000, 3.33066907387547E-016, 1.00000000000000E+000
 5.61752392500597E+001, 1.00000000000000E+000, 1.00000000000001E+000, 1.00000000000000E+000, 1.00000000000001E+000, 2.22044604925031E-016, 1.00000000000000E+000
 5.62584192220624E+001, 1.00000000000000E+000, 1.00000000000001E+000, 1.00000000000000E+000, 1.00000000000001E+000, 2.22044604925031E-016, 1.00000000000000E+000
 5.63000092080638E+001, 1.00000000000000E+000, 1.00000000000001E+000, 1.00000000000000E+000, 1.00000000000001E+000, 2.22044604925031E-016, 1.00000000000000E+000
 5.63415991940651E+001, 1.00000000000000E+000, 1.00000000000001E+000, 1.00000000000000E+000, 1.00000000000001E+000, 2.22044604925031E-016, 1.00000000000000E+000
 5.64247791660678E+001, 1.00000000000000E+000, 9.99999999999995E-001, 1.00000000000000E+000, 9.99999999999995E-001, 3.33066907387547E-016, 1.00000000000000E+000
 5.64663691520692E+001, 1.00000000000000E+000, 9.99999999999993E-001, 1.00000000000000E+000, 9.99999999999993E-001, 2.22044604925031E-016, 1.00000000000000E+000
 5.65578671212722E+001, 1.00000000000000E+000, 1.00000000000002E+000, 1.00000000000000E+000, 1.00000000000002E+000, 2.22044604925031E-016, 1.00000000000000E+000
 5.66081910043339E+001, 1.00000000000000E+000, 1.00000000000000E+000, 1.00000000000000E+000, 1.00000000000000E+000, 2.22044604925031E-016, 1.00000000000000E+000
 5.66585148873955E+001, 1.00000000000000E+000, 9.99999999999940E-001, 1.00000000000000E+000, 9.99999999999940E-001, 4.44089209850063E-016, 1.00000000000000E+000
 5.67138711587633E+001, 1.00000000000000E+000, 1.00000000000000E+000, 1.00000000000000E+000, 1.00000000000000E+000, 4.44089209850063E-016, 1.00000000000000E+000
 5.67692274301311E+001, 1.00000000000000E+000, 1.00000000000000E+000, 1.00000000000000E+000, 1.00000000000000E+000, 2.22044604925031E-016, 1.00000000000000E+000
 5.68245837014990E+001, 1.00000000000000E+000, 1.00000000000000E+000, 1.00000000000000E+000, 1.00000000000000E+000, 2.22044604925031E-016, 1.00000000000000E+000
 5.69352962442346E+001, 1.00000000000000E+000, 1.00000000000001E+000, 1.00000000000000E+000, 1.00000000000001E+000, 2.22044604925031E-016, 1.00000000000000E+000
 5.69906525156024E+001, 1.00000000000000E+000, 1.00000000000001E+000, 1.00000000000000E+000, 1.00000000000001E+000, 2.22044604925031E-016, 1.00000000000000E+000
 5.70460087869702E+001, 1.00000000000000E+000, 9.99999999999997E-001, 1.00000000000000E+000, 9.99999999999997E-001, 2.22044604925031E-016, 1.00000000000000E+000
 5.71013650583380E+001, 1.00000000000000E+000, 9.99999999999996E-001, 1.00000000000000E+000, 9.99999999999996E-001, 2.22044604925031E-016, 1.00000000000000E+000
 5.71567213297058E+001, 1.00000000000000E+000, 9.99999999999998E-001, 1.00000000000000E+000, 9.99999999999998E-001, 4.44089209850063E-016, 1.00000000000000E+000
 5.72120776010736E+001, 1.00000000000000E+000, 9.99999999999995E-001, 1.00000000000000E+000, 9.99999999999995E-001, 2.22044604925031E-016, 1.00000000000000E+000
 5.72674338724415E+001, 1.00000000000000E+000, 9.99999999999990E-001, 1.00000000000000E+000, 9.99999999999990E-001, 4.44089209850063E-016, 1.00000000000000E+000
 5.73227901438093E+001, 1.00000000000000E+000, 9.99999999999989E-001, 1.00000000000000E+000, 9.99999999999989E-001, 2.22044604925031E-016, 1.00000000000000E+000
 5.73781464151771E+001, 1.00000000000000E+000, 9.99999999999995E-001, 1.00000000000000E+000, 9.99999999999995E-001, 4.44089209850063E-016, 1.00000000000000E+000
 5.74335026865449E+001, 1.00000000000000E+000, 1.00000000000002E+000, 1.00000000000000E+000, 1.00000000000002E+000, 2.22044604925031E-016, 1.00000000000000E+000
 5.74888589579127E+001, 1.00000000000000E+000, 9.99999999999943E-001, 1.00000000000000E+000, 9.99999999999943E-001, 2.22044604925031E-016, 1.00000000000000E+000
 5.75442152292805E+001, 1.00000000000000E+000, 9.99999999999995E-001, 1.00000000000000E+000, 9.99999999999995E-001, 4.44089209850063E-016, 1.00000000000000E+000
 5.76604633991529E+001, 1.00000000000000E+000, 1.00000000000006E+000, 1.00000000000000E+000, 1.00000000000006E+000, 3.38353683695286E-016, 1.00000000000000E+000
 5.77213552976575E+001, 1.00000000000000E+000, 1.00000000000001E+000, 1.00000000000000E+000, 1.00000000000001E+000, 2.22044604925031E-016, 1.00000000000000E+000
 5.77733229449385E+001, 1.00000000000000E+000, 1.00000000000001E+000, 1.00000000000000E+000, 1.00000000000001E+000, 2.22044604925031E-016, 1.00000000000000E+000
 5.78252905922195E+001, 1.00000000000000E+000, 1.00000000000001E+000, 1.00000000000000E+000, 1.00000000000001E+000, 4.44089209850063E-016, 1.00000000000000E+000
 5.78772582395005E+001, 1.00000000000000E+000, 1.00000000000000E+000, 1.00000000000000E+000, 1.00000000000000E+000, 4.44089209850063E-016, 1.00000000000000E+000
 5.79292258867815E+001, 1.00000000000000E+000, 1.00000000000001E+000, 1.00000000000000E+000, 1.00000000000001E+000, 4.44089209850063E-016, 1.00000000000000E+000
 5.79811935340625E+001, 1.00000000000000E+000, 9.99999999999999E-001, 1.00000000000000E+000, 9.99999999999999E-001, 2.22044604925031E-016, 1.00000000000000E+000
 5.80331611813435E+001, 1.00000000000000E+000, 9.99999999999991E-001, 1.00000000000000E+000, 9.99999999999991E-001, 4.44089209850063E-016, 1.00000000000000E+000
 5.81262797510761E+001, 1.00000000000000E+000, 9.99999999999992E-001, 1.00000000000000E+000, 9.99999999999992E-001, 3.33066907387547E-016, 1.00000000000000E+000
 5.81728390359424E+001, 1.00000000000000E+000, 9.99999999999993E-001, 1.00000000000000E+000, 9.99999999999993E-001, 2.22044604925031E-016, 1.00000000000000E+000
 5.82193983208087E+001, 1.00000000000000E+000, 9.99999999999993E-001, 1.00000000000000E+000, 9.99999999999993E-001, 2.22044604925031E-016, 1.00000000000000E+000
 5.82659576056750E+001, 1.00000000000000E+000, 9.99999999999994E-001, 1.00000000000000E+000, 9.99999999999994E-001, 4.44089209850063E-016, 1.00000000000000E+000
 5.83590761754076E+001, 1.00000000000000E+000, 1.00000000000000E+000, 1.00000000000000E+000, 1.00000000000000E+000, 4.44089209850063E-016, 1.00000000000000E+000
 5.84056354602739E+001, 1.00000000000000E+000, 1.00000000000001E+000, 1.00000000000000E+000, 1.00000000000001E+000, 2.22044604925031E-016, 1.00000000000000E+000
 5.84521947451402E+001, 1.00000000000000E+000, 1.00000000000001E+000, 1.00000000000000E+000, 1.00000000000001E+000, 4.44089209850063E-016, 1.00000000000000E+000
 5.85453133148728E+001, 1.00000000000000E+000, 1.00000000000001E+000, 1.00000000000000E+000, 1.00000000000001E+000, 3.33066907387547E-016, 1.00000000000000E+000
 5.85918725997391E+001, 1.00000000000000E+000, 1.00000000000000E+000, 1.00000000000000E+000, 1.00000000000000E+000, 4.44089209850063E-016, 1.00000000000000E+000
 5.86430878130921E+001, 1.00000000000000E+000, 1.00000000000000E+000, 1.00000000000000E+000, 1.00000000000000E+000, 2.22044604925031E-016, 1.00000000000000E+000
 5.86943030264450E+001, 1.00000000000000E+000, 1.00000000000000E+000, 1.00000000000000E+000, 1.00000000000000E+000, 2.22044604925031E-016, 1.00000000000000E+000
 5.87455182397980E+001, 1.00000000000000E+000, 1.00000000000009E+000, 1.00000000000000E+000, 1.00000000000009E+000, 4.44089209850063E-016, 1.00000000000000E+000
 5.88479486665038E+001, 1.00000000000000E+000, 1.00000000000008E+000, 1.00000000000000E+000, 1.00000000000008E+000, 3.33066907387547E-016, 1.00000000000000E+000
 5.88991638798568E+001, 1.00000000000000E+000, 1.00000000000001E+000, 1.00000000000000E+000, 1.00000000000001E+000, 4.44089209850063E-016, 1.00000000000000E+000
 5.89555006145450E+001, 1.00000000000000E+000, 1.00000000000000E+000, 1.00000000000000E+000, 1.00000000000000E+000, 2.22044604925031E-016, 1.00000000000000E+000
 5.90118373492332E+001, 1.00000000000000E+000, 9.99999999999998E-001, 1.00000000000000E+000, 9.99999999999998E-001, 2.22044604925031E-016, 1.00000000000000E+000
 5.90681740839215E+001, 1.00000000000000E+000, 9.99999999999999E-001, 1.00000000000000E+000, 9.99999999999999E-001, 4.44089209850063E-016, 1.00000000000000E+000
 5.91245108186097E+001, 1.00000000000000E+000, 9.99999999999994E-001, 1.00000000000000E+000, 9.99999999999994E-001, 2.22044604925031E-016, 1.00000000000000E+000
 5.91864812267667E+001, 1.00000000000000E+000, 9.99999999999982E-001, 1.00000000000000E+000, 9.99999999999982E-001, 2.22044604925031E-016, 1.00000000000000E+000
 5.92484516349238E+001, 1.00000000000000E+000, 1.00000000000003E+000, 1.00000000000000E+000, 1.00000000000003E+000, 4.44089209850063E-016, 1.00000000000000E+000
 5.93036821129672E+001, 1.00000000000000E+000, 9.99999999999981E-001, 1.00000000000000E+000, 9.99999999999981E-001, 2.22044604925031E-016, 1.00000000000000E+000
 5.93589125910107E+001, 1.00000000000000E+000, 9.99999999999987E-001, 1.00000000000000E+000, 9.99999999999987E-001, 2.22044604925031E-016, 1.00000000000000E+000
 5.94082673534685E+001, 1.00000000000000E+000, 9.99999999999995E-001, 1.00000000000000E+000, 9.99999999999995E-001, 2.22044604925031E-016, 1.00000000000000E+000
 5.95069768783842E+001, 1.00000000000000E+000, 9.99999999999997E-001, 1.00000000000000E+000, 9.99999999999997E-001, 2.22044604925031E-016, 1.00000000000000E+000
 5.95512314483783E+001, 1.00000000000000E+000, 9.99999999999924E-001, 1.00000000000000E+000, 9.99999999999924E-001, 2.22044604925031E-016, 1.00000000000000E+000
 5.95954860183724E+001, 1.00000000000000E+000, 9.99999999999975E-001, 1.00000000000000E+000, 9.99999999999975E-001, 4.44089209850063E-016, 1.00000000000000E+000
 5.96839951583605E+001, 1.00000000000000E+000, 1.00000000000002E+000, 1.00000000000000E+000, 1.00000000000002E+000, 3.33066907387547E-016, 1.00000000000000E+000
 5.97282497283546E+001, 1.00000000000000E+000, 1.00000000000000E+000, 1.00000000000000E+000, 1.00000000000000E+000, 4.44089209850063E-016, 1.00000000000000E+000
 5.97725042983487E+001, 1.00000000000000E+000, 9.99999999999996E-001, 1.00000000000000E+000, 9.99999999999996E-001, 4.44089209850063E-016, 1.00000000000000E+000
 5.98654388953362E+001, 1.00000000000000E+000, 9.99999999999943E-001, 1.00000000000000E+000, 9.99999999999943E-001, 3.27780131079808E-016, 1.00000000000000E+000
 5.99141189223297E+001, 1.00000000000000E+000, 9.99999999999993E-001, 1.00000000000000E+000, 9.99999999999993E-001, 4.44089209850063E-016, 1.00000000000000E+000
 5.99627989493232E+001, 1.00000000000000E+000, 9.99999999999990E-001, 1.00000000000000E+000, 9.99999999999990E-001, 4.44089209850063E-016, 1.00000000000000E+000
 6.00000000000000E+001, 1.00000000000000E+000, 9.99999999999994E-001, 1.00000000000000E+000, 9.99999999999994E-001, 4.44089209850063E-016, 1.00000000000000E+000
